Date,Close,High,Low,Open,Volume,MA20,MA55,MA120,MA200,RSI14,ATR14,Volatility20
2010-01-04,48.331520080566406,48.36223593581232,48.24552130977566,48.28237658680555,1098100,,,,,,,
2010-01-05,48.4727668762207,48.52804974662793,48.399051695766715,48.460478669522864,814600,,,,,100.0,,
2010-01-06,48.45435333251953,48.51578501664582,48.34378286230351,48.50964091091729,981300,,,,,99.00715375849997,,
2010-01-07,48.417449951171875,48.44816576270782,48.356023014674825,48.356023014674825,661700,,,,,96.93007009255315,,
2010-01-08,48.46660232543945,48.503457556828856,48.380603661147035,48.45431412392584,1270000,,,,,97.01975160037205,,
2010-01-11,48.485069274902344,48.503496905546555,48.42364227722846,48.4789251691611,2237100,,,,,97.05456601349209,,
2010-01-12,48.669368743896484,48.669368743896484,48.57722587798925,48.59565351385453,702100,,,,,97.3831181776021,,
2010-01-13,48.55878448486328,48.67549437447174,48.5157851178329,48.62021148253818,460500,,,,,90.83576415645274,,
2010-01-14,48.67549514770508,48.700066884481274,48.607924043215434,48.63863988583058,777700,,,,,91.48634337234726,,
2010-01-15,48.7061882019043,48.792186897094545,48.693899995975755,48.74304344653515,745300,,,,,91.65414229089677,,
2010-01-19,48.68164825439453,48.76764700572192,48.6693647270251,48.736931157427655,782000,,,,,90.1246931742532,,
2010-01-20,48.79835891723633,48.816786550094065,48.755359545041586,48.79221481075705,417300,,,,,90.90226053206774,,
2010-01-21,48.85364532470703,48.90893291383132,48.79221831524257,48.829073583605165,647300,,,,,91.2535862625268,,
2010-01-22,48.835208892822266,48.933495839523246,48.835208892822266,48.89663589122059,403200,,,,,90.00537500779986,0.1311921630436887,
2010-01-25,48.76763153076172,48.88434609334746,48.74305979723951,48.88434609334746,692900,,,,,85.3945629724495,0.13294728233449504,
2010-01-26,48.88434600830078,48.91505716021589,48.8106308078624,48.890485426736426,494400,,,,,86.66515232163515,0.1294398511482555,
2010-01-27,48.81678771972656,48.93350231272876,48.79221597980083,48.91506999284932,597800,,,,,82.20716413747782,0.12724586390437156,
2010-01-28,48.835208892822266,48.86592473531121,48.71849431525975,48.71849431525975,696100,,,,,82.47192390191506,0.1307530140619971,
2010-01-29,48.89665222167969,48.921223966561385,48.77379818385235,48.79836992873405,469400,,,,,83.3612667355534,0.13250814884965528,
2010-02-01,48.86456298828125,48.932345227202035,48.827587866273205,48.92618192333013,437300,48.67358245849609,,,,81.04840991937212,0.1342869154647077,
2010-02-02,48.89542770385742,48.91391293602529,48.7968382318858,48.85229392838941,573000,48.70177783966064,,,,81.57784473936529,0.12948514654651838,0.0016059364774098992
2010-02-03,48.86456298828125,48.87688489480167,48.78445414161665,48.827587866273205,444700,48.72136764526367,,,,79.1952474142465,0.12600402551808493,0.0015279853054266119
2010-02-04,48.95699691772461,49.00013064932165,48.90770458248811,48.90770458248811,428800,48.74649982452392,,,,80.98626435567775,0.12559582990539958,0.001550924942995777
2010-02-05,49.03715896606445,49.11726321128101,48.95089140929917,49.03715896606446,903800,48.77748527526855,,,,82.40121682911862,0.1291444050905695,0.001539537365340481
2010-02-08,49.04328155517578,49.06793008203767,48.963177368793986,49.06793008203767,411100,48.80631923675537,,,,82.50828436355519,0.12960657898677397,0.0015409050682048627
2010-02-09,48.94466781616211,49.04325717337027,48.90769739486198,49.01245005602799,691600,48.82929916381836,,,,74.63256022683018,0.12963842645922188,0.001647335373110765
2010-02-10,48.83378601074219,48.96318727703354,48.79065225531174,48.9570239687644,453700,48.83752002716064,,,,66.89994746243647,0.133625599540154,0.001558413166859174
2010-02-11,48.753684997558594,48.80914067192841,48.661254172381845,48.796818755810804,505300,48.84726505279541,,,,61.909732504986515,0.13892880608725125,0.0015120162924634301
2010-02-12,48.821414947509766,48.920004274433516,48.80292504131592,48.85838535745342,387900,48.85456104278565,,,,64.33240512248217,0.140716876142035,0.0014500079299968524
2010-02-16,48.88310241699219,48.913909568074445,48.778349641101016,48.802993481475376,1246100,48.86340675354004,,,,66.42687155284531,0.13986932596483928,0.0014678315905291574
2010-02-17,48.77218246459961,48.87693523218784,48.70440015587116,48.86461331297732,660100,48.867933464050296,,,,59.64469903066691,0.1425418922643458,0.0015613565625179312
2010-02-18,48.70437240600586,48.827610332807794,48.6427534426049,48.827610332807794,510600,48.86323413848877,,,,55.88794871212698,0.14521521156087655,0.0014955981485493637
2010-02-19,48.70437240600586,48.70437240600587,48.605778303583875,48.68588718710813,509300,48.85577049255371,,,,55.887948712126985,0.14172723439751625,0.0014678249497980353
2010-02-22,48.68585968017578,48.735152002311644,48.64272596004259,48.735152002311644,484700,48.84830303192139,,,,54.79517949942131,0.140846425921818,0.001467847084994238
2010-02-23,48.87074661254883,48.87690991957632,48.741345372326265,48.759830592182944,516000,48.85345878601074,,,,62.64977813452825,0.14613039272617862,0.0016808113104480986
2010-02-24,48.932350158691406,48.969320583202006,48.87072651620859,48.9200235497053,378600,48.855858993530276,,,,64.84182460276715,0.145246143065653,0.0016176126448766452
2010-02-25,49.000144958496094,49.000144958496094,48.91387747010992,49.000144958496094,858200,48.86502685546875,,,,67.12823874556052,0.1417247021617801,0.0016069733509241299
2010-02-26,49.05563735961914,49.12341967351654,48.99401835641112,48.99401835641112,936200,48.8760482788086,,,,68.9104718945882,0.13908395324203532,0.0016204541269768126
2010-03-01,49.1075553894043,49.150816324848904,49.04575472663891,49.150816324848904,565000,48.886593437194826,,,,70.52084301222061,0.1391060164539145,0.0016143625240030847
2010-03-02,49.14459228515625,49.15695523605609,49.070433440094185,49.10133138717529,709800,48.90059490203858,,,,71.64902934536227,0.13560156185735042,0.0016050119677321717
2010-03-03,49.15077209472656,49.15695356996697,49.07661325217798,49.13223238408941,731900,48.91336212158203,,,,71.84266375615448,0.12901622586215009,0.0016032798270275263
2010-03-04,49.18785858154297,49.200221533799656,49.09516001504164,49.13842091777052,461200,48.92952690124512,,,,73.03300753169682,0.1241969173191266,0.0015925680589755774
2010-03-05,49.113704681396484,49.126062919814714,49.021001390461386,49.113704681396484,900200,48.93736228942871,,,,66.93951367676944,0.12423533976245947,0.0015986185336595497
2010-03-08,49.0333366394043,49.05188106096488,49.00862017415624,49.0333366394043,720200,48.937171173095706,,,,60.9992495296761,0.1220585240672319,0.0016070741278356193
2010-03-09,49.06426239013672,49.08280210534167,49.00864324452185,49.06426239013672,577300,48.93822021484375,,,,62.38260400694219,0.11459113833143166,0.0016131559490212106
2010-03-10,49.02719497680664,49.02719497680664,48.94684990444475,49.002473778778864,1147900,48.94234657287598,,,,59.65149784344464,0.10977368086636576,0.0015531842071935535
2010-03-11,49.020992279052734,49.03953199077678,48.96537314388061,49.002452567328696,337600,48.951706886291504,,,,59.18456271489364,0.1080283054716641,0.0014532170797279633
2010-03-12,49.039520263671875,49.08896262650212,48.95299848626056,48.97153819355109,554900,48.96599864959717,,,,60.18707910455873,0.11113816961255754,0.0013878664382558574
2010-03-15,49.1075553894043,49.11373687020733,49.04575472663891,49.095197142886555,459600,48.980305671691895,,,,63.71178087438783,0.10279291012219462,0.001387788598878115
2010-03-16,49.19404602050781,49.19404602050781,49.06426329659016,49.08280301213763,523800,48.995852851867674,,,,67.63461279383652,0.10502067133106863,0.001410383903121814
2010-03-17,49.20642852783203,49.20642852783204,49.16316760266853,49.187884089830064,380500,49.017565155029295,,,,68.16520433558364,0.10194877395802086,0.0012729566771078331
2010-03-18,49.11988830566406,49.23113131663266,49.09516711266155,49.21876836258868,594000,49.038340950012206,,,,60.67822738428456,0.10241755159128475,0.0013032020787069505
2010-03-19,49.156959533691406,49.20022043545452,49.11369863192829,49.156959533691406,341300,49.060970306396484,,,,62.57455919296699,0.10109328054244468,0.0013011531426738265
2010-03-22,49.20642852783203,49.21260529207881,49.16316760266853,49.1755258462493,484000,49.086998748779294,,,,65.00020577325044,0.09888784928712317,0.001290740177314186
2010-03-23,49.20642852783203,49.25586621724232,49.18170732558329,49.22496825074679,538700,49.10378284454346,48.87852589000355,,,65.00020577325044,0.09844631884926867,0.0010401863656170132
2010-03-24,48.95924377441406,49.11374782332848,48.90980134714,49.05194714678059,654000,49.10512752532959,48.88993904807351,,,47.252466235272614,0.11212958041598446,0.0015650446978632128
2010-03-25,48.804718017578125,48.953040518338355,48.72437293022223,48.94068227456137,998900,49.095356178283694,48.89597452337092,,,39.915253803393455,0.11698769849528798,0.0016828678759800149
2010-03-26,48.909786224365234,48.934507430358536,48.79236167466903,48.841804086655635,863200,49.088063621520995,48.904255121404475,,,46.049449379230175,0.11963493052737816,0.0017398408521775235
2010-03-29,48.804718017578125,48.93450079512924,48.804718017578125,48.897421348711,853200,49.07292175292969,48.9112963589755,,,41.488021664170326,0.12360806743675619,0.001770354945028723
2010-03-30,48.903541564941406,48.90972303722578,48.8108430560849,48.87882039088572,465600,49.060869216918945,48.91924070878462,,,46.823461438803,0.12272181986216221,0.0018321927299035598
2010-03-31,48.94682693481445,48.99626930766784,48.903566037338784,48.965371360947614,463000,49.05067195892334,48.92763630260121,,,49.01637507126459,0.12404816956432388,0.001848062611149765
2010-04-01,48.93132781982422,48.96232637180817,48.8755313721961,48.96232637180817,605200,49.0378454208374,48.932399194890806,,,48.24911731641474,0.12053608809078854,0.0018342222079604951
2010-04-05,48.64619064331055,48.782576792891255,48.60279548023651,48.77637613253267,817000,49.01446971893311,48.933988397771664,,,36.82797459129531,0.13870149759452083,0.0022056146502617093
2010-04-06,48.68337631225586,48.72057080822224,48.66477906427267,48.68337631225586,487900,48.996971702575685,48.93413169167258,,,38.86055672138185,0.1347441719512383,0.0022044572964119236
2010-04-07,48.869354248046875,48.90034808224071,48.72676747566144,48.72676747566144,526900,48.98722629547119,48.937098347056995,,,47.890955328885866,0.1471520894384771,0.0023873517434941038
2010-04-08,48.844581604003906,48.96237053212155,48.83218028013929,48.956169870189235,669600,48.978095626831056,48.94006077159535,,,46.897315375161014,0.14673966429641588,0.002384933145444628
2010-04-09,48.937522888183594,48.96232078099619,48.84453197256499,48.88792710255841,338100,48.973922157287596,48.94259102561257,,,51.00457420260066,0.14897302178962793,0.00243023889602127
2010-04-12,48.98714065551758,49.03053580917326,48.931348913553286,48.9375495725661,606500,48.971303176879886,48.94501821344549,,,53.09054955263265,0.1520831030205255,0.002440716856945376
2010-04-13,49.086326599121094,49.0987231859948,49.01813354702449,49.08632659912109,464600,48.970241737365725,48.94958398992365,,,57.02901084121267,0.15475622007896764,0.0024645258498978543
2010-04-14,49.04913330078125,49.12972294171006,49.018134738268934,49.09252845046855,605000,48.962996101379396,48.95470220392401,,,55.1588428044395,0.1415391502753311,0.002432936061202815
2010-04-15,49.12351608276367,49.142113326037034,48.95613616358741,49.03052513668086,712200,48.95885047912598,48.95905075073242,,,58.116960119572916,0.138046744436602,0.002460068134690111
2010-04-16,49.22892761230469,49.235123542676895,49.1297359697353,49.1669304708399,481900,48.964302444458006,48.96654420332475,,,61.9479982216917,0.13586543759543904,0.00247484202272833
2010-04-19,49.166934967041016,49.25992595802417,49.13594112319215,49.25992595802417,436600,48.96480121612549,48.97257558649237,,,58.55577261390965,0.13545129882978962,0.002488327869192848
2010-04-20,49.21653747558594,49.21653747558594,49.14834438825344,49.210336814086915,391100,48.96530666351318,48.978391682017936,,,60.42321050936522,0.13282187509299245,0.0024883806924434777
2010-04-21,49.253684997558594,49.28468354576245,49.197893286448945,49.222691179069145,704900,48.96766948699951,48.98546662764116,,,61.811023751149165,0.13239776913492612,0.0024938870943098947
2010-04-22,49.22270584106445,49.34048995395182,49.197907941057686,49.284698226223455,476400,48.98084259033203,48.99141713922674,,,59.92383858060946,0.1363825557979307,0.0021994903306952274
2010-04-23,49.1855354309082,49.204137414094085,49.111146417038995,49.1855354309082,533300,48.99988346099853,48.997253001819956,,,57.64949267910717,0.12088449040062699,0.002063949752344739
2010-04-26,49.160709381103516,49.253695586276734,49.148308067270136,49.253695586276734,447200,49.01242961883545,49.00095686479048,,,56.11752242713767,0.1230993014074058,0.0020297995111296283
2010-04-27,49.340511322021484,49.377710552999545,49.22272715812492,49.25372099926913,598500,49.039219284057616,49.00647236217152,,,63.651334026727376,0.12310140154391849,0.0020820585984104704
2010-04-28,49.30949783325195,49.34049166204651,49.23510413065626,49.32189441882658,733100,49.05951709747315,49.01131265813654,,,61.68418010087743,0.12133118292841617,0.002067495288115043
2010-04-29,49.32810974121094,49.38390621717442,49.27851392473615,49.334310400699636,689300,49.07858123779297,49.018284329501064,,,62.434497457342125,0.12044571750034956,0.002064539986655856
2010-04-30,49.470706939697266,49.501700784227026,49.34671737242311,49.39631319933277,516100,49.10555019378662,49.029864710027525,,,67.65983014662713,0.12576029945721498,0.0021302814377181884
2010-05-03,49.443946838378906,49.45016596706259,49.35068362714986,49.4004224252036,533800,49.145438003540036,49.042414925315164,,,65.80980848350177,0.12636321246222795,0.001544805993757284
2010-05-04,49.58694839477539,49.61182016071894,49.50611871331208,49.56207662883184,468400,49.190616607666016,49.056333715265446,,,70.45836516096459,0.13038357809786458,0.0016129227115712103
2010-05-05,49.611846923828125,49.73620107682442,49.58697514446749,49.661590482549386,504900,49.22774124145508,49.06958361538974,,,71.19277029204721,0.1277604009263936,0.0014626910256778003
2010-05-06,49.804603576660156,50.575609859024816,49.03981642587313,49.624286711368654,1561600,49.27574234008789,49.08835490833629,,,76.13839538319532,0.22948797044342686,0.0015876051962004727
2010-05-07,49.68025588989258,50.059542320887715,49.680255889892585,49.829481860573395,767500,49.31287899017334,49.10609824440696,,,68.02502298588446,0.24772379874079167,0.0017488693739464726
2010-05-10,49.62430953979492,49.736230240641234,49.562132426838,49.568351561276586,517000,49.344737434387206,49.12282437411221,,,64.68521537219497,0.25528842206013025,0.00179699318971738
2010-05-11,49.69266128540039,49.698880414269496,49.57452629971979,49.68644690033668,568700,49.37505416870117,49.14112985784357,,,66.82803903633834,0.2579715545770017,0.001776602551034613
2010-05-12,49.55588150024414,49.70511216817465,49.549667113601984,49.68645952063498,2226900,49.400391578674316,49.15358685580167,,,59.09992075142918,0.2588903432683257,0.0019088293471740277
2010-05-13,49.64915084838867,49.7113279231679,49.5621019949364,49.7113279231679,413300,49.426673316955565,49.16661959561435,,,62.301340763368096,0.26202512890391866,0.0019206315518004973
2010-05-14,49.8170051574707,49.90405396022997,49.723737227713215,49.76726162909285,698500,49.45607719421387,49.18147159923207,,,67.26705599049369,0.27270481410639746,0.0019936418004145038
2010-05-17,49.82323455810547,49.97867957328666,49.785929272479706,49.879197230349504,380900,49.48889217376709,49.195427911931816,,,67.43847504402396,0.27097260902860654,0.001949386002103436
2010-05-18,50.00975036621094,50.040841254268486,49.773475745905415,49.88539630158771,753200,49.52855281829834,49.21183145696467,,,72.1425056910921,0.28254106024273845,0.002067125724645363
2010-05-19,50.022247314453125,50.07821003516916,49.941417544318305,49.9538510690277,459400,49.56698093414307,49.2277888211337,,,72.42989907806647,0.284783931557923,0.0020708093540568813
2010-05-20,50.1092529296875,50.17764911602576,49.991117943671284,50.14656295920272,801300,49.61130828857422,49.245215745405716,,,74.40934701065558,0.2857082265106651,0.0020538532991501465
2010-05-21,50.17764663696289,50.35174903055299,50.1154695825833,50.308224618106756,997400,49.66091384887695,49.2632118918679,,,75.87562190752458,0.2944562828190997,0.0020186149301128758
2010-05-24,50.17144012451172,50.22117892953673,50.140349220540905,50.17765451026114,836400,49.71145038604736,49.28244344537909,,,75.45312122937095,0.28823888186594154,0.002005410776324449
2010-05-25,50.18387985229492,50.32689138693637,50.05330657830395,50.25227605445303,1072100,49.75361881256104,49.30336241288619,,,75.74464946964935,0.2971197480504689,0.0019121562317594234
2010-05-26,50.1217155456543,50.127934677563445,49.97248958648868,50.10306289373456,700200,49.794229698181155,49.322588833895594,,,71.19430269639793,0.2025195218115086,0.0019416207776693246
2010-05-27,49.928958892822266,49.997355103827246,49.854343550687624,49.997355103827246,870700,49.82427215576172,49.33898454145952,,,59.29860367917004,0.1945256335237617,0.002204079029659186
2010-05-28,50.02841567993164,50.05328744792009,49.92893335178254,49.96001950391458,511900,49.85215759277344,49.35730133056641,,,62.756448848185556,0.19097251083335567,0.0021638766504196126
2010-06-01,50.06833267211914,50.12446556504845,49.98101906821535,50.04962329388755,595400,49.883376884460446,49.376007010719995,,,64.07559784298714,0.19233625242502686,0.0021485862389933686
2010-06-02,50.024688720703125,50.093292963998636,49.9810319075365,50.049636150832015,2665400,49.905263900756836,49.392682162198156,,,61.51027871324204,0.1892516811314177,0.0021043820725072464
2010-06-03,49.96855545043945,50.0122122591318,49.89371316772317,49.89371316772317,1188600,49.9230993270874,49.40676415183327,,,58.278525056729116,0.18750376184971732,0.002133070922703968
2010-06-04,50.10576629638672,50.18684663709517,50.043400097697415,50.09329495994324,2046300,49.93815746307373,49.423115747625175,,,63.34777473053628,0.18488862433646144,0.0020474754159470155
2010-06-07,50.26168441772461,50.27416051246498,50.08705715724723,50.08705715724723,472900,49.96722888946533,49.44387567693537,,,68.0921059840981,0.18448527108008964,0.002027751997996057
2010-06-08,50.24295425415039,50.29284909600419,50.20553550187704,50.20553550187704,538700,49.9981611251831,49.46362103548917,,,66.97063324082899,0.17162442006323836,0.0020011339222435003
2010-06-09,50.24295425415039,50.26166363028706,50.11822190774989,50.18058808095014,446300,50.025675773620605,49.48246695778587,,,66.97063324082899,0.1720993651836896,0.0019974514530566134
2010-06-10,50.03715896606445,50.17436267838204,50.018444826978445,50.11823453582965,845800,50.04973964691162,49.49757114757191,,,55.35347134992604,0.17481209767065156,0.0021324828485194164
2010-06-11,50.118228912353516,50.18683313993223,50.04338663911274,50.105752821029384,621300,50.07319355010986,49.51864360462535,,,58.41383903867122,0.16818196002795816,0.0021242434001588757
2010-06-14,50.13072967529297,50.143205773941354,50.01846857864491,50.08083955541186,539600,50.08887977600098,49.5427529074929,,,58.88187639324759,0.1713182090494314,0.0020109773928041054
2010-06-15,50.04336929321289,50.18681574431136,50.01842187744651,50.168106372044825,808100,50.09988651275635,49.56336350874467,,,54.28391289257308,0.16380457035174853,0.00206299753100508
2010-06-16,50.16187286376953,50.16811090783338,50.07455927980951,50.118216071789526,662000,50.10749263763428,49.588039051402696,,,58.96493409303885,0.15761538098133748,0.0019597796920475326
2010-06-17,50.29909896850586,50.34275577583522,50.1805998807968,50.18683792705389,785200,50.12133522033692,49.613412822376596,,,63.6114392000927,0.15143758934555304,0.002043247372954953
2010-06-18,50.280418395996094,50.330308519931826,50.25547095490929,50.31159912867619,902100,50.12989349365235,49.637659939852625,,,62.572728733634364,0.14790069426590893,0.002018150841615348
2010-06-21,50.292850494384766,50.317797916005325,50.18058947620932,50.18058947620932,624500,50.13565368652344,49.662414897571914,,,63.005674344619194,0.1474551187632593,0.0019987752756455766
2010-06-22,50.4113655090332,50.4363129385478,50.292866408397785,50.33028517355186,496900,50.147649955749515,49.694508986039594,,,66.932649830652,0.14968378931332335,0.002059112459597
2010-06-23,50.53608322143555,50.57974002084816,50.40511282319772,50.45500766773621,583500,50.16526012420654,49.7281945662065,,,70.48346373810537,0.15280176393264405,0.002118828957469626
2010-06-24,50.46747970581055,50.59221681890188,50.41758486057402,50.58597877368873,451400,50.18254833221435,49.75725139271129,49.278556950887044,,66.26809178275066,0.14968324762351162,0.002123683154859437
2010-06-25,50.52986145019531,50.57351826366824,50.45502391751932,50.46749525355339,449400,50.212593460083006,49.787892844460224,49.29687646230062,,68.13433188901556,0.1447826041185952,0.0018865338612898154
2010-06-28,50.6234016418457,50.66082515793107,50.55479741362969,50.58598288399505,1230200,50.24234275817871,49.8185451854359,49.31479841868083,,70.74776332588888,0.14790046937635282,0.001881322423970288
2010-06-29,50.741905212402344,50.748143258674716,50.63588221694765,50.63588221694765,1188300,50.27602138519287,49.85044999556108,49.333861351013184,,73.69151874565642,0.14656474754005597,0.0019213783631749962
2010-06-30,50.75435256958008,50.7980093563923,50.66080571086311,50.76682865623094,1286700,50.312504577636716,49.880777740478514,49.353335539499916,,73.98762868777334,0.1403286202798592,0.0018901831497382152
2010-07-01,50.778785705566406,50.86634573502938,50.728750039683646,50.822565720297895,1631400,50.35301609039307,49.91222596602007,49.37260373433431,,74.5921503477743,0.13946587181399853,0.0018410354589223016
2010-07-02,50.74750518798828,50.80379649722048,50.67870734985063,50.7600164885568,640400,50.38510303497314,49.94175304066051,49.39145736694336,,72.27631682537789,0.13949101124781293,0.0018077840242651689
2010-07-06,50.87257385253906,50.88508514924367,50.73498299041951,50.747489515462526,787900,50.41564750671387,49.97163751775568,49.409817409515384,,75.54545356753611,0.13818446067347775,0.0017664913914919548
2010-07-07,50.81005859375,50.89761863040897,50.79129641041795,50.8913677504077,588100,50.44400272369385,50.00151249278675,49.428578027089436,,71.03640084911353,0.13686878962851573,0.0018014781028392293
2010-07-08,50.77249526977539,50.81627525451286,50.67867965343497,50.72871528503792,619500,50.470479774475095,50.02980263449929,49.44605302810669,,68.39482615196697,0.13377683884367286,0.0018211138429703056
2010-07-09,50.716224670410156,50.73499161865867,50.65993814065183,50.7287359692425,582400,50.50443305969238,50.05639426491477,49.46280333201091,,64.52398510726084,0.13647109342231747,0.0015196036155655747
2010-07-12,50.73495864868164,50.79124514186234,50.6974295482352,50.74746516772425,425700,50.535269546508786,50.08388977050781,49.4799142519633,,65.22953183221429,0.13337160441025578,0.0015043321950692751
2010-07-13,50.647438049316406,50.70372458622713,50.60990891971291,50.70372458622713,514100,50.561104965209964,50.110469818115234,49.495323244730635,,59.2963970807512,0.13205641046780567,0.0015916858730295248
2010-07-14,50.778785705566406,50.803803538507786,50.666207843162056,50.71623873738109,795800,50.59787578582764,50.139889387650925,49.511366081237796,,64.51319043921382,0.13075200272072962,0.0015631711467445533
2010-07-15,50.82880401611328,50.91011314595902,50.76626183507524,50.81004183896812,2924400,50.631222343444826,50.16694925481623,49.527979373931885,,66.28526467062915,0.1285533850461523,0.0015168397450059845
2010-07-16,50.997657775878906,51.022675595082745,50.84129998460077,50.897586499063564,350800,50.66615028381348,50.1976430719549,49.54656292597453,,71.46552152272058,0.1339374731047625,0.0015639687364588793
2010-07-19,50.94132614135742,51.04139733891074,50.935075270253336,51.02263518228383,455600,50.69919567108154,50.22697427923029,49.56370442708333,,67.72683852049322,0.13217735602773725,0.0015983973102574036
2010-07-20,50.935123443603516,51.05395213851206,50.935123443603516,51.02893431546241,2581000,50.73130931854248,50.253600033846766,49.58135722478231,,67.30928705106761,0.13175500446198946,0.001605458310362194
2010-07-21,51.116493225097656,51.154017569541715,50.96638630399882,50.96638630399882,791100,50.7665657043457,50.28400996815075,49.60036792755127,,72.62408594246088,0.13759003877691864,0.00169355526404169
2010-07-22,51.06019592285156,51.110231557324596,51.02892245839073,51.110231557324596,473900,50.792771339416504,50.310796286843036,49.61839745839437,,68.88067769732453,0.13401682958843253,0.001684689969935217
2010-07-23,50.97263717651367,51.06645280049587,50.941363711299324,51.06019715312083,713500,50.81802921295166,50.33553792780096,49.635964743296306,,63.40652277193705,0.13401682543319637,0.001707360035193266
2010-07-26,50.997657775878906,51.01016429965027,50.91009779449604,50.98514648044643,570400,50.84141902923584,50.35722982233221,49.653483327229814,,64.2801225023474,0.13044285017105853,0.0016985480452871365
2010-07-27,50.97263717651367,51.010161517442214,50.90383937037079,50.90383937037079,815500,50.858880805969235,50.38072766390714,49.67105061213176,,62.668935994392214,0.13044284496251585,0.0016783575895018366
2010-07-28,51.06019592285156,51.07895809286377,50.94136248389329,50.94136248389329,513600,50.8747953414917,50.406834689053625,49.688577270507814,,65.8909352878469,0.1304428455262721,0.001644808092375179
2010-07-29,51.116493225097656,51.12899974935858,50.99765977214307,51.06020193677026,507100,50.89290237426758,50.43272254250267,49.70590505599976,,67.81442169710566,0.13178447753284012,0.0016540678991384616
2010-07-30,51.19155502319336,51.26035285339952,51.16028631870307,51.241590676372844,1510600,50.913540840148926,50.46246206110174,49.7238073348999,,70.22533841308315,0.13535905143817725,0.0016726009576120662
2010-08-02,51.18025207519531,51.199067579056496,51.12380556361177,51.18652550489063,2218700,50.935178184509276,50.4903002652255,49.74243720372518,,69.38253074683992,0.13180278618646263,0.0016621905675850504
2010-08-03,51.31825637817383,51.32452981001591,51.18026958900658,51.274351925732105,1232500,50.957462310791016,50.51759574196556,49.76314112345378,,73.55558625725868,0.1309393751599782,0.0016778947208206235
2010-08-04,51.2179069519043,51.29944242742442,51.192818008999666,51.28689556335881,1559400,50.97785472869873,50.54295342185281,49.783676306406655,,66.46200925819105,0.12962416503786248,0.0017231298342641642
2010-08-05,51.29942321777344,51.305696647457076,51.2304298469277,51.27433428426364,753400,51.004201126098636,50.56640201915394,49.80432637532552,,69.07131598695763,0.12204688765095639,0.0017207524778726812
2010-08-06,51.449954986572266,51.449954986572266,51.32451509704847,51.38096161176666,2527100,51.040887641906735,50.5923603404652,49.82571681340536,,73.21550972889273,0.12520472337534372,0.0017567539920206902
2010-08-09,51.38723373413086,51.43113817286943,51.34332929539228,51.41859609832623,427000,51.073501396179196,50.61559635509144,49.847508907318115,,69.06313861898086,0.12433308025187527,0.001808577977023476
2010-08-10,51.493865966796875,51.50013939763738,51.337063692363735,51.38096813779599,1123200,51.11582279205322,50.63952761563388,49.870754686991376,,71.97333901064366,0.12034605020440736,0.0017454955710145517
2010-08-11,51.53151321411133,51.55659737259439,51.48133532669177,51.51896634964308,865000,51.15345916748047,50.66425621726296,49.894314193725585,,72.94113889240273,0.11946685586124264,0.0016954594113824436
2010-08-12,51.437408447265625,51.544032822629035,51.41859294399263,51.47503945381162,482900,51.183889389038086,50.68704764626243,49.917243766784665,,66.73749075202457,0.11949191224980435,0.0017878586175041787
2010-08-13,51.58168029785156,51.587953729353714,51.43742486988519,51.500144829228226,670400,51.21309051513672,50.713592459938745,49.939834880828855,,70.83310858337833,0.12309753917365132,0.001749699087949194
2010-08-16,51.77610397338867,51.807461551714276,51.70711060175756,51.75728368412351,585500,51.25482940673828,50.74717691594904,49.96353282928467,,75.25496571543063,0.1316303325158863,0.00184107093997409
2010-08-17,51.700870513916016,51.73850154626495,51.6506926139655,51.73223289769208,823700,51.29311676025391,50.77758518565785,49.98603887557984,,70.78308107749004,0.1307600289767932,0.0018998379365540805
2010-08-18,51.669498443603516,51.763580792066044,51.650682930956414,51.73849184679423,500300,51.3207670211792,50.80669729059393,50.007821051279706,,68.94330751249323,0.12944273496923028,0.0018010846085738455
2010-08-19,51.78868103027344,51.80749654702341,51.60678972631023,51.60678972631023,490300,51.357191276550296,50.83876987804066,50.03016376495361,,71.92839128604467,0.1335032487128959,0.001798865864972713
2010-08-20,51.71964645385742,51.80745531896492,51.70710438108103,51.801181889964596,626400,51.39454174041748,50.870607896284625,50.05162254969279,,67.85972599106313,0.1352953146014073,0.0017736258819529655
2010-08-23,51.75100326538086,51.7760921934681,51.6631944096874,51.6631944096874,399200,51.43220901489258,50.90052129572088,50.07329114278158,,68.7250876185345,0.1330538895271291,0.0017729972455960714
2010-08-24,51.932926177978516,51.95174168924945,51.832570404231284,51.87020142677316,543000,51.48022346496582,50.93090750954368,50.09616670608521,,73.2286707348036,0.13843246486244556,0.0018517834866080254
2010-08-25,51.86394119262695,52.04583247312819,51.81376329761403,51.97683906379229,1040100,51.52041072845459,50.960379999334165,50.11908534367879,,69.16162435831819,0.1487381420025444,0.0019084389804947545
2010-08-26,51.907814025878906,51.932902958098126,51.832547229221255,51.876451664298756,459400,51.559976768493655,50.99065017700195,50.143039321899415,,70.29168508305305,0.145154139150976,0.0019070391693665697
2010-08-27,51.669498443603516,51.9517454889911,51.656956363581116,51.85766314052857,736600,51.58387393951416,51.02032907659357,50.16474962234497,,57.88354119514541,0.15859438445311877,0.0022421640605670397
2010-08-30,51.90154266357422,51.90154266357422,51.744740419877616,51.78864485670368,499700,51.61993846893311,51.052752962979405,50.1887025197347,,64.4616764902338,0.16352070693147983,0.002407512781670101
2010-08-31,51.9893798828125,52.00819539667871,51.932933341213875,51.939201989017725,553800,51.653494644165036,51.08654660311612,50.21343908309937,,66.58899721352496,0.16576289887447057,0.00237398606560856
2010-09-01,51.82331085205078,51.94909366547659,51.722680762664716,51.93651730345672,547900,51.68376483917236,51.11890917691318,50.236637338002524,,59.354855051961,0.17585284469671184,0.0024602116761656264
2010-09-02,51.722694396972656,51.791876402085535,51.691251084481,51.76671887310739,636800,51.704928398132324,51.14728775024414,50.25843016306559,,55.42602416290787,0.17453245080254678,0.002510878869738842
2010-09-03,51.62835693359375,51.653514463580905,51.49628349989233,51.590623037767116,814100,51.7138484954834,51.1714560768821,50.27871608734131,,51.95367622564667,0.17457742531809067,0.00248478534607068
2010-09-07,51.84846878051758,51.861045142635966,51.68494728313778,51.75412927055589,751900,51.73691024780273,51.1999660838734,50.30073308944702,,58.488343507806306,0.18224005743373642,0.0026214342677077273
2010-09-08,51.70382308959961,51.77300508887833,51.69124672532513,51.75413814331279,499800,51.747408103942874,51.225620131059124,50.32226587931315,,53.35300617584489,0.1854060712967949,0.0026875913678518467
2010-09-09,51.508880615234375,51.64724467385802,51.49001366147837,51.62208713608011,586000,51.746276473999025,51.245574951171875,50.34186522165934,,47.32250953256392,0.1863419718259419,0.0028262913635541498
2010-09-10,51.44596862792969,51.496278885087264,51.39565357246432,51.464835574152254,417400,51.746704483032225,51.26211832219904,50.360528055826826,,45.533800504013826,0.18726169360352532,0.002809112426405019
2010-09-13,51.57805252075195,51.61578642085752,51.42082153923377,51.43339790649937,732400,51.74652309417725,51.282310555197974,50.380291589101155,,49.822104036310826,0.19312362916374276,0.0027971679249862184
2010-09-14,51.65349578857422,51.697520250557915,51.571737444406345,51.571737444406345,678800,51.74039268493652,51.30274027044123,50.40274368921916,,52.13996189820833,0.18776965646966964,0.0026786294844927676
2010-09-15,51.60321807861328,51.684976474326156,51.57806054186097,51.622085031600136,469300,51.73551006317139,51.32055511474609,50.426064523061115,,50.46686773434839,0.1788301391090284,0.0026681462450704454
2010-09-16,51.5214729309082,51.571788022036586,51.45229088018448,51.54033989050355,490600,51.72810878753662,51.334729073264384,50.44782857894897,,47.78222076995744,0.18244238693416648,0.0026869702379818563
2010-09-17,51.57176208496094,51.653520468192276,51.55289513485438,51.56547150215583,553400,51.717262840271,51.34959106445312,50.4708872795105,,49.55990159677697,0.1708179877823157,0.0026392528061734643
2010-09-20,51.60948944091797,51.628356388632135,51.54030743376059,51.55917917978292,510300,51.711754989624026,51.36469476873224,50.493436845143634,,50.910089926919454,0.16053261170380445,0.00263324305039142
2010-09-21,51.798187255859375,51.83592116494027,51.615798698118546,51.615798698118546,577700,51.71411418914795,51.38379807905717,50.517198181152345,,57.09609699511267,0.16908825391221935,0.002761684690473165
2010-09-22,51.842193603515625,51.93024255942559,51.81703607349732,51.854769969370665,497700,51.709577560424805,51.40142752907493,50.54145539601644,,58.41228042762068,0.15947083844210702,0.00264756262682707
2010-09-23,51.854759216308594,51.942808153959945,51.82331590903724,51.936522371490014,684300,51.70911846160889,51.42042208584872,50.56819346745809,,58.800931655152894,0.15857315825303026,0.0026319618962070412
2010-09-24,51.73527145385742,51.82961098045975,51.722690291213034,51.82961098045975,563500,51.70049133300781,51.43792710737748,50.593625926971434,,53.66509418155621,0.15183444596840395,0.002672276010268434
2010-09-27,51.955387115478516,51.974254058703856,51.81073255357252,51.854757020533995,785900,51.714785766601565,51.460457333651455,50.61934286753337,,60.50810514743954,0.15228404566870526,0.002632552588693682
2010-09-28,52.068603515625,52.09376104416496,51.955397036349176,51.955397036349176,818200,51.7231388092041,51.48470542214134,50.646209716796875,,63.49445617204563,0.15093775091827613,0.002484479626740854
2010-09-29,52.012020111083984,52.06862577407382,51.9868673700996,52.06233518967273,430600,51.724270820617676,51.50951600508257,50.67183052698771,,61.0112805319416,0.1415055349077749,0.0024721630626596937
2010-09-30,51.98686218261719,52.01201492109171,51.817050008902285,51.97428101507041,770400,51.73244838714599,51.531481031938036,50.69682820638021,,59.8897917827947,0.1473443248657494,0.0023580722478577522
2010-10-01,51.94456100463867,51.9823969490187,51.84996633240371,51.95717138233705,1249200,51.7435417175293,51.55176752263849,50.72064682642619,,57.96058058142707,0.14319653690787298,0.002318315909065171
2010-10-04,52.0770149230957,52.083317709122625,51.957194630565546,52.00133818918923,571700,51.765974617004396,51.57139219804244,50.74587917327881,,62.07962630476085,0.14412324393161466,0.0023219931648097826
2010-10-05,52.08964157104492,52.11486715689025,52.032887611359335,52.05811319720466,758800,51.77803325653076,51.59227066040039,50.77059688568115,,62.45726264730406,0.14234207343630953,0.002140041511448364
2010-10-06,52.20948028564453,52.27254186681961,52.19056229242103,52.24731627209153,454000,51.80331611633301,51.61544078480114,50.79543482462565,,65.9256131344273,0.14462586610387262,0.0020627710160907135
2010-10-07,52.2977409362793,52.31035132160226,52.23467938708885,52.27251535434556,559800,51.842759132385254,51.63691801591353,50.8215248743693,,68.25193084060679,0.14239897315199102,0.0018159883438140405
2010-10-08,52.23466873168945,52.37970978411163,52.23466873168945,52.34187382457312,1220000,51.882194137573244,51.65827206698331,50.84667596817017,,64.84492752946576,0.14646983726275056,0.0018151085403696023
2010-10-11,52.21576690673828,52.31666443381952,52.209459307768114,52.310356834849344,442300,51.91407985687256,51.68087442571466,50.871359984079994,,63.81680918470234,0.137953651693401,0.0017796444172926765
2010-10-12,52.16532897949219,52.29775972375294,52.16532897949219,52.28514933389981,431400,51.93967151641846,51.70210481123491,50.8958818435669,,61.03587658786208,0.13798046888586818,0.001801560865600556
2010-10-13,52.24729919433594,52.25360679377879,52.12748367265372,52.1842376337734,612500,51.97187557220459,51.72528048428622,50.921396541595456,,63.79698608623718,0.13845410290032337,0.0017821799662604933
2010-10-14,52.045475006103516,52.240967195930025,52.0391674096066,52.17790566482016,926900,51.99807567596436,51.743194649436255,50.945436255137125,,53.705809399653354,0.14388716430273618,0.00199121978417767
2010-10-15,51.925655364990234,52.05178324004098,51.925655364990234,51.969803729722855,829400,52.01577033996582,51.7579066883434,50.96697912216187,,48.773347951373125,0.1358261121744729,0.0020834535394567257
2010-10-18,52.121177673339844,52.14009566096052,52.00135733669045,52.03919331193181,486900,52.041354751586915,51.77480891834606,50.99040978749593,50.163702239990236,55.892211964751795,0.14125942412331888,0.002219177313224914
2010-10-19,52.19681930541992,52.215742093338164,52.02655270444396,52.02655270444396,470800,52.06128635406494,51.793291958895594,51.01431570053101,50.1830287361145,58.30620182674894,0.1489330659033179,0.0021057725092650972
2010-10-20,52.17791748046875,52.266204606272396,52.13377391756693,52.17791748046875,602700,52.0780725479126,51.80892216075551,51.03687578837077,50.201554489135745,57.459924427186834,0.14446596494073002,0.0021091460953908616
2010-10-21,52.13376235961914,52.2094390840824,52.12115197785182,52.18421350926131,673900,52.09202270507812,51.82557407725941,51.059290917714435,50.21995153427124,55.43574096502079,0.14099391179909457,0.00212537287515595
2010-10-22,52.10224533081055,52.1716144738334,52.095937732911885,52.11485571532039,524400,52.11037139892578,51.840170842951,51.08025172551473,50.23837551116944,53.97417078036286,0.13648820011606336,0.0020496316377647227
2010-10-25,52.13376235961914,52.23466465890348,52.10223399955761,52.2094390840824,1413900,52.11929016113281,51.85260370427912,51.101267687479655,50.25671131134033,55.24491142944386,0.14009185110284608,0.0018354887582043885
2010-10-26,51.98872756958008,52.07701468642621,51.9698095890112,52.026563530717844,386600,52.115296363830566,51.86353995583274,51.119468720753986,50.27422960281372,48.595772647204285,0.1387384564480786,0.00188467470520578
2010-10-27,51.88153839111328,51.969830354525136,51.862620402985364,51.92568196717474,1980200,52.10877227783203,51.87058854536577,51.13781274159749,50.290290451049806,44.34755969922821,0.14054103720786312,0.00192441417566873
2010-10-28,52.05810546875,52.05810546875001,51.94459275494219,51.9761211241018,700500,52.112334442138675,51.88016294999556,51.15809437433879,50.307787055969236,51.819338632193,0.1427928961517593,0.002076428116514345
2010-10-29,52.152713775634766,52.159021376205764,52.07073421336986,52.095959804364334,442900,52.122742080688475,51.893168501420455,51.17859481175741,50.325173149108885,55.28360153876726,0.14234366625207073,0.0021006640955601075
2010-11-01,52.15142822265625,52.28422502171765,52.10083758741709,52.25892970409807,648700,52.1264627456665,51.903527554598725,51.20022436777751,50.34239934921265,55.22549525540885,0.14598342982634296,0.0020268028896562006
2010-11-02,52.23994445800781,52.25258970090113,52.20200390474069,52.25258970090113,870300,52.13397789001465,51.911961017955434,51.22181431452433,50.360190830230714,58.46278646486415,0.1442004553349006,0.0020590421776719493
2010-11-03,52.29688262939453,52.43600449689152,52.18305608549605,52.34747327659156,1443800,52.13834800720215,51.92279760187323,51.242479960123696,50.3776834487915,60.44398837017917,0.14740164295391014,0.0020095688801117597
2010-11-04,52.46129608154297,52.486591403338664,52.38541011615586,52.40438522594463,838100,52.14652576446533,51.93719392256303,51.26446380615234,50.395721702575685,65.55325005168562,0.15194313573200904,0.0020951151216782177
2010-11-05,52.23994445800781,52.39803652940365,52.239944458007805,52.33480066576274,1200000,52.14678955078125,51.9453987121582,51.28304875691732,50.41274538040161,55.213280716955516,0.15243680198664325,0.0022970055668767556
2010-11-08,52.252620697021484,52.309536385271535,52.23997544662703,52.2779160224004,556900,52.14863224029541,51.955089152943,51.30163520177205,50.43017032623291,55.6447623599569,0.1438941261558944,0.002295865671132496
2010-11-09,51.98701095581055,52.265254624423974,51.974365709322896,52.25260455334781,502300,52.13971633911133,51.95938020185991,51.31728318532308,50.44568365097046,45.708025356116714,0.15521257089843793,0.002559998248157
2010-11-10,51.96800994873047,52.024920761160274,51.76565235244839,51.980655187741874,884000,52.12575187683105,51.960018088600854,51.33220287958781,50.461439762115475,45.08773472142451,0.16742552107567374,0.002527157801329349
2010-11-11,51.98701095581055,52.01863130891244,51.89215472109338,52.01230627337436,252900,52.12282867431641,51.96225572065874,51.3473326365153,50.47719877243042,45.87869685558218,0.1710540815683557,0.0023830807697437523
2010-11-12,51.753028869628906,51.974361674984905,51.73405858907568,51.911120973689975,779900,52.11419734954834,51.959441445090555,51.36040887832642,50.491480655670166,38.520535297526045,0.17966277495328395,0.0025379470666511417
2010-11-15,51.50640869140625,51.71509143930145,51.46846812800291,51.651855558766414,1803700,52.08345890045166,51.95647617686878,51.37194798787435,50.504689884185794,32.58792714783446,0.18827763002600204,0.002559659338799128
2010-11-16,51.67716979980469,51.67716979980469,51.38628078315076,51.55701820557734,1044200,52.0574764251709,51.95239667025479,51.386516412099205,50.51859859466553,39.53213951596174,0.20004776217308873,0.0026694793842990403
2010-11-17,51.68980026245117,51.79098153908245,51.63921444872435,51.702450334324496,507300,52.03307056427002,51.9469497680664,51.4003612836202,50.53272478103638,40.02426501523698,0.1982763345103297,0.00267452993132212
2010-11-18,51.68980026245117,51.68980026245117,51.55700345531423,51.651859696008856,558600,52.01087245941162,51.94452230280096,51.413873513539635,50.54638879776001,40.02426501523698,0.20055354163041375,0.002674898871130625
2010-11-19,51.70243835449219,51.753024156497915,51.645522693427665,51.68346807566658,1286400,51.990882110595706,51.944154011119494,51.427854760487875,50.55971519470215,40.58541116056861,0.19513311511396278,0.002678619561629899
2010-11-22,51.854286193847656,51.85428619384765,51.78472518005902,51.78472518005902,650500,51.97690830230713,51.94826181585138,51.44356918334961,50.57377021789551,47.00157117156457,0.1987535694790041,0.0027729242998247154
2010-11-23,51.866859436035156,51.98701098839143,51.86685943603515,51.91112503565244,728000,51.970814895629886,51.94859619140625,51.458244959513344,50.588381175994876,47.50705397435883,0.19016616827531152,0.002710199833882214
2010-11-24,51.62025451660156,51.79099676496566,51.60128422780338,51.765701438371345,539400,51.957750701904295,51.94707676280628,51.469566377003986,50.60231351852417,39.541199503039735,0.19558519929585724,0.002874002071282479
2010-11-26,51.74041748046875,51.74041748046875,51.60762060511238,51.73409244128284,341200,51.94186630249023,51.951286523992366,51.48204523722331,50.61724718093872,44.43068219229414,0.1892598601402291,0.00281146224379543
2010-11-29,51.778316497802734,51.828907121492335,51.708755596376385,51.828907121492335,373100,51.923146438598636,51.95732921253551,51.494839922587076,50.632031688690184,45.91631560112819,0.1928712599868168,0.00277868907088382
2010-11-30,51.79734420776367,51.94278636785439,51.77204887022782,51.930141111382625,517500,51.905442237854004,51.96131633411754,51.50950813293457,50.646602897644044,46.68695872293047,0.18428901588149468,0.0027825346845724726
2010-12-01,51.48030471801758,51.65784409534767,51.461283332958665,51.58809579174153,1170600,51.86746025085449,51.958167405561966,51.52085876464844,50.66014350891113,37.18058687162072,0.18977419203100357,0.003020688908640142
2010-12-02,51.435882568359375,51.56269493516798,51.423198429129485,51.45490393962249,720300,51.82441024780273,51.95512494173917,51.531735038757326,50.6738010597229,36.072270899850885,0.1907041861895346,0.0029902481272956792
2010-12-03,51.51830291748047,51.64511526655262,51.47391811154711,51.594393229472374,569200,51.77726058959961,51.955067305131394,51.544026152292886,50.68787071228027,39.66587267413081,0.18758135272227605,0.00290109241319453
2010-12-06,51.68952560424805,51.68952560424805,51.56905526439813,51.59441871425691,1060300,51.74973964691162,51.95720846002752,51.556756591796876,50.70288904190063,46.406003915398415,0.17948577737524626,0.0029372722389547643
2010-12-07,51.3154182434082,51.53100027991251,51.220306529475174,51.511978904642454,990300,51.70287952423096,51.95186171098189,51.56522591908773,50.715112400054934,36.74674473740267,0.19222363866945663,0.003289457701812003
2010-12-08,51.049102783203125,51.14421448496749,50.884242822650364,51.12518827454893,966500,51.65598411560059,51.93824199329723,51.571631622314456,50.72569616317749,31.689943126846572,0.21218137655515232,0.003296671379251542
2010-12-09,51.093467712402344,51.182237309476264,51.01103534541926,51.13151044326824,791900,51.61225700378418,51.92462879527699,51.5783034324646,50.73616277694702,33.33574728594097,0.21492460204944258,0.0033187831759555527
2010-12-10,50.92862319946289,51.074461774467736,50.92862319946289,51.055435565707526,934600,51.5593376159668,51.90778995860707,51.58261391321818,50.74552770614624,30.404510448125208,0.2190205341829571,0.003347006748382192
2010-12-13,51.06178283691406,51.0998255831465,50.8398587545879,50.877901500820336,1026300,51.52477531433105,51.895544711026275,51.58699474334717,50.75529884338379,35.34981749813926,0.22674331912603815,0.00333598092289718
2010-12-14,50.7384147644043,50.99838648067196,50.66867132872453,50.934980278864735,1305100,51.486375617980954,51.87341794100675,51.58925253550212,50.76326795578003,29.810130122016446,0.24534237010073515,0.0034536801862758686
2010-12-15,50.57992172241211,50.83355149198988,50.54187895013036,50.782824570557224,926500,51.43151321411133,51.846350999311966,51.589669704437256,50.77041370391846,27.53270208616098,0.24720646535985985,0.003353919678801098
2010-12-16,50.694000244140625,50.71936367752289,50.46573418128052,50.548166549167945,1117000,51.3817232131958,51.82238700173118,51.590258026123045,50.77794441223145,31.58419954268777,0.25583736685171743,0.0034247069741159307
2010-12-17,51.004703521728516,51.030066957521,50.725710565591925,50.725710565591925,868800,51.34746837615967,51.8045295715332,51.5924480120341,50.7873994064331,41.22270563985523,0.27125988029917636,0.0037723267582388297
2010-12-20,51.03641128540039,51.169565713641816,50.96666303666706,51.05543265549468,639600,51.31416702270508,51.78801775845614,51.5947985013326,50.797414779663086,42.11888444399654,0.2735573931097614,0.0037780255934290073
2010-12-21,51.093467712402344,51.106147010164236,50.9666505468823,51.07444634696939,1499700,51.276126098632815,51.77013508189808,51.597420851389565,50.80756080627442,43.77999894391439,0.2595170780009707,0.003708608445932342
2010-12-22,51.03641128540039,51.118843672584184,50.99836854521181,51.093480233264664,546700,51.23460369110107,51.75098544034091,51.59982840220133,50.817606887817384,42.4674850706654,0.25815840809624746,0.0037022550763260013
2010-12-23,50.9793586730957,50.99838004748011,50.92863178301563,50.99838004748011,477000,51.20255889892578,51.72861959284002,51.60071827570597,50.827398719787595,41.13935301345206,0.250911751252784,0.0035852743098050478
2010-12-27,51.12175369262695,51.12175369262695,50.904592287438916,50.96207805198516,514800,51.17162570953369,51.707238006591794,51.60331573486328,50.83780988693238,45.70350851375584,0.2541930882828168,0.003606846367491323
2010-12-28,50.78964614868164,51.077065341693505,50.78964614868165,51.05790503674254,688600,51.122192192077634,51.68096486871893,51.603458658854166,50.84622034072876,38.25323532637938,0.24439940750941908,0.0038225626483579397
2010-12-29,51.08985137939453,51.147337183056955,50.80243697983386,50.81520889569376,642100,51.08681755065918,51.66049367731268,51.60657221476237,50.855699367523194,46.709803867536564,0.23915052276781015,0.0041135076375098
2010-12-30,51.09619903564453,51.1089709413216,50.95568370863038,51.077038740672286,670800,51.06761226654053,51.6410549510609,51.60958255132039,50.86514822006225,46.875478047501275,0.2378708990988255,0.003910747126334858
2010-12-31,51.2686653137207,51.294214007332,51.096217722988236,51.096217722988236,534500,51.059251403808595,51.62326160777699,51.61475944519043,50.87589210510254,51.305098139549244,0.24024021758082675,0.00399635935378126
2011-01-03,51.204833984375,51.24315948966771,51.070706898147144,51.11541592688976,936500,51.04357795715332,51.607977225563744,51.618309847513835,50.88613147735596,49.65485643878568,0.23581104522475269,0.003981140167325534
2011-01-04,51.211181640625,51.30698801826179,51.14731234650541,51.2367303328558,1784100,51.019660758972165,51.59498679421165,51.6214963277181,50.896155242919924,49.8276849423647,0.21913705690809898,0.003891241655859802
2011-01-05,50.987648010253906,51.083454409190246,50.891841611317574,51.05151731857285,837300,51.003272247314456,51.57437716397372,51.621412913004555,50.90506134033203,44.08794989481998,0.2211133060115209,0.0036748054038352198
2011-01-06,51.03239059448242,51.070711230106944,50.94935605340387,51.03239059448243,591000,51.00243663787842,51.55320573286577,51.622171783447264,50.91542707443237,45.44263208645716,0.21166514033014242,0.003497252378257352
2011-01-07,51.22394943237305,51.28782359427257,51.0578902555946,51.0962108544028,847000,51.00896072387695,51.53586085926403,51.624578666687015,50.92752323150635,50.924885871089835,0.20590558935941164,0.003593593411534508
2011-01-10,51.3453369140625,51.3453369140625,51.230370172128744,51.28146758474763,509800,51.02979640960693,51.521525851163,51.626485697428386,50.93970098495483,54.07421944979905,0.20008307541046122,0.0035356004394248713
2011-01-11,51.24314498901367,51.34533493739992,51.18565918380111,51.338946542839125,980700,51.03886451721191,51.50590584494851,51.628010272979736,50.95189311981201,51.10108319030772,0.2015245944804224,0.0035346528764786424
2011-01-12,51.211181640625,51.2558906338002,51.09621496204382,51.16008425616341,517500,51.06250286102295,51.48913165005771,51.629998143513994,50.96343132019043,50.17189132575666,0.20432463336499446,0.003194926211881935
2011-01-13,51.37089538574219,51.370895385742195,51.16651056933151,51.16651056933151,1025900,51.10205154418945,51.47789833762429,51.63310845692953,50.97555166244507,54.61290758391603,0.21122501293827511,0.003129758653563913
2011-01-14,51.30059814453125,51.44111351128273,51.28782623524231,51.40279291050129,1107000,51.132381439208984,51.46733578768644,51.63584146499634,50.9873980140686,52.399234062287974,0.2066625751420165,0.0031447578281885314
2011-01-18,51.24953079223633,51.28785628839002,51.16011275607358,51.25591918708153,766200,51.144622802734375,51.45263442993164,51.63741925557454,51.00041471481323,50.78868132030242,0.19297527832147107,0.002877616509108644
2011-01-19,51.31338882446289,51.33255400477896,51.22397080798696,51.26229629570267,722200,51.1584716796875,51.43737397627397,51.63906005223592,51.01356477737427,52.74463258964318,0.17518186135123465,0.0028853125595956685
2011-01-20,51.12175369262695,51.236720348805605,51.05149602091146,51.2175600515948,1012000,51.15988597869873,51.41865262118253,51.6384783744812,51.024826774597166,46.74074025507527,0.18293940212696416,0.0030119127316625104
2011-01-21,51.22394943237305,51.22394943237305,51.083438945771526,51.108982763034064,573300,51.16926288604736,51.4001799843528,51.638842519124346,51.036723613739014,50.00880384012878,0.17883193890653917,0.003029897236508874
2011-01-24,51.217613220214844,51.29425448861877,51.204836426868255,51.21122482354155,582000,51.18117561340332,51.3805569041859,51.63800382614136,51.04812406539917,49.804748611937505,0.17107905649060737,0.003015470037796972
2011-01-25,51.35173034667969,51.40282776431143,51.19205457126894,51.26869582479861,1380800,51.192674446105954,51.36038298173384,51.63911902109782,51.05994701385498,54.07622538623231,0.1747288794396152,0.0030079243188818696
2011-01-26,51.17293930053711,51.31345001332564,51.1729393005371,51.27512935283079,1104100,51.21183910369873,51.34098288796165,51.63806498845418,51.07038007736206,48.18901357601872,0.1646896663564123,0.0027143851414008183
2011-01-27,51.27511978149414,51.31982883469988,51.17292974827589,51.21763880148163,441100,51.22110252380371,51.32321014404297,51.636608028411864,51.08151000976562,51.44262267324572,0.16651423133647722,0.0024197056119157115
2011-01-28,51.38368606567383,51.41562318452172,51.17930117463974,51.19207797134697,1006300,51.235476875305174,51.31224060058594,51.636578464508055,51.09281085968018,54.69779908160027,0.16514916062875123,0.0024578654669413728
2011-01-31,51.31338882446289,51.390034926977876,51.26229629570267,51.36448622613955,1061200,51.23771305084229,51.300338398326524,51.63507448832194,51.10323316574097,52.25506769018591,0.1656028141705908,0.0023711394408527063
2011-02-01,51.214134216308594,51.27178148135762,51.13727282511117,51.233348342457,1186900,51.23817806243896,51.286286093971945,51.632429663340254,51.113469161987304,48.93231007562064,0.1667769762484715,0.0023957759840039154
2011-02-02,51.156494140625,51.27818524057732,51.10525321085348,51.25897111356401,810400,51.235443687438966,51.275440007990056,51.63008871078491,51.1231689453125,47.060816868389544,0.16772385896043268,0.002408951293861808
2011-02-03,50.983551025390625,51.118054784734014,50.983551025390625,51.04759973651556,851500,51.2352388381958,51.26593350497159,51.62510430018107,51.13181827545166,41.8846226662149,0.16547802316212465,0.00232475699661482
2011-02-04,50.810611724853516,50.97073592298811,50.77858493058551,50.932302792545954,988600,51.22414989471436,51.250177903608844,51.61705853144328,51.139757804870605,37.448891917990665,0.16916936735960317,0.002433295298022294
2011-02-07,50.81702423095703,50.85545736976129,50.73376138898808,50.759381852656325,1222300,51.203803634643556,51.23430924849077,51.609693145751955,51.14791524887085,37.71230153672169,0.16782726681071328,0.0022502192423364733
2011-02-08,50.65690612792969,50.84265084704841,50.6440983378476,50.81703038027986,994100,51.169382095336914,51.21552935513583,51.60125487645467,51.15539623260498,33.87621154759364,0.17425364626848502,0.0022315802637163447
2011-02-09,50.7785758972168,50.85543725782496,50.612045392533375,50.676098969674435,1252300,51.14615364074707,51.19873185591264,51.5928373336792,51.16258655548096,38.9574043357443,0.1729321506784959,0.002309796777547232
2011-02-10,50.61847686767578,50.778601116851824,50.61207052945954,50.70814605628602,519000,51.11651840209961,51.17626259543679,51.58366092046102,51.169131450653076,35.13180798987288,0.1747907293064078,0.0023875757370766444
2011-02-11,50.7913932800293,50.86184831214024,50.72733969694494,50.79139328002929,769000,51.08754329681396,51.15670866532759,51.57566417058309,51.17644786834717,41.78151116038516,0.18578739950026094,0.0024126088157873067
2011-02-14,50.849082946777344,50.951564865771395,50.753007369372135,50.778627849120646,559300,51.06496753692627,51.14268736405806,51.56663214365641,51.183339748382565,43.84960287917734,0.1849148497400301,0.002433572651630677
2011-02-15,50.91952133178711,50.93873546364038,50.81703944642934,50.83625846488786,473400,51.04846706390381,51.12776197953658,51.55876197814941,51.19071762084961,46.35531740367045,0.1808366333877766,0.0024629739971305095
2011-02-16,50.93870544433594,51.009160477347386,50.868250411324496,50.91949132380598,635400,51.029732894897464,51.112496324019,51.550686073303225,51.197476406097415,47.04838402552581,0.1804088462162698,0.0024414589750119623
2011-02-17,51.01554489135742,51.06678578182037,51.002732225441555,51.02835267067302,561800,51.02442245483398,51.09828179099343,51.54523646036784,51.204494895935056,49.84351764885207,0.17267729818787356,0.002339809965036999
2011-02-18,51.01554489135742,51.03475900363096,50.91946944338947,50.95789766793654,555800,51.0140022277832,51.08983161232688,51.537853145599364,51.21054960250854,49.84351764885207,0.17178807882832256,0.0022874727363650185
2011-02-22,51.20768356323242,51.22690255935238,51.06037213250979,51.06677846454978,1618800,51.01350574493408,51.085682539506394,51.53133900960287,51.21818674087525,56.5022301953148,0.1743053408742681,0.0024537554655642627
2011-02-23,51.20130157470703,51.31018482776543,51.182087457885125,51.252537590698296,638700,51.00598430633545,51.07991887872869,51.52615559895833,51.226071701049804,56.2351773657331,0.17110286517115877,0.0023746717368726606
2011-02-24,51.25251388549805,51.32937520383736,51.22689833265078,51.24611244058581,939000,51.009963035583496,51.07197321111506,51.52223742802938,51.23387096405029,57.95258706208194,0.16789790187801248,0.0022513954071980207
2011-02-25,51.393489837646484,51.39348983764649,51.27820015542926,51.30382062776703,998100,51.01588153839111,51.073392694646664,51.52028020222982,51.24305900573731,62.334356092378684,0.163327177402536,0.0022911323838369527
2011-02-28,51.46393966674805,51.46393966674805,51.36786412693035,51.3934845966554,1833400,51.019894218444826,51.080935183438385,51.517075792948404,51.252132949829104,64.33457355053031,0.16149714590571357,0.002262747112213432
2011-03-01,51.439517974853516,51.4587829283649,51.29181673157937,51.323923354254866,558500,51.026200675964354,51.08722700639205,51.51487325032552,51.26024551391602,63.08393706519379,0.15960931918913296,0.002241360893406627
2011-03-02,51.33674240112305,51.49086684611774,51.32389583931562,51.42022545476022,595200,51.03233108520508,51.09464735551314,51.51343876520793,51.26781305313111,57.97612728863178,0.15415068643988558,0.0022444847596421545
2011-03-03,51.131256103515625,51.240427412403136,51.10556787209577,51.227580846928625,840700,51.03106918334961,51.095910505814985,51.51081616083781,51.273420581817625,49.369174319605676,0.1587681108423849,0.0024144242201023175
2011-03-04,51.304656982421875,51.32392193540067,51.19548564918853,51.20832731799764,960000,51.04712448120117,51.10620581886985,51.50853786468506,51.27983263015747,55.38791777942798,0.15514628137242678,0.0023933576195796944
2011-03-07,51.29822540283203,51.38813176854785,51.23400727011066,51.25327221997412,443900,51.0715051651001,51.119265885786575,51.50557727813721,51.285777492523195,55.12615999790361,0.15197249580370759,0.0022330299511135483
2011-03-08,51.25327682495117,51.30465329555611,51.22117020547052,51.27896506025364,499600,51.0933177947998,51.12943455089222,51.50266110102336,51.291155643463135,53.23274246619225,0.1492430010090326,0.0022525542573503562
2011-03-09,51.34314727783203,51.420211929823125,51.24039930803704,51.29819412238551,712800,51.12762985229492,51.13558807373047,51.50117505391439,51.297014179229734,56.45328962929477,0.15202175499211787,0.0021042958459712114
2011-03-10,51.5808219909668,51.59366366539837,51.394585864748315,51.47165060993498,553100,51.16774215698242,51.145486450195314,51.5012505531311,51.30399888992309,63.593588156371126,0.16076718714082514,0.0022540935910938848
2011-03-11,51.58723831176758,51.625768229391745,51.548703494611665,51.600079984465054,724200,51.21618022918701,51.1544640974565,51.50106512705485,51.31132650375366,63.76631557736923,0.15803684246500996,0.0020637279017061655
2011-03-14,51.63861083984375,51.72209395480178,51.63218755422195,51.651452511556,568800,51.258541107177734,51.16541318026456,51.499735323588055,51.31987476348877,65.19032521556613,0.15257241211066994,0.0019808279355332256
2011-03-15,51.67070770263672,51.81841384683222,51.66428441822897,51.80556727801673,601100,51.2996223449707,51.17798316261985,51.49830627441406,51.3280862236023,66.08709658656386,0.1562656719041102,0.0019799777908046166
2011-03-16,51.914730072021484,52.120235943007025,51.75418228496125,51.80555875270764,875800,51.34938278198242,51.19240091497248,51.498806031545,51.33731821060181,71.99427768072,0.17922671556410869,0.0021636885479917314
2011-03-17,51.83768081665039,51.8826340101921,51.72850947512492,51.818415862208326,540100,51.394331550598146,51.21145609075373,51.49965944290161,51.34638317108154,67.96852888392438,0.18245847590325986,0.002229574412583257
2011-03-18,51.83127212524414,51.8376954117102,51.722100752981135,51.74778899931337,533600,51.43511791229248,51.224936467951,51.498625151316325,51.355696754455565,67.62978435247888,0.18385269868264334,0.0022351244412280886
2011-03-21,51.68354797363281,51.79271929760937,51.63217150369213,51.79271929760937,813800,51.46851806640625,51.23561553955078,51.49541635513306,51.3635856628418,60.18397183915011,0.1857796762814528,0.0023750151580146824
2011-03-22,51.6643180847168,51.68358795049703,51.61294647457041,51.63863472941042,999300,51.49134979248047,51.24280922629617,51.49251883824666,51.37059883117676,59.26919932191583,0.17889899550463134,0.0022673666376887814
2011-03-23,51.645015716552734,51.77345689773421,51.625750764258036,51.754187045909426,1049500,51.513535499572754,51.25081253051758,51.48967011769613,51.37760913848877,58.311118520107215,0.17293696725098076,0.0022713471056161737
2011-03-24,51.5615119934082,51.6449950531266,51.54866543066499,51.6257301085399,650000,51.52898540496826,51.257182173295455,51.48647804260254,51.38420192718506,54.22726018916872,0.16605728539403078,0.002312031105252633
2011-03-25,51.49089050292969,51.62575006670047,51.4523605988609,51.60648511466607,727400,51.53385543823242,51.26633203679865,51.48159367243449,51.39147058486938,50.975654818998315,0.16743335463705783,0.002265570836211125
2011-03-28,51.44593048095703,51.49088366290907,51.400977299005,51.413818965478704,810700,51.53295497894287,51.27385094382546,51.476229413350424,51.3981090927124,48.96276312784145,0.16789264848270793,0.002254712170442249
2011-03-29,51.35603713989258,51.49732000457667,51.33034890090178,51.42667857223463,649500,51.528780937194824,51.276252538507634,51.469117387135825,51.4042356300354,45.125958182554115,0.16697539718905116,0.002286106796628749
2011-03-30,51.44593048095703,51.46519543043228,51.3624474000545,51.40740058200654,746900,51.534240341186525,51.27808151245117,51.462018966674805,51.41124843597412,49.396373622093165,0.15687839025857744,0.0022740990785592385
2011-03-31,51.388160705566406,51.529443616828466,51.375319031602686,51.51017865611677,717300,51.54708557128906,51.28071816184304,51.45496473312378,51.41737987518311,46.871884896505385,0.16238266529041315,0.0020832358479915738
2011-04-01,51.451229095458984,51.47699072125131,51.303105889062735,51.32242588002505,953300,51.55441417694092,51.28508266102184,51.448593584696454,51.42314052581787,49.88320815974009,0.16517046451572576,0.001964452889001153
2011-04-04,51.515647888183594,51.580049517384175,51.47700789336911,51.509211164734076,605000,51.5652853012085,51.287714524702594,51.443179575602215,51.429316673278805,52.82448014647795,0.16152885129692,0.0019785883920569727
2011-04-05,51.399723052978516,51.50276959064877,51.38684469253442,51.477007956231205,990900,51.572607612609865,51.28951679576527,51.4361164410909,51.43485103607178,47.42995495457078,0.13861991953112504,0.002041276145904279
2011-04-06,51.322418212890625,51.38681981098653,51.32241821289062,51.37393654325116,476600,51.57157115936279,51.290842021595346,51.43009096781413,51.43940629959106,44.18918038360734,0.1308402226162205,0.002036102581501253
2011-04-07,51.30955123901367,51.38039449347425,51.264469614677715,51.34819614096487,679700,51.558007621765135,51.29077224731445,51.424956766764325,51.44327363967896,43.654517885708174,0.1308638097638968,0.001717310503556436
2011-04-08,51.2773551940918,51.30955354805017,51.2258319315239,51.2387102904015,687500,51.54251346588135,51.2936013655229,51.41792491277059,51.44732301712036,42.276135094229204,0.12262245226205794,0.0017166313449713607
2011-04-11,51.2838249206543,51.3353482163802,51.245184905625834,51.2773881938375,444000,51.524774169921876,51.294690010764384,51.41031662623087,51.451092834472654,42.66788302318232,0.12401686903546809,0.0016929354706549454
2011-04-12,51.464115142822266,51.489871856477066,51.37394699091856,51.37394699091856,778200,51.514444541931155,51.2991718639027,51.404368273417155,51.45529640197754,52.36881807790027,0.1281840692030823,0.0018917473362760992
2011-04-13,51.560733795166016,51.580053794175186,51.419047251059105,51.431930526085054,514500,51.49674472808838,51.30297192660245,51.39959303538004,51.459390544891356,56.606370469854625,0.1328023732908206,0.0015841622629668253
2011-04-14,51.53499984741211,51.61872643947622,51.52212147899662,51.58008150716494,562100,51.48161067962646,51.30955484563654,51.39486598968506,51.46329378128052,55.197809379060196,0.1273177656222515,0.0015619023178671972
2011-04-15,51.69597625732422,51.7024178945326,51.6251379021501,51.644457900245726,1045900,51.47484588623047,51.31720678156073,51.39121777216594,51.46787973403931,61.62979422451637,0.13285382585052322,0.0017390202423916172
2011-04-18,51.753963470458984,51.81192348972591,51.64448015837813,51.68312017122275,795500,51.478366661071775,51.323939098011365,51.389261404673256,51.47291202545166,63.654010633368294,0.1328875563985871,0.0016356662290562588
2011-04-19,51.83766555786133,51.86986883209027,51.79258392205868,51.81834555873588,531200,51.48703403472901,51.33347140225497,51.38889579772949,51.477737483978274,66.40873357182566,0.13336949004798576,0.0016675877063207919
2011-04-20,51.76685333251953,51.84413828890272,51.75397496322203,51.799056626062374,631200,51.493125915527344,51.343520840731536,51.386468696594235,51.48252145767212,62.119256816023594,0.128800828651908,0.0016990466615298292
2011-04-21,51.805458068847656,51.83121970098556,51.76681316387634,51.77325480029305,568100,51.505323219299314,51.35532018488104,51.383574899037676,51.48768627166748,63.503300333304395,0.12098095043195352,0.0016535120825200084
2011-04-25,51.83766555786133,51.86986883209027,51.78614719803672,51.81834555873588,719400,51.522661972045896,51.37084954001687,51.38096021016439,51.49329347610474,64.66330087872326,0.11775960844112175,0.0016110640769665572
2011-04-26,51.99870300292969,52.005144644309475,51.882778025757105,51.89566130851667,538200,51.55030059814453,51.39245119961825,51.378949864705405,51.499612197875976,69.82717108392823,0.12052217206961961,0.0016972110498309821
2011-04-27,51.97290802001953,51.992232931765564,51.876308028937174,51.90206475087277,760700,51.581144142150876,51.413467268510296,51.37625007629394,51.50623954772949,68.110232509448,0.12374289591994929,0.0016303622427591413
2011-04-28,52.069541931152344,52.082425212826614,51.998698622540694,52.03090191319409,1046600,51.612324714660645,51.43915155584162,51.372985458374025,51.512693328857424,70.98818853094834,0.12328520406355992,0.001634589067050673
2011-04-29,52.140350341796875,52.159670337844965,52.04374544802743,52.04374544802743,526000,51.64993419647217,51.46391109119762,51.3721555074056,51.51925106048584,72.9169160980113,0.12558543787007892,0.001590219679187039
2011-05-02,52.15523147583008,52.219811013064586,52.11002530705564,52.219811013064586,820700,51.68513431549072,51.49185208407315,51.37134393056234,51.525038928985595,73.31837781423174,0.1269870375311203,0.001588601976639304
2011-05-03,52.21335220336914,52.232725572060055,52.14877266536513,52.206892771437865,693400,51.72001953125,51.51770588267933,51.373230107625325,51.53139905929565,74.88430281179849,0.11826603545056003,0.0015862939128326945
2011-05-04,52.277923583984375,52.310215811499006,52.20043012131272,52.21980348698063,821600,51.763929557800296,51.54368480335582,51.375812721252444,51.538113059997556,76.53218123050493,0.1146074030984318,0.0014320963385813052
2011-05-05,52.394168853759766,52.42000165042434,52.303756528984856,52.31667539086823,581500,51.81751708984375,51.5704965764826,51.37920570373535,51.54450143814087,79.18049927196442,0.1178554820956005,0.0013500441546576462
2011-05-06,52.432899475097656,52.497478977297305,52.303735543598165,52.342487186598106,602600,51.87368450164795,51.597663740678264,51.384871292114255,51.5513649559021,79.99070096438217,0.11973586685121822,0.0013182053652985677
2011-05-09,52.47814178466797,52.503974588770554,52.432935609264355,52.46522291906489,544300,51.933723831176756,51.62425641146573,51.392969067891435,51.55889247894287,80.9245416755871,0.1128524227315835,0.001257053271839398
2011-05-10,52.34251403808594,52.445840309191276,52.329595174758566,52.43292637296663,643600,51.98665828704834,51.648383123224434,51.398513603210446,51.5656167602539,70.32813766960072,0.11518394046573478,0.0014973969739579185
2011-05-11,52.40707778930664,52.445824513413456,52.29729211960316,52.32311998427355,570800,52.03380641937256,51.670190290971235,51.40449091593425,51.57278896331787,72.19465263901017,0.1193531596178491,0.0013798193774082958
2011-05-12,52.35541915893555,52.439372048016935,52.31021299910681,52.381251954137944,994000,52.073540687561035,51.69117424704812,51.410037740071616,51.57926507949829,68.48266809163144,0.12397833903219992,0.001421958222779645
2011-05-13,52.432899475097656,52.54268512154708,52.41352611714778,52.426440046747636,696200,52.11843566894531,51.71263580322265,51.41612491607666,51.58584711074829,70.89943995266083,0.1313743625006276,0.0013979432860063564
2011-05-16,52.55561065673828,52.56207008651471,52.43291105359387,52.47811720782629,1271500,52.161417388916014,51.73376527266069,51.42196928660075,51.59266738891601,74.26520887043682,0.12863804285554942,0.0013411531147693191
2011-05-17,52.63955307006836,52.658926426631346,52.59434692905477,52.62663421429314,713200,52.20569686889648,51.755140061811964,51.42840840021769,51.59996389389038,76.28577848086431,0.1272752425627317,0.0013508548209369248
2011-05-18,52.49103546142578,52.62665393528738,52.484576031117605,52.61374000177271,705300,52.23836536407471,51.77425856156783,51.435664908091226,51.60582778930664,66.3584859839334,0.13052237443013684,0.0015656320261062332
2011-05-19,52.47164535522461,52.49747814111304,52.336026924635426,52.336026924635426,759900,52.27360496520996,51.79489316073331,51.441758473714195,51.61209648132324,65.16615654676988,0.1337742549058569,0.0015138406752501269
2011-05-20,52.51683807373047,52.56204420570403,52.4780913683528,52.4780913683528,752700,52.3091739654541,51.820085560191764,51.44791282018026,51.618183555603025,66.66935552160285,0.1323894795108908,0.0015143353108524882
2011-05-23,52.54914855957031,52.65247478555385,52.54914855957031,52.65247478555385,540400,52.34474811553955,51.84271267977628,51.45417785644531,51.62367952346802,67.7411790119907,0.13608117987720902,0.0015143498167294752
2011-05-24,52.58143997192383,52.600813332870814,52.51040103038426,52.549152679379176,1002500,52.373884963989255,51.86604385375976,51.4633539835612,51.62965055465698,68.82032302760513,0.13469736647008546,0.0014028523741428571
2011-05-25,52.60078048706055,52.6459866100755,52.55557436404559,52.62661326122593,486300,52.40527858734131,51.890543920343575,51.47306146621704,51.6351851272583,69.4788855079897,0.1310069507265099,0.0013818209166724736
2011-05-26,52.67185974121094,52.729984759392686,52.60082078960084,52.626653583559204,1436000,52.43539447784424,51.91470232876864,51.48267443974813,51.6408868598938,71.8334897566989,0.12639701062886693,0.0013620100358598464
2011-05-27,52.69124984741211,52.710628144364534,52.65896254003118,52.69124984741212,774700,52.462939453125,51.934891926158556,51.49102214177449,51.64715606689453,72.45771244914233,0.12501061710461364,0.0013499732159729945
2011-05-31,52.755802154541016,52.79454887061802,52.60726486441212,52.66538986562785,1267900,52.492967987060545,51.956138541481714,51.50302534103393,51.65302667617798,74.48501294636327,0.12777757398293485,0.0013574717663047743
2011-06-01,53.01097106933594,53.01097106933594,52.84259865767074,52.86202529350711,1058300,52.53284893035889,51.9810905456543,51.519374243418376,51.659201011657714,80.57247510048037,0.13539446833897983,0.0016575527432571271
2011-06-02,52.797245025634766,52.93323635746437,52.79724502563477,52.894383102841005,892100,52.558815002441406,52.00157304243608,51.533572387695315,51.66468288421631,66.30352813248413,0.1414349679669112,0.0019674166582297537
2011-06-03,52.887882232666016,52.99149745279777,52.80369857179318,52.99149745279777,747300,52.583500671386716,52.01926671808416,51.54989954630534,51.67077480316162,68.8249532968249,0.14193400114915938,0.001947153198906234
2011-06-06,52.85553741455078,52.900867864983084,52.81020696411848,52.81667921371698,841900,52.60463256835938,52.03777320168235,51.564847501118976,51.676109085083006,66.9010748497519,0.13918330753827032,0.001960734503298147
2011-06-07,52.92030715942383,52.92678435122094,52.771361391988606,52.816691853268935,917800,52.62674083709717,52.05757383866744,51.58302993774414,51.68211238861084,68.78288834268727,0.14290524963393228,0.0019668730213686023
2011-06-08,53.02392578125,53.08221063520005,52.93974203737825,52.9526914823391,825100,52.66081142425537,52.08194434426048,51.60339663823446,51.688477001190186,71.56787031022702,0.1433999951214656,0.0018609144796139679
2011-06-09,52.90086364746094,53.03037779818528,52.8620054497251,53.017428359372104,1069900,52.68550071716309,52.10442699085582,51.62178716659546,51.6933166885376,64.23804994643483,0.14389436169164835,0.001968714208860178
2011-06-10,52.96566390991211,53.017471588704005,52.90090678174834,52.95918671490008,975900,52.716012954711914,52.12843877618963,51.63812850316366,51.69882530212402,66.20102924630395,0.14576643960333766,0.0019445412996351903
2011-06-13,52.913814544677734,52.997998250904004,52.874961286519195,52.88791072568928,844200,52.740058708190915,52.15302609530362,51.6537735303243,51.70385530471802,63.21124246889837,0.14486645764343972,0.0019623902727064937
2011-06-14,52.69364929199219,52.78431020498493,52.69364929199219,52.78431020498493,860100,52.74696063995361,52.17489443692294,51.667108376820885,51.70897605895996,52.39130586348478,0.15413452551479626,0.0021624958418908235
2011-06-15,52.90735626220703,52.95916391869839,52.719562153563466,52.74546104115909,1002500,52.76035079956055,52.20146581476385,51.682699584960936,51.714005126953126,59.61705626707194,0.16664183842024574,0.002314605262798289
2011-06-16,52.93971252441406,53.02389622135487,52.907331519088046,52.972093529740086,885200,52.782784652709964,52.23025991266424,51.69903586705526,51.71875679016113,60.592275783641426,0.16573901198700877,0.0021987457378550876
2011-06-17,52.99155044555664,53.00449989070004,52.90088950760116,52.913838952744555,1254100,52.808779907226565,52.25836209383878,51.714617506663004,51.724597988128664,62.168548395599736,0.16944935332740382,0.002193678999128876
2011-06-20,52.92679977416992,53.01746072314932,52.887941552713635,53.004506335780164,804700,52.829277992248535,52.28633734963157,51.73242712020874,51.73061851501465,58.9942965277896,0.16532329362953138,0.0022246294532310357
2011-06-21,52.93971252441406,52.99152015667659,52.868478265215025,52.868478265215025,700300,52.84880619049072,52.31340068470348,51.74784262975057,51.73717529296875,59.43906882795981,0.1558856491057204,0.002224210755914032
2011-06-22,52.95268630981445,53.04335217828594,52.8944064022078,52.98506733002927,681100,52.86736850738525,52.33952865600586,51.76331335703532,51.742696380615236,59.9095765452036,0.15125848713264745,0.0022236305959171926
2011-06-23,53.08219909667969,53.12752955516488,53.0368686381945,53.04334582959222,925200,52.89143943786621,52.3701191295277,51.77842613855998,51.74958826065063,64.35477192539699,0.14987211700317715,0.002272315710616321
2011-06-24,53.13400650024414,53.19228640060518,53.04981783441234,53.05629502578003,725000,52.91454677581787,52.40305709838867,51.79450257619222,51.757713890075685,65.97976452716611,0.1535726645266224,0.0022660922691988324
2011-06-27,52.97857666015625,53.12752239834274,52.95267283870431,53.12752239834274,704000,52.92891311645508,52.43340301513672,51.80923086802165,51.76537693023682,57.509162300832244,0.15542342897715805,0.002387921776265461
2011-06-28,52.78428268432617,52.920273982912185,52.70657125342847,52.91379679517571,2249600,52.93033714294434,52.460801696777345,51.82420282363891,51.77140808105469,49.03462486682902,0.16328785261655504,0.002531703307509665
2011-06-29,52.66775894165039,52.77784651549715,52.62890072567764,52.74546549229494,1438900,52.91317653656006,52.48596413352273,51.83783089319865,51.776479396820065,44.77336096730542,0.16235996763000923,0.002307899006614926
2011-06-30,52.557655334472656,52.738977151529554,52.46051723514961,52.71955051979474,1808400,52.901197052001955,52.50584668246182,51.84894510904948,51.78125158309936,41.13566882538035,0.173920822996929,0.002181012060423058
2011-07-01,52.581661224365234,52.672565153396526,52.5167256002921,52.620618635695045,922700,52.88588600158691,52.52440899935635,51.859247811635335,51.78655252456665,42.237594898573136,0.17626386504833036,0.0021397779367690654
2011-07-05,52.75697708129883,52.76996123440599,52.65957859437017,52.65957859437017,739900,52.880957984924315,52.54662676724521,51.87186307907105,51.79247859954834,49.650426196464096,0.17398777628798814,0.0022853336247053158
2011-07-06,52.78947830200195,52.83493029747995,52.73103719130397,52.76350502545796,1144400,52.874416542053225,52.56650862260298,51.88501555124919,51.79837854385376,50.908223767726604,0.1624433819644011,0.0022708782084405917
2011-07-07,52.679080963134766,52.692070075969156,52.58168738635212,52.66609680419543,915900,52.85717430114746,52.58332894065163,51.895917097727455,51.80278301239014,46.64566969649131,0.16895954006318753,0.0022561991530824837
2011-07-08,52.95177459716797,53.003716164021135,52.867360262482414,52.880349369615374,1066800,52.859719848632814,52.603585468639025,51.90967690149943,51.8083309173584,56.364664580778225,0.18474702704800805,0.0025149270643107014
2011-07-11,53.107608795166016,53.153060761994396,53.0361835681653,53.055662274821344,592200,52.86681709289551,52.62796284068715,51.92516088485718,51.81459516525268,60.76328762739537,0.18987324093306107,0.002585481759566952
2011-07-12,53.15959930419922,53.192062190857506,53.04921161864959,53.17258346808314,882600,52.87910633087158,52.65258359042081,51.94054597218831,51.8217168045044,62.13469313775536,0.19128814670065708,0.0025780608006466025
2011-07-13,53.231021881103516,53.231021881103516,53.08167675760611,53.10765003794899,1043600,52.90597496032715,52.67791734175248,51.958123207092285,51.82809497833252,63.99641645430052,0.1913166715163186,0.0023694700893750653
2011-07-14,53.0296630859375,53.19848671756541,53.02966308593751,53.12706152548785,998500,52.91209030151367,52.696662070534444,51.97317082087199,51.832900276184084,55.68405727882008,0.19321063936028895,0.002400209330955555
2011-07-15,53.12712097167969,53.159588805822914,52.96479170875548,52.971286266363315,574100,52.921460723876955,52.71764776056463,51.98908338546753,51.83847578048706,58.49407953307735,0.1969483915656173,0.0024289648593766827
2011-07-18,53.05569076538086,53.153089304856294,53.05569076538086,53.140100190848635,799100,52.92466773986816,52.735577739368786,52.00328305562337,51.84381992340088,55.706023319550816,0.1909530257038747,0.002444227436148377
2011-07-19,53.19852066040039,53.20501521488499,53.003723657011236,53.010218211495825,799000,52.938253784179686,52.754817199707034,52.0201629002889,51.85008972167969,59.829114297842395,0.18590203650001566,0.002492127406900426
2011-07-20,53.1141357421875,53.19205061633077,53.08816246617445,53.16607734031772,822100,52.94697494506836,52.77225182273171,52.035488033294676,51.855275325775146,56.48383181375773,0.18268605332697316,0.002526079870556732
2011-07-21,52.997249603271484,53.08165902075855,52.925824344668946,53.055685749094444,656800,52.94920310974121,52.78650450272993,52.04893439610799,51.859813365936276,52.13537106506462,0.17624687340830242,0.002580734767349311
2011-07-22,53.14009475708008,53.140094757080085,53.042701181459,53.05568534024348,926000,52.95209789276123,52.80218034224077,52.064156945546465,51.864466438293455,56.53888567738625,0.17531870203002903,0.0025935216663131194
2011-07-25,52.964805603027344,53.114150743809596,52.938832319678376,52.99077888637631,797600,52.94363784790039,52.81255555586382,52.07874587376912,51.8678017616272,50.410073735577306,0.17624458969866805,0.0026882667208365744
2011-07-26,53.094627380371094,53.15306846269888,53.003723433544366,53.03619125193687,605900,52.94944038391113,52.82458697232333,52.094896984100345,51.8721015548706,54.35634264671996,0.1822710006626365,0.002665491993756996
2011-07-27,52.984214782714844,53.107586478216795,52.96473608424417,53.02317713354696,846300,52.95943698883057,52.833788299560545,52.11156918207804,51.87594379425049,50.66363187443682,0.17763239197140734,0.0025688671692854453
2011-07-28,53.14009475708008,53.16606802854404,53.04919078390374,53.07516405536769,1649000,52.98305377960205,52.84828976717862,52.13098154067993,51.88081762313843,55.282436379331926,0.16743368089589492,0.002573748763567313
2011-07-29,53.412803649902344,53.432282362116176,53.15307592796467,53.218006619975526,1959000,53.025811195373535,52.86657569191673,52.15261303583781,51.88664514541626,61.987232179845634,0.17392664091087134,0.0027020656235462247
2011-08-01,53.58274459838867,53.62831902889474,53.400441909124034,53.41997806554696,1305200,53.07586536407471,52.88889069990678,52.176995023091635,51.894331493377685,65.46245246636502,0.17999996573678498,0.0027515208323715136
2011-08-02,53.81061935424805,53.87572497708643,53.57623513823736,53.62832162340432,1295500,53.128547477722165,52.91394015225497,52.20226205190023,51.903756313323974,69.49030509696694,0.19072458826190392,0.0028006931686983603
2011-08-03,53.84971237182617,54.0059669489861,53.83669322674762,53.86924357306573,1389200,53.18155918121338,52.93746927434748,52.229189014434816,51.912398986816406,70.13380666668105,0.1902952168027642,0.0028000197540890034
2011-08-04,54.17522430419922,54.181736357795764,53.88875355284901,53.927820907186806,1100600,53.2563663482666,52.965390569513495,52.2573876063029,51.9222910118103,74.88403068776547,0.20009713743863244,0.0029161200324745555
2011-08-05,53.823604583740234,54.149137460091254,53.751986953564014,53.999395118622786,1354000,53.299957847595216,52.98961909901012,52.28217528661092,51.93051944732666,63.19205979262303,0.22337133823575886,0.003267747937587276
2011-08-08,54.077552795410156,54.15568252156751,53.79108706731421,53.79108706731421,4990000,53.34845504760742,53.018817416104405,52.308492215474445,51.94023839950562,67.17791318754658,0.23503590226286977,0.0033514305722624114
2011-08-09,54.26633834838867,54.67651301854724,53.8561686454684,54.071021571052576,2320800,53.403791999816896,53.05062651200728,52.33622248967489,51.951058864593506,69.79638005924663,0.2857492007523627,0.003400832152106819
2011-08-10,54.69608688354492,54.71561807979655,54.41612814703988,54.5333202917918,2467300,53.47704524993897,53.089661754261364,52.366893672943114,51.963870487213136,74.7371398866319,0.3043897960301715,0.0037336742222276007
2011-08-11,54.16870880126953,54.50726602535063,54.12964641666063,54.377049797918986,1863900,53.533997535705566,53.1185211875222,52.39317003885905,51.974770393371585,61.4520756706138,0.3346466041070068,0.004339565861679063
2011-08-12,54.344478607177734,54.46167068326321,54.22728653109227,54.259836850025344,1140700,53.59486541748047,53.150224789706144,52.41930999755859,51.987085094451906,63.76400350177072,0.34119656443500496,0.004363969370626088
2011-08-15,54.253334045410156,54.41610055463035,54.24030994301834,54.3509949443902,1549600,53.654747581481935,53.17897886796431,52.44474360148112,51.99806123733521,61.69761110412345,0.3403056895736099,0.004374567955824412
2011-08-16,54.41612243652344,54.455184824927414,54.201269365818234,54.23382466764932,1283500,53.715627670288086,53.210340187766334,52.471107006073,52.00937828063965,63.94500896658703,0.3482389085119354,0.0043809193921080045
2011-08-17,54.513763427734375,54.55282580184511,54.33797280975641,54.42912166084134,958800,53.78560905456543,53.24230312000621,52.4971092859904,52.02118995666504,65.26161884712677,0.35059603324475724,0.004335123021049933
2011-08-18,54.63093566894531,54.85229566480201,54.617911570813725,54.70906038878272,2431000,53.86729335784912,53.271757021817294,52.52350091934204,52.03314491271973,66.82711567915506,0.35390636410415255,0.004258142226340272
2011-08-19,54.683040618896484,54.709083859094235,54.572360573486165,54.63746619036046,1547900,53.94444065093994,53.30604421442205,52.55053027470907,52.04507570266723,67.52791191902071,0.3473953759496788,0.004250810723935736
2011-08-22,54.55931091308594,54.62441649353606,54.49420036539843,54.57884209049724,1035400,54.02416591644287,53.336433826793325,52.57738501230876,52.05556577682495,64.06675766690756,0.3394918341388922,0.004195978779413851
2011-08-23,54.39659118652344,54.55935776102861,54.37054793853362,54.48122801705913,1660600,54.08926410675049,53.36445298628374,52.60459613800049,52.066349010467526,59.73078286452449,0.3390248504072448,0.004305129499190824
2011-08-24,54.08406448364258,54.364023124771144,54.07755243136317,54.364023124771144,1464900,54.144256591796875,53.38561221036044,52.62775786717733,52.07550622940064,52.3960520925164,0.3380973339208642,0.004525435782380019
2011-08-25,54.23377990722656,54.25981816651145,54.11658787149433,54.17518140574167,2174800,54.1989408493042,53.40760955810547,52.65222082138062,52.08674007415772,55.232119816648684,0.32041992908041195,0.00452175143245654
2011-08-26,54.298919677734375,54.39006854433354,54.18172756821536,54.34449411103396,971100,54.2432466506958,53.433028758655894,52.677601178487144,52.098394622802736,56.4478782965111,0.30925889492790304,0.004418267962724698
2011-08-29,54.16870880126953,54.18824496081516,54.064540786565395,54.17522085445141,1632100,54.272544860839844,53.45490230213512,52.70114752451579,52.10930311203003,53.33014295368242,0.2674042176486274,0.0044382305305052504
2011-08-30,54.37052917480469,54.40959154968784,54.18823146903004,54.31844269680052,830500,54.300540351867674,53.481388022682886,52.7243950843811,52.12239061355591,57.269555475644715,0.2525187188636581,0.004416623040320642
2011-08-31,54.298919677734375,54.455174168012846,54.259852329734244,54.44866211547271,2267600,54.32300071716308,53.510574756969106,52.746992429097496,52.136353168487545,55.48009349368453,0.2260102453918229,0.004435363409816568
2011-09-01,54.52931594848633,54.52931594848633,54.209478169760544,54.38571389029502,1902400,54.34070529937744,53.54006493308327,52.771081638336184,52.150613899230954,59.8291874067055,0.22792995230125918,0.004332308687238826
2011-09-02,54.679439544677734,54.757769295064215,54.58805732587223,54.66638707625871,1355800,54.383497047424314,53.571696333451705,52.79615440368652,52.16556209564209,62.40621346876246,0.2316915762273933,0.004049710612480529
2011-09-06,54.75780487060547,54.803496009693255,54.68600379775886,54.7839148043643,1240900,54.41750965118408,53.60381005027077,52.81984669367473,52.18090211868286,63.71478527633428,0.22241593379213193,0.003947630635063226
2011-09-07,54.63373947143555,54.699016742692855,54.58152462636896,54.68595929645875,1235500,54.435879707336426,53.634845317493784,52.8431471824646,52.195558624267576,60.145385302224156,0.2196607375169753,0.003938107774620082
2011-09-08,54.7055549621582,54.74472233126846,54.594591539587974,54.74472233126846,973600,54.43635311126709,53.66695154363459,52.86709953943888,52.20981496810913,61.490247715464875,0.20620349141789365,0.003524741062250049
2011-09-09,54.751243591308594,54.82957334601625,54.666390092010246,54.67944256114934,909700,54.46547985076904,53.6996525851163,52.892663669586184,52.2242368888855,62.360446324213505,0.20809348916060294,0.0026949099129908024
2011-09-12,54.58805847167969,54.731660527090405,54.52931489262487,54.7186080583974,2441200,54.47765884399414,53.72703184647994,52.91702817281087,52.23907590866089,57.37369628618016,0.21045694953100785,0.0027252085575499843
2011-09-13,54.52931594848633,54.62069817097941,54.46404364384236,54.62069817097941,995300,54.49145793914795,53.752401109175246,52.941064008076985,52.253020401000974,55.64857683061398,0.20816014271972655,0.0027063518040117552
2011-09-14,54.64686584472656,54.64686584472656,54.503263634763066,54.503263634763066,1044900,54.50299510955811,53.7827336398038,52.966775290171306,52.267363147735594,58.34756554792185,0.19562896091995746,0.0026675965279958995
2011-09-15,54.5423698425293,54.58806095496967,54.49015498542442,54.5423698425293,1146400,54.50442543029785,53.81469886086204,52.99220428466797,52.281088275909426,55.13548227795483,0.1942687592366197,0.0026808180571673175
2011-09-16,54.52275466918945,54.56844575315442,54.39873387844681,54.41179131955375,1211300,54.49901638031006,53.848426055908206,53.01784448623657,52.29630052566528,54.528653751197396,0.19150953770729323,0.002634710764884529
2011-09-19,54.69249725341797,54.80998938957829,54.685968529198654,54.73818836303823,1104100,54.49948921203613,53.88724136352539,53.04564832051595,52.31258359909057,58.758747566397375,0.19528495408014024,0.002722765096607462
2011-09-20,54.76433181762695,54.79044175053646,54.699059475333435,54.75780308940945,705500,54.50974025726318,53.92692628340288,53.0733016649882,52.32881374359131,60.436152963605835,0.18507507898729614,0.0026826391149407268
2011-09-21,54.914405822753906,54.940515730994285,54.73817016707608,54.77733253945875,1434000,54.535630989074704,53.96615226052024,53.10268704096476,52.34493814468384,63.753066539813474,0.18557677367583938,0.0026310475747125064
2011-09-22,55.04499816894531,55.20818148737812,55.02541696752692,55.08416057178209,1033100,54.58367767333984,54.007161712646486,53.13263511657715,52.363586044311525,66.39339083454819,0.18371519409715578,0.0022138463432638845
2011-09-23,54.862205505371094,55.084132314212994,54.82303814266708,55.084132314212994,803000,54.61509895324707,54.04685488614169,53.160523096720375,52.382651557922365,59.824516974701666,0.186046681594872,0.002355159317361085
2011-09-26,54.69249725341797,54.875261691899034,54.666387336498175,54.803460665358976,986600,54.63477783203125,54.0785043889826,53.18796288172404,52.400646705627445,54.439251690604046,0.19210510233668185,0.0024874887253081247
2011-09-27,54.58155059814453,54.6141842693448,54.47711089840214,54.58155059814453,1943800,54.655419921875,54.10530333085494,53.215122318267824,52.41891134262085,51.194741146309205,0.19489839596377628,0.0024671841035780965
2011-09-28,54.464054107666016,54.58807001632863,54.43794418480057,54.5684888191692,2090900,54.660096168518066,54.12902069091797,53.24140984217326,52.43592269897461,47.936391077487556,0.1948980416671741,0.002397101574133649
2011-09-29,54.457523345947266,54.53585311161506,54.398774776706816,54.41183222763065,1204300,54.66802635192871,54.15132071755149,53.26791124343872,52.454518241882326,47.75445872116842,0.19303340458876303,0.002374996845255243
2011-09-30,54.659908294677734,54.69907569563683,54.535892301532854,54.59463593302854,1283000,54.674555969238284,54.18096153952859,53.296045271555585,52.47491817474365,53.62799360877196,0.19443509394632283,0.002329690459740071
2011-10-03,54.970054626464844,54.97660007854782,54.71483691511648,54.773731005712065,2078800,54.689086723327634,54.214469424161045,53.32526143391927,52.496298446655274,60.88513066064507,0.20586632657011097,0.0025812820408414763
2011-10-04,54.75411605834961,55.00279338488955,54.74103014297735,54.97007110738106,1500000,54.68890228271484,54.2453498840332,53.35187295277913,52.51504550933838,54.49098733898787,0.21430640028073253,0.0027281559371835707
2011-10-05,54.518531799316406,54.708310032401684,54.4923549748165,54.69522411651111,3989600,54.68314189910889,54.26935008655895,53.376735719045,52.53245611190796,48.50594987961819,0.22180998772580146,0.0028523848019685544
2011-10-06,54.485782623291016,54.57085350858558,54.45306036363842,54.54467669940667,1159300,54.672153282165525,54.29428912076083,53.39998410542806,52.549417686462405,47.72126917522082,0.21810150702862632,0.002834430899151709
2011-10-07,54.36800765991211,54.47925539158867,54.296022658776096,54.36800765991211,4949900,54.652991485595706,54.319211994517936,53.42176780700684,52.56607566833496,44.90770939649036,0.2111390244662036,0.0028560967492758547
2011-10-10,54.28947067260742,54.4007183908958,54.132414776628714,54.3483697540475,1072500,54.63806209564209,54.34010973843661,53.442199516296384,52.58262622833252,43.08355483148668,0.2233075328339602,0.0028016982482665974
2011-10-11,54.26329040527344,54.32872994170784,54.2502044950732,54.32218948296602,976200,54.62476081848145,54.363718553022906,53.463003158569336,52.59833391189575,42.46432836137569,0.21446323874227705,0.0027958514355185976
2011-10-12,54.25020217895508,54.28946490059615,54.132409021315496,54.14549493095706,2032400,54.60492763519287,54.38472900390625,53.483376026153564,52.61563669204712,42.13826199437402,0.20469753978916572,0.002738501575167973
2011-10-13,54.31565856933594,54.394189029706205,54.25021901538635,54.32874448303868,1690600,54.5935920715332,54.40893707275391,53.50402596791585,52.63176572799683,44.43615587731022,0.19633273116096664,0.002734293049743473
2011-10-14,54.21752166748047,54.28296125151461,54.15208208344634,54.171713459384556,861400,54.57833042144775,54.428526652943006,53.52251612345378,52.64737234115601,41.75853710039609,0.19309716905301957,0.002757657315170183
2011-10-17,54.40727996826172,54.41382542207658,54.21750174937815,54.21750174937815,1680700,54.56406955718994,54.44660804054954,53.542802556355795,52.66306541442871,48.25176874297026,0.1917355488874907,0.002783909834495737
2011-10-18,54.348384857177734,54.4923498894138,54.32220803512073,54.43345578432427,844700,54.54327220916748,54.460528772527525,53.561792914072676,52.67878316879273,46.51830158791181,0.19316526479927734,0.002764223188945253
2011-10-19,54.492340087890625,54.5512391751043,54.32873872400001,54.36800644638159,1940700,54.522168922424314,54.47292369495739,53.58139282862346,52.695188961029054,51.138902750445986,0.19926684452756607,0.0027588553601325086
2011-10-20,54.46613693237305,54.583930046324134,54.394151974252125,54.46613693237304,1844200,54.4932258605957,54.48413141424005,53.60065037409465,52.71258140563965,50.287251053864225,0.19556868184059795,0.0026812874912083696
2011-10-21,54.38105392456055,54.525023821867485,54.381053924560554,54.479215672062,1885800,54.46916828155518,54.4878737709739,53.618714555104575,52.72932472229004,47.519925310115774,0.18323140422894418,0.0026127365867570844
2011-10-24,54.42039489746094,54.45965765224414,54.36804122926961,54.40075852734874,1261000,54.455563163757326,54.49872450395064,53.636568482716875,52.745306949615475,48.91965179895408,0.17107806001911083,0.002547075315763585
2011-10-25,54.70174789428711,54.71483879890378,54.41381289804463,54.41381289804463,1615800,54.46157302856445,54.5100735057484,53.65579830805461,52.7620890045166,57.62439197567752,0.17388268982811336,0.00277993400061981
2011-10-26,54.5643310546875,54.73447788970223,54.55124514094081,54.61668469511018,887900,54.466586875915525,54.51549155495383,53.67356023788452,52.77869493484497,52.88414925547129,0.1785569472434178,0.0027964691317501305
2011-10-27,54.282920837402344,54.51850715870533,54.250203566103686,54.50542124872917,1586200,54.45785675048828,54.50797944502397,53.688600063323975,52.794053630828856,44.76330855455956,0.1874403418197674,0.003033707265812675
2011-10-28,54.479278564453125,54.51854131169416,54.32222258276935,54.37457124818418,654900,54.44882526397705,54.51362616799094,53.70640643437704,52.80959554672241,50.477689465960125,0.1851058318215339,0.0030271243636827826
2011-10-31,54.72140121459961,54.741032584893006,54.577431175489686,54.67559301967543,1457400,54.436392593383786,54.520479306307706,53.725692462921145,52.826699562072754,56.459189916687784,0.1981935870933366,0.0029126813126481273
2011-11-01,55.12814712524414,55.13470905843098,54.85916792804535,54.97725769896611,2003400,54.45509414672851,54.536384998668325,53.748798529307045,52.84609264373779,64.26732369732453,0.21649729884695898,0.0032412941485941227
2011-11-02,55.095340728759766,55.12814038010386,54.96412710751981,54.96412710751981,1038100,54.483934593200686,54.54873442216353,53.77098553975423,52.865002403259275,63.28161561721635,0.21792823934504518,0.0030625667503364133
2011-11-03,54.95753479003906,55.08874833873325,54.95097786656817,54.977220576307005,1275300,54.50752220153809,54.556802992387254,53.791001574198404,52.884181308746335,59.17582753630489,0.21655583765233086,0.0031283030895114736
2011-11-04,55.03631591796875,55.05599671790377,54.931349983218695,54.944468848078735,2324000,54.54093761444092,54.564173542369495,53.81097459793091,52.903243141174315,60.743896313006715,0.2114360563656627,0.003074018964988452
2011-11-07,55.049415588378906,55.180624200459604,54.95756355357716,54.98380627705084,2067200,54.578934860229495,54.570834905450994,53.832294432322186,52.922402153015135,61.01206054945479,0.21521597012204655,0.0030374789909596105
2011-11-08,54.87883758544922,55.075650493517834,54.865713721738835,55.029726981106414,1891400,54.60971221923828,54.576644481312144,53.85235436757406,52.940037689208985,55.678373323387895,0.21431856445595443,0.0031454830430601042
2011-11-09,54.94441604614258,55.06250573755763,54.89193062656142,55.06250573755763,1346800,54.644422912597655,54.58660493330522,53.872584184010826,52.95889507293701,57.226510397440215,0.21388214160141164,0.003142408881120322
2011-11-10,54.87883758544922,54.95756074656168,54.747623974782684,54.85259486331591,2487500,54.67258186340332,54.60105535333807,53.89199825922648,52.976913661956786,55.15188926601043,0.21859406120655933,0.003165404520825043
2011-11-11,54.83946990966797,54.87227456300447,54.78698947173186,54.85915570484228,698100,54.7036792755127,54.612067898837005,53.910815175374346,52.994192581176755,53.88888740425178,0.21861061054533287,0.0031324471713502764
2011-11-14,54.84602355957031,54.89850899486841,54.76073848117586,54.885390138687185,1279600,54.725616455078125,54.622015242143114,53.92952553431193,53.01185575485229,54.077425004204855,0.20694951146200427,0.003056605435335402
2011-11-15,54.81325912475586,54.92478699243721,54.78045445530143,54.87230152342605,1323200,54.74886016845703,54.63373433893377,53.947370529174805,53.02985137939453,52.9126133387516,0.20417092491731584,0.0030460780493107554
2011-11-16,54.9182243347168,54.9182243347168,54.839496132236185,54.9182243347168,1705400,54.77015438079834,54.643692432750356,53.965928649902345,53.04866003036499,56.169785296808925,0.18923076215853893,0.003022277750969908
2011-11-17,54.891971588134766,54.94445704688171,54.793562604306466,54.84604806305341,1147800,54.791446113586424,54.65447519475764,53.98373006184896,53.06820213317871,55.142394267614776,0.18317890275021245,0.003022234778270077
2011-11-18,54.85917663574219,54.91165709370162,54.701720245996086,54.90510016476249,1032700,54.815352249145505,54.66047266179865,53.999131774902345,53.08844495773315,53.81811842334558,0.17947767612633062,0.0029969680864052567
2011-11-21,54.84602355957031,54.931313643251364,54.83290470338909,54.8919470641345,2076200,54.83663368225098,54.663501462069426,54.01620492935181,53.10858995437622,53.26560262974169,0.15698489727139528,0.0029999457723871984
2011-11-22,54.90505599975586,54.93129871027087,54.78696630508094,54.865689431340726,1217400,54.84679908752442,54.666178755326705,54.03301471074422,53.12983070373535,55.47497269366304,0.15557863923322404,0.0027891745810822324
2011-11-23,54.96414566040039,54.9969503281054,54.82637506556054,54.84605586406772,1525400,54.86678981781006,54.672186140580614,54.0505864461263,53.15075855255127,57.63398386253934,0.1574509535441711,0.002720839107470192
2011-11-25,54.88540267944336,54.970687777324585,54.85915995579812,54.85915995579812,1453300,54.89691390991211,54.675456099076705,54.066962242126465,53.17209318161011,53.884273155381514,0.15651388831855634,0.0024351619318652698
2011-11-28,54.88540267944336,54.9313261945006,54.636099307457435,54.682022822514675,1550300,54.91722011566162,54.67789535522461,54.08247454961141,53.19256322860718,53.884273155381514,0.1616686197586077,0.002327696733364547
2011-11-29,54.806671142578125,54.91163702542491,54.70826218627415,54.81323307440837,744300,54.92148361206055,54.68187013105913,54.098356278737384,53.212351169586185,50.10420571487375,0.16119991028516217,0.002151135227169793
2011-11-30,54.6885871887207,54.78043422292293,54.55081663741737,54.773872290397634,1965300,54.899505615234375,54.68476597179066,54.112713972727455,53.23119649887085,45.00476171988018,0.16635607836032967,0.0013426455690127687
2011-12-01,54.670799255371094,54.72341280270852,54.4735059791118,54.65107042949557,1570600,54.87827854156494,54.68520112471147,54.12735551198323,53.24985696792603,44.27376671792688,0.16921108206159577,0.0013419304478352976
2011-12-02,54.84839630126953,54.86154718596419,54.60506228561256,54.63794702360905,2347000,54.87282161712646,54.69076524214311,54.145311737060545,53.26902122497559,52.558999384884416,0.1809708525354721,0.0014742570593695146
2011-12-05,54.854957580566406,54.868108461264185,54.65108129846312,54.73000163516488,2386300,54.863753700256346,54.69680529507724,54.16154174804687,53.28821828842163,52.83798055018897,0.18663204175750941,0.0014310448017434353
2011-12-06,54.782657623291016,54.84184415852978,54.70373722546374,54.75635082401526,858400,54.850415802001955,54.698444574529475,54.17689962387085,53.30609315872192,49.391265382702024,0.18712402875514403,0.0014502055482724571
2011-12-07,54.854957580566406,54.92729495066173,54.756308414065465,54.81549490346301,1397000,54.849221801757814,54.70009231567383,54.192428016662596,53.32436143875122,52.713147920504596,0.1918398378005247,0.0013230771035571034
2011-12-08,54.979942321777344,55.01940502315077,54.84841336388758,54.84841336388758,1075900,54.850998115539554,54.701283888383344,54.20953753789266,53.342998580932615,57.86227399918922,0.19327535327823497,0.0013956739534956347
2011-12-09,54.84839630126953,55.03253879203413,54.82866746547426,54.9601963824471,1187600,54.84947605133057,54.697709308971056,54.22544323603312,53.360273113250734,51.50529986031516,0.19284210176783034,0.0014746654479942563
2011-12-12,54.9075813293457,54.97334578606031,54.89443044500535,54.92731016460944,841400,54.852881622314456,54.698534323952416,54.24173402786255,53.377491321563724,53.95630350227977,0.194737854977009,0.0014850574334748152
2011-12-13,55.04567337036133,55.091708979415195,54.85495800249895,54.85495800249895,2088000,54.862864112854005,54.704955707896836,54.258096313476564,53.39552209854126,59.14476782934561,0.2013391815288885,0.0015832034411947277
2011-12-14,55.150909423828125,55.177216207194,55.02595345721668,55.07198907373049,1996800,54.87974662780762,54.715307686545636,54.274903837839766,53.41459293365479,62.60323221573325,0.19995971634549292,0.0016171714884476095
2011-12-15,55.124603271484375,55.15748800544463,55.07856765444359,55.09829648781736,2590900,54.890065574645995,54.72731767134233,54.292787392934166,53.43455966949463,61.208393267616266,0.19763061130796242,0.001580124716253937
2011-12-16,55.27587127685547,55.282444210267485,55.19037296743505,55.19037296743505,1355900,54.90926055908203,54.74219672463157,54.31355063120524,53.454415740966795,65.91173599743597,0.18781732928938716,0.001670254648148991
2011-12-19,55.256103515625,55.374481471980914,55.24295263936472,55.28898823253072,1316300,54.929106903076175,54.753036637739704,54.3351201693217,53.47420513153076,64.80593061462227,0.18268547167977545,0.0016639447200630017
2011-12-20,55.14436721801758,55.31535891197911,55.14436721801758,55.31535891197911,1285400,54.944024085998535,54.75620595758612,54.35667610168457,53.493660583496094,58.800822586459304,0.1766238423084024,0.0017436833834703475
2011-12-21,54.993080139160156,55.177222626638965,54.993080139160156,55.17064467565573,1065100,54.94842529296875,54.7605507590554,54.37677125930786,53.51191024780273,51.80171804217101,0.1719263897285513,0.0018565720661739035
2011-12-22,55.09832763671875,55.13121238926984,55.05886994766447,55.08517674620359,859700,54.95513439178467,54.771092501553625,54.39628251393636,53.52949777603149,55.74798744652451,0.16347262899698375,0.0018893446646559447
2011-12-23,55.16852569580078,55.22813627600095,54.98306381945744,55.002934012857494,990300,54.969290542602536,54.78350601196289,54.41610790888468,53.54740421295166,58.2059092553021,0.16547586426430122,0.0018688322761568233
2011-12-27,55.0359992980957,55.14198030451836,54.89690301725537,55.075744702230466,1686800,54.976820373535155,54.79565131447532,54.43574889500936,53.56439115524292,52.29985425612355,0.1740760302244974,0.0019612608608819337
2011-12-28,55.24799346923828,55.26123857602445,54.989665879081,55.05590657337826,1416800,54.99888648986816,54.81307900168679,54.45488405227661,53.582277584075925,59.39715327228718,0.181260755963582,0.002090060216868886
2011-12-29,55.29435729980469,55.34072275237826,55.18837623480491,55.24799184723112,1062300,55.029174995422366,54.83182567249645,54.473106956481935,53.599175720214845,60.7718634520748,0.17992896012859358,0.0020026138303684865
2011-12-30,55.3341064453125,55.40696717568761,55.28111590441131,55.37384682426033,1535100,55.062340354919435,54.85153302279386,54.491227849324545,53.61665784835815,61.96096070352662,0.17435609903691024,0.0019920997019502126
2012-01-03,55.16188430786133,55.26124029894945,55.09564866495445,55.26124029894945,2282600,55.07801475524902,54.8669189453125,54.50731836954753,53.63331090927124,54.283255330245616,0.1824638344345725,0.002054641799518906
2012-01-04,55.18842697143555,55.21492226204354,55.115566185628595,55.188426971435554,2227400,55.09468822479248,54.88457176902077,54.52530806859334,53.650835304260255,55.2045268353445,0.1726499129701935,0.0020546821219931733
2012-01-05,55.16852569580078,55.24801152285813,55.122160226714946,55.17515077808651,1194800,55.11398162841797,54.898412600430575,54.542319774627686,53.668356342315676,54.32063669828055,0.1708348091248979,0.002025826557990094
2012-01-06,55.20160675048828,55.274467450053486,55.168491466520265,55.18173656941667,1053000,55.13131408691406,54.91392572576349,54.56020240783691,53.686139297485354,55.59341877459041,0.17276735430576803,0.002014104293932778
2012-01-09,55.24799346923828,55.34072437710789,55.20162296184802,55.20162296184802,833800,55.14471664428711,54.92766487815163,54.577281347910564,53.7045717048645,57.38642171471307,0.17142997486551792,0.0019654742532482323
2012-01-10,55.22148895263672,55.30759476596282,55.20161371560336,55.25460424078309,964100,55.16337127685547,54.94139855124734,54.59484262466431,53.72322469711304,55.99520302128731,0.16960513327575097,0.001874816215033351
2012-01-11,55.354007720947266,55.3672528368828,55.27452186495715,55.31426731968168,853400,55.185692596435544,54.95908862027255,54.61448227564494,53.74276508331299,61.07614557707177,0.16780314686750433,0.0019247853908722164
2012-01-12,55.274444580078125,55.40692082149967,55.2214591369614,55.40692082149967,2047900,55.19713115692139,54.974616796320134,54.63226852416992,53.76235712051392,56.833217058657645,0.16789737522889428,0.0018996668134851668
2012-01-13,55.44007873535156,55.49306927267962,55.36721800988943,55.440078735351555,889100,55.211589622497556,54.988040993430396,54.652895800272624,53.78232786178589,62.6502839679052,0.1736468354068807,0.001965196587313428
2012-01-17,55.39371871948242,55.51956999463408,55.387098691758005,55.486449642186926,878100,55.225045394897464,55.003120769153945,54.67205489476522,53.80235565185547,60.2048052173809,0.16560389585920682,0.0019739414749123936
2012-01-18,55.3804817199707,55.51295304224462,55.3804817199707,55.50633301355084,1904100,55.23027591705322,55.02307642156428,54.692023785909015,53.822001914978024,59.490767615680156,0.15566451326838557,0.001885937877973382
2012-01-19,55.32747268676758,55.42682867201028,55.28773231405263,55.38046321935773,1783800,55.23384437561035,55.038498132879084,54.71025193532308,53.84106103897095,56.59595578016718,0.14620191762654247,0.001898256663592535
2012-01-20,55.22148895263672,55.34733513312031,55.135378085856,55.34071510756381,1139400,55.23770046234131,55.04759063720703,54.72532431284586,53.860169868469235,51.22863482082629,0.15045981260446847,0.001892225228219127
2012-01-23,55.15528869628906,55.234774542318945,55.12217338387036,55.17516394789028,885500,55.24581089019775,55.048084120316936,54.738428846995035,53.87933422088623,48.15655353239126,0.14951337597391706,0.0018005830088586676
2012-01-24,55.16852569580078,55.22813627600095,55.142030420115006,55.22813627600095,1057600,55.24932079315185,55.04941475608132,54.749744733174644,53.898629093170165,48.81748451674549,0.13863109565448134,0.0017524843202499337
2012-01-25,55.32747268676758,55.4864392310827,55.181751248872324,55.2082465151674,1101200,55.2572681427002,55.0561408996582,54.76205940246582,53.918879680633545,56.06114983021965,0.15424234271640813,0.0018452215898331168
2012-01-26,55.473140716552734,55.486385810220575,55.367159753408174,55.420150234980454,2096700,55.27912521362305,55.064083168723364,54.77287537256877,53.939826259613035,61.44631755581552,0.15660390180996636,0.0018226740874648366
2012-01-27,55.57257843017578,55.57920351348958,55.45335219781688,55.519587870581184,1708100,55.29535446166992,55.0735952203924,54.7874501546224,53.9603685760498,64.63287580174071,0.15802356839135762,0.0016689206631552008
2012-01-30,55.638824462890625,55.731555432718736,55.57921386234063,55.67856486325729,1646400,55.31257781982422,55.087413163618606,54.800460751851396,53.98075902938843,66.61271762225499,0.1594420952430252,0.0016768312749404427
2012-01-31,55.685157775878906,55.685157775878906,55.572556670922395,55.65866250645574,3801200,55.330130386352536,55.10088119506836,54.812284247080484,54.00150981903076,67.9635256265004,0.15991495628567165,0.001678478581077455
2012-02-01,55.62807846069336,55.714398846546054,55.60151873164256,55.67455672009468,2908500,55.35344009399414,55.114503756436434,54.82005084355672,54.02117033004761,64.50133223958444,0.15756611561834433,0.0015104620369070442
2012-02-02,55.7143669128418,55.794040988577216,55.63468777135894,55.674524809226654,2303800,55.379737091064456,55.13041097467596,54.83293132781982,54.04097234725952,67.21992394476868,0.15617331871445778,0.001531472693297093
2012-02-03,55.641319274902344,55.64795540289282,55.56828134103466,55.62139569369125,1326000,55.403376770019534,55.14487089677291,54.843738333384195,54.059990615844725,62.833020720736044,0.15099195294343204,0.0015729694262013334
2012-02-06,55.66789627075195,55.70109718702176,55.59486337330585,55.63470042023074,2564400,55.42669124603272,55.160409753972836,54.85552635192871,54.07949583053589,63.75971407260402,0.1491178465748487,0.0015725050505975638
2012-02-07,55.594852447509766,55.64133068170419,55.515173303570364,55.628048291507156,1496300,55.44403419494629,55.17271208329634,54.86534910202026,54.0984428024292,59.37778760560934,0.15056439263968255,0.001615428371897597
2012-02-08,55.528465270996094,55.60814443594706,55.50854674619558,55.58822591114655,1088200,55.45938301086426,55.184284695712,54.87380495071411,54.11689680099487,55.63534704978116,0.1477430591963851,0.001641593922785767
2012-02-09,55.53508758544922,55.54172878004097,55.462049642181576,55.54172878004097,937500,55.46843700408935,55.19657398570668,54.88133955001831,54.134578723907474,55.933711895905475,0.1382946370960337,0.001563856825568402
2012-02-10,55.5749397277832,55.634700363858585,55.54174387729563,55.58822212057711,1003600,55.48346176147461,55.20982700694691,54.888772042592365,54.15258888244629,57.774126876265306,0.137366895664661,0.0015213435620706147
2012-02-13,55.56828689575195,55.61476512506411,55.52844479509362,55.59484660760848,933300,55.48987216949463,55.221885750510474,54.89718017578125,54.170082607269286,57.343566992078934,0.13738221524212843,0.0013807161101431985
2012-02-14,55.641319274902344,55.727634530497525,55.60811837196374,55.62139569369125,953400,55.502252197265626,55.234197998046874,54.90755290985108,54.18758745193482,60.79745322206817,0.12605607948953232,0.001386349679729432
2012-02-15,55.56828689575195,55.69443919488664,55.568286895751946,55.66787948303011,1290200,55.51164245605469,55.24661407470703,54.919921429951984,54.20465272903442,55.92121645187049,0.1237160206096536,0.0014254498235505622
2012-02-16,55.5749397277832,55.628059167461636,55.51518415745642,55.58158092418016,976100,55.52401580810547,55.25915111194957,54.93109776178996,54.2214606666565,56.26532942873745,0.12278914163340511,0.0014007461383268136
2012-02-17,55.44878005981445,55.495258296951015,55.38901943164007,55.47533977614219,1172700,55.535380363464355,55.27082581953569,54.940679931640624,54.23731494903564,48.52843919389589,0.12471366260484627,0.0014311601441387666
2012-02-21,55.415592193603516,55.46871163876408,55.40231486518793,55.46207044168173,900400,55.54839553833008,55.28404409235174,54.951070626576744,54.25242206573486,46.70887067926919,0.1214133532205344,0.001406216966458324
2012-02-22,55.60149002075195,55.614772411293906,55.45541411927679,55.50189235467818,1847600,55.57004375457764,55.30096574263139,54.9613286336263,54.26826501846313,56.53885675004007,0.12757764627674106,0.0015696088083004855
2012-02-23,55.62807846069336,55.65463818974416,55.528480743190435,55.58160020129204,991600,55.58507404327393,55.315141781893644,54.97240495681763,54.28401470184326,57.73955874445176,0.1247344261817318,0.0014569857893940211
2012-02-24,55.66789627075195,55.68781985996299,55.62805922382706,55.661260140096864,1276200,55.594811820983885,55.32992248535156,54.981893126169844,54.30064161300659,59.54218506097467,0.11856835934807464,0.0013528310511059342
2012-02-27,55.76750564575195,55.78742417339042,55.73430978827106,55.78742417339042,970300,55.6045581817627,55.34782881303267,54.99096034367879,54.31744375228882,63.71221925722188,0.11951793712825724,0.0013526307689606266
2012-02-28,55.7608642578125,55.83389716368641,55.740940666302336,55.82061983509547,1615700,55.61066017150879,55.36429984352805,54.99931917190552,54.334470977783205,63.24415989310577,0.1152489035712918,0.0013324140567330827
2012-02-29,55.70772171020508,55.8073193634565,55.661243480787356,55.800678169040516,1128100,55.6117883682251,55.377532196044925,55.00826902389527,54.35084508895874,59.478782751407905,0.11856877449398187,0.0013412658164015216
2012-03-01,55.61787796020508,55.66446446849994,55.54466986466335,55.56463478571135,1559000,55.61127834320068,55.39152277166193,55.01587171554566,54.36615642547608,53.66197282628949,0.12452396789986306,0.0013714908667973777
2012-03-02,55.73104476928711,55.76432303997263,55.62456344268563,55.631215034781754,1074400,55.61211223602295,55.40649483420632,55.024036725362144,54.381613883972165,59.089185162237776,0.12786913228259067,0.0014042985761949526
2012-03-05,55.61787796020508,55.75098081889082,55.59791303915708,55.72436430919254,1208500,55.61094017028809,55.416898554021664,55.032618554433185,54.397248096466065,52.47094066977,0.13263680726567983,0.0014485985065642675
2012-03-06,55.711055755615234,55.77095560144596,55.69774749962453,55.73767734514566,704800,55.61309814453125,55.427083032781425,55.04246638615926,54.413445148468014,56.764822568064524,0.13218895058677355,0.001494291361904273
2012-03-07,55.724365234375,55.75763841082457,55.68443031406738,55.73101682313571,809900,55.619573783874515,55.437987795743076,55.05144554773967,54.429482784271244,57.35743061032816,0.1284072218455233,0.0014602959060910218
2012-03-08,55.637821197509766,55.72434259172922,55.61119962063813,55.7110292645201,847000,55.6250415802002,55.44456870339133,55.06057430903117,54.44492614746094,52.33426803171716,0.12842797925492683,0.0014793443601508456
2012-03-09,55.584564208984375,55.61118577923,55.52466948409072,55.61118577923,1251700,55.627515411376955,55.45054071599787,55.06942272186279,54.45994176864624,49.46350982254052,0.12323022334606344,0.001498048836743868
2012-03-12,55.62453842163086,55.69108985551449,55.617881754977816,55.67778159975734,1095300,55.629995346069336,55.45927110151811,55.0771897315979,54.47506055831909,51.60917278146514,0.12609657141420424,0.0014980856463384289
2012-03-13,55.4581298828125,55.59788934814371,55.45812988281251,55.5446461963376,1346400,55.624487495422365,55.4677265514027,55.08297138214111,54.4889919090271,43.356557626651465,0.12375573720905868,0.0016451915253703428
2012-03-14,55.13207244873047,55.41159672597102,55.11876418674345,55.41159672597102,1069500,55.59902515411377,55.468340093439274,55.084785270690915,54.50119602203369,32.4181123058418,0.13898489788872478,0.002055409982378523
2012-03-15,55.14537811279297,55.2185862374103,55.10544825483828,55.13872144395032,747300,55.57787971496582,55.46791922829368,55.08562177022298,54.513143901824954,33.15919995853832,0.14279756549130238,0.0020507554024271155
2012-03-16,55.13872146606445,55.17865640158576,55.0056185544617,55.03889174358709,1452700,55.55606880187988,55.46978690407493,55.087926069895424,54.523782653808595,32.96444493667265,0.14661970438313077,0.002048375677034441
2012-03-19,54.992305755615234,55.152035344164375,54.96568415752371,55.13206533743274,945800,55.53324508666992,55.46513803655451,55.0904244740804,54.534757957458496,28.938421387338153,0.15329075361574443,0.002068681991003249
2012-03-20,55.005619049072266,55.058862245212374,54.96568411319186,55.03889223849684,971200,55.51274642944336,55.459888250177556,55.093958377838135,54.545346641540526,29.778238599972312,0.1495123428551278,0.002073210410619346
2012-03-21,55.165367126464844,55.218610345350335,55.07885070394054,55.13208884527321,1520500,55.49094028472901,55.45682026256215,55.09980265299479,54.5568957901001,39.08147614427757,0.15307944647915203,0.0020326825807534575
2012-03-22,55.24519729614258,55.271818888883985,55.20526236825564,55.218575703401164,1169100,55.47179622650147,55.45833504416726,55.106366602579754,54.56852024078369,43.13579114505319,0.1502227809542655,0.002065782650347632
2012-03-23,55.34502029418945,55.35832855017297,55.24519060289147,55.27846378162478,1151600,55.45565242767334,55.46118219549005,55.112075869242354,54.58012571334839,47.812920197633694,0.14737065006481995,0.0021091752342833584
2012-03-26,55.338340759277344,55.36496233779225,55.25847602373265,55.291754266263005,1137700,55.43419418334961,55.46426974209872,55.115144920349124,54.59231309890747,47.53119906827755,0.14404269812329978,0.002052615161329526
2012-03-27,55.4315185546875,55.47144838715081,55.351653812213534,55.351653812213534,1095500,55.41772689819336,55.46844995672053,55.12078994115193,54.604642372131345,51.7978891531355,0.1483212360601764,0.002103819461311719
2012-03-28,55.418235778808594,55.484792306338015,55.37830592433107,55.43154911533454,639000,55.403252601623535,55.471545271439986,55.12828747431437,54.617164478302,51.15922140864712,0.14784414807946739,0.002098098206180377
2012-03-29,55.53800582885742,55.544662494172975,55.44483282463126,55.4980759920599,1040900,55.39925899505615,55.477300123734906,55.137056001027425,54.631386260986325,56.381689877572825,0.14879236250413438,0.002139184968970953
2012-03-30,55.42490768432617,55.571323961062966,55.37832114877824,55.551359028335504,1454300,55.383952140808105,55.47858921397816,55.14586350123088,54.64397401809693,50.8520867795776,0.15496930291517788,0.0021220271412891725
2012-04-02,55.42220687866211,55.5557523273438,55.375465462180294,55.45559578804869,1856700,55.37416858673096,55.481275801225145,55.15530296961467,54.65638648986816,50.72415065406214,0.15596061193983143,0.0020815315804181625
2012-04-03,55.2152214050293,55.51570127436278,55.188511290843344,55.5023487644865,962700,55.34937686920166,55.47718748612837,55.16323572794597,54.66750484466553,42.00263164827227,0.15509091818628765,0.0021778355259280996
2012-04-04,55.368812561035156,55.38884387826414,55.215235732656524,55.38884387826414,1045100,55.33159923553467,55.47673464688388,55.172557481129964,54.679714908599856,49.008843068944046,0.15941123894791787,0.002291115844466282
2012-04-05,55.475624084472656,55.48897659084307,55.395493762954054,55.48897659084307,857200,55.323489379882815,55.47846450805664,55.18222386042277,54.692394466400145,53.239346989195774,0.1556345377110502,0.0023243482332426057
2012-04-09,55.66930389404297,55.77613929614938,55.662625089400294,55.722719047878535,1167600,55.32772636413574,55.4846796209162,55.19432204564412,54.70597755432129,59.75890235536179,0.1637891109279117,0.0024517262428072058
2012-04-10,55.82951736450195,55.88293757241314,55.74271334746984,55.76941835699401,1209700,55.337975311279294,55.49573468295011,55.206174023946126,54.7197141456604,64.20481917446168,0.172393078524316,0.002527734995584835
2012-04-11,55.749420166015625,55.76277777314313,55.68932621724522,55.75609896957938,1017900,55.35253982543945,55.50653707330877,55.217849318186445,54.73279121398926,60.60012819902391,0.1671930678799351,0.0024473875768492685
2012-04-12,55.75609588623047,55.796158516528585,55.71603325593235,55.76944839818512,876200,55.383740997314455,55.51722016768022,55.22838061650594,54.746678810119626,60.79767849377679,0.1653126034640131,0.0019771761843498706
2012-04-13,55.89626693725586,55.91629823332215,55.80946295615883,55.83617304905699,2484000,55.421285438537595,55.52756188132546,55.24029836654663,54.76223873138428,64.78973808282417,0.16867434630759753,0.0020224000642397604
2012-04-16,55.89626693725586,55.95636591988404,55.8695568443577,55.909624530919594,1235900,55.45916271209717,55.53525508533824,55.252925141652426,54.778381271362306,64.78973808282416,0.1672688292695074,0.0020200684859283794
2012-04-17,55.8896369934082,55.90299459874779,55.82954305268138,55.90299459874779,838200,55.504029273986816,55.54101978648793,55.26516882578532,54.795041179656984,64.42982876244614,0.16300768056900342,0.0018736596319294634
2012-04-18,55.92970275878906,55.94305526922786,55.8762825281667,55.93637646679167,726200,55.55023345947266,55.546308482776986,55.275401782989505,54.8117813873291,65.67090235244441,0.16017099193001932,0.0018690706516780013
2012-04-19,55.9163703918457,55.97646945203005,55.909696680830905,55.97646945203005,664200,55.587783622741696,55.55051234852184,55.28666877746582,54.82757835388183,64.85992907221723,0.1559099959182169,0.0018173418229951483
2012-04-20,55.9096565246582,55.92968783218721,55.84287870698522,55.91633023087972,592900,55.62100658416748,55.55563194968484,55.30022490819295,54.84317924499512,64.42844834211856,0.1483247325551648,0.0018162155008842778
2012-04-23,55.97645568847656,56.016518322458225,55.93638796006026,56.016518322458225,843700,55.652578353881836,55.56039720015092,55.31270138422648,54.859666118621824,66.79528179004994,0.14308008488634474,0.0017998822974773009
2012-04-24,55.9096565246582,55.97642924789896,55.889620122696975,55.949719139716215,1104600,55.68114414215088,55.56527605923739,55.3226035118103,54.874455528259276,62.32906131719816,0.12591191219064107,0.0018371093041773673
2012-04-25,55.89626693725586,55.929655826985886,55.80278415932696,55.88958814042399,905200,55.7043815612793,55.569428253173825,55.329004510243735,54.888398818969726,61.442227640914936,0.12257256893521833,0.0018230080085084553
2012-04-26,55.969783782958984,56.00984642187838,55.94307365886763,55.98981510241868,751400,55.73195896148682,55.576245186545634,55.336291535695395,54.902449741363526,64.43439667625114,0.12210224427911852,0.0018265870395603185
2012-04-27,56.003143310546875,56.01649581836498,55.93636548815861,55.97643320047809,890600,55.75521583557129,55.584875696355645,55.34500494003296,54.91631034851074,65.73383998783916,0.10636046703123624,0.0017845731484996436
2012-04-30,56.036537170410156,56.04989477505485,56.00982705555427,56.036537170410156,912700,55.78579730987549,55.593992961536756,55.35334011713664,54.931344718933104,67.03235361837397,0.09444030889822232,0.0016884625181200642
2012-05-01,55.95623016357422,56.09677264675938,55.93615339540404,56.09677264675938,1993800,55.81249847412109,55.60092551491477,55.36089690526327,54.94549026489258,61.04163735017308,0.09589945919097989,0.001741843345871846
2012-05-02,56.043216705322266,56.06998742462604,56.0030631793629,56.009757135687,768300,55.853898239135745,55.609560602361505,55.37060006459554,54.960427894592286,64.71962897214658,0.09830174493780776,0.0014441825988787379
2012-05-03,56.11686325073242,56.11686325073242,55.983014692601145,55.983014692601145,1258600,55.89130077362061,55.61820685646751,55.380370457967125,54.97501960754394,67.5158206408203,0.09641933144063586,0.0013706924511733948
2012-05-04,56.177085876464844,56.1904686868307,56.11685046483342,56.15031514973911,633500,55.92637386322021,55.6292759288441,55.39118919372559,54.990334358215335,69.6351430195309,0.09547712761713154,0.0013424519950453967
2012-05-07,56.15701675415039,56.19717029670922,56.1570167541504,56.19717029670922,1049200,55.95075950622559,55.63985914750533,55.40216875076294,55.006133193969724,68.04199711066407,0.09309869879516088,0.001176153207870664
2012-05-08,56.21052932739258,56.28414752826724,56.19045256460723,56.19045256460723,761300,55.96981010437012,55.65370913418857,55.41353963216146,55.02148536682129,70.01208452928343,0.09740998687056697,0.001036329558103613
2012-05-09,56.177085876464844,56.24401014028218,56.15031514973911,56.21054545537649,1595100,55.99119338989258,55.667554473876955,55.424904855092365,55.03754676818848,67.22298759386248,0.09933300253799006,0.0009758658642126566
2012-05-10,56.14362716674805,56.17709185521527,56.05662612512567,56.11685643717318,1650600,56.010569953918456,55.67741151289506,55.43511654535929,55.05279176712036,64.4564304885483,0.10173704574424747,0.000998846324371323
2012-05-11,56.18376541137695,56.23730685594935,56.1636886461606,56.23061289887951,1734700,56.02494487762451,55.6875149119984,55.44588149388631,55.06878952026367,66.25082863949689,0.10079546655862462,0.000865517449748889
2012-05-14,56.284114837646484,56.31088554114233,56.23726738302615,56.270732038893364,759400,56.04433727264404,55.698718885941936,55.45775597890218,55.0845096206665,70.28925785144456,0.10367293541475268,0.0009275381110534296
2012-05-15,56.29755783081055,56.310940642659055,56.22393960065728,56.297557830810554,1469000,56.06473331451416,55.70835619839755,55.46985209782918,55.098933391571045,70.79344921120078,0.10082503358209902,0.0009215346272797505
2012-05-16,56.264068603515625,56.297533277533695,56.18375644946767,56.21722112348575,1371000,56.08145160675049,55.71750536831942,55.481177202860515,55.11234001159668,67.71073503414678,0.10084088334783863,0.0009415654341537263
2012-05-17,56.3109016418457,56.357749109860904,56.18374204037969,56.270748128115834,1500200,56.10117816925049,55.72847227616744,55.49240016937256,55.12484142303467,69.69794673014256,0.10754636472461294,0.000939872489335747
2012-05-18,56.277469635009766,56.34439900472101,56.2239332876324,56.250704014318096,1041300,56.119568824768066,55.740464852072975,55.504000727335615,55.13698020935058,66.54929773487211,0.11281166848037268,0.0009581825780304676
2012-05-21,56.284114837646484,56.31088554114233,56.264038086522,56.30419158877097,2278400,56.134951782226565,55.75052067149769,55.51565666198731,55.14752466201782,66.86967407689635,0.10468511157072921,0.0009369526729032814
2012-05-22,56.19044876098633,56.237296239645154,56.13021847670736,56.237296239645154,1593200,56.148991394042966,55.76093104969372,55.52718814214071,55.15935888290405,58.381927363963555,0.10755219013410766,0.0009806687422232359
2012-05-23,56.230621337890625,56.29755070664738,56.230621337890625,56.25739206419453,1218300,56.16570911407471,55.770377696644175,55.540038426717125,55.170124225616455,60.68673339069716,0.10564171781480576,0.0009787661279858412
2012-05-24,56.17036819458008,56.24398638548451,56.17036819458008,56.22390962541819,860300,56.17573833465576,55.77848684137518,55.55253483454386,55.17964437484741,55.703938393379616,0.10564171559388821,0.0009936909503643404
2012-05-25,56.2372932434082,56.25737000376486,56.20383367814441,56.210522527601995,738700,56.18744583129883,55.789386333118784,55.56410897572835,55.18735040664673,59.665360410654756,0.10898802035288568,0.0010155122387890212
2012-05-29,56.2372932434082,56.29752863047014,56.22391043850107,56.27075791466394,1351600,56.19748363494873,55.80125413374467,55.575628439585365,55.19769332885742,59.66536041065476,0.10516569305661554,0.0010122954906163072
2012-05-30,56.451454162597656,56.464842073567574,56.357759209776106,56.37114712074603,693800,56.222244834899904,55.81628896539861,55.589535077412926,55.20822820663452,69.71645918901793,0.114726681600637,0.001228289156027886
2012-05-31,56.55855941772461,56.6455604495046,56.49832400649693,56.54517150145446,1459100,56.24801197052002,55.83629677512429,55.60373175938924,55.21975433349609,73.29992367324435,0.1199867213733045,0.0012468883134923872
2012-06-01,56.757083892822266,56.79061726896534,56.65647352988175,56.743666448560525,1657000,56.28002300262451,55.86584243774414,55.61854127248128,55.23145914077759,78.40153434138969,0.1298708758046924,0.0014119550482383856
2012-06-04,56.61625671386719,56.67661988823358,56.57600948036501,56.636377771989316,1700800,56.30198154449463,55.8925856850364,55.633273442586265,55.24197160720825,68.41523181129097,0.1337247531398264,0.0015609014076095275
2012-06-05,56.50220489501953,56.58940293291483,56.48879256771181,56.56927676606963,2069200,56.319240951538085,55.917376292835584,55.64656197230021,55.251327953338624,61.57479903774683,0.1366149748650837,0.0016444419825108307
2012-06-06,56.39487075805664,56.55584421446412,56.36133227589704,56.55584421446412,3526600,56.32845802307129,55.94287747469815,55.65780528386434,55.259887104034426,55.90933556625133,0.14238001466681283,0.0017080152068302157
2012-06-07,56.41503143310547,56.45527354616473,56.347959538920875,56.40161398391405,2325800,56.34035530090332,55.96850315440785,55.66833963394165,55.269165706634524,56.71494091269982,0.1376162245070017,0.0016989617279924514
2012-06-08,56.44855499267578,56.54245664312294,56.38818672181338,56.508918146282035,1572200,56.355601692199706,55.99183384288441,55.67937256495158,55.27942552566528,58.08633133506975,0.1400308105227833,0.0016899755142220263
2012-06-11,56.495521545410156,56.54247238370415,56.421740925625656,56.43515325774212,1175500,56.371189498901366,56.01456701105291,55.689536317189535,55.291482810974124,59.99848495391098,0.14530823934122342,0.00169179193206097
2012-06-12,56.40834045410156,56.48212109609265,56.38821939124202,56.468708759939325,1194400,56.37740077972412,56.033900104869495,55.69913829167684,55.3023556137085,54.984048654534384,0.1419800817147246,0.0016993741609851924
2012-06-13,56.529052734375,56.54247018322687,56.38820022497461,56.441859785867344,1212900,56.38897552490234,56.055549413507634,55.71067733764649,55.313506278991696,59.97238148737223,0.1453492254712394,0.0017589908085231178
2012-06-14,56.495521545410156,56.53576365901713,56.441861982429145,56.53576365901713,718800,56.40054817199707,56.07489492242986,55.72319768269857,55.3251403427124,58.04814039778469,0.1467980458772072,0.0017589502279581142
2012-06-15,56.62290954589844,56.629618265009164,56.55583770655114,56.56925002751927,793200,56.416148567199706,56.0967980818315,55.73590253194173,55.33640224456787,62.91620776531351,0.15016196804965176,0.001813491419874704
2012-06-18,56.6296501159668,56.6497711673626,56.55586951601138,56.636358838850796,845900,56.433757591247556,56.116646159778945,55.74807856877645,55.348055896759035,63.15980930151272,0.15161078657694865,0.0018024318173035213
2012-06-19,56.555877685546875,56.589416187555344,56.515635576942266,56.582707463702256,908900,56.44734573364258,56.13720925071023,55.76074422200521,55.358188705444334,58.62110362145833,0.1435011943530315,0.001838184459555198
2012-06-20,56.44855499267578,56.54245664312294,56.381477998993965,56.46867604387787,1274100,56.460251045227054,56.155870125510475,55.770748901367185,55.36703428268433,52.68918916625315,0.14209358004202904,0.0018516224426983426
2012-06-21,56.54244613647461,56.60280927886426,56.495495319975376,56.52231997175619,972700,56.47584228515625,56.180001484264025,55.78114964167277,55.37595748901367,56.807048635288076,0.1365361825382964,0.0018766476511061882
2012-06-22,56.428436279296875,56.53575538956139,56.415023949142224,56.52904666585565,2219900,56.48874568939209,56.199267370050606,55.79026905695597,55.38493097305298,51.00206084856231,0.13270388074366274,0.0019237153207972422
2012-06-25,56.57600784301758,56.58271656795011,56.51564467039814,56.56259551041029,1189200,56.50568141937256,56.219274347478695,55.802053419748944,55.39428323745727,57.11129755134342,0.1346193194935097,0.001986448274973922
2012-06-26,56.515625,56.58940559680498,56.508916277402456,56.52903732793909,1166300,56.51959800720215,56.23466200395064,55.813113403320315,55.403105144500735,54.13690605034664,0.12647484669604125,0.002009198500922654
2012-06-27,56.57600784301758,56.59612890055739,56.5223482780729,56.58942529288263,669200,56.52582569122315,56.248234558105466,55.82484242121379,55.41304489135742,56.57261008540792,0.1245598390755792,0.0018400240721305411
2012-06-28,56.63637924194336,56.67662135923207,56.616258183298996,56.64308284998611,916300,56.529716682434085,56.2643610867587,55.83679885864258,55.423580207824706,58.92157902125619,0.12072723871164623,0.001806686468920212
2012-06-29,56.59613037109375,56.60283909620059,56.49552508078065,56.529058471799054,2044900,56.52166900634766,56.27963444102894,55.848033332824706,55.43332653045654,56.71891330655466,0.12216457464623279,0.0016206782264675168
2012-07-02,56.71508026123047,56.768853846863934,56.620970075596325,56.64113581128643,1244100,56.52661018371582,56.2945219560103,55.86047992706299,55.44419008255005,61.3209023125706,0.12683752618923602,0.0015961457787334818
2012-07-03,56.63441467285156,56.74869059918598,56.62097255800898,56.74869059918598,1731700,56.53322067260742,56.30794282393022,55.871149984995526,55.45474838256836,56.902288010570835,0.12494096068386032,0.0015601708727701095
2012-07-05,56.7957763671875,56.7957763671875,56.66133463167227,56.68822400450001,1283700,56.55326595306396,56.32441808527166,55.883827749888106,55.465264778137204,62.69337792247269,0.12975953338014282,0.0015978475184215335
2012-07-06,56.849517822265625,56.889849290739974,56.80918635379127,56.82262846707602,861200,56.57499027252197,56.34114199551669,55.89557307561238,55.4756907081604,64.4086921853483,0.12690069080539043,0.0016033005476325404
2012-07-09,56.95707702636719,56.96379551890987,56.86968533710969,56.88985107197826,800000,56.600416374206546,56.36006393432617,55.90860106150309,55.48590406417847,67.61781785682987,0.1283561226120347,0.0016381022197271024
2012-07-10,57.0108528137207,57.02430005656643,56.93690836393058,56.97052134242444,791600,56.62618293762207,56.3800856850364,55.92218748728434,55.49573333740234,69.11710449747562,0.12645449072712925,0.0016396703070085722
2012-07-11,56.93019104003906,57.057909077973086,56.923467418478154,56.970522512163434,1357600,56.652275466918944,56.39742632779208,55.9355434735616,55.506073265075685,64.30753612052303,0.12360034593727372,0.001631671134449594
2012-07-12,57.03776931762695,57.037769317626946,56.9772720818892,57.02432719700397,2024300,56.67771129608154,56.417937469482425,55.95067914326986,55.51779962539673,67.55068987012443,0.12026634532294571,0.0016190321237551145
2012-07-13,57.04445266723633,57.04445266723633,56.97050823445958,57.010839696476246,703600,56.70515785217285,56.438813573663886,55.966422176361085,55.53011413574219,67.74676322988721,0.11644650571182881,0.0016026685933239204
2012-07-16,57.07807540893555,57.18562770226448,57.07135178790869,57.13857261231679,1885600,56.727916145324706,56.458964330499825,55.98233509063721,55.543184242248536,68.76916215815055,0.1155104161671804,0.0015482020501670585
2012-07-17,57.057899475097656,57.10495456086355,57.04445736285871,57.09151244862459,1046800,56.74932861328125,56.47814171530984,55.996755313873294,55.55618612289429,67.38871601811132,0.11408240749591718,0.0015563240640489484
2012-07-18,57.15204620361328,57.192382823370636,57.12516196193902,57.1318804580461,630600,56.77913703918457,56.49842369773171,56.01074619293213,55.56864681243896,70.3769323536508,0.1179380823327451,0.0015283041182449929
2012-07-19,57.13862609863281,57.21257061328575,57.1319024713121,57.13862609863281,864100,56.81364059448242,56.519921805641864,56.02379659016927,55.579489669799806,69.40072182376896,0.1165134127441131,0.0014317198336237153
2012-07-20,57.24615478515625,57.27303902364701,57.212541794109235,57.23270753728849,881700,56.848826026916505,56.541793407093394,56.037191009521486,55.59194986343384,72.67170831682758,0.11605332444779089,0.001440998414933695
2012-07-23,57.273048400878906,57.326827143910286,57.24616415798643,57.326827143910286,912200,56.89105663299561,56.56281495527788,56.05042343139648,55.60572244644165,73.43653294614931,0.1094782446609232,0.001302185810698113
2012-07-24,57.34027099609375,57.373878862029414,57.225989891768364,57.25287926169064,743200,56.929269790649414,56.583963775634764,56.06469170252482,55.61999488830566,75.29750943296884,0.1109190253097841,0.0012311151279789548
2012-07-25,57.380577087402344,57.380577087402344,57.3200747497026,57.35368772938253,483400,56.97251739501953,56.60621032714844,56.07857678731283,55.63505773544311,76.36661867237731,0.10371478555005607,0.0011611454501828256
2012-07-26,57.34027099609375,57.373878862029414,57.32682374682116,57.36043674137973,702700,57.01073055267334,56.62675108476119,56.09273471832275,55.65031173706055,72.96578581403341,0.10083481533782088,0.0012031755500970906
2012-07-27,57.125160217285156,57.23271256656639,57.044492108857106,57.205823197090375,957400,57.03516960144043,56.64398880004883,56.10487858454386,55.664621086120604,58.096015899501054,0.11379918609442084,0.001551797189910584
2012-07-30,57.23268508911133,57.25957444567775,57.10496192757595,57.16546426200548,1772900,57.066997337341306,56.663789853182706,56.11852718989054,55.67953350067139,62.23854139659054,0.11860067362770264,0.0015596999127729344
2012-07-31,57.29319763183594,57.32680548706681,57.21925317025823,57.30663974820403,754800,57.09590320587158,56.68396134810014,56.13323329289754,55.694421195983885,64.37310453554885,0.11668000629296316,0.0015224214722596423
2012-08-01,57.22383499145508,57.31141376665071,57.203624900248485,57.270993584237516,1587100,57.125374221801756,56.70104716907848,56.14730618794759,55.70945276260376,60.174204823150205,0.11669504835113033,0.001508972419548748
2012-08-02,57.33160400390625,57.40571107260122,57.30465551166268,57.3450808199777,899500,57.1521656036377,56.71984800858931,56.161945056915286,55.724074382781986,64.09308602644717,0.12440445180608707,0.0014445479655850683
2012-08-03,57.122772216796875,57.23056106965308,57.11603380727446,57.223827800031145,1918100,57.16582832336426,56.73546080155806,56.174899101257324,55.737946319580075,53.17404022628554,0.12971839192063225,0.0017058175084526048
2012-08-06,57.17666244506836,57.223821026342044,57.14297554134436,57.217082617617265,1236000,57.17680759429932,56.7512019070712,56.18769362767537,55.75136793136597,55.29078571982509,0.13261493560208443,0.0016703193221301665
2012-08-07,57.02846145629883,57.05540995751853,56.967826043579244,57.05540995751853,1753600,57.17768802642822,56.76485630382191,56.199861749013266,55.7641795539856,48.76257255401665,0.13792586797466555,0.0017708352697429766
2012-08-08,57.014923095703125,57.089030109093365,56.9947130265777,57.05534837384948,948500,57.18192462921142,56.77814372669567,56.2118616104126,55.77734889984131,48.20267016390138,0.1389007922990955,0.0017400341592193726
2012-08-09,56.98127365112305,57.021693812279565,56.8869565151589,56.95432516371923,1676600,57.17909984588623,56.79252236106179,56.22463239034017,55.79015329360962,46.76537283299909,0.13892396173527186,0.0016916618871345517
2012-08-10,57.04867935180664,57.11604804412177,57.00825916439791,57.11604804412177,898300,57.179311180114745,56.80739614313299,56.23824144999186,55.80188795089722,49.9827275045159,0.1427883927527494,0.0017137866254642135
2012-08-13,57.055362701416016,57.10925451931847,57.048624296716916,57.06209596621833,911800,57.17817554473877,56.82348695234819,56.25035705566406,55.81434310913086,50.303438095639656,0.13655562506278532,0.0017085575769461027
2012-08-14,56.91391372680664,56.9543338941591,56.88022682741345,56.94085707844214,1119600,57.17097625732422,56.835789142955434,56.26107234954834,55.82749807357788,43.88924907331026,0.14474373479870092,0.0017944481356656928
2012-08-15,56.711769104003906,56.83303467431481,56.70503070012659,56.83303467431481,780400,57.14896240234375,56.84441597678445,56.26977128982544,55.83866052627563,36.689283927491196,0.15582442666290572,0.0018976721307409595
2012-08-16,56.65117263793945,56.75896661438866,56.59054238111155,56.752228205885665,723800,57.12458972930908,56.84804722179066,56.277135181427,55.84830938339233,34.84397241055527,0.14672766566579654,0.0019033500477423947
2012-08-17,56.74545669555664,56.785876839535426,56.69829814761598,56.69829814761598,799100,57.0995548248291,56.85144535411488,56.2853401184082,55.856395931243895,39.90828717253757,0.14530564305823748,0.0018900351865453523
2012-08-20,56.71851348876953,56.78588211495814,56.70503667959378,56.731985158048566,741100,57.071828079223636,56.850744074041195,56.293763383229575,55.864511795043946,38.97598039113489,0.14339800866936464,0.0018779346025512532
2012-08-21,56.8195915222168,56.8195915222168,56.67138252840108,56.75222286322798,661500,57.04579410552979,56.85444107055664,56.30377766291301,55.87382207870483,44.23881732470033,0.1462851606274711,0.0019108501239825518
2012-08-22,57.04867935180664,57.068889445511005,56.90046514477231,56.90720355597435,1242900,57.02919921875,56.86437696977095,56.31475795110067,55.88388389587402,53.93535609824362,0.15110100649519,0.0021473066401732173
2012-08-23,57.075584411621094,57.12948138040832,57.075584411621094,57.10926616218973,1125400,57.015964889526366,56.876753581653944,56.32690550486247,55.89401473999023,54.926691972500635,0.14147470877875382,0.002151419287213962
2012-08-24,57.075584411621094,57.169901537049824,57.05537433330035,57.169901537049824,3865000,57.01348609924317,56.88876363580877,56.33827657699585,55.90499847412109,54.926691972500635,0.1424374512219185,0.0019852779016718
2012-08-27,57.163185119628906,57.1699235282938,57.116026538774314,57.129503356104095,715600,57.01001110076904,56.901756910844284,56.350266742706296,55.91609231948853,58.31422837179144,0.13425907373503218,0.001969010905299998
2012-08-28,57.18339538574219,57.21034388058677,57.14297521342524,57.16318529958371,1081700,57.00452098846436,56.91426370794123,56.36314652760824,55.92761510848999,59.078357393601586,0.1323341869240226,0.00195424634420291
2012-08-29,57.136199951171875,57.16988683297409,57.09577980492642,57.163148428634344,853600,57.000139236450195,56.92749751697887,56.3760768254598,55.93909875869751,56.4749201353291,0.12896835004510113,0.0019445343997083401
2012-08-30,57.18339538574219,57.22382069795898,57.16318529958371,57.196872203114395,573200,56.992728805541994,56.939394656094635,56.389067300160725,55.950785617828366,58.44691881554409,0.12560023245855692,0.0019024149076030934
2012-08-31,57.385501861572266,57.385501861572266,57.19012914475812,57.217077637411734,1176500,57.005865287780765,56.95557611638849,56.405128733317056,55.96364683151245,65.62864194996288,0.1357056791177373,0.001881288394932161
2012-09-04,57.34770202636719,57.38145670616426,57.30718919917294,57.354449871710415,2076400,57.014417266845705,56.96875416148793,56.4235923131307,55.9757942199707,63.42088095215255,0.12878973543179179,0.0018834717623232543
2012-09-05,57.34770202636719,57.38820970253446,57.32069519191335,57.340949029996985,1049300,57.03037929534912,56.981809650767936,56.44194501241048,55.988072872161865,63.42088095215255,0.11869198428472469,0.0017705863897172311
2012-09-06,57.21266555786133,57.25317838342959,57.14515104994991,57.25317838342959,2350400,57.04026641845703,56.99375124844638,56.459227879842125,55.99984031677246,55.66280136133875,0.12112960879473635,0.0018640229636745027
2012-09-07,57.21266555786133,57.36795356198167,57.21266555786132,57.34094672861175,928300,57.051836013793945,57.00764416781339,56.47773087819417,56.011673526763914,55.66280136133875,0.12259988040362048,0.001855929492653779
2012-09-10,57.22618865966797,57.23293650675786,57.151921133452724,57.21268266343157,990500,57.06071147918701,57.02007585005327,56.496235624949136,56.02327919006348,56.283896342807765,0.12261201882796158,0.0018416735643707882
2012-09-11,57.15192794799805,57.226195483068636,57.15192794799805,57.226195483068636,912300,57.06553974151611,57.03323024402965,56.512790298461915,56.034218101501466,51.97787879493996,0.11733048606045264,0.0018702341727968583
2012-09-12,57.070899963378906,57.09790680451781,57.03714527522646,57.08440595946249,808600,57.07338905334473,57.042228282581675,56.52800448735555,56.04514558792114,47.69056997694849,0.10772225388026564,0.0018076191321914777
2012-09-13,57.18564987182617,57.192402866879945,56.91559188198704,57.12488836942016,1350200,57.09708309173584,57.05441055297852,56.54334306716919,56.05664682388306,53.53562147540487,0.121722893615353,0.001628906925159435
2012-09-14,56.902099609375,57.06413547254596,56.88859876703876,57.06413547254596,2127500,57.109629440307614,57.060339494185015,56.556374390920006,56.06712396621704,41.26530416055011,0.13476031511806294,0.002004579062722922
2012-09-17,56.983123779296875,57.04388530025648,56.942610947629596,56.942610947629596,852900,57.12151279449463,57.06664394031871,56.56930443445842,56.078596649169924,45.13500598030317,0.1381493561329751,0.0019961854321561643
2012-09-18,57.05062484741211,57.14514618063932,57.03037101186718,57.09788551402571,3447100,57.13811836242676,57.074907476251774,56.58290767669678,56.09049577713013,48.19709378948899,0.14491033714589768,0.0020006653015798084
2012-09-19,57.124908447265625,57.19242296845492,57.11815544983836,57.145162288519636,1133600,57.1533842086792,57.08235889781605,56.596131865183516,56.10187833786011,51.41095867738528,0.1487805185906867,0.0019846870586675428
2012-09-20,57.13835906982422,57.22613250614761,57.10460441441183,57.21937951465583,948600,57.157868194580075,57.091521523215555,56.610410626729326,56.1132953453064,51.99175445779702,0.15120247180130622,0.0017765829914985099
2012-09-21,57.19914627075195,57.22615309541254,57.10462495995244,57.138379627509345,1264700,57.16404628753662,57.09885552146218,56.62521845499675,56.1253777885437,54.631108978458364,0.14544687606059373,0.0017883501054883097
2012-09-24,57.259891510009766,57.28014533499998,57.21938386002935,57.23963768501956,1697300,57.173261642456055,57.10631686123935,56.642257372538246,56.13740245819092,57.16542704718049,0.14563876190692934,0.00180064704270939
2012-09-25,57.37467956542969,57.38142740732748,57.25315144795289,57.29365910343704,1235500,57.18383636474609,57.113909634676844,56.658972930908206,56.14937614440918,61.53770068766145,0.1499788653893209,0.0018224242809352432
2012-09-26,57.46921157836914,57.50296624722529,57.40169193860622,57.45570559000643,1245800,57.19812717437744,57.122243430397724,56.675586160024004,56.16248022079468,64.73055032638933,0.14467427291634394,0.0018514188280595628
2012-09-27,57.43547821044922,57.482738889434025,57.421977366894,57.43547821044922,963400,57.21309108734131,57.13143046985973,56.69030427932739,56.175119705200196,62.72939944746995,0.1379223813748922,0.0018448817099190706
2012-09-28,57.489463806152344,57.51647063109906,57.41519632530516,57.489463806152344,1426400,57.228394508361816,57.13964309692383,56.70413716634115,56.18733865737915,64.61476470842187,0.1393694479812326,0.0018468866592273624
2012-10-01,57.53272247314453,57.539489290191696,57.458302970332916,57.47183144285818,994800,57.23575553894043,57.14852072975852,56.71899801890056,56.199247722625735,66.09481066861801,0.1398636468946748,0.0016857081721716508
2012-10-02,57.53272247314453,57.539489290191696,57.48536507695251,57.49889354947778,771000,57.2450065612793,57.156787040016866,56.73380324045817,56.21128831863403,66.09481066861801,0.1355308997852173,0.0016759048792202018
2012-10-03,57.512451171875,57.55980858781969,57.471855414228685,57.485389053967864,1630200,57.25324401855469,57.16505161632191,56.74727144241333,56.22247121810913,64.625760447792,0.12204105612079579,0.0016795498951836475
2012-10-04,57.41776657104492,57.51924311466114,57.41776657104493,57.49218614407944,666500,57.263499069213864,57.16988289572976,56.75995060602824,56.23327953338623,58.12701254032698,0.10807144460856678,0.0016308290992439027
2012-10-05,57.35683822631836,57.383900340895394,57.323014454275,57.383900340895394,665100,57.27070770263672,57.1738503889604,56.77217728296916,56.24434188842773,54.340231298549575,0.10471190360059879,0.0016540959163902844
2012-10-08,57.43128967285156,57.458351802470446,57.33657479997217,57.39746072043458,588800,57.280962753295896,57.17721647782759,56.78469050725301,56.25653293609619,57.9455420059466,0.1018372322545866,0.0016746929584156441
2012-10-09,57.32980728149414,57.3974600239337,57.32980728149414,57.336574104210115,1113600,57.2898567199707,57.17824845747514,56.79646914800008,56.267690334320065,51.926836522160684,0.0989575372770588,0.001699596315564081
2012-10-10,57.41776657104492,57.43129505633578,57.295989557131534,57.34334699801041,633000,57.307200050354005,57.1796574679288,56.80903673171997,56.278936538696286,56.17570871960641,0.09994163781052075,0.0016837704573041542
2012-10-11,57.465152740478516,57.465152740478516,57.34337566568511,57.370437811369925,821900,57.32117519378662,57.18119520707564,56.82144254048665,56.291082305908205,58.31329244870278,0.099959419191471,0.0016408639703596672
2012-10-12,57.5057373046875,57.52603262141347,57.478675161860885,57.5057373046875,2403700,57.35135707855225,57.184203685413706,56.83474321365357,56.30237102508545,60.10797754281475,0.0985223346691088,0.0010927497793116025
2012-10-15,57.485435485839844,57.51249762560549,57.46514017140946,57.492202311175106,803000,57.3764726638794,57.190754144841975,56.84798628489177,56.31332641601563,58.745516382874065,0.09274244144206888,0.0010883301786082354
2012-10-16,57.370391845703125,57.46510669892534,57.370391845703125,57.46510669892534,1308000,57.39246101379395,57.193257904052736,56.859658018747965,56.32350784301758,51.60692753975421,0.09179650989500589,0.0012008635092577789
2012-10-17,57.22832489013672,57.34334022861406,57.16743897115459,57.33657340598049,5638300,57.3976318359375,57.1920783996582,56.86986786524455,56.33384004592895,44.42728874004485,0.10195303503847088,0.0013226698921343448
2012-10-18,57.201290130615234,57.26894289849648,57.153932676940826,57.26894289849648,1367200,57.40077838897705,57.19166849309748,56.879574139912926,56.34390436172485,43.19574544072818,0.10293417187859635,0.0013280682612081748
2012-10-19,57.28923034667969,57.32982096952013,57.180981803672346,57.180981803672346,1120200,57.40528259277344,57.190898062966085,56.890682474772134,56.35450788497925,48.22358649836213,0.10776651802066795,0.00135100655227833
2012-10-22,57.2080192565918,57.28920562881883,57.18772395392814,57.28243880740681,588400,57.40268898010254,57.19244800914418,56.90038916269938,56.36453994750977,44.32207200015717,0.11115095941440803,0.0013697466987217907
2012-10-23,57.33656692504883,57.34333374691752,57.255380547342746,57.29597631698216,949800,57.40078334808349,57.19535536332564,56.91055335998535,56.374982814788815,51.070164423005465,0.11453391060974535,0.0013897529772225164
2012-10-24,57.30954360961914,57.33660575384786,57.28924829184165,57.29601511829289,648000,57.392799949646,57.20046594793146,56.91999050776164,56.38542308807373,49.706308243828325,0.110668261923317,0.0013346181999675144
2012-10-25,57.214778900146484,57.26213632094462,57.16742147934836,57.18771677946588,650900,57.38176498413086,57.204099689830436,56.92880519231161,56.39472694396973,45.15248980624588,0.11405183431623504,0.0013742140977265932
2012-10-26,57.33656692504883,57.35686222908216,57.24185206517811,57.26214736921144,583800,57.37412014007568,57.210559567538176,56.93818883895874,56.40503755569458,51.324381752048104,0.11550228620462073,0.0014493763408628877
2012-10-31,57.43128967285156,57.47864710929125,57.370403752389144,57.431289672851555,1030900,57.369048500061034,57.2175161188299,56.948640537261966,56.41499361038208,55.517039959322744,0.11840212855354945,0.0014916169420657187
2012-11-01,57.343353271484375,57.35688175825526,57.26893369030821,57.32305796054078,1039100,57.35958003997803,57.22275231101296,56.958638254801436,56.42474178314209,51.11526641290306,0.12033430593491445,0.001525809268871773
2012-11-02,57.363643646240234,57.370410469830645,57.22157132028605,57.29599089505835,1107500,57.35213966369629,57.23092921863903,56.96847057342529,56.43465759277344,52.059778441630996,0.12226731127428485,0.0015293815307606234
2012-11-05,57.451576232910156,57.46510987644589,57.3839234999495,57.39069032171737,1520800,57.35383014678955,57.244380257346414,56.97819941838582,56.44527811050415,56.025143163410036,0.12516633622219178,0.0015285300884538796
2012-11-06,57.26892852783203,57.41100085320462,57.24186639515525,57.36364341141376,1074400,57.34943466186523,57.255612182617185,56.986294174194335,56.45551530838013,47.27757477831583,0.13676293504782575,0.0016745430840869977
2012-11-07,57.40422439575195,57.51923456914612,57.390695912471,57.50570608586517,1036900,57.34808139801025,57.267589777166194,56.99579547246297,56.46675998687744,53.11705572461013,0.14642453513192372,0.0017362680413484037
2012-11-08,57.49217987060547,57.53953730631676,57.38393135379487,57.404226660303515,667800,57.35620002746582,57.28165643865412,57.005639457702635,56.478378257751466,56.49087808916308,0.14304261213002029,0.0017183993626370335
2012-11-09,57.43806457519531,57.4921888420465,57.38394030834412,57.42453092769543,1533200,57.35721492767334,57.29290140325373,57.015311082204185,56.4889312171936,53.919900695397196,0.14255963442621475,0.0017019764900375299
2012-11-12,57.526004791259766,57.532771614086734,57.44482356363006,57.492181000271884,842200,57.3602575302124,57.30158004760742,57.02566016515096,56.49919553756714,57.31931060713902,0.13869305392933182,0.001726709065160383
2012-11-13,57.51927947998047,57.57340377851066,57.478688836871434,57.505750986136526,3720600,57.36093463897705,57.3096472306685,57.03673375447591,56.50892904281616,56.97315612925452,0.13820795027845176,0.0017201502287879848
2012-11-14,57.5057373046875,57.51926579531282,57.41778921168297,57.45161301903426,810800,57.36194972991943,57.317468192360614,57.047359720865884,56.51826360702515,56.2366955360136,0.13579193441929252,0.0017190331059587817
2012-11-15,57.49892807006836,57.52599019293522,57.42450852257753,57.4448089859068,1045400,57.36837654113769,57.32357260964134,57.05843105316162,56.52733245849609,55.84579678998064,0.13965794930154068,0.0016528499869888993
2012-11-16,57.47187042236328,57.53952831558483,57.45157511902584,57.49217088727329,1151500,57.380553817749025,57.328817610307176,57.06871919631958,56.53655141830444,54.232621704700314,0.13578873975069886,0.0015447775792621747
2012-11-19,57.47187042236328,57.47863724399995,57.4042176907143,57.43804663732507,1094200,57.39408283233642,57.33492070978338,57.07900733947754,56.54533893585205,54.23262170470032,0.13095561291855415,0.0015373317820193773
2012-11-20,57.38393783569336,57.46512423247185,57.36364252689222,57.451590585555124,770400,57.39881820678711,57.33856693614613,57.08677803675334,56.554052028656,48.907874646753115,0.12853759229202819,0.001553704382375663
2012-11-21,57.32304000854492,57.35009697361321,57.30273954238438,57.33656849107907,643200,57.40456924438477,57.33743126609109,57.093148708343506,56.56232774734497,45.57083045862818,0.12274061448957292,0.0015375417409793396
2012-11-23,57.33656692504883,57.35686222908216,57.27568101294883,57.29597631698216,664200,57.40456924438477,57.33722880970348,57.09797773361206,56.57103631973266,46.44493903353596,0.11790790496019708,0.0014532990821116895
2012-11-26,57.32304000854492,57.417754871002586,57.32304000854493,57.41098804894907,951100,57.40524406433106,57.336780409379436,57.103867594401045,56.58000919342041,45.655334049982365,0.11742566440676885,0.0014502226488450132
2012-11-27,57.43806457519531,57.45159306112102,57.37041182241842,57.37717348459418,873200,57.41640834808349,57.34087857333097,57.111666425069174,56.58952407836914,52.97624711734054,0.11162875117971081,0.0014597877579645888
2012-11-28,57.47187042236328,57.50569936897406,57.43804663732507,57.458341940662514,803400,57.42317352294922,57.34559138904918,57.12064142227173,56.59900873184204,54.899241745882385,0.0985820862036318,0.0013914869268830455
2012-11-29,57.5057373046875,57.51926579531282,57.44485135450959,57.45161301903426,921600,57.42689590454101,57.3506740916859,57.12973063786824,56.60869598388672,56.804977019326,0.092782692509442,0.0013495118411868158
2012-11-30,57.465152740478516,57.55310084277177,57.465152740478516,57.54633401595644,976300,57.432985877990724,57.35636908791282,57.1382022857666,56.6178151512146,53.86749087174932,0.09133266169450442,0.0013101561071473097
2012-12-03,57.51053237915039,57.524092685712695,57.381740497258356,57.41563092018084,2669300,57.44033031463623,57.36436240456321,57.1466607093811,56.62752637863159,56.571739997853726,0.09473588666328427,0.001318080472601823
2012-12-04,57.5579833984375,57.56475837940238,57.51730765394226,57.54442309302535,918000,57.4456506729126,57.37113210504705,57.15624106725057,56.637441596984864,59.26092093854186,0.09184381942133868,0.0012875419388012222
2012-12-05,57.59869384765625,57.612248990711635,57.5241276314897,57.5241276314897,1058300,57.462138938903806,57.38379745483398,57.16515474319458,56.648191165924075,61.46558007837931,0.090888897344513,0.0010364463511832798
2012-12-06,57.59869384765625,57.64614460596726,57.578358547200786,57.619029148111714,771800,57.471862411499025,57.394989637895065,57.1743478457133,56.659106674194334,61.465580078379304,0.08848206794514064,0.000915048158206592
2012-12-07,57.490177154541016,57.55118816943063,57.4698418734911,57.49695730547094,1239200,57.4717622756958,57.40298149802468,57.18157507578532,56.66855010986328,52.65629669525714,0.09140340920272345,0.0009647860311764483
2012-12-10,57.52408981323242,57.54442510031879,57.490194220260896,57.52408981323242,1378600,57.47606353759765,57.41023934104226,57.1890287399292,56.67803016662597,54.834820493377464,0.089962580095018,0.0009468556564076885
2012-12-11,57.476654052734375,57.50376949982404,57.43598346797123,57.43598346797123,2083600,57.473596000671385,57.41639015891335,57.19670187632243,56.68707395553589,51.280312789058804,0.08852532650859857,0.0009016707377593313
2012-12-12,57.38851547241211,57.49697205641637,57.354619880806375,57.483416922818776,1105800,57.46705780029297,57.41983323530717,57.20453488032023,56.69517900466919,45.392523880212856,0.09289346095867097,0.0009614746150768234
2012-12-13,57.27327346801758,57.36817491826521,57.273273468017585,57.320724193141395,1208700,57.45543460845947,57.420076543634586,57.210625108083086,56.70274105072021,39.075211672633394,0.09532637440589907,0.001050871479481396
2012-12-14,57.30715560913086,57.36138647418428,57.28682032767081,57.30715560913086,2883600,57.445845985412596,57.418848835338245,57.217947769165036,56.71073822021484,41.646550290872206,0.09485481324225933,0.0010657306935163843
2012-12-17,57.205474853515625,57.34104684636069,57.205474853515625,57.34104684636069,1348100,57.432526206970216,57.41405362215909,57.223193327585854,56.718676204681394,36.64775633475137,0.09535616611861439,0.0011236102541052786
2012-12-18,57.076663970947266,57.198680803554765,57.069888993169286,57.158010249931856,1772600,57.41276588439941,57.40752972689542,57.22786865234375,56.725404300689696,31.491055930498305,0.10020853245413974,0.0012087599965336462
2012-12-19,57.19870376586914,57.23937950756002,57.117362625969065,57.117362625969065,2254500,57.4035041809082,57.40224318070845,57.23305778503418,56.733308429718015,40.09194464092567,0.10651575358339116,0.0012946164497051867
2012-12-20,57.212284088134766,57.293625256495,57.212284088134766,57.259734826925786,1117200,57.397966384887695,57.39641702825373,57.237856992085774,56.74081457138062,40.9798962796252,0.10701385275000572,0.001279560129732335
2012-12-21,57.293609619140625,57.327505211201235,57.27327433260075,57.293609619140625,1312800,57.39581851959228,57.39206952181729,57.24366931915283,56.748660793304445,46.12931387436846,0.105075919508015,0.001322482698890601
2012-12-24,56.9072151184082,56.92077542189366,56.86654455143273,56.880104854918194,830100,57.37502727508545,57.38106522993608,57.24527044296265,56.75500776290894,31.891987475381427,0.13170728146915117,0.0020008267454327848
2012-12-26,56.954681396484375,56.97502185726934,56.90723066480318,56.90723066480318,1009700,57.3508581161499,57.37264549948952,57.247939332326254,56.76185834884644,34.563814553102986,0.13025623715766546,0.0019441458604202097
2012-12-27,57.00212097167969,57.05635184634177,56.886884241828405,56.94111511649049,965200,57.32737064361572,57.36619609485973,57.24965887069702,56.76874626159668,37.214802188877705,0.13751920471101492,0.0019515763569530277
2012-12-28,57.01570510864258,57.04960071240987,56.96825436641417,57.042820557307806,1627500,57.30286903381348,57.358640011874115,57.251043764750165,56.77653413772583,37.989497490471784,0.13412594555605395,0.0019436946285278324
2012-12-31,56.96146011352539,57.04958659281212,56.9140093830409,57.02924613254013,2099100,57.27768440246582,57.35194279063832,57.25108029047648,56.785681076049805,36.075261618156,0.13993517869844294,0.0019463298416105726
2013-01-02,56.873374938964844,56.90049039814617,56.79202856142085,56.79202856142085,1857300,57.24582653045654,57.342044760964136,57.249934641520184,56.794321060180664,33.1538441515528,0.1457441220443967,0.0019388398988068435
2013-01-03,56.703880310058594,56.893683262582165,56.7038803100586,56.880128125291584,1908500,57.2031213760376,57.32820344404741,57.24804871877034,56.80214685440063,28.389720231061432,0.14913346325250895,0.0019824915588781754
2013-01-04,56.791996002197266,56.791996002197266,56.65642395575999,56.676759245551374,1822700,57.16278648376465,57.31522632945668,57.24600060780843,56.811145305633545,33.72185937373304,0.15058560911270544,0.00202375390272685
2013-01-07,56.75133514404297,56.77845059232368,56.71066455749338,56.744554989037056,1866600,57.120418548583984,57.30187905051491,57.24355796178182,56.8198738861084,32.51858221555469,0.15010121186536146,0.0020169845780714578
2013-01-08,56.80556106567383,56.83945149424944,56.75811032827397,56.77166546535572,1189000,57.086187744140624,57.29160939996893,57.241287008921304,56.828074855804445,35.80822419420154,0.14671152310546173,0.002032012805751541
2013-01-09,56.785221099853516,56.80556156326806,56.724215224837536,56.785221099853516,1439600,57.04924430847168,57.28355296741832,57.23901468912761,56.835774974822996,35.11670200701603,0.14283727154004616,0.0020138493382981125
2013-01-10,56.785221099853516,56.80556156326806,56.71743507036602,56.77166596265304,1198700,57.014672660827635,57.27598807594993,57.23595781326294,56.84297597885132,35.11670200701603,0.13750948270356642,0.002018398402955451
2013-01-11,56.82591247558594,56.83946761651254,56.71745066119728,56.71745066119728,1385000,56.986542510986325,57.26756411465732,57.23335186640421,56.85041383743286,37.89924409752734,0.13944487303852376,0.0020264977775285723
2013-01-14,56.82591247558594,56.89369852370687,56.82591247558594,56.846247772847825,893900,56.96417446136475,57.26061671863903,57.229849847157794,56.85738580703735,37.89924409752734,0.13605665339955664,0.0019968800708466653
2013-01-15,56.90040588378906,56.94107642628045,56.88007061254336,56.893625736128044,1283200,56.94383697509765,57.25268651788885,57.22674449284872,56.86479665756226,43.08180903131343,0.1137780021843154,0.0020218141884460806
2013-01-16,56.89366149902344,56.95466735110831,56.85976591114922,56.93433206708002,1136500,56.928246307373044,57.24512502496893,57.22302274703979,56.87157493591309,42.73408758363044,0.1157133379770267,0.0019943138533205338
2013-01-17,56.79875946044922,56.84621017992867,56.76486387293223,56.83264987622566,1043700,56.914351081848146,57.23756103515625,57.21817426681518,56.8784441947937,38.07696414707322,0.11280833951830108,0.0019679050830572133
2013-01-18,56.88689041137695,56.88689041137695,56.7987691092997,56.7987691092997,920000,56.89876041412354,57.229385098544036,57.21439609527588,56.88576761245727,44.162601732174714,0.1132929541563037,0.001934654340207439
2013-01-22,56.83267593383789,56.880131846816276,56.7920053475626,56.79878550252278,2053700,56.879780006408694,57.21850121238015,57.211958726247154,56.89385488510132,41.46307952665614,0.1103863723022417,0.0019364846398470797
2013-01-23,56.92078399658203,56.927564149346146,56.88011342347985,56.88011342347985,1278200,56.86113872528076,57.21081813465465,57.20935955047607,56.90161474227905,47.120337543169676,0.1050618482596499,0.0019428251377994253
2013-01-24,56.83941650390625,56.886867212095446,56.82586137516904,56.86653193311998,1061700,56.85774879455566,57.20128673206676,57.20557804107666,56.90843370437622,42.98845543983127,0.09828468175175178,0.0012631404063992225
2013-01-25,56.6563720703125,56.74449330262181,56.64281177504194,56.717377883818024,1473000,56.84283332824707,57.18682847456498,57.20084918340047,56.91336904525757,35.456243581240386,0.10264415906796844,0.0014270129831699635
2013-01-28,56.58864974975586,56.61576002731101,56.51408355712133,56.53441885115927,1427100,56.82215976715088,57.174459769509056,57.19465789794922,56.91716470718384,33.1424964562392,0.1069982353884887,0.0014171730645916726
2013-01-29,56.52765655517578,56.63611838663625,56.50732125471313,56.58188747090601,1082600,56.79775733947754,57.15852217240767,57.18969860076904,56.92105588912964,31.16966690838204,0.10990400551110621,0.0014183397045510852
2013-01-30,56.46660614013672,56.51405686105822,56.432710551589636,56.493716404885554,1626700,56.77301464080811,57.139875377308236,57.183781464894615,56.92460844039917,29.29026538078915,0.11087541016507936,0.0014211225622766128
2013-01-31,56.568275451660156,56.568275451660156,56.486934324156856,56.554720320989624,1630700,56.75775966644287,57.1240610296076,57.17994658152262,56.92796848297119,36.190426065446715,0.11184275435232241,0.0014792586025142813
2013-02-01,56.40931701660156,56.674212843194724,56.40931701660156,56.674212843194724,1840500,56.74303150177002,57.1037576155229,57.174899864196775,56.93053373336792,31.083209925983027,0.12204838801502962,0.0014632379955462629
2013-02-04,56.6063232421875,56.619910575555714,56.5044441521726,56.52481997017558,1742600,56.73374786376953,57.0871584111994,57.171775277455644,56.93411716461182,42.00644603425132,0.13224892450311693,0.0016428513015901312
2013-02-05,56.511226654052734,56.572359283638995,56.4908508382069,56.55198346779317,2385600,56.72174243927002,57.06907639936967,57.16729650497437,56.93702478408814,38.80882873895341,0.13227095688069415,0.0016737961351822477
2013-02-06,56.647056579589844,56.66743238914689,56.55875449544638,56.57913548705062,2416200,56.71381721496582,57.053587826815516,57.163893953959146,56.94067821502686,45.22278115349865,0.13664983510462697,0.0017561883505473627
2013-02-07,56.653892517089844,56.70143783554907,56.61992935445423,56.64709884815251,1047200,56.70725078582764,57.038715501265095,57.16172711054484,56.94439939498901,45.5322122866391,0.13327203903345822,0.0017562970062487268
2013-02-08,56.640316009521484,56.660691838178536,56.54522535442056,56.640316009521484,892100,56.700005531311035,57.023596330122515,57.16113166809082,56.94771869659424,44.98865947318451,0.13522457709276128,0.0017562936331713694
2013-02-11,56.57236099243164,56.62669995769436,56.56556732626156,56.58594314272285,2254800,56.68732795715332,57.00884038751776,57.160474904378255,56.95103221893311,42.268714138728924,0.13378626419601655,0.001760160080341994
2013-02-12,56.585975646972656,56.59956298711768,56.53843032056891,56.585975646972656,1120300,56.675331115722656,56.99543921730735,57.15914589564006,56.95448076248169,43.01209199614167,0.13137515355605345,0.0017625792607327577
2013-02-13,56.511226654052734,56.55198346779317,56.48406235429083,56.518020320017605,1154500,56.65587215423584,56.98043303056197,57.15741850535075,56.95718797683716,39.969065149552776,0.1318744872181133,0.001741165207159379
2013-02-14,56.592750549316406,56.59954421713595,56.51124208163249,56.51124208163249,945500,56.64082660675049,56.967155040394175,57.15552816390991,56.960136013031004,44.574680686600786,0.12413968966232096,0.0017861080199971465
2013-02-15,56.54518127441406,56.59272656490042,56.50442964886805,56.558763422246734,2579400,56.62814769744873,56.95092079856179,57.15133234659831,56.96267923355103,42.524563295236995,0.12028486018069172,0.0017612732941870613
2013-02-19,56.524845123291016,56.59276627420845,56.504469296220954,56.579184116845624,1055800,56.610045433044434,56.933702156760475,57.14674285252889,56.96552230834961,41.64278944654177,0.11739199204243331,0.001711097478457823
2013-02-20,56.565547943115234,56.592717416436514,56.4908331869935,56.4908331869935,944600,56.5966890335083,56.91660780473189,57.14249254862467,56.96813396453857,44.13946915167899,0.11788757960363837,0.0017192860137414227
2013-02-21,56.61989974975586,56.64706922924811,56.58593660487847,56.63348189847781,803000,56.58164482116699,56.90123956853693,57.1379651705424,56.97064914703369,47.37702924815474,0.11644843493288397,0.001691921407702909
2013-02-22,56.647056579589844,56.66063872527881,56.61988710616471,56.647056579589844,829500,56.57202682495117,56.88554000854492,57.13349568049113,56.972999000549315,48.968507897861606,0.10043813439866511,0.0016764665103658654
2013-02-25,56.830474853515625,56.857644341668404,56.5859546421906,56.61991779789408,1017700,56.58073196411133,56.872312580455436,57.13094797134399,56.97636629104614,58.170056899709245,0.10480214443606885,0.0016795984708205165
2013-02-26,56.857643127441406,56.91877576999214,56.79651566694056,56.79651566694056,1070500,56.59418163299561,56.85883893099698,57.128233369191484,56.97960186004639,59.339553460203,0.10528698008399624,0.0016502274663419843
2013-02-27,56.84407424926758,56.91878906202753,56.78973526143288,56.91878906202753,691400,56.610002517700195,56.84511857466264,57.12372147242228,56.9829368019104,58.46044916476367,0.1033475561911743,0.001625481269450595
2013-02-28,56.87119674682617,56.88477889153549,56.82365146727332,56.87119674682617,628400,56.63023204803467,56.83386438543146,57.119750595092775,56.98657464981079,59.744240877648686,0.10189176641741174,0.0015938761166948954
2013-03-01,56.90254211425781,56.9365634791598,56.848101700346284,56.90254211425781,839700,56.64694538116455,56.82256351817738,57.11604092915853,56.990168533325196,61.23530894143281,0.09996285892137889,0.001558464210151751
2013-03-04,56.88893508911133,56.93656915810411,56.888935089111335,56.92976799947953,914700,56.67092628479004,56.81187771883878,57.113343175252275,56.99319263458252,60.19301538391105,0.09802610075943972,0.001385203877506747
2013-03-05,56.85490417480469,56.895731886593715,56.841291476392826,56.88892553738779,1009500,56.6833553314209,56.802175695245914,57.11036183039347,56.99597936630249,57.55448310592695,0.09754808244887668,0.0011976416634992383
2013-03-06,56.759613037109375,56.83446208113064,56.759613037109375,56.81404823351382,919600,56.69577465057373,56.79283641468395,57.106473700205484,56.99845708847046,50.83490637495144,0.09707507137841123,0.0011973143983586834
2013-03-07,56.677947998046875,56.73918953608158,56.6575341520353,56.725582035980786,764800,56.697319221496585,56.781396276300605,57.10252386728923,57.00029232025147,45.89009158579251,0.09805802294918665,0.0011351537643388314
2013-03-08,56.52145004272461,56.58269679073909,56.41257443429774,56.562282938641694,6339500,56.69069709777832,56.76895946155895,57.09794511795044,57.00151222229004,38.21800947519948,0.11070464175638506,0.0012944789764393375
2013-03-11,56.49427032470703,56.57593098333437,56.494270324707024,56.50788303034126,1668900,56.683394813537596,56.758370486172765,57.092183621724445,57.00256299972534,37.0592018566329,0.11023061894494594,0.0012968112831613695
2013-03-12,56.603118896484375,56.603118896484375,56.528264633397434,56.528264633397434,1214000,56.684932708740234,56.74754167036577,57.08969211578369,57.00462635040283,44.33807234547756,0.11072807196882652,0.0013482715731229999
2013-03-13,56.53505325317383,56.603101145988866,56.52144055957797,56.5554671018462,1287700,56.682386589050296,56.735228382457386,57.08595819473267,57.00614850997925,41.1345456119223,0.11073928988122159,0.001374653895063481
2013-03-14,56.55550765991211,56.59633538653593,56.50787358160927,56.528287444921176,1735500,56.68460063934326,56.72180834683505,57.08183221817016,57.00807420730591,42.479531044409335,0.11414716029640459,0.001343534122397081
2013-03-15,56.62354278564453,56.65076299447458,56.555494859431406,56.555494859431406,894000,56.68614025115967,56.716650668057525,57.07765417098999,57.01000545501709,46.83109882165822,0.10154561997964555,0.001331380944724613
2013-03-18,56.73245620727539,56.74606372364439,56.68482211239346,56.698429628762455,1176100,56.69550399780273,56.71261021007191,57.07427164713542,57.01248126983643,52.96550730734961,0.10156425104737973,0.001379075225115894
2013-03-19,56.766395568847656,56.8548624684593,56.75278807214095,56.76639556884765,2258800,56.707581520080566,56.70832429365678,57.07066539128621,57.014055976867674,54.71874349606525,0.10108942680375575,0.0013764811830793966
2013-03-20,56.711971282958984,56.78002436095175,56.71197128295899,56.752804168098834,819100,56.71490268707275,56.702801860462536,57.066099389394125,57.014823036193846,51.40941142556936,0.10158411635594078,0.001395067168535762
2013-03-21,56.72560119628906,56.786842755009445,56.71198849986953,56.786842755009445,1017000,56.720187759399415,56.69851351651278,57.06069040298462,57.014665622711185,52.189267868277945,0.1006133801585796,0.0013817265148076594
2013-03-22,56.78004837036133,56.79365587668125,56.71880161261388,56.752828165998366,722900,56.72683734893799,56.6968166698109,57.05494737625122,57.01548458099365,55.27713799368242,0.10255767980676467,0.0013929042063081363
2013-03-25,56.773223876953125,56.80725041946293,56.72558983247228,56.73919733444332,1071500,56.723974800109865,56.69807746193626,57.04942859013875,57.01683967590332,54.79940064139676,0.10450197814889048,0.0011837425052817136
2013-03-26,56.79369354248047,56.807306249551516,56.71883922876943,56.75286580472047,655500,56.720777320861814,56.69810832630504,57.04363050460815,57.018833789825436,56.02699478423577,0.10401454122651696,0.0011812740785627576
2013-03-27,56.909305572509766,56.909305572509766,56.81403750713694,56.820843852297905,1096500,56.72403888702392,56.70098051591353,57.03843536376953,57.02130516052246,62.26113311034825,0.10498119443760448,0.0012689401436554112
2013-03-28,56.91613006591797,56.92974276058044,56.85488851510235,56.888909868314855,906400,56.72628555297852,56.70299086137251,57.03329709370931,57.023643035888675,62.59821443966739,0.09137267170395802,0.001265240327169093
2013-04-01,56.9680290222168,56.98851782757087,56.879237251302904,56.879237251302904,1056100,56.729559898376465,56.706314641779116,57.028760242462155,57.026005573272705,65.1476869679532,0.09334552296400186,0.0012754354576924743
2013-04-02,56.97482681274414,56.97482681274414,56.90652909193804,56.94068055773213,2004900,56.73385448455811,56.709762018377134,57.025069077809654,57.02883800506592,65.47960253772364,0.09044903360891306,0.0012735533306207265
2013-04-03,57.00900650024414,57.084135593557335,56.97485501754371,56.98168635624073,1293900,56.74155960083008,56.713091000643644,57.02217048009236,57.03123777389526,67.17245614236074,0.09242263674511213,0.001268328566682214
2013-04-04,57.172935485839844,57.19342429592408,57.084148905212814,57.084148905212814,784400,56.7622257232666,56.71940050992099,57.020017528533934,57.03462484359741,73.80687976521443,0.09927663608463229,0.0013327646535369452
2013-04-05,57.32999801635742,57.364144280135704,57.309509215933765,57.35048681678107,1041600,56.794828224182126,56.72721127596768,57.02001911799113,57.03816028594971,78.3264434816154,0.1061295403169668,0.0013631391989766596
2013-04-08,57.3027229309082,57.37102072294468,57.27540277193611,57.3300430898803,1088700,56.83389186859131,56.73464875654741,57.01906042098999,57.04152565002441,75.87792746165546,0.10420789838901763,0.0011476948684650227
2013-04-09,57.241207122802734,57.31633619933524,57.22071832207269,57.26852726070396,1455400,56.871238708496094,56.74269325949929,57.017194207509355,57.04495229721069,70.5232632760496,0.10229444239463449,0.0011864392022514398
2013-04-10,57.131961822509766,57.207090938545875,57.11829914098343,57.207090938545875,864100,56.897680854797365,56.74714910333807,57.01407941182455,57.048369331359865,62.13701222834303,0.10621264981081627,0.0012770053589935121
2013-04-11,57.15929412841797,57.166120259846316,57.12514262812683,57.138805312558226,1152300,56.92889289855957,56.7530876159668,57.011361567179364,57.05145357131958,63.312483360999884,0.1037916612157466,0.0012152438606989142
2013-04-12,57.295875549316406,57.295875549316406,57.17976881427804,57.17976881427804,1110300,56.965911293029784,56.75990746238015,57.01074059804281,57.05579076766968,68.56441092027941,0.1082007438465372,0.0012815004232200739
2013-04-15,57.357337951660156,57.36416408030191,57.26854617146518,57.26854617146518,1435800,57.002601051330565,56.76932421597567,57.01181570688883,57.05969741821289,70.60377410840069,0.10919769540697136,0.0012788773284187578
2013-04-16,57.343658447265625,57.36414724874958,57.295849506875165,57.31633830835912,893700,57.03316116333008,56.78182033192028,57.01300210952759,57.06383758544922,69.52272536430769,0.10775703262785237,0.001256278042032339
2013-04-17,57.37102127075195,57.42566158921788,57.32321229479117,57.32321229479117,916300,57.06339244842529,56.79604526866566,57.01368370056152,57.06781265258789,70.4958656805111,0.10681683722766776,0.0012562575098729652
2013-04-18,57.405181884765625,57.41883936115626,57.357372901215825,57.37786172119597,744700,57.098052978515625,56.8120002746582,57.01532672246297,57.071656665802,71.71030828426214,0.10586056683212115,0.0012063576721295939
2013-04-19,57.357337951660156,57.411973034720276,57.35050661223318,57.411973034720276,1219800,57.12963981628418,56.828195398504086,57.0154998143514,57.07546270370484,67.51848744867573,0.1024452701334876,0.0012468134927932646
2013-04-22,57.43251419067383,57.43251419067383,57.39153653833222,57.41202536450302,872500,57.16226310729981,56.843908830122515,57.01652456919352,57.07904987335205,70.4421813767868,0.10293659286259985,0.0012552534738066194
2013-04-23,57.41878890991211,57.48708665343197,57.36414863078269,57.43244637430255,899100,57.19454135894775,56.862262864546345,57.01822465260823,57.08297174453735,69.21718467917722,0.10391011013660645,0.0012589775490218105
2013-04-24,57.405181884765625,57.4393281811364,57.37103037760645,57.37786172119597,851500,57.22511577606201,56.87678756713867,57.01879644393921,57.08601877212524,67.95549276052427,0.09561582498303574,0.0012711469834634608
2013-04-25,57.37102127075195,57.405172772490054,57.35736379652926,57.405172772490054,875200,57.248201560974124,56.8924201965332,57.018294207255046,57.088626289367674,64.76381541548405,0.08537363169307152,0.0012436534685224742
2013-04-26,57.446136474609375,57.48028796806535,57.4119849811534,57.42564766285032,732500,57.27470188140869,56.9069489218972,57.019150733947754,57.091071586608884,68.29052963223498,0.0863485421434161,0.0012576696465233805
2013-04-29,57.493934631347656,57.534912247162865,57.48027716300437,57.50076597091197,697900,57.30099716186523,56.9222224148837,57.02023649215698,57.09348699569702,70.32582756010756,0.08585982037848337,0.0012563009429772708
2013-04-30,57.493934631347656,57.54174358672718,57.43246299683952,57.43246299683952,792600,57.32695255279541,56.93774275346236,57.02058947881063,57.096305713653564,70.32582756010756,0.08488643524050891,0.0012582873551343482
2013-05-01,57.59111785888672,57.59111785888671,57.53637219965771,57.55005600404825,872300,57.35605812072754,56.95626560557972,57.02327438990275,57.09907245635986,74.22667517781014,0.08890112065619249,0.0012881941925019116
2013-05-02,57.604793548583984,57.61163806023179,57.556892408714724,57.58426523447326,801900,57.37765102386474,56.9747895674272,57.02494579950969,57.1018741607666,74.73009076053488,0.08305570855752313,0.0011619911631477224
2013-05-03,57.331092834472656,57.474796310033355,57.331092834472656,57.474796310033355,894100,57.37770576477051,56.98969622525302,57.02360340754191,57.10313924789429,52.590310069474015,0.0957759089342802,0.001513532216403436
2013-05-06,57.32426071166992,57.3516335540035,57.269520247838614,57.344794259046985,1101900,57.37878265380859,57.00299641002308,57.02265504201253,57.10447105407715,52.174779628357136,0.0967627349550279,0.0015097029610088746
2013-05-07,57.269493103027344,57.30370522410144,57.24896478621621,57.269493103027344,1174000,57.38019695281982,57.01616571599787,57.0205174446106,57.10505828857422,48.84317254507782,0.09482320859981337,0.0015054253121115856
2013-05-08,57.32426071166992,57.33794974325463,57.269520247838614,57.28320405858748,792000,57.38981189727783,57.03070054487748,57.01889228820801,57.105986461639404,52.134708084413674,0.09532250719173163,0.0014468453044670813
2013-05-09,57.23527908325195,57.34477040704441,57.22843457030651,57.3037085502054,830200,57.393611145019534,57.04287747469815,57.01663846969605,57.105932083129886,46.85934437460824,0.09924175106678897,0.001494458961808206
2013-05-10,57.09156036376953,57.221579970782955,57.03681471651838,57.221579970782955,804900,57.38339538574219,57.051453122225674,57.013243738810225,57.105024642944336,39.846237551367174,0.10804804590392487,0.0014954492660297061
2013-05-13,57.029972076416016,57.050505610433056,57.00260447272485,57.01628827457043,962500,57.36702709197998,57.058415222167966,57.009561252594,57.10347314834595,37.27190133945067,0.1056207507893104,0.0014780610593435927
2013-05-14,56.92050552368164,57.05736447241178,56.89997720345554,57.02315234564636,1085600,57.34586944580078,57.06005214344371,57.00496654510498,57.10117279052734,33.16994784472331,0.11198428403404494,0.0015223986589179713
2013-05-15,56.98893737792969,57.002626405874906,56.893135065651,56.94788073576295,1295000,57.32676525115967,57.062439311634414,57.00167487462362,57.09941612243652,37.77994961834398,0.11638951631886942,0.0015519592690560412
2013-05-16,57.07102966308594,57.12577530804622,57.0231285289537,57.0231285289537,1367000,57.310057640075684,57.066565773703836,56.99957478841146,57.09914546966553,42.871077929264274,0.11835889009052229,0.0015896110938520382
2013-05-17,56.9478759765625,57.05736208680207,56.93418694976129,57.050522794235484,920800,57.2895845413208,57.06795994151722,56.996335697174075,57.09772142410279,37.86547039600392,0.12179224300274782,0.0016401972545368629
2013-05-20,56.93416976928711,57.029972044650165,56.87942934110283,56.99575992963904,1911900,57.26466732025146,57.068534989790486,56.99309511184693,57.09592628479004,37.342887904457655,0.1247395368355819,0.0015931955630336728
2013-05-21,56.98893737792969,57.016310212985665,56.865762230595024,56.89997957962361,757500,57.24317474365235,57.07035321322354,56.98935238520304,57.09475179672241,40.85539951050332,0.1285513050392666,0.0016232967816125186
2013-05-22,56.79732894897461,57.07789657387955,56.77680062926627,57.00262258772623,1320000,57.212782096862796,57.06930639093572,56.983731206258135,57.092080421447754,33.73094771734672,0.14614775454613899,0.0017544906675873663
2013-05-23,56.79047775268555,56.87944075539851,56.74942111810017,56.8520679253971,1309000,57.18375492095947,57.06986756758256,56.977770709991454,57.0904189491272,33.505959109506094,0.13588482048806835,0.0017567798594139833
2013-05-24,56.79732894897461,56.879447448642075,56.769956115752116,56.804173462488755,941100,57.15131454467773,57.0720381303267,56.97220551172892,57.08852228164673,33.98019119128509,0.13784039382557367,0.0017116285298491745
2013-05-28,56.482566833496094,56.76312932516585,56.45519399172709,56.75629003035041,943200,57.100746154785156,57.07133116288619,56.963639132181804,57.085792808532716,25.1172024278237,0.1569003246679885,0.0020056795777422683
2013-05-29,56.53043746948242,56.53728198143691,56.414106870420724,56.45516350048182,1453200,57.052571296691895,57.07198874733665,56.95507624944051,57.08337038040161,28.185096681394512,0.16080878686719555,0.0020341154153439636
2013-05-30,56.482566833496094,56.57152465361855,56.475722317844905,56.496250643962725,1593200,56.99714374542236,57.06979689164595,56.945775190989174,57.08087684631348,26.994096560934707,0.15934210822689213,0.001944992518303144
2013-05-31,56.38673400878906,56.55781026171571,56.243030582830635,56.53728194669778,1391000,56.93624076843262,57.06710017811168,56.93567552566528,57.07756711959839,24.74024148973922,0.16765034480914207,0.0019298451596251815
2013-06-03,56.33530807495117,56.42444433339533,56.253024830097125,56.294163836870105,2786500,56.88645153045654,57.06309654929421,56.9260516166687,57.073966846466064,23.60143938730164,0.17354060282725062,0.0017239569323469013
2013-06-04,56.31476593017578,56.3696214584906,56.273626899595236,56.34219369433319,1378500,56.83597679138184,57.05748242464932,56.91597391764323,57.07097110748291,23.14317558064417,0.16915540925147404,0.0017191651679020605
2013-06-05,56.29415512084961,56.38329659680008,56.287296877013276,56.301013364685936,1224100,56.78720989227295,57.04951331398704,56.90611975987752,57.06888303756714,22.667603212373024,0.1681917220773954,0.001722970599553231
2013-06-06,56.36958312988281,56.49986361321824,56.27358863625909,56.335302371478654,1101400,56.73947601318359,57.042298542369494,56.89762865702311,57.06747509002685,28.461315135267995,0.1745800825661534,0.0017461967267364054
2013-06-07,56.22562026977539,56.40389809149521,56.198192510179254,56.29418705311063,1194600,56.68899307250977,57.03345579667525,56.88889821370443,57.06487590789795,24.663357394693378,0.17949885885124672,0.0017817653852944715
2013-06-10,56.08160400390625,56.1707402602478,56.074745759169836,56.12274300970882,996500,56.6384952545166,57.02174675681374,56.878685283660886,57.06169136047363,21.563384763325914,0.17952255935540506,0.0017842148094197184
2013-06-11,56.10905075073242,56.10905075073242,55.88277567958296,55.93077294637439,2045800,56.59244918823242,57.00954680009322,56.8695484161377,57.05813865661621,23.535930513243173,0.18493163712389205,0.001809780466190075
2013-06-12,55.999332427978516,56.10904344138666,55.95819341360498,56.047329688517316,1255800,56.546390533447266,56.995476046475495,56.86057065327962,57.05289192199707,21.23676819017075,0.17420030801776068,0.0018109570357632563
2013-06-13,56.246158599853516,56.266728100319725,56.04731137650124,56.07473912089197,1600400,56.50925159454346,56.98552086570046,56.85263277689616,57.04874479293823,36.30999614058364,0.18401288194939422,0.0021150827435938552
2013-06-14,56.30791473388672,56.35591201488686,56.26677047066425,56.2941982357088,1128700,56.47109584808349,56.974586486816406,56.84509636561076,57.04490644454956,39.433135798409886,0.18403160210249325,0.0020985555558226967
2013-06-17,56.26675796508789,56.349041241933655,56.23247718988474,56.321613482985065,1028600,56.43703994750977,56.96277972134677,56.83653926849365,57.040424308776856,38.09251596095728,0.16791939458830743,0.00206938812824975
2013-06-18,56.2187385559082,56.24616630405579,56.1364605427735,56.14331355632935,1328400,56.40126838684082,56.94915625832298,56.83080196380615,57.03560102462769,36.53196627833192,0.1684281311096077,0.002068333217603691
2013-06-19,55.88958740234375,56.26670697568993,55.76616521457645,56.232426231552296,1557800,56.34630088806152,56.929424632679336,56.82192618052165,57.029367961883544,28.049437369161396,0.19733809006245245,0.0023364679828558436
2013-06-20,55.382205963134766,55.594769685858175,55.37535295014612,55.47820568935969,1505200,56.27554473876953,56.89984644109553,56.80842688878377,57.020362014770505,20.245617896414842,0.21158485958477766,0.00292089021038638
2013-06-21,55.15595245361328,55.47136377710697,55.14223596098229,55.437077776838656,1687300,56.19381847381592,56.86317402232777,56.79292894999186,57.00921426773071,17.859471454213747,0.2228497390723833,0.0029737883822531456
2013-06-24,54.88854217529297,55.08738425036648,54.71026437796515,54.813117154550795,3496300,56.098379135131836,56.8187839161266,56.77565463383993,56.99691846847534,15.529778090545378,0.24782784741186653,0.003042010849455326
2013-06-25,55.018802642822266,55.08051638465886,54.9159498939667,55.05308863621016,6285500,56.025190925598146,56.77725809270685,56.760199864705406,56.98527397155762,20.93989636802445,0.2546831680960869,0.0030311947746835925
2013-06-26,55.210784912109375,55.327354136615924,55.08736267480815,55.327354136615924,2360500,55.95920829772949,56.740341325239704,56.74775740305583,56.97526456832886,28.23526714071248,0.2605600621556948,0.003183777687935295
2013-06-27,55.43021774291992,55.43021774291992,55.29994245498181,55.32051196195577,895100,55.90659084320068,56.70940052379262,56.736409250895186,56.96635232925415,35.555138558845485,0.26154057997673724,0.00338607329921285
2013-06-28,55.45765686035156,55.519370625228824,55.265667780840225,55.34109280940683,1066100,55.86013698577881,56.67846166437322,56.72562859853109,56.957509670257565,36.42832949570599,0.2688854609612404,0.0033955590762922904
2013-07-01,55.551788330078125,55.57240040019701,55.41437103452966,55.42124347194722,1415900,55.820960998535156,56.6467509876598,56.715180492401124,56.94950897216797,39.45887491528537,0.2640107677125186,0.003441849393929601
2013-07-02,55.56554412841797,55.62050791216228,55.538059615478396,55.57241132505174,874000,55.78349990844727,56.61417291814631,56.70501651763916,56.941982192993166,39.90968878699609,0.25912440768083606,0.003447654752172575
2013-07-03,55.52431106567383,55.62737667184697,55.517443869494244,55.57240764960336,562300,55.74500770568848,56.58109387484464,56.694508934020995,56.9336754989624,38.97287408949626,0.24787705982451566,0.0034469705507910804
2013-07-05,54.90589141845703,55.10514481791645,54.88527411721857,55.063920699701534,1563000,55.67182312011719,56.53627333207564,56.67850875854492,56.923694458007816,28.258857382395703,0.28568302649750926,0.004124299571353034
2013-07-08,55.15325927734375,55.19448865107625,55.00896957461177,55.00896957461177,1975500,55.618205070495605,56.49532928466797,56.6645699818929,56.914545135498045,35.85506660591942,0.29797111082395944,0.004309818925678674
2013-07-09,55.21507263183594,55.256296742467164,55.187588144038436,55.21507263183594,1352500,55.57487850189209,56.45637900612571,56.65052553812663,56.905367374420166,37.632171161460434,0.29602397102460387,0.004316161007845357
2013-07-10,55.077693939208984,55.249468176431364,55.077693939208984,55.228850864572365,3070900,55.52331066131592,56.413564092462714,56.63539247512817,56.895131301879886,35.29199485074575,0.27254057646095425,0.004321802433740592
2013-07-11,55.44873809814453,55.44873809814453,55.28383624937735,55.33880527967816,1029600,55.49578094482422,56.37774498679421,56.62414229710897,56.88668319702148,45.203372751455206,0.2623126983708057,0.004637533147387521
2013-07-12,55.37311553955078,55.52427763865003,55.31127935835454,55.47618108367584,1393700,55.45212879180908,56.34079832597212,56.61152750651042,56.87755304336548,43.73310383297138,0.25401773152586316,0.0044945085309546625
2013-07-15,55.52431106567383,55.531183503987904,55.407505825007036,55.42125070163518,2293200,55.41294860839844,56.307221776788886,56.60062446594238,56.868875141143796,47.415701532861576,0.2334734378679342,0.0045448046925133136
2013-07-16,55.606727600097656,55.61360003383903,55.54488618068728,55.565503481911406,1929100,55.379947090148924,56.27377797907049,56.58967399597168,56.86003538131714,49.36126006247708,0.2261387777821707,0.004570691457805569
2013-07-17,55.73040771484375,55.79224389491706,55.68231116074299,55.7441473408163,1612200,55.3555305480957,56.24171385331587,56.58043225606283,56.85134136199951,52.21832306887796,0.2173505492840095,0.004612611354453639
2013-07-18,55.641090393066406,55.75102313386391,55.59986102840224,55.744150699397956,1372000,55.343105697631835,56.208025776256214,56.571971575419106,56.8423694229126,50.023345158858156,0.21247406890194703,0.004444130532177895
2013-07-19,55.785362243652344,55.785362243652344,55.654812241160656,55.654812241160656,1412000,55.36326351165771,56.175193855979224,56.56527751286824,56.8338489151001,53.4286548112804,0.20465756934461407,0.003958557324678572
2013-07-22,55.819766998291016,55.85412395018318,55.75793077544697,55.75793077544697,1041200,55.3964542388916,56.14273882779208,56.559378433227536,56.82528413772583,54.22958709968521,0.20024069856381793,0.00381711666045509
2013-07-23,55.805992126464844,55.826604187731576,55.72353863926637,55.7510231349992,1570700,55.4423267364502,56.11500972401012,56.55387331644694,56.81665048599243,53.83041650187319,0.2017133594053406,0.0036038237482166305
2013-07-24,55.627342224121094,55.68231121232466,55.538021549888725,55.66856634420815,1171100,55.47275371551514,56.084156660600144,56.54603220621745,56.807224941253665,48.81218811263643,0.21300177184986882,0.003693088467307071
2013-07-25,55.606727600097656,55.6479517182839,55.503662062501036,55.51053449624241,777300,55.49255084991455,56.053924560546875,56.539343961079915,56.798169746398926,48.25319548446458,0.17766267951612644,0.0036321146651110826
2013-07-26,55.647926330566406,55.68228324146796,55.5998298005814,55.65479876117244,1013900,55.50343627929688,56.02344575361772,56.53135732014974,56.78962518692017,49.49793937041354,0.16293812296379379,0.003533556643956093
2013-07-29,55.641090393066406,55.64795758540081,55.56550934033557,55.63421795860046,1536900,55.512607955932616,55.99446050470526,56.52410618464152,56.78067419052124,49.28609360067929,0.1614674643882097,0.0035335605848917425
2013-07-30,55.606727600097656,55.65482415202527,55.53801898907691,55.61360003383903,1289700,55.51535491943359,55.96746354536577,56.515436776479085,56.77205879211426,48.17004078776686,0.15754110194006543,0.0035188173036297308
2013-07-31,55.668575286865234,55.668575286865234,55.37999591563567,55.37999591563567,1400500,55.52050647735596,55.942710876464844,56.507225799560544,56.76331283569336,50.34928328504444,0.15165075996106683,0.0035266066273052636
2013-08-01,55.39731216430664,55.548784652977986,55.33534901142943,55.49370279293471,1449800,55.5141565322876,55.91501645174893,56.496867434183756,56.7529736328125,42.0067851662353,0.160238473899661,0.003695352223278474
2013-08-02,55.5763053894043,55.61072759975259,55.5005691725873,55.5005691725873,1042700,55.547677230834964,55.88933223377575,56.4885669708252,56.74332647323608,48.11576588995923,0.16419186468600597,0.0027011282728325566
2013-08-05,55.5969123840332,55.6106802058603,55.500521872576826,55.57625802484811,1503100,55.56985988616943,55.862530101429336,56.480324776967365,56.73388385772705,48.784655449416206,0.16568253362302546,0.002540811099652117
2013-08-06,55.56257629394531,55.569462842624674,55.50061311452375,55.535040605022985,824900,55.587235069274904,55.83734283447266,56.472419357299806,56.724844779968265,47.68161651370575,0.15930988895802908,0.0025447220344339714
2013-08-07,55.64518737792969,55.65207392515594,55.56945111713023,55.57633766435648,925100,55.61560974121094,55.81390679099343,56.464522997538246,56.71692909240723,50.57701748136426,0.15490528365438294,0.0024681990738395095
2013-08-08,55.672698974609375,55.74154865189902,55.65892588741524,55.67269897460937,731600,55.62680778503418,55.78997518366033,56.45725231170654,56.7092861366272,51.53887349010938,0.15148309961033998,0.001988085196594819
2013-08-09,55.741539001464844,55.74842554386965,55.61072096023723,55.62449404504685,746900,55.645228958129884,55.77077900279652,56.45072476069132,56.701547679901125,53.95369912507374,0.15444820024578373,0.0019650895907743766
2013-08-12,55.63828659057617,55.76910468991103,55.617632207080156,55.734677215487615,1036200,55.650927734375,55.74983007257635,56.4429975827535,56.693699016571045,49.93452305859205,0.15790583841476039,0.0019378755364098813
2013-08-13,55.445499420166016,55.51434910876584,55.39730411285669,55.51434910876584,900800,55.64286632537842,55.72525135387074,56.433210913340254,56.68424367904663,43.429312324156996,0.15597811706785794,0.002064266903556702
2013-08-14,55.417945861816406,55.46614115813978,55.397291485234,55.43171894813356,809100,55.627243232727054,55.70589460893111,56.42296832402547,56.674785690307615,42.57561168381637,0.1505895468623518,0.001988300115560807
2013-08-15,55.21828842163086,55.32156557667878,55.17697966076942,55.25271589094494,913900,55.606103134155276,55.682037353515625,56.409533437093096,56.66480323791504,36.91325202095959,0.1619118868738109,0.002105229702712036
2013-08-16,55.07369613647461,55.245822957349986,54.99795991505795,55.22516857930793,813800,55.570519828796385,55.656421522660686,56.39466721216838,56.653488883972166,33.444266140429804,0.17372722953286818,0.002039493548556136
2013-08-19,54.91536331176758,55.032408333832926,54.89470892586142,55.00486740165948,766500,55.525299644470216,55.62966932816939,56.37859462102254,56.64090925216675,30.10764060379836,0.17816880436607008,0.002075402407196629
2013-08-20,55.07369613647461,55.07369613647461,54.97041899337064,54.9910786243064,982500,55.488684844970706,55.606730929288,56.36361544926961,56.6295609664917,36.88841886359166,0.1688654796144604,0.0022325192110601924
2013-08-21,54.86027526855469,55.05305651916028,54.86027526855469,55.004861206508885,737300,55.45033149719238,55.58028564453125,56.346596558888756,56.61704412460327,32.33467180504846,0.16030795050618302,0.0022775593615115626
2013-08-22,54.91536331176758,54.93601769767373,54.805199583073815,54.867167993687985,751500,55.41576328277588,55.55521670254794,56.33015012741089,56.60436305999756,34.57957377029777,0.15440814187432345,0.0023082936777387157
2013-08-23,55.07369613647461,55.101237058161914,54.84649272511833,54.87402839391193,1628700,55.38705177307129,55.53165512084961,56.315306727091475,56.59338689804077,40.67198617842281,0.1647357132857599,0.002421822692489433
2013-08-26,55.17007064819336,55.1838437314676,55.10810753213581,55.16318935944842,683400,55.36350078582764,55.51246330954812,56.30206054051717,56.58221612930298,44.085311990176116,0.16572487939172678,0.0024734658803016395
2013-08-27,55.307796478271484,55.33533740251526,55.19075148990611,55.22517370554018,731300,55.34855422973633,55.4983940818093,56.29064261118571,56.57129421234131,48.63347491633107,0.17113695961396047,0.0025571052316925107
2013-08-28,55.211402893066406,55.252711650757746,55.16320759146188,55.245825106844556,768800,55.32569561004639,55.48207321166992,56.279725551605225,56.560160903930665,45.824028261658036,0.17458178910255132,0.002555786418159738
2013-08-29,55.2664794921875,55.2940204149496,55.094352664594815,55.094352664594815,855000,55.31915397644043,55.46874861283736,56.26949396133423,56.5488632774353,47.68365817237783,0.17900772958272018,0.00234453375044592
2013-08-30,55.19076156616211,55.31468786854318,55.183875020620334,55.259611262894424,1216800,55.29987678527832,55.44955957586115,56.257724316914874,56.53722068786621,45.377562836307234,0.17753204137500386,0.002221364273070294
2013-09-03,55.06721878051758,55.13622088739822,54.943022357902755,55.12241836037342,1608800,55.27339210510254,55.427001467618076,56.24549236297607,56.52502809524536,41.82345228045739,0.17801466498499455,0.0022534619803659434
2013-09-04,54.998260498046875,55.12935827608914,54.95686341619157,55.10865973516149,810100,55.24517631530762,55.40393787730824,56.232515303293866,56.51252475738525,39.94290960438592,0.18541789262726585,0.0022600180937336215
2013-09-05,54.61874771118164,54.86713534249879,54.604945181366794,54.83263954620715,1637700,55.193854331970215,55.37484713467685,56.21580867767334,56.498259143829344,31.538166903488303,0.19629997231534396,0.0026199152614534526
2013-09-06,54.825767517089844,54.93616675798797,54.80506897545283,54.85336732731437,954100,55.15150775909424,55.355504954944955,56.199919605255126,56.48502862930298,39.06977439492509,0.20126825835207893,0.0028107474287781048
2013-09-09,54.9637336730957,54.9913282026797,54.92923261493211,54.9775309378877,989800,55.11261749267578,55.34789636785334,56.18489742279053,56.47292760848999,43.528529338682986,0.20030922085041272,0.0028725476495055397
2013-09-10,54.846458435058594,54.94995639298296,54.81196262516701,54.91545531896657,1120800,55.0730260848999,55.34226920387962,56.169351482391356,56.460544700622556,40.795693288832986,0.19984052250910267,0.0028791770691231023
2013-09-11,54.998260498046875,54.998260498046875,54.853365447427954,54.92236233856191,1474000,55.05066413879395,55.34426408247514,56.15495697657267,56.448853168487545,45.56014144699982,0.19543917929969976,0.00290278545704399
2013-09-12,54.98443603515625,55.094829953554694,54.96373750446422,55.05343289217062,757000,55.028988647460935,55.34363923506303,56.139993540445964,56.437160148620606,45.20337382555406,0.19545877462045372,0.0029028770327440214
2013-09-13,55.07412338256836,55.08102464649911,54.99132400776538,55.00512653562687,1067000,55.02178039550781,55.34115447998047,56.12583436965942,56.42534044265747,48.04579648314158,0.18416193735611636,0.002832944068893092
2013-09-16,55.143131256103516,55.35012710244152,55.10863545779588,55.343225837130774,816700,55.025252151489255,55.33593472567472,56.11207968393962,56.41369674682617,50.18686639348905,0.19600880341898577,0.002785602864269685
2013-09-17,55.191444396972656,55.20524693129838,55.12934878488024,55.198345664135516,952700,55.03905620574951,55.331094499067824,56.09776417414347,56.4021252822876,51.68799040001586,0.18962533142586022,0.00270214974308986
2013-09-18,55.63301086425781,55.688210453589775,55.08792676388048,55.191424677847266,1103800,55.06702194213867,55.33257127241655,56.08707151412964,56.39296457290649,62.739799836094186,0.2221749602044092,0.003166571215205402
2013-09-19,55.57097244262695,55.7296648450569,55.53647134777106,55.7296648450569,1050200,55.10255680084229,55.33266996903853,56.07542937596639,56.38326677322388,60.64089277129133,0.22171251355662744,0.003022250521039951
2013-09-20,55.563995361328125,55.5915951467311,55.50189979226205,55.55709409894718,560900,55.134988403320314,55.33339150168679,56.06367244720459,56.37329683303833,60.39617963920737,0.2187755497384991,0.003025800986340335
2013-09-23,55.60542297363281,55.633022774207376,55.53642610425826,55.53642610425826,833000,55.16157474517822,55.34611025723544,56.051975917816165,56.36333047866821,61.392422101916985,0.2079796541449106,0.002977970315043725
2013-09-24,55.72272872924805,55.76412580197592,55.64683058649748,55.681326392395974,1052900,55.18920764923096,55.35646424727006,56.03989086151123,56.35395065307617,64.14295335671096,0.2069945090338773,0.0029870852206666906
2013-09-25,55.84000015258789,55.85379741624375,55.72960098685317,55.7503047785199,788300,55.215817832946776,55.36782656582919,56.02747421264648,56.3456997680664,66.69730654166885,0.18826260691356467,0.002974579857037523
2013-09-26,55.757232666015625,55.78483247323372,55.72963285879754,55.75033666230483,679000,55.24310932159424,55.38018181540749,56.014595127105714,56.336865482330325,63.2714702153908,0.1734731959838522,0.0029648695913257264
2013-09-27,55.77101516723633,55.82621476184333,55.73651410457617,55.750316635289465,488200,55.26833610534668,55.386041398481886,56.00234352747599,56.32833728790283,63.606692435367286,0.16805462253223066,0.002962938083303164
2013-09-30,55.80553436279297,55.81243563104304,55.70893766379314,55.77103854979319,1218500,55.299074745178224,55.393903558904476,55.99128996531169,56.320422382354735,64.48108460415668,0.16460654534088853,0.0029315412804761507
2013-10-01,55.73777770996094,55.793094968886045,55.69629240343919,55.76543633942349,1146300,55.33260269165039,55.397784770618784,55.97944399515788,56.31274490356445,61.36450702418884,0.16156653793842427,0.0028887474406428105
2013-10-02,55.800010681152344,55.85532794504551,55.7654413477276,55.772357324550406,984500,55.372690200805664,55.40129900845614,55.96697845458984,56.305209178924564,63.12730973273965,0.16059923693800268,0.002856788778331513
2013-10-03,55.827659606933594,55.84149155817438,55.74468900086371,55.751599701140385,6070900,55.43313579559326,55.40306722467596,55.954231135050456,56.29832010269165,63.91505483348578,0.16061451879284658,0.0022265492943647778
2013-10-04,55.76540756225586,55.7861502048127,55.73083297443348,55.74466491969901,749000,55.48011779785156,55.40532753684304,55.94107904434204,56.29176382064819,60.7672313133404,0.1478161554090574,0.002184091460172201
2013-10-07,55.8068962097168,55.896782757992575,55.79306953895966,55.88987206028489,840000,55.52227592468262,55.40571906349876,55.928044668833415,56.28480478286743,62.1066922930971,0.15177880178895567,0.0021486849286488875
2013-10-08,55.786163330078125,55.841480573472275,55.75850470838104,55.772336656900926,841700,55.569261169433595,55.40510808771307,55.91455284754435,56.277674179077145,60.98615226400118,0.11482824288766581,0.0020578323816371766
2013-10-09,55.751590728759766,55.8138239486404,55.717021406908636,55.79999199962565,1117400,55.606927680969235,55.404118971391156,55.901171620686846,56.269964084625244,59.07220796547517,0.1079431746338031,0.0020310665387651555
2013-10-10,55.76540756225586,55.7861502048127,55.65477310149742,55.675515744054266,899700,55.64597625732422,55.406629250266334,55.88727906545003,56.26425504684448,59.61765271968578,0.11092044240853381,0.0020220348443434682
2013-10-11,55.786163330078125,55.88296586834655,55.772336656900926,55.834564599212335,762600,55.68157825469971,55.40989171808416,55.873673852284746,56.25841245651245,60.46991864418349,0.11241770213293226,0.002011330997873446
2013-10-14,55.6755485534668,55.80000975749388,55.64097922061428,55.78618307942179,486600,55.70819911956787,55.41039394031871,55.85926024119059,56.251779594421386,53.93670308301095,0.1124411098855391,0.00208846624201777
2013-10-15,55.66166687011719,55.7653853168685,55.66166687011719,55.75155337712068,939600,55.731710243225095,55.41076805808327,55.845015621185304,56.24500940322876,53.16047363340768,0.11048752129665422,0.0020924639437289215
2013-10-16,55.896785736083984,55.89678573608398,55.647868721801316,55.67552206478891,936300,55.74489898681641,55.416041842373936,55.83210436503092,56.239686031341556,62.8994994361418,0.12038392990324757,0.0014423940705314915
2013-10-17,56.090450286865234,56.10427697172525,55.972899726492976,55.99364766680371,717600,55.77087287902832,55.42371229691939,55.82040866216024,56.23577140808106,68.67670476614954,0.1287975426442551,0.0015738930871760908
2013-10-18,56.15264892578125,56.1803075563888,56.10424764105414,56.131906271661684,805700,55.80030555725098,55.437445692582564,55.80923128128052,56.23301525115967,70.2775105591174,0.12782320709237385,0.0015736577379110415
2013-10-21,56.0834846496582,56.14571258945149,56.076568675678125,56.14571258945149,952900,55.824208641052245,55.44666713367809,55.796667671203615,56.229472694396975,66.22451939708392,0.12545451357446982,0.0016206932647876945
2013-10-22,56.26329040527344,56.304775718642304,56.22871579390269,56.22871579390269,763900,55.851236724853514,55.45878309770064,55.78548847834269,56.22703247070312,70.91981453581448,0.1328645731387219,0.001697255597602784
2013-10-23,56.29093933105469,56.37390994348285,56.28402335490429,56.31859268496799,741100,55.87378368377686,55.47202606201172,55.776820532480876,56.22445936203003,71.57419965819119,0.13385150034577467,0.0016539780815213695
2013-10-24,56.29093933105469,56.37390994348285,56.270191402603515,56.36699396733246,706500,55.90046901702881,55.483767006613995,55.76820952097575,56.22198795318604,71.57419965819119,0.1343437795157192,0.0015972694470589924
2013-10-25,56.353179931640625,56.36009590934243,56.29786266071688,56.325521296178756,703100,55.92957725524902,55.49613938765092,55.76057357788086,56.21982774734497,73.15152316652063,0.12989959255507802,0.0016022780885010766
2013-10-28,56.30474853515625,56.36697647516639,56.29783256115207,56.31166450916042,943100,55.95453796386719,55.506379560990766,55.75207764307658,56.217221927642825,69.90117094043023,0.12891159604958397,0.0016313385436723781
2013-10-29,56.34625244140625,56.34625244140625,56.270192528262804,56.28402448084029,683700,55.984961700439456,55.519251667369495,55.744669087727864,56.21482362747192,71.08680273442734,0.12742997972184714,0.0015844599998224487
2013-10-30,56.284000396728516,56.41537223793474,56.228683160777486,56.38080292197183,907100,56.009161186218265,55.534497139670634,55.73793942133586,56.21174160003662,66.83425977856294,0.13138083499627382,0.0016196944760944235
2013-10-31,56.284000396728516,56.37388694864246,56.221767187448116,56.33240165935017,1615500,56.03197822570801,55.550243585759944,55.73172299067179,56.20869329452515,66.83425977856294,0.13384951036082018,0.001622477785104148
2013-11-01,56.13226318359375,56.2639331471313,56.13226318359375,56.24314426596242,1010100,56.0503210067749,55.56686130870472,55.72515430450439,56.20536081314087,57.16681740002026,0.1333285586647602,0.0017351937217364426
2013-11-04,56.166900634765625,56.20847838658522,56.14610647175615,56.17382673533577,701100,56.068321228027344,55.586737754128194,55.71830399831136,56.201760864257814,58.63762682739656,0.1313640412533427,0.0017338290065742963
2013-11-05,56.00056076049805,56.13223064771588,56.00056076049805,56.13223064771588,2158400,56.07904109954834,55.60646861683239,55.709383424123125,56.197600288391115,49.794729831008354,0.1254656741094082,0.001879073143430961
2013-11-06,56.09761047363281,56.12533074370615,56.062964101366816,56.090684371440155,1300300,56.09634208679199,55.625085241144355,55.702297878265384,56.193484420776365,54.14016467501042,0.11955701322132535,0.0018990225631577466
2013-11-07,56.20849609375,56.21542748360339,56.125335276813274,56.15998693897891,839300,56.1184965133667,55.649598347056994,55.6962505976359,56.19032981872559,58.55414776626001,0.12155413753896939,0.001934996181536864
2013-11-08,55.84119415283203,55.92434965648054,55.82733137749083,55.91742355590961,2391600,56.12124805450439,55.66643163507635,55.68668607076009,56.18625392913818,43.58831386785181,0.14334588512154411,0.0024794896737852182
2013-11-11,55.792686462402344,55.84812170390791,55.78575507455172,55.84812170390791,1695300,56.127104949951175,55.67950418645685,55.67831405003866,56.182274112701414,42.05941573850951,0.13199413943383576,0.0024436171299198474
2013-11-12,55.76495361328125,55.81346274308864,55.73723335523436,55.7510908407085,1787400,56.132269287109374,55.69032024036754,55.66976801554362,56.17846059799194,41.17029441179977,0.1295377001227551,0.0024461500296468416
2013-11-13,55.91741180419922,55.938200675742316,55.85503990247136,55.889691546442236,1375900,56.133300590515134,55.70140415538441,55.662435372670494,56.175714626312256,47.714005566013725,0.1345040230928787,0.0023339004437089236
2013-11-14,56.0767936706543,56.09065644233876,55.96591793266995,55.99363818894061,1175300,56.13261775970459,55.71713853315874,55.65905392964681,56.173257217407226,53.53296389968665,0.14193888451086473,0.0022898167349004427
2013-11-15,56.09761047363281,56.104541862926375,56.04217522058703,56.08375298214659,818600,56.12986583709717,55.73225000554865,55.65544703801473,56.17169868469238,54.249138571376946,0.14145479367693778,0.002276754489449843
2013-11-18,56.20158386230469,56.21544664673713,56.1114969119064,56.1114969119064,875500,56.13577079772949,55.75062859275124,55.6531055132548,56.169674987792966,57.75162786028631,0.1444388122455713,0.0022966579330112847
2013-11-19,56.09065246582031,56.173807941638735,56.0490694408132,56.15301907268413,820200,56.12713890075683,55.76923647793856,55.6506381670634,56.16757211685181,53.082400126247364,0.14199776541230236,0.0022196431892710883
2013-11-20,55.938228607177734,56.159985492864124,55.91050833557929,56.062967185820156,1025000,56.10950336456299,55.78632680719549,55.64732917149862,56.16402797698974,47.410384035681865,0.14895186513305195,0.0022857306447428664
2013-11-21,55.938228607177734,55.9728749813499,55.834278910458856,55.903576945904376,3170500,56.09186782836914,55.81031736894087,55.644191360473634,56.16044965744018,47.410384035681865,0.148013212115643,0.0022857306447428664
2013-11-22,56.06294631958008,56.06294631958008,55.9728541486415,55.9797855357366,1977800,56.07735614776611,55.83281152898615,55.64226462046305,56.15756280899048,52.25196256057834,0.15147767707356255,0.0023356805763657205
2013-11-25,56.104522705078125,56.12531157875919,56.056013570789275,56.062944957716,1588700,56.06734485626221,55.853553147749466,55.64005578358968,56.15522361755371,53.779612477130584,0.14454611519515786,0.0023413238681768084
2013-11-26,56.1114616394043,56.17382826883625,56.1114616394043,56.118393027263345,1177800,56.05560531616211,55.8765532060103,55.63910446166992,56.15285104751587,54.04387915645736,0.14058437094873102,0.00233274124141548
2013-11-27,56.09065246582031,56.15301907268413,56.021349186507756,56.14608768733329,1571100,56.0459379196167,55.89641487815163,55.6391798655192,56.15074817657471,53.06403759583735,0.14157386210628786,0.002323615394304867
2013-11-29,56.118370056152344,56.132227539098295,56.00055765917237,56.00055765917237,1058600,56.03765640258789,55.917031860351564,55.63925752639771,56.148376274108884,54.25377182336243,0.1237528023681987,0.0023281351892784317
2013-12-02,55.90658950805664,56.052432149207945,55.90658950805663,56.01771073858253,1297500,56.02637271881103,55.93216760808771,55.63848466873169,56.1451833152771,44.89074404045579,0.13442522513530772,0.0024016178278555515
2013-12-03,55.96211624145508,56.02461792187077,55.941282347983176,55.96905734024658,1043700,56.01613349914551,55.947058244185015,55.63611764907837,56.14236967086792,47.451383323690784,0.13741086984672535,0.0024098007363450853
2013-12-04,55.87880325317383,55.892696054786896,55.79546233914949,55.8301890446308,1816600,56.0100456237793,55.95955567793413,55.63254172007243,56.13893594741821,44.13757350404077,0.13693992983561998,0.0023418690450572217
2013-12-05,55.78158950805664,55.87187154808264,55.77464310542303,55.83715013202005,2193800,55.99424457550049,55.96225710782138,55.62849864959717,56.13474439620972,40.57671110666648,0.13200532337928092,0.00232701829735417
2013-12-06,55.86488723754883,55.885721130783786,55.774599968799166,55.809326656556514,1622700,55.97706413269043,55.9676010131836,55.62554988861084,56.13083354949951,44.69398075483368,0.1354877890682294,0.0023047522281153007
2013-12-09,55.920440673828125,55.94822096340714,55.8857192857657,55.920440673828125,957100,55.98102645874023,55.97408183704723,55.625806999206546,56.12628337860107,47.315758110159244,0.1330233285506576,0.0017911601140626144
2013-12-10,56.038482666015625,56.05931654905895,55.97597571833962,56.0315362721525,957400,55.9933162689209,55.98195564963601,55.63127597173055,56.122187576293946,52.4714639595187,0.13204914667489578,0.0018322057055504156
2013-12-11,55.94131851196289,56.02465413972386,55.920479306470526,56.010766634614406,1326200,56.00213451385498,55.985930009321734,55.637820688883465,56.117673797607424,48.282990354312744,0.12265816112205741,0.0018780316264496312
2013-12-12,55.79545593261719,55.885743237081115,55.788514831158984,55.851016535587185,1917600,55.99603672027588,55.98512011441318,55.645378303527835,56.112295093536375,42.76429503958755,0.12367299040154782,0.0018724512905903155
2013-12-13,55.85797119140625,55.88575149699718,55.823244484779714,55.85797119140625,1117500,55.98509559631348,55.98695172396573,55.652371374766034,56.10707223892212,45.632489121150265,0.12121426554280847,0.0017655323927524033
2013-12-16,55.87880325317383,55.941310263329925,55.85102294849905,55.90658355784861,1865100,55.974155235290525,55.988911507346415,55.657938194274905,56.102021579742434,46.59293112895117,0.12271350174716288,0.0017655615404403213
2013-12-17,55.98298263549805,55.98992903687093,55.87880780911182,55.89964171467871,2186000,55.96322517395019,55.99213783957742,55.66254456837972,56.0976619720459,51.23268310997941,0.12570066031423263,0.0017662310393307056
2013-12-18,55.96211624145508,56.07323210615476,55.850995078206694,55.92738955330278,1787000,55.95679836273193,55.99621672196822,55.66674839655558,56.09367448806763,50.29029347224242,0.13216974186935357,0.0017168797795648239
2013-12-19,55.85797119140625,55.88575149699718,55.774630274633466,55.80935698126,1591400,55.95278549194336,55.99727054942738,55.669299920399986,56.089574604034425,45.76551172435591,0.13615660521904566,0.0016581850631363375
2013-12-20,55.96211624145508,55.96905734024658,55.86488787288709,55.899609262490685,1135800,55.953979873657225,55.99971521550959,55.672604688008626,56.086777935028074,50.55632146056951,0.12896414812937554,0.0017138322082549714
2013-12-23,55.8926887512207,55.98297075570298,55.86490845017601,55.94824405475945,3419000,55.94546699523926,56.00202941894531,55.675674502054854,56.08377002716065,47.54135523865918,0.1289665689660069,0.001653244363278071
2013-12-24,55.77496337890625,55.837658120987165,55.77496337890625,55.837658120987165,575000,55.928989028930665,56.00144882202149,55.68291676839193,56.079629249572754,42.87251284821616,0.12547167396663994,0.0016944693357456907
2013-12-26,55.69133758544922,55.774928751505264,55.69133758544922,55.754032288606645,2086900,55.90798282623291,55.999724717573685,55.6874007542928,56.07541067123413,39.87671892837655,0.12400493437422812,0.0017122271678973546
2013-12-27,55.69133758544922,55.733135825708025,55.65651191877204,55.67740838167066,1983400,55.888017082214354,55.99862920587713,55.69136962890625,56.071089820861815,39.87671892837655,0.12154084472789707,0.001714273441157022
2013-12-30,55.781944274902344,55.795873490732895,55.73318404779618,55.754080528775084,2818200,55.871195793151855,55.998929873379794,55.69723838170369,56.066881828308105,44.729757507727605,0.1230552861154232,0.0017618851786512198
2013-12-31,55.76102828979492,55.81675044809275,55.71226807974413,55.76799023804195,1633600,55.86391773223877,55.99847287264737,55.69984079996745,56.062024688720705,43.84984025925404,0.12059860705240867,0.0015616322979491127
2014-01-02,55.80979919433594,55.85159214968392,55.76103897494153,55.79586466624306,1413300,55.856301879882814,56.000913793390446,55.703479830423994,56.057241706848146,46.4929979598828,0.11863864279125837,0.0015573664899842666
2014-01-03,55.816776275634766,55.87250377418314,55.76801604302164,55.781950574892115,1577300,55.85320053100586,56.003733964399856,55.705917040506996,56.052765731811526,46.87824750089632,0.11518750353108638,0.0015250120247706138
2014-01-06,55.865509033203125,55.907307293791106,55.83068334958798,55.865509033203125,1287400,55.85739650726318,56.00316529707475,55.70807355244954,56.0484652709961,49.60741407312864,0.11520432165796837,0.0014844150897532636
2014-01-07,55.935176849365234,55.93517684936524,55.87944937242563,55.914275059664355,2719600,55.860910987854005,56.00034214366566,55.70977996190389,56.044240913391114,53.30110180441498,0.11373150032448567,0.0014730213443533077
2014-01-08,55.754051208496094,55.83764240291844,55.75405120849609,55.823707879949694,3472700,55.8525915145874,55.993094912442295,55.71072130203247,56.03914505004883,44.2250964758276,0.11873149012248874,0.0016281714972920997
2014-01-09,55.85855484008789,55.8794513160509,55.78193088524694,55.83069110064892,1043900,55.84359512329102,55.98900527954102,55.7113312403361,56.03446935653687,49.56159097272706,0.1118145672372555,0.0016116781334504003
2014-01-10,56.13019561767578,56.13019561767578,56.02570796814475,56.04660443515843,1374900,55.85303897857666,55.986585374311964,55.71391814549764,56.030573806762696,60.216862756182934,0.11782562514913256,0.0019183912477828194
2014-01-13,56.2067985534668,56.25555872978041,56.14410386137179,56.165000320583246,784400,55.87360610961914,55.98505554199219,55.71725819905599,56.02702714920044,62.615319853429384,0.11884540823943977,0.0018187092334617453
2014-01-14,56.12324905395508,56.22076947895696,56.11628179089363,56.20684026729865,798700,55.88687000274658,55.9820066278631,55.72139075597127,56.02280324935913,58.47453358368378,0.11787579270632266,0.001855066359933825
2014-01-15,56.08839797973633,56.12322896811337,56.039637784686086,56.06750151249518,780600,55.897349739074706,55.97719241055575,55.72540467580159,56.01837110519409,56.78754439187232,0.11543907106021832,0.0018645655858813466
2014-01-16,56.21382141113281,56.21382141113281,56.1650611819818,56.178995712862886,988200,55.908891677856445,55.975539190118965,55.730120468139646,56.01439517974853,61.13334585885617,0.11842461662732211,0.001883902783383948
2014-01-17,56.2765007019043,56.2765007019043,56.17201300688326,56.20684401004525,668600,55.9246109008789,55.97427097667347,55.73541555404663,56.00991300582886,63.12895925694066,0.12041488720482565,0.0018891532899400784
2014-01-21,56.2765007019043,56.31829365412674,56.23470774968186,56.24166969874231,2570400,55.945537376403806,55.97413461858576,55.740996996561684,56.00464551925659,63.12895925694066,0.11891845857348317,0.0018227170492564084
2014-01-22,56.17896270751953,56.24165211625499,56.17199544617228,56.21378838532925,1637900,55.95637969970703,55.97222484241832,55.74525022506714,55.999026718139646,57.77518884469969,0.1189200933865828,0.001845359239465625
2014-01-23,56.33219909667969,56.415784957968924,56.269504386250574,56.269504386250574,1552800,55.97835521697998,55.97586004083807,55.75304094950358,55.99448167800903,63.07354877721537,0.12936712128375408,0.0018955290835739982
2014-01-24,56.47848129272461,56.4993777586479,56.41578658049239,56.422753840620935,1174900,56.0135311126709,55.98152514371005,55.76055908203125,55.99121427536011,67.2927653100495,0.13384504491280527,0.0018605032505852803
2014-01-27,56.37398147583008,56.50633281738214,56.36005227304306,56.471501838722794,8599900,56.04766330718994,55.98831461126154,55.76703465779622,55.98728771209717,61.855491020219,0.13782715392585793,0.0018831440355946538
2014-01-28,56.422767639160156,56.45063137202624,56.36704017342798,56.429734900992585,4081300,56.08423480987549,55.994226559725675,55.77420291900635,55.98292217254639,63.34456759932587,0.13882168124272504,0.0018783014219546877
2014-01-29,56.54816436767578,56.58995731904637,56.457611201551224,56.49940415292181,3245200,56.12254581451416,56.000402346524325,55.78172772725423,55.97887630462647,66.91922855808195,0.13782625545822974,0.001899136070165205
2014-01-30,56.54816436767578,56.548164367675774,56.457611201551224,56.506371416305186,2204000,56.161902618408206,56.013256350430574,55.78902327219645,55.97489883422852,66.91922855808195,0.1353371882132122,0.001889959848980312
2014-01-31,56.62480545043945,56.65266919793687,56.576045220935576,56.576045220935576,3366900,56.20265293121338,56.028385786576706,55.79638382593791,55.971167755126956,69.05811657737783,0.12339890626129803,0.0018953086727113342
2014-02-03,56.80697250366211,56.80697250366211,56.58359803231072,56.6254844070855,4118600,56.25216274261474,56.04733158458363,55.806122875213624,55.968176708221435,73.45190089233454,0.13039971763606673,0.0019683379517955266
2014-02-04,56.71625518798828,56.76511821020036,56.68833270019995,56.7511596291412,1923700,56.294700050354,56.06185600974343,55.81671250661214,55.96497129440308,68.25403177060035,0.1314105830216974,0.0020448916522627625
2014-02-05,56.59757614135742,56.72322464589103,56.59757614135743,56.70926074223795,1353800,56.327820014953616,56.07132478193803,55.82654275894165,55.96079660415649,62.06610282147559,0.13441324268345514,0.002137119467018967
2014-02-06,56.576629638671875,56.59757016627195,56.527766632382274,56.576629638671875,2321400,56.3689489364624,56.08003422130238,55.83786226908366,55.956585807800295,61.0146892747961,0.13044081965335966,0.001955136256588428
2014-02-07,56.64642333984375,56.681322437896654,56.57661981807061,56.59756034203582,921100,56.408342361450195,56.08812221180309,55.85096832911174,55.95279201507569,63.248680288709416,0.1304561714251459,0.0019406690094773255
2014-02-10,56.68130874633789,56.68829069452889,56.61848718961702,56.64640965671498,1302200,56.435898017883304,56.09886141690341,55.865684541066486,55.94934345245361,64.34837464813228,0.12947171431564491,0.0016757104905644482
2014-02-11,56.56266784667969,56.59059032641091,56.520786789917075,56.56266784667968,5401900,56.453691482543945,56.11021485762163,55.87809263865153,55.94492610931397,57.99288389121085,0.13347290722198782,0.001757113362352531
2014-02-12,56.464942932128906,56.50682398970865,56.40212134575929,56.50682398970865,3057200,56.47077617645264,56.11979148171165,55.89146486918131,55.93978115081787,53.32126401772379,0.1280246393984881,0.001770920903057584
2014-02-13,56.604576110839844,56.611558065545694,56.548736450206114,56.555713079240945,3466300,56.496585083007815,56.12963929609819,55.90554164250692,55.93533435821533,58.46917847891661,0.12655581593052898,0.0018202187155885998
2014-02-14,56.58357238769531,56.625458743486504,56.56961381954163,56.61847679657713,4205900,56.515072631835935,56.13834929032759,55.918123944600424,55.930296630859374,57.44295638179654,0.12009612875951449,0.001779196356713968
2014-02-18,56.660400390625,56.69530482572741,56.597578798243546,56.611537376883064,2767900,56.534267616271975,56.14832999489524,55.93054335912068,55.92557466506958,60.195027429857745,0.12210621729050329,0.0017856548123885562
2014-02-19,56.61152648925781,56.78603797986938,56.597567913302825,56.72321639956987,1985600,56.55101890563965,56.15780043168501,55.94140777587891,55.92197683334351,57.64135876188001,0.12362624491052746,0.0018046528903311555
2014-02-20,56.604576110839844,56.611558065545694,56.51383200234789,56.57665894335849,1079500,56.572299575805665,56.16664054177024,55.95301755269369,55.91837841033936,57.26927412738507,0.12413859470147363,0.001744149896180621
2014-02-21,56.64642333984375,56.64642333984375,56.52775682026268,56.541715394350376,592600,56.58801078796387,56.18009206598455,55.96451708475749,55.91526306152344,58.98593033839782,0.12515014393861484,0.0016577515802348288
2014-02-24,56.63246154785156,56.6464254481263,56.59756244849977,56.63944349798893,3138000,56.595709800720215,56.19228016246449,55.97653125127157,55.911804065704345,58.14661218507229,0.11268503881541037,0.0015680556401702712
2014-02-25,56.744163513183594,56.76510404238086,56.6743599739698,56.70228245478905,1424300,56.61421890258789,56.20801398537376,55.99050579071045,55.909348487854004,62.71737794542614,0.11368523103449187,0.0015458547936466665
2014-02-26,56.86286163330078,56.86984358879921,56.73023110718858,56.73023110718858,987100,56.63622360229492,56.227673478560014,56.00604413350423,55.90820499420166,66.85917973196129,0.11468265796856565,0.001591914062144921
2014-02-27,56.93262481689453,56.93262481689453,56.86980323899612,56.93262481689453,670700,56.65544662475586,56.24708688909357,56.02532644271851,55.90771825790405,69.03639567330796,0.11467934901275154,0.0015465081602637713
2014-02-28,56.890743255615234,56.890743255615234,56.81395777731497,56.883761305133085,2445800,56.67257556915283,56.264728754216975,56.042534573872885,55.90756944656372,66.22363660573711,0.11567680756657442,0.001563672600294051
2014-03-03,57.01106643676758,57.03205125148556,56.913133743462616,56.969096807331596,1398800,56.691888618469235,56.282412095503375,56.05959568023682,55.90768009185791,70.00473711901722,0.12078427120646447,0.0015993932770366041
2014-03-04,56.815185546875,56.92710630714138,56.808188831567705,56.92011492876415,1083400,56.69229927062988,56.29830058704723,56.076001739501955,55.90640087127686,58.51964543848634,0.12380967469068287,0.0016604554530940947
2014-03-05,56.892127990722656,56.89212799072266,56.75921709718194,56.80118671117183,1623500,56.701092910766604,56.31824007901278,56.09178396860759,55.90612213134766,61.21159866153207,0.12183570273499202,0.0016412937370101945
2014-03-06,56.75225830078125,56.787236560429434,56.71728537806618,56.759255020097505,1739100,56.70882701873779,56.33449984463778,56.10651582082112,55.90521257400513,54.311445510295215,0.12385195125211267,0.0016694831113273302
2014-03-07,56.584354400634766,56.62632402783538,56.56336958703446,56.59135111747862,1926100,56.70921325683594,56.34732804731889,56.11910107930501,55.90318965911865,47.40338381284459,0.13335507909510674,0.0018057024175093589
2014-03-10,56.61930847167969,56.62629984860701,56.577333525471,56.59132695318354,2006400,56.70785751342773,56.35889760797674,56.131402556101484,55.902299556732174,48.86163829602757,0.12887178517395778,0.0017888809711431514
2014-03-11,56.612342834472656,56.64032436832892,56.57736458291935,56.61933955216969,2263600,56.704409217834474,56.37071990966797,56.143243376413984,55.90140888214111,48.57262695991283,0.11990676509131605,0.0017826245193335525
2014-03-12,56.73125076293945,56.7452441959686,56.668296325101224,56.70326923381214,2303700,56.712838363647464,56.386597720059484,56.15239537556966,55.90107849121094,53.616299605727434,0.12241928639832622,0.0017774363052721512
2014-03-13,56.89914321899414,56.913136654142804,56.668304908359104,56.668304908359104,2204100,56.73454837799072,56.40363457419655,56.16346346537272,55.90316137313843,59.63572166422909,0.13143108826994268,0.0018251454335401697
2014-03-14,56.86418151855469,56.96211423618042,56.85718479960061,56.9481261352051,1835300,56.747528648376466,56.42129807905717,56.17429835001628,55.90483009338379,57.94923406882537,0.13543583376660553,0.001768925387242619
2014-03-17,56.787174224853516,56.86412204206702,56.773186138508905,56.84313724408647,2693700,56.75770874023438,56.43970191261985,56.18414627710978,55.90635313034058,54.30630336210608,0.13246103987492575,0.001799906818936037
2014-03-18,56.85015106201172,56.86414449080789,56.78719664321704,56.801184735083844,1487900,56.76719627380371,56.46077124855735,56.19354146321614,55.90867021560669,56.703426823583925,0.12798659589947853,0.0017921902817413452
2014-03-19,56.584354400634766,56.84317955454477,56.556372870190614,56.836182837700925,2357300,56.76583766937256,56.47700791792436,56.199744415283206,55.90991544723511,45.7860023936561,0.14398766791571813,0.002086319168078802
2014-03-20,56.535396575927734,56.598356363147325,56.52839985802955,56.59135964524914,826700,56.76237869262695,56.490707050670274,56.20622911453247,55.91101860046387,44.101687193780045,0.14050834402559026,0.002094795851056517
2014-03-21,56.69626998901367,56.70326136762738,56.56335907832979,56.5843438880314,1149700,56.76487102508545,56.50771144520153,56.213939571380614,55.913029174804684,50.54025613772141,0.14240525801339846,0.0021879178073794365
2014-03-24,56.7032470703125,56.73822530228251,56.605314425111146,56.62629922952159,4480700,56.7684103012085,56.52395595203746,56.221420510609946,55.91469749450684,50.804915070241954,0.1374076345827905,0.002186875734140973
2014-03-25,56.68925857543945,56.75920970195176,56.66127705744875,56.68226186170956,1477200,56.76566505432129,56.539819266579364,56.229349517822264,55.91701568603516,50.22464065903262,0.1349091882229538,0.0021408022059591614
2014-03-26,56.843223571777344,56.86420840162751,56.731297363329325,56.75228219317949,3725100,56.764683151245116,56.557595894553444,56.23804295857747,55.92082378387451,56.159842430015246,0.13491684633235224,0.002177837623540299
2014-03-27,56.89914321899414,56.920133371717135,56.80121052068066,56.82220067340366,2935700,56.7630090713501,56.575122555819426,56.24697198867798,55.92477424621582,58.113387490312405,0.1299192847101866,0.0021712095354443368
2014-03-28,56.794193267822266,56.92010744214192,56.7592150328165,56.92010744214192,1387200,56.75818157196045,56.59403422962536,56.255545202891035,55.92874855041504,53.31187781795563,0.13791400515228705,0.002204160153155749
2014-03-31,56.794193267822266,56.81517807405398,56.703251991579016,56.73123351219776,2791900,56.747337913513185,56.611045837402344,56.26377267837525,55.93148872375488,53.31187781795563,0.14141159779981546,0.002143065074023129
2014-04-01,56.73106384277344,56.773131883472175,56.710024472978404,56.752097863122806,2824000,56.74313182830811,56.6219707142223,56.27164684931437,55.93360446929932,50.40647151780176,0.13793070018180945,0.002017005113637946
2014-04-02,56.618900299072266,56.71004954403109,56.59085314305847,56.689015514382746,3058800,56.72947044372559,56.62946347323331,56.278874429066974,55.935365180969235,45.646593353563624,0.13045776831975736,0.0020305199703194617
2014-04-03,56.667999267578125,56.70305956095956,56.61891806651393,56.64696523132914,1978900,56.72525749206543,56.63936802257191,56.28639602661133,55.93761148452759,47.96306289758747,0.12897418441314912,0.0019745720405260803
2014-04-04,56.83625793457031,56.87131821624832,56.75212181765978,56.75212181765978,936500,56.73785266876221,56.65296547629617,56.2951468149821,55.94234483718872,55.035362932948246,0.13699729645774994,0.0019634123743754914
2014-04-07,56.94143295288086,56.969480108098594,56.85729148722766,56.85729148722766,1099400,56.75395889282227,56.66619477705522,56.30569585164388,55.950140972137454,58.80431421348385,0.1410152898558863,0.001995512773519852
2014-04-08,56.983524322509766,57.00456370961603,56.90640130092041,56.95548250526822,674200,56.77251796722412,56.67904975197532,56.31671133041382,55.95927883148193,60.24064320310262,0.1270427339183518,0.001995534199404179
2014-04-09,56.96949768066406,57.018578880072496,56.88535618905694,56.92742960958527,3904300,56.78443031311035,56.69164969704368,56.32565059661865,55.96968360900879,59.49619122713937,0.13156174719676475,0.001954445051569332
2014-04-10,57.144798278808594,57.19387948666513,57.01858869439885,57.04663586309551,1101400,56.79671306610108,56.70921034379439,56.334436829884844,55.98031358718872,65.27232415440142,0.13559867678972384,0.0019633092657801872
2014-04-11,57.17985916137695,57.22894036973507,57.137785733176784,57.21491411051818,1570700,56.812496948242185,56.724622344970705,56.34299691518148,55.99015895843506,66.3072330564751,0.13261608817450415,0.001955114554453464
2014-04-14,57.17283630371094,57.2078912468875,57.137776011084775,57.17283630371093,2437000,56.83178005218506,56.73724698153409,56.35207484563192,55.99887205123901,65.883706998035,0.13062913041019794,0.0019200605843617893
2014-04-15,57.20087814331055,57.26398024482418,57.11673665850994,57.13076291403459,2219600,56.84931640625,56.75228146639737,56.35988807678223,56.00758815765381,66.79569871595287,0.128650113276354,0.001911990707827334
2014-04-16,57.16579055786133,57.18682458165567,57.10969626144538,57.123722510272636,2892500,56.878388214111325,56.76579097401012,56.367178503672285,56.015658168792726,64.47328017103561,0.12666861547840366,0.0015327598820794497
2014-04-17,57.01856231689453,57.19385302806913,56.969481131743564,57.19385302806913,1054500,56.90254650115967,56.774343663995914,56.37324202855428,56.02292325973511,55.719048971451585,0.13120286454984256,0.0016563834397302906
2014-04-21,57.032596588134766,57.08869091272633,57.00455477528821,57.025588809647736,3440000,56.91936283111572,56.783151522549716,56.37890383402507,56.03046468734741,56.327782075857144,0.1292178684757818,0.0015555250297528366
2014-04-22,57.032596588134766,57.03960971607101,56.96248135711993,56.97650761299243,1573300,56.93583030700684,56.79056590687145,56.38496923446655,56.0410982131958,56.327782075857144,0.12871498019772634,0.0015564920324941055
2014-04-23,57.12376022338867,57.15180739011339,57.074679018982934,57.08169214802663,1792600,56.9575553894043,56.79632568359375,56.391448465983075,56.05095071792603,60.4262224793452,0.12721498750227309,0.0015774999482763236
2014-04-24,57.13775634765625,57.13775634765624,57.03959398142419,57.067641135983024,814300,56.972282028198244,56.80398934104226,56.39856309890747,56.06056413650513,61.03087363023323,0.12821520924118449,0.0014788484292101293
2014-04-25,57.158809661865234,57.23593802556357,57.15180188294688,57.17283591860105,1456300,56.9852653503418,56.81419358686967,56.40585317611694,56.07096971511841,61.97210634219464,0.12070540418669344,0.001469357840503867
2014-04-28,57.09569549560547,57.172823843013376,57.07466146439394,57.13776355802854,851800,57.00034046173096,56.82363114790483,56.41388177871704,56.07920450210571,57.489257423035006,0.11820113312177583,0.0014229748141105078
2014-04-29,57.12376022338867,57.13077335243237,57.03260559417082,57.03260559417082,840500,57.016818809509275,56.83231000033292,56.42185560862223,56.0879577255249,58.912523130921215,0.11820151523362808,0.0014223884134293614
2014-04-30,57.24995803833008,57.24995803833007,57.13076161632355,57.17282968304374,1861000,57.04276351928711,56.84264907836914,56.43226725260417,56.09658596038818,64.64467641491086,0.11769973837118844,0.001443792257673259
2014-05-01,57.38908767700195,57.40314457637644,57.255579299762125,57.26963083800031,1774100,57.08127288818359,56.85767489346591,56.44302956263224,56.10549776077271,69.66870181724715,0.11261436208870938,0.0013880966991241556
2014-05-02,57.452335357666016,57.48044379643124,57.24855319747055,57.29071317505012,1517900,57.12048969268799,56.87562748302113,56.45339488983154,56.11410739898682,71.64153073564034,0.12266693083173814,0.001390784372668059
2014-05-05,57.38908767700195,57.47341298983998,57.36097923938928,57.46638454015274,1813300,57.14813117980957,56.88989132967862,56.46629400253296,56.122847385406494,66.95182563696679,0.12568968187802199,0.0013361955021699112
2014-05-06,57.44532775878906,57.459379302703745,57.39613931337998,57.410190857294666,1304000,57.17332592010498,56.90555960915305,56.480066013336184,56.13114721298218,68.90126370129846,0.12019311326284716,0.0013031421627537182
2014-05-07,57.473384857177734,57.522573258638594,57.4101395632231,57.44527643332386,1070900,57.19781894683838,56.920341144908555,56.494302940368655,56.13941530227661,69.85655612216212,0.1217110999450135,0.0013013313171280597
2014-05-08,57.501529693603516,57.585849657426685,57.45936435055486,57.522609684559306,1937800,57.22442054748535,56.936523021351206,56.50750392278035,56.147892990112304,70.82472087429917,0.11471920069831805,0.0012916075129481383
2014-05-09,57.43123245239258,57.48744394635673,57.42420400522167,57.466363965978374,1523700,57.23874225616455,56.951553136652166,56.51879091262818,56.15691244125366,65.19251680343142,0.1142327400514418,0.001187721120134208
2014-05-12,57.375003814697266,57.41013532106841,57.3328385014653,57.40311223647415,996800,57.24849948883057,56.964800054376774,56.529435857137045,56.16575382232666,61.013056039881256,0.11575171090688434,0.001215184018678089
2014-05-13,57.48044967651367,57.487472766071036,57.424232793232406,57.424232793232406,1551700,57.2638801574707,56.98021802035245,56.54009307225545,56.174916439056396,65.48218114963365,0.11527015014939478,0.0012681589448996747
2014-05-14,57.628013610839844,57.67720204226293,57.55774518896929,57.55774518896929,1266000,57.28523693084717,56.99628802212802,56.55290441513061,56.184851055145266,70.56697735889475,0.12231229297205205,0.0013683056160058162
2014-05-15,57.73340606689453,57.81772600990624,57.69124073425293,57.69124073425293,1113300,57.31361770629883,57.012116102738815,56.56786422729492,56.195484447479245,73.56245023668339,0.12885020162627164,0.0013845291320285346
2014-05-16,57.73340606689453,57.76853758943749,57.69826918321582,57.72637761793164,754200,57.34935989379883,57.02667576182972,56.582824039459226,56.205808601379395,73.56245023668339,0.12685777502643145,0.0011900220282358967
2014-05-19,57.712337493896484,57.81071436342687,57.69125750201673,57.789634371547116,1171300,57.38334693908691,57.04161383888938,56.596568965911864,56.21738372802734,71.86673316127855,0.1283784252513302,0.0012079387763107203
2014-05-20,57.74040222167969,57.782567534653246,57.663105402550265,57.663105402550265,1292900,57.41873722076416,57.054874489524146,56.610201295216875,56.22820421218872,72.76726458067176,0.12789730504858607,0.0012002381352216227
2014-05-21,57.691246032714844,57.69827448232324,57.628006069648,57.649086057336945,1189300,57.44711151123047,57.07080286199396,56.62336616516113,56.238675880432126,68.62387295746369,0.12498370604753768,0.0012197151975119427
2014-05-22,57.656124114990234,57.691255646614195,57.62098722222915,57.677204106192036,493300,57.473029899597165,57.08469370061701,56.63641176223755,56.24914361953736,65.74344453101656,0.1134392650064205,0.0012436358046041423
2014-05-23,57.712337493896484,57.71936594490217,57.6631490591313,57.69125750201673,841900,57.50070629119873,57.10214968594638,56.64969482421875,56.25947937011719,68.05463566100718,0.10992555639650904,0.0012488650676378962
2014-05-27,57.768585205078125,57.77561365983421,57.66317982829758,57.71939674406589,884200,57.53435077667236,57.12368115511808,56.66521145502726,56.26995880126953,70.21970129692487,0.11293571395614015,0.0011951919349715468
2014-05-28,57.958255767822266,57.9793357490595,57.84582205304425,57.84582205304425,708300,57.57607555389404,57.14802565141158,56.68184595108032,56.281042385101316,76.10153769501791,0.1199583459965601,0.001337990850527793
2014-05-29,57.90908432006836,58.04259269405501,57.902055870552374,57.97232428230369,1413700,57.60903186798096,57.1716027693315,56.69876495997111,56.29239637374878,72.12445881671579,0.12096202575590352,0.0013343070263073164
2014-05-30,57.85285949707031,57.90204791465123,57.83177951255499,57.85988258448514,1462600,57.63222045898438,57.19199565540661,56.71602554321289,56.3044331741333,67.7636471618949,0.12096053426529808,0.0013015322940090636
2014-06-02,57.71128463745117,57.838045457874244,57.69720248976631,57.78874988175499,1071100,57.645167922973634,57.20676186301491,56.731412188212076,56.31589986801148,58.218389129136526,0.1250507525779209,0.0014362380678432632
2014-06-03,57.570499420166016,57.676134438620274,57.56345565285034,57.662046903988916,652700,57.65423851013183,57.219604006680576,56.745162677764895,56.32766092300415,50.5872774942998,0.12757646923699692,0.0015294823530602583
2014-06-04,57.577545166015625,57.61275325816341,57.521205771194666,57.6057148634261,1466400,57.66084938049316,57.23397438742898,56.75798819859823,56.34018016815185,50.93390555241987,0.12006183503838892,0.0015172247386510472
2014-06-05,57.64088821411133,57.66201413123102,57.55638454563257,57.56342293612769,611600,57.66922454833984,57.24835142655806,56.77215127944946,56.353807792663574,54.0544142113904,0.11405591979067863,0.0015312276902615118
2014-06-06,57.63383865356445,57.760599516349224,57.61975650117354,57.746517363958304,1039800,57.67583999633789,57.26743295842951,56.78747113545736,56.366608505249026,53.64550676054031,0.11909696328739372,0.001530125730845369
2014-06-09,57.584537506103516,57.61975094290891,57.54228568018994,57.61975094290891,1205400,57.68350524902344,57.28650824806907,56.80185918807983,56.38022981643677,50.753876611631064,0.1171038284277063,0.0015153538073584948
2014-06-10,57.4719123840332,57.535290176061764,57.46486861620093,57.51416424538558,1505400,57.688350677490234,57.30061083706943,56.81513509750366,56.393012561798095,44.81148029074452,0.11711859684196366,0.0015679547234559467
2014-06-11,57.49298858642578,57.556371696452054,57.478906435762156,57.54228417297245,1646000,57.68897762298584,57.31496977372603,56.82771848042806,56.40510902404785,46.08367746149252,0.11512310829818974,0.0015150387294570657
2014-06-12,57.64088821411133,57.6690578945433,57.50004518476862,57.53525325569571,1693500,57.68962135314941,57.33227213079279,56.841708246866865,56.41746311187744,54.08277068501941,0.12268031427908051,0.0015155077114054627
2014-06-13,57.62681198120117,57.64793790049145,57.51413324789603,57.52117701193203,835600,57.68429164886474,57.34651919278232,56.856448586781816,56.42905818939209,53.272688360955385,0.1277205158993294,0.0014543843237350893
2014-06-16,57.61273956298828,57.6549967854692,57.57753147920984,57.605701169924075,3534000,57.67825832366943,57.35949367176403,56.87020378112793,56.4410648727417,52.427226389009775,0.12522276409381053,0.0014546017198242614
2014-06-17,57.47895050048828,57.56345421488456,57.47895050048828,57.54937205342521,612900,57.666588973999026,57.371943803267044,56.88342262903849,56.4521272277832,45.09908622059154,0.11972551541656935,0.0015366376700717387
2014-06-18,57.62681198120117,57.64089413645545,57.507094856677746,57.54230293122231,1495900,57.660909461975095,57.38708232532848,56.898854700724286,56.4643074798584,52.929810858235484,0.12125457344975032,0.001652236661804375
2014-06-19,57.577545166015625,57.72543204780532,57.52824953875239,57.718388280247595,3345400,57.65522441864014,57.40247289484198,56.914573097229,56.47685911178589,50.35272166077444,0.1298172664168616,0.0016523232885434
2014-06-20,57.61273956298828,57.61978332887163,57.53527425672892,57.53527425672892,2863700,57.65305519104004,57.42054269964045,56.93058478037516,56.4899315071106,52.145217587547144,0.12473527104819786,0.0016549664416895303
2014-06-23,57.59164047241211,57.683193353096314,57.57755830690311,57.67614958393099,1136900,57.64702033996582,57.437336176091975,56.94566558202108,56.504795970916746,50.95741300818569,0.12172141830479585,0.0016389260676565002
2014-06-24,57.69725036621094,57.71133252558099,57.60570289825734,57.66908067465153,1305800,57.64345359802246,57.452990583939986,56.961800765991214,56.519153385162355,56.320707665912984,0.12373174446194872,0.001679427885213783
2014-06-25,57.77473449707031,57.838112294112186,57.73952102794413,57.824030130154334,1928000,57.634277534484866,57.468141521107064,56.978175226847334,56.53320838928223,59.79474109414204,0.12624834034072002,0.0015250512974726922
2014-06-26,57.8521728515625,57.88738093144837,57.795833476362866,57.82400316396268,533200,57.63143196105957,57.48393513072621,56.99513686498006,56.54823696136474,62.965027237398786,0.1242342988551753,0.001551168383836468
2014-06-27,57.8521728515625,57.91555061904819,57.83808532135332,57.88738093144837,633900,57.63139762878418,57.49998377019709,57.011692396799724,56.56250652313233,62.965027237398786,0.12322803630662957,0.0015358826924804412
2014-06-30,57.901493072509766,57.908536840608285,57.838109905264716,57.88740553631272,904900,57.64090805053711,57.51374185735529,57.028078365325925,56.57709180831909,65.00338274626955,0.11971075383812847,0.001432886957583203
2014-07-01,57.789947509765625,57.853463501753005,57.7758358360351,57.81111771240141,1288100,57.65188045501709,57.52483437278054,57.04504416783651,56.59067092895508,57.31947605374455,0.12265346269925814,0.001387679178747152
2014-07-02,57.63469696044922,57.72644169158999,57.62764381503875,57.72644169158999,981800,57.65473804473877,57.53323183926669,57.05984535217285,56.60312875747681,48.69224459637844,0.12167020459992628,0.0015298593804328978
2014-07-03,57.56412124633789,57.6135201789742,57.51472231370159,57.55000957304746,667100,57.650899696350095,57.53983625932173,57.0717947324117,56.61499214172363,45.35060834233189,0.12068234703936957,0.0015342359491984819
2014-07-07,57.63469696044922,57.64881401943109,57.606468226565944,57.61352675605688,1656900,57.65094261169433,57.54836183027788,57.08369388580322,56.62500057220459,49.111603940298636,0.12119859467035811,0.0015609999884843432
2014-07-08,57.740543365478516,57.78288376692959,57.71231463648463,57.73348483721016,1397600,57.658742904663086,57.561488758433946,57.09717133839925,56.635848426818846,54.20218931200194,0.1222270049546701,0.0015987847588304828
2014-07-09,57.797019958496094,57.818190166230515,57.69116353574269,57.733503951211524,1275800,57.67499828338623,57.57538736516779,57.11140985488892,56.64701354980469,56.69160874303413,0.119732933134717,0.001529813331195483
2014-07-10,57.81113052368164,57.902875267541255,57.797018846823896,57.874646529744545,665400,57.69090538024902,57.58954252763228,57.12472076416016,56.65804208755493,57.315889850967224,0.11320964111074769,0.0015297066278764375
2014-07-11,57.89585876464844,57.93819921003854,57.86057147076661,57.88880022905505,958600,57.70365390777588,57.60358068292791,57.138215414683025,56.668907737731935,60.95535897472949,0.11624961355461849,0.0014607582487122885
2014-07-14,57.81113052368164,57.86758799927506,57.78996031635442,57.86758799927506,994700,57.712869834899905,57.61582384976474,57.151003996531166,56.6787633895874,55.828920806415354,0.11626842799039087,0.0015059687825313222
2014-07-15,57.768795013427734,57.853481234007475,57.71939606410997,57.775853544496464,3125400,57.720672607421875,57.62691449252042,57.164252599080406,56.688821201324465,53.411778810761895,0.11729650775672086,0.0015167930433905203
2014-07-16,57.789947509765625,57.81111771240141,57.75466024931929,57.78994750976562,767200,57.736222457885745,57.63953725641424,57.17640050252279,56.69891586303711,54.47239737982064,0.11126761741249729,0.0014022435464150088
2014-07-17,57.945213317871094,57.98755373079794,57.85347396183592,57.90287290494424,841700,57.75214252471924,57.65447276722301,57.18862326939901,56.7096142578125,61.416059226874275,0.11733617360208726,0.0014123130606286032
2014-07-18,57.945213317871094,57.97344205451599,57.88169731439982,57.97344205451599,1146600,57.77052593231201,57.667113772305576,57.201716868082684,56.72065143585205,61.416059226874275,0.1183561337750371,0.0013890120430579374
2014-07-21,57.945213317871094,58.022840997624314,57.945213317871094,57.95932499415304,2327800,57.787149620056155,57.67722514759411,57.21440391540527,56.73137744903565,61.41605922687427,0.11887047266144078,0.0013889732616390957
2014-07-22,58.022850036621094,58.0228500366211,57.93110528221262,57.98756276429756,776700,57.8087100982666,57.68759814175692,57.22669296264648,56.74235340118408,64.77152644745522,0.11644815251385612,0.0013989885081136183
2014-07-23,57.9946403503418,58.07226806769354,57.98758181674156,58.05109785097645,1361700,57.82357959747314,57.6986081903631,57.2387469291687,56.753499565124514,62.63988983344608,0.11090404938707822,0.0013674015914745597
2014-07-24,57.8817024230957,57.93815990136849,57.85347906804078,57.93815990136849,800900,57.828927993774414,57.70654227516868,57.249221070607504,56.76387359619141,54.85627098719468,0.11241738049803475,0.0014266468473008156
2014-07-25,57.98753356933594,57.994592097063254,57.93107611567561,57.95930484250577,1414500,57.83569602966308,57.71589043357155,57.25905907948812,56.774880447387694,59.88641504343945,0.11443144484620252,0.001453027540657485
2014-07-28,57.97344970703125,58.02284865666025,57.93110390443375,58.00873159443385,1249900,57.841759872436526,57.72447079745206,57.26953570048014,56.78598974227905,58.94512420119967,0.11039986954235508,0.00145507792242552
2014-07-29,58.022850036621094,58.058131924862806,57.952280876055845,58.02990856790217,1271300,57.84782772064209,57.73522748080167,57.28141298294067,56.797276954650876,61.246058192244725,0.10888732799372189,0.0014550670767280044
2014-07-30,57.80410385131836,57.91701347013609,57.76175803318849,57.91701347013609,1913600,57.84853553771973,57.74302929964932,57.29164193471273,56.80736665725708,48.32949437953968,0.1199755839019535,0.0016375299251750355
2014-07-31,57.740543365478516,57.81111249592348,57.69114443575909,57.70525610821627,3113700,57.85382785797119,57.74775827581232,57.300759601593015,56.81769163131714,45.33751906624337,0.11946839631677417,0.0015350597725836202
2014-08-01,57.932918548583984,57.961206754552144,57.749053302926356,57.83391252540723,3550300,57.872267723083496,57.753302001953124,57.3111896832784,56.82904788970947,54.51565034158714,0.12766589208674617,0.0016620914467278167
2014-08-04,58.01072692871094,58.05315655250425,57.940009090580354,57.96829730491763,4089900,57.89106922149658,57.75834419944069,57.32325684229533,56.83961759567261,57.61545590542547,0.12667680880265766,0.0016656491185681327
2014-08-05,57.932918548583984,58.00363636579258,57.89756233769149,57.968280154900086,3960800,57.90068798065185,57.761971699107775,57.335489972432455,56.848829936981204,53.67599114539567,0.13072731794103834,0.0016655959641935774
2014-08-06,57.996578216552734,58.04608123655344,57.975363407327364,58.017793025778104,2925900,57.910665893554686,57.76713971224698,57.34708998998006,56.85804958343506,56.308202783738786,0.12469563700797691,0.0016689037152635227
2014-08-07,58.12384796142578,58.130915964571244,57.9824069671828,58.024841963166814,2207500,57.92630176544189,57.774111452969635,57.35992561976115,56.868251399993895,61.0707197037098,0.12875022681313958,0.0017291291748320569
2014-08-08,58.081443786621094,58.22288485592042,58.07437577972496,58.15216701898331,1608500,57.935581016540525,57.78120595758612,57.371767648061116,56.87734216690063,58.77205501314136,0.13381318370187095,0.0017189622818680895
2014-08-11,58.10969161987305,58.15212660888719,58.06726202628026,58.11676501727896,928800,57.9505090713501,57.78945263949308,57.38425235748291,56.886435928344724,59.85604179538212,0.13332174285890272,0.00167672919148105
2014-08-12,58.06023025512695,58.116806684094016,58.0460888455978,58.116806684094016,2365300,57.96508083343506,57.79577796242454,57.3963828086853,56.895282382965085,57.028618774700774,0.1323239991120622,0.0016806337041636997
2014-08-13,58.166290283203125,58.187505088123785,58.07435766340582,58.109713873132435,944100,57.98389797210693,57.803008963844995,57.40904836654663,56.9043479347229,61.25500103685227,0.13133210987604876,0.0017171465947599294
2014-08-14,58.22288513183594,58.258241352759484,58.13802048985417,58.251173345829855,2623800,57.99778156280517,57.80782040682706,57.42230189641317,56.9139386177063,63.327705549429396,0.13185576622874606,0.001633884653674524
2014-08-15,58.32899475097656,58.442142270042666,58.23705665909318,58.26534488771669,6875700,58.01697063446045,57.81545514193448,57.43550882339478,56.92385232925415,66.90271092266107,0.14096379379876214,0.0016701933945795502
2014-08-18,58.20872116088867,58.293585777843155,58.20165315604346,58.27944437272918,4011900,58.03014602661133,57.82192535400391,57.446724319458006,56.93347593307495,59.788064636540696,0.142498832807772,0.0017533043934328477
2014-08-19,58.201656341552734,58.279447562496145,58.15922133304115,58.27237416184024,1674900,58.03908634185791,57.83084120316939,57.45729958216349,56.94306421279907,59.38855448295583,0.13243699180937135,0.0017348988202801712
2014-08-20,58.116825103759766,58.19461636938849,58.08146347559146,58.173401550658284,5183000,58.04519557952881,57.840774397416546,57.46751693089803,56.9529870223999,54.66506831266377,0.13245304936629157,0.0017670992651218592
2014-08-21,58.18046188354492,58.2087501032618,58.13803225168273,58.145105655468505,3563500,58.06013355255127,57.85173651955345,57.47726189295451,56.9630548286438,57.402131575622604,0.12325745011117764,0.001711027201792332
2014-08-22,58.18046188354492,58.22289691083335,58.08145581224898,58.18046188354493,1193000,58.06977996826172,57.86154694990678,57.48863919576009,56.973954334259034,57.402131575622604,0.12477195687289923,0.0016711321962393998
2014-08-25,58.201656341552734,58.22993915332866,58.17336813435296,58.215797747440696,1897400,58.081190299987796,57.8718709078702,57.499551932017006,56.98447456359863,58.37289098164326,0.12072955886977407,0.0016687997086586406
2014-08-26,58.229896545410156,58.26525812739109,58.20161375432928,58.25818473191093,1317100,58.091542625427245,57.88360470858487,57.511865584055585,56.99458156585693,59.69101360125735,0.11719253637637093,0.0016632352749660257
2014-08-27,58.32190704345703,58.336048456587115,58.24411578267508,58.27947740864019,1062900,58.11743278503418,57.89905915693803,57.52634518941243,57.006985130310056,63.72171434893317,0.11416703021840746,0.001404755518866969
2014-08-28,58.399662017822266,58.42795022193226,58.35722701394565,58.413803422165635,685500,58.15038871765137,57.91554412841797,57.54118146896362,57.02002000808716,66.74775740417465,0.11113375180981931,0.0013686574456625886
2014-08-29,58.399662017822266,58.435018226392316,58.364300413828964,58.371373813712275,1081300,58.17372589111328,57.929340015758164,57.55607579549154,57.033193550109864,66.74775740417465,0.11012326823527831,0.0012079681388080785
2014-09-02,58.20052719116211,58.29265953930239,58.19343842372201,58.29265953930239,1211100,58.18321590423584,57.93977120139382,57.56831976572673,57.04460912704468,53.49442048324579,0.11980225077842428,0.0014552918281084553
2014-09-03,58.299713134765625,58.29971313476563,58.157964907206015,58.17922578955446,972800,58.20155563354492,57.95226162997159,57.57999118169149,57.05572372436524,57.970803500877196,0.12083606467576605,0.0014487774042077997
2014-09-04,58.20052719116211,58.27848741156745,58.17217752854697,58.250137748952305,1882600,58.21175308227539,57.96538120616566,57.59112739562988,57.06623830795288,52.52601158012326,0.12135854634100493,0.0015034743123916593
2014-09-05,58.17927169799805,58.264320701644785,58.143838668504934,58.22888767215168,1872800,58.214524269104004,57.97542592828924,57.60272820790609,57.07612674713135,51.411617051375686,0.11430318169337081,0.001429807217526129
2014-09-08,58.13671112060547,58.27137060143717,58.12253899969077,58.25010971649378,2740700,58.217287635803224,57.985592582009055,57.613449541727704,57.086357040405275,49.162463075373296,0.11583818218003523,0.0014298643834288346
2014-09-09,58.03750991821289,58.09420923556444,58.023337792447265,58.05877081043359,1288600,58.21367855072022,57.99331567937678,57.625559171040855,57.09685344696045,44.297987483735305,0.11534868923026462,0.0014777867836968943
2014-09-10,57.931182861328125,57.9737100402959,57.93118286132813,57.9737100402959,2719000,58.20722618103027,57.99948917735707,57.63719072341919,57.106818218231204,39.757213613482115,0.11435827429622794,0.0015210300914072334
2014-09-11,57.8886604309082,58.016231152074326,57.8886604309082,58.009142387803195,2529000,58.19334468841553,58.002969360351564,57.647127310434975,57.115946788787845,38.076247385930245,0.11690439727223431,0.0014557865365654671
2014-09-12,57.79653549194336,57.85322939191129,57.76818583838762,57.83196850353037,1921700,58.1720272064209,58.003365742076525,57.6562380472819,57.12440685272217,34.657377570728514,0.1154067896962496,0.001456427850745131
2014-09-15,57.82490921020508,57.8532588782099,57.79656494934655,57.83199797899286,2550500,58.146822929382324,58.00287003950639,57.66570180257161,57.13297409057617,36.54712367994994,0.11541767307416707,0.0013795046794310884
2014-09-16,57.80360412597656,57.88865306497971,57.796520769749584,57.831953772310946,1077700,58.12656707763672,58.00198697176847,57.67370497385661,57.141538848876955,35.71195873416711,0.11745252465761778,0.0013251562976733361
2014-09-17,57.73276901245117,57.89577822957829,57.73276901245117,57.86742856541942,2606500,58.10312271118164,57.998919261585584,57.68065185546875,57.14961084365845,33.010943613417496,0.12151376079691494,0.0013381382409350159
2014-09-18,57.73985290527344,57.74694167250104,57.69733111619804,57.73985290527344,1802900,58.08427410125732,57.99800845059482,57.68853235244751,57.15877716064453,33.55219874891334,0.11748285921318415,0.0013191450615745062
2014-09-19,57.860328674316406,57.860328674316406,57.73275791369893,57.7681963388711,1238900,58.0682674407959,58.0021108453924,57.69741681416829,57.16826822280884,42.11776142886325,0.12154378407419283,0.0013919259212597378
2014-09-22,57.931182861328125,57.95244374724056,57.88157232515149,57.90283321106392,638400,58.05580348968506,58.00878469293768,57.707417805989586,57.17853012084961,46.4868076368315,0.11339317541875664,0.0014310397564792105
2014-09-23,57.959529876708984,57.97370740476802,57.91700810681719,57.959529876708984,986900,58.04369716644287,58.014690745960586,57.71858971913655,57.18941982269287,48.172311161957154,0.10731825187527175,0.0014339677631809197
2014-09-24,57.92412185668945,57.99499330612739,57.90285555542758,57.96664364492322,3552500,58.028408432006835,58.01802853670987,57.72905740737915,57.19971599578857,46.214261040293756,0.10478983362392569,0.001427031316775744
2014-09-25,58.065853118896484,58.07294188456315,57.980804152328176,57.98789291799484,3152500,58.015605735778806,58.02291641235352,57.739304033915204,57.210443058013915,54.233336027337664,0.10681397610491469,0.001497352542591648
2014-09-26,58.00918197631836,58.0517091838251,57.9524826377404,58.00918197631837,3500300,57.99608173370361,58.026517347856,57.74820194244385,57.22029655456543,50.96157925427449,0.10428103891989185,0.0014599333654793047
2014-09-29,58.080013275146484,58.10127956776437,58.051669032608224,58.087102039352445,9772600,57.980099296569826,58.02986561168324,57.75733935038249,57.23099002838135,54.644501539057,0.10276134344044964,0.0014996428230094512
2014-09-30,58.065853118896484,58.12963578846478,58.04459222904038,58.065853118896484,8536000,57.97336559295654,58.03449693159624,57.76647564570109,57.24234201431275,53.77501247821137,0.10124109362185253,0.0013056841807499156
2014-10-01,58.315120697021484,58.322218004047194,58.20860149592794,58.20860149592794,5094500,57.97413597106934,58.0444301258434,57.77622833251953,57.25462776184082,64.48732951300758,0.11044067676360873,0.0015923500764703155
2014-10-02,58.272518157958984,58.39324282607323,58.25831812407093,58.357734614664494,2731500,57.97773551940918,58.053204137628725,57.78533382415772,57.26659633636475,61.849206051036404,0.11147282744087406,0.0015515721319816604
2014-10-03,58.237030029296875,58.279635559482145,58.17311631622522,58.20862453657545,3526900,57.980623435974124,58.058509896018286,57.79420210520426,57.27786657333374,59.659758657205806,0.11502967436875876,0.0015560640940473498
2014-10-06,58.3719367980957,58.40744501081202,58.26542299553195,58.300925790455665,3645800,57.99238471984863,58.066268504749644,57.80396092732747,57.28991567611694,64.7659622403203,0.12062129481768886,0.0016232270548399304
2014-10-07,58.52103805541992,58.54943811021589,58.41451888767031,58.45712438765419,3012400,58.016561126708986,58.07673804543235,57.8152546564738,57.30323101043701,69.37922379297986,0.12165644446005075,0.001638942798047743
2014-10-08,58.67726516723633,58.67726516723633,58.43582675579463,58.556545961515475,1586800,58.05386524200439,58.08863650235263,57.82907718022664,57.31680675506592,73.32086578521162,0.13535843411281537,0.0016229680409304641
2014-10-09,58.5849609375,58.6630746521733,58.55655545781959,58.64886920343746,2160900,58.088680267333984,58.09936960393732,57.84201354980469,57.33026811599731,67.77014623402624,0.13486835902704847,0.0016705379856346975
2014-10-10,58.63467025756836,58.6488702887757,58.57076199044823,58.58496202165558,1538200,58.13058700561523,58.113059928200464,57.85536416371664,57.344566650390625,69.12570889917885,0.13386787512728507,0.0015892453261548915
2014-10-13,58.80507278442383,58.826375531097,58.705656354756314,58.71986179773115,1178400,58.179595184326175,58.1279242775657,57.86937510172526,57.360135326385496,73.2752312730243,0.14351115909712878,0.0016609624010659881
2014-10-14,58.883182525634766,58.883182525634766,58.79086882363437,58.8689825013996,5402700,58.233574104309085,58.14446487426758,57.88392031987508,57.376094551086425,74.93799585526793,0.14352372704717048,0.0016390657100252115
2014-10-15,59.01811218261719,59.69982717776255,58.94710121979168,59.35186966746515,5461400,58.297841262817386,58.16256054964933,57.899414507548016,57.392275390625,77.53788245722852,0.19122548592246247,0.001583717933227627
2014-10-16,58.918724060058594,59.20277346562833,58.876118545450254,59.188568015564364,3699800,58.35678482055664,58.18282637162642,57.91460641225179,57.408063869476315,71.6423857367073,0.206460088709748,0.0016904931591278018
2014-10-17,58.87611770629883,58.94002597730046,58.80510129257474,58.88321501343787,2143400,58.40757427215576,58.203473177823156,57.92920939127604,57.42339546203613,69.21287987393407,0.20951916680115548,0.0017131286935323686
2014-10-20,58.92582702636719,58.97553526621105,58.88321609379259,58.95422709102784,1379300,58.457306480407716,58.22152605923739,57.94317496617635,57.4389407157898,70.47106301607833,0.21054588112171402,0.0017111181175991123
2014-10-21,58.84062576293945,58.91873950539316,58.82642030915157,58.87613397961594,1647700,58.50136127471924,58.23661512895064,57.9552711168925,57.45381629943848,65.52801633033864,0.1993345834120644,0.001785847669236284
2014-10-22,58.826393127441406,58.85479860409873,58.755382144693435,58.76248486830545,2292400,58.546474838256835,58.2528601212935,57.966721598307295,57.46827238082886,64.71145459016242,0.19679828036942176,0.0017728386511374873
2014-10-23,58.64887237548828,58.776694332067784,58.61336958731105,58.776694332067784,6617200,58.575625801086424,58.26472001509233,57.97721980412801,57.48274648666382,55.4329409304104,0.20440573014609548,0.00191680352305468
2014-10-24,58.6985969543457,58.762505235632545,58.655986015695234,58.691494228271864,2202100,58.610096549987794,58.275169996781784,57.987663714090985,57.49694669723511,57.28062945837588,0.20034986433388977,0.0018859541143221904
2014-10-27,58.67726516723633,58.73407611738393,58.65596241537858,58.69857333688448,2454200,58.63995914459228,58.28600311279297,57.99769605000814,57.50968204498291,56.204105652698786,0.193250749325687,0.0018914364301527006
2014-10-28,58.64179229736328,58.705700585533364,58.634689570524436,58.684397822810006,2201200,58.668756103515626,58.29567767056552,58.0071982383728,57.521857013702395,54.374062189972804,0.18107736386620335,0.001900734050434896
2014-10-29,58.54231643676758,58.627527401265674,58.47130007596894,58.62043009941595,2219900,58.68011589050293,58.304442873868076,58.01645727157593,57.53395235061645,49.505988313907,0.18463325757888935,0.0017355685370026483
2014-10-30,58.5849609375,58.64886920343746,58.56365818218751,58.62046914154833,4741900,58.69573802947998,58.31205506758256,58.026540247599286,57.54643516540527,51.51020973203254,0.18666500531763322,0.0017252107575828324
2014-10-31,58.48552703857422,58.5636407299693,58.47132159407166,58.542337981005126,4598600,58.70816287994385,58.316830374977805,58.034915892283124,57.55779369354248,46.841540457129184,0.18108886745332597,0.001770910767781823
2014-11-03,58.459171295166016,58.52321403691847,58.38089321356319,58.49474878640913,3063600,58.712524604797366,58.3191972212358,58.041842206319174,57.56870704650879,45.66023179440305,0.1846608046929603,0.0017048994629258994
2014-11-04,58.44495391845703,58.55169728337692,58.44495391845703,58.49476676486057,3231100,58.70872039794922,58.323492362282494,58.04777177174886,57.57954931259155,45.00093249198406,0.13395356989239612,0.0016025587731235433
2014-11-05,58.51612091064453,58.523233153701554,58.43072513122175,58.466308063279534,2566600,58.70066318511963,58.329209899902345,58.054294395446775,57.591235103607175,48.972760231435174,0.11722879148537656,0.0015019458191473066
2014-11-06,58.380958557128906,58.47346665293146,58.359610952651195,58.423653766084314,2183500,58.690463066101074,58.33401232632724,58.05986623764038,57.60147890090943,42.670142218853115,0.11877059671877786,0.0015473841225241854
2014-11-07,58.5802001953125,58.58731787200023,58.43787923673728,58.46634451429164,1772400,58.687739562988284,58.3412802956321,58.066864554087324,57.61198749542236,52.39583222215886,0.12640929350157087,0.0017317544661030054
2014-11-10,58.459171295166016,58.60860978844648,58.45205362524083,58.60149211852129,2490600,58.67044448852539,58.34634773947976,58.07326393127441,57.62241344451904,47.161938800047025,0.13049139678657337,0.0016402675013486424
2014-11-11,58.487674713134766,58.5232522275948,58.41650882582481,58.423626500394796,1102500,58.65066909790039,58.351548073508525,58.080193519592285,57.632737979888915,48.467513625111444,0.13101474981262282,0.001606948337097289
2014-11-12,58.480560302734375,58.58018603549512,58.466330381995085,58.5517207648213,809800,58.62379150390625,58.35610559636896,58.0865953763326,57.64239995956421,48.14772916253912,0.12393132933902809,0.0014852964958232391
2014-11-13,58.523277282714844,58.558860241603675,58.480582075406055,58.50904735667767,1665300,58.60401916503906,58.359766873446375,58.09288447697957,57.652275524139405,50.26939353466073,0.12140754924795923,0.0014783668946215004
2014-11-14,58.5374755859375,58.580170766221855,58.45919746928697,58.487662732541146,1519100,58.587087059020995,58.36227257468484,58.0977113087972,57.661838874816894,50.98725154132313,0.1244689488857834,0.0014808133765539743
2014-11-17,58.5374755859375,58.62998361961821,58.51612799579532,58.62998361961821,1787000,58.56766948699951,58.36477827592329,58.102947902679446,57.67049139022827,50.98725154132313,0.1275292780867804,0.001458724542337261
2014-11-18,58.62287521362305,58.62287521362305,58.56595010730979,58.594409945869074,1607500,58.556781959533694,58.37245733087713,58.109364700317386,57.680024490356445,55.47105057738601,0.12145123567900942,0.0014860764387589196
2014-11-19,58.47342300415039,58.59439629201919,58.45919308818665,58.49477059269272,1368600,58.53913345336914,58.37561569213867,58.11571585337321,57.68940372467041,47.31360526950915,0.12553190416233204,0.0015775408335573996
2014-11-20,58.544639587402344,58.637153132065315,58.501944369372445,58.61580552305036,914900,58.533921813964845,58.38187228116122,58.12383368810018,57.699243774414064,51.010635980302474,0.12910981733994525,0.0014743877570436033
2014-11-21,58.67271041870117,58.6798280956489,58.57308465822001,58.57308465822001,3286200,58.532627487182616,58.39084389426491,58.13296006520589,57.70937520980835,56.87163144293416,0.12860036626075097,0.0015477491573389125
2014-11-24,58.67979431152344,58.701141900879264,58.601516197756304,58.62286378711214,1118300,58.53275394439697,58.40071813409979,58.14161761601766,57.71936763763428,57.17681071227156,0.12809196184668487,0.0015458954907744678
2014-11-25,58.786521911621094,58.81498716618784,58.63708339703978,58.651313309727065,1010800,58.53999042510986,58.414336533979935,58.1512233098348,57.73048690795898,61.58702223035588,0.13419165803727445,0.001590086016963924
2014-11-26,58.87194061279297,58.90751812296885,58.85058759165429,58.86482293908007,1149600,58.55647163391113,58.4314412203702,58.16195166905721,57.742521896362305,64.71875843727602,0.13165496184830466,0.0015558550246253238
2014-11-28,58.97154998779297,58.99289757382223,58.92884938654164,58.93596705828233,726300,58.575801086425784,58.451130121404475,58.17444864908854,57.75435676574707,67.99555468755952,0.1255547937167292,0.0015850524580651368
2014-12-01,58.88314437866211,59.061405286487975,58.87601241912354,59.047141367410845,3682100,58.59568195343017,58.470886646617544,58.18603328069051,57.765854625701905,62.451673105252745,0.12761455829949955,0.001572281947441159
2014-12-02,58.75482177734375,58.82612508336548,58.74768981471351,58.82612508336548,5205900,58.61046447753906,58.487794147838244,58.195316060384116,57.776326732635496,55.39194382650981,0.12966535559797165,0.001662933441732045
2014-12-03,58.74048614501953,58.76900852062843,58.70483725557358,58.73335963118248,3877200,58.625241088867185,58.5048283663663,58.20459667841593,57.78697153091431,54.648715404060475,0.1261164707090303,0.0016629458552228009
2014-12-04,58.84033966064453,58.87599400709615,58.74764597599559,58.76190989061203,1558300,58.64145202636719,58.52496601451527,58.21482667922974,57.79815034866333,58.795847589691235,0.13020275093812472,0.0016810584327667428
2014-12-05,58.66925048828125,58.75481771364531,58.59794718719111,58.75481771364531,3695700,58.655866622924805,58.541864152388136,58.22474584579468,57.80826448440552,50.30730409090154,0.1388755492608773,0.0017339735380029514
2014-12-08,58.79048156738281,58.82613594702489,58.647874929003606,58.68352930864568,2838200,58.66638069152832,58.55877602317116,58.23444309234619,57.81905458450317,55.238653693235406,0.1434759345607627,0.0016274915812541507
2014-12-09,58.811851501464844,58.91167719228918,58.78332909835901,58.84750042527802,3727800,58.68401470184326,58.57478818026456,58.24472897847493,57.82939302444458,56.066300238606225,0.14654368214966443,0.0015392682455975292
2014-12-10,58.968692779541016,58.9900886533117,58.82608626160946,58.840344737366635,4081900,58.708065605163576,58.593136596679685,58.25602858861287,57.83992218017578,61.66828462795713,0.14758332689326892,0.001627696199064871
2014-12-11,58.911659240722656,58.94018163513714,58.83322401610544,58.89739532347017,3280600,58.72962055206299,58.61109182184393,58.26702874501546,57.84981735229492,58.73537621301848,0.14556465800188687,0.0016530391151857724
2014-12-12,59.11131286621094,59.16835765726401,58.96870088857825,59.047136116253554,6232900,58.759022331237794,58.63010018088601,58.27881259918213,57.8609202003479,65.00907448593398,0.15424393716580095,0.0017852749856729136
2014-12-15,59.00435256958008,59.10417822935461,58.97583017534586,59.06852387653923,5511400,58.78236618041992,58.64819419167259,58.28905941645304,57.87088663101196,59.76662170744721,0.156805150575952,0.0018584098248746578
2014-12-16,59.13984298706055,59.16836538631291,59.03288534988703,59.16836538631291,6532800,58.81248455047607,58.6674638227983,58.29979000091553,57.88250991821289,63.75403189120527,0.1558129396891498,0.0019028680718078065
2014-12-17,58.997215270996094,59.15408570504027,58.95443440356221,59.118436795542024,3942400,58.83120155334473,58.6843976801092,58.30933202107747,57.893035354614256,57.314571275177464,0.16143116041274297,0.0019962206042487504
2014-12-18,58.904544830322266,58.94019919398477,58.85463198525003,58.904544830322266,1625500,58.85275764465332,58.69511448253285,58.31769078572591,57.90379678726196,53.53126642041053,0.1629758978925143,0.001933177857287327
2014-12-19,59.032875061035156,59.032875061035156,58.883136571126755,58.89739504822212,2204800,58.87716941833496,58.708939153497866,58.32804851531982,57.91603939056397,57.69576366821312,0.16042915664565477,0.0019670170138530773
2014-12-22,59.00435256958008,59.032874963814294,58.954439739692816,58.9686982167647,2157100,58.893751525878905,58.72289047241211,58.33946231206258,57.92796461105347,56.484129943122,0.15635635360235053,0.0019308246637908756
2014-12-23,58.74721908569336,58.969283395123384,58.74005413418561,58.94779400585682,6121200,58.8971227645874,58.72971378673207,58.34932146072388,57.93863899230957,46.91824698283291,0.17065115148375146,0.0021926643108587953
2014-12-24,58.76871109008789,58.7687110900879,58.632604331667544,58.73289179621193,2280200,58.896232223510744,58.73421693281694,58.358771578470865,57.94882629394531,47.715280114912424,0.170693929794018,0.0021550608249998153
2014-12-26,58.818824768066406,58.876133422882525,58.77584600958138,58.818824768066406,1300800,58.89357643127441,58.736790743741125,58.36775725682576,57.958424701690674,49.61502888782706,0.16105320546124752,0.0021376787500939974
2014-12-29,58.919105529785156,58.99073860759134,58.85463739933565,58.911940582428485,2730600,58.890954208374026,58.74286609996449,58.37710796991984,57.968699321746826,53.27374248728944,0.16059983556865123,0.0021382334776884736
2014-12-30,58.96210479736328,59.083887083782834,58.94778036291973,59.05523274964031,5854700,58.89490222930908,58.74881945523349,58.38669942220052,57.97957397460937,54.789719850300465,0.1632022255734731,0.002116281035000091
2014-12-31,59.00510787963867,59.06241110097308,58.9907779753622,59.026597270796216,1708900,58.90741653442383,58.752456456964666,58.39594316482544,57.99034875869751,56.316146264893106,0.15763573641368314,0.0020526206764068865
2015-01-02,59.205657958984375,59.234312290249164,59.04089692052553,59.04806186965545,2218800,58.93067512512207,58.75831964666193,58.4075642267863,58.003455276489255,62.64961578407206,0.16433113978332006,0.0021681634990940216
2015-01-05,59.377567291259766,59.39905666934484,59.24146060971584,59.27011493558055,5820100,58.95753650665283,58.764855194091794,58.4209706624349,58.01766613006592,67.05847060054725,0.15980973219897063,0.0022222729050894556
2015-01-06,59.54948425292969,59.72856968003308,59.47785117513904,59.47785117513904,3887600,59.00154819488525,58.77632356123491,58.43563346862793,58.0319322013855,70.77387369127943,0.17520399633527362,0.0021370571376512124
2015-01-07,59.585330963134766,59.65696407391203,59.49220846564992,59.55667662577265,2433400,59.04129066467285,58.78921834772284,58.449301115671794,58.04634262084961,71.49578934582189,0.1752570528730796,0.0021144429153295754
2015-01-08,59.4921989440918,59.535177710628325,59.43489027853966,59.535177710628325,1873400,59.0753080368042,58.79951601895419,58.462192662556966,58.06035732269287,66.87403231998479,0.17174200881001106,0.002172410977888874
2015-01-09,59.59250259399414,59.66413571280135,59.45639584258081,59.46356079403852,1646100,59.10649852752685,58.813186506791546,58.475920073191325,58.07410371780396,69.18449192099608,0.17639605055818766,0.002133484588179217
2015-01-12,59.67129135131836,59.692780737080994,59.5996527784352,59.63547206487678,4397900,59.14448013305664,58.82854829268022,58.48965708414713,58.08796445846558,70.90135166937525,0.17286316864236287,0.0021103043085370886
2015-01-13,59.72858428955078,59.793057901009966,59.621137379210204,59.67844057630689,2223400,59.175343704223636,58.848179418390444,58.50410661697388,58.10263641357422,72.11785471321302,0.17954068296075018,0.002011530167963923
2015-01-14,59.86469268798828,59.97214506662011,59.85036825462304,59.91483640264914,2481200,59.21836071014404,58.86938115900213,58.52063153584798,58.11798891067505,74.81189670886661,0.17805942165181168,0.0019694766066432694
2015-01-15,60.12972640991211,60.14405083976352,59.85035357315334,59.85035357315334,4214500,59.267854881286624,58.8957895452326,58.53848314285278,58.13498222351074,79.05561610909854,0.1893158865225136,0.0021114294482894235
2015-01-16,59.9506721496582,60.0652840438238,59.871874081369626,60.03662970396828,3631300,59.315527725219724,58.91958736072887,58.55495999654134,58.151641082763675,70.42315060065548,0.20006088621878856,0.002160433517295144
2015-01-20,59.886173248291016,60.05093426662139,59.86468386878145,59.95780633507432,3029500,59.36460914611816,58.94402112093839,58.57048768997193,58.16773195266724,67.56126519536517,0.20108492609843204,0.002134479162955529
2015-01-21,59.771541595458984,60.02942499462511,59.76437664957871,60.022260048744826,2473900,59.40154247283935,58.96559531471946,58.586883004506426,58.18240837097168,62.68552061325518,0.2082468397447695,0.0021936383423773877
2015-01-22,59.7859001159668,59.90767693911503,59.721431962037315,59.90767693911503,2157400,59.44061985015869,58.989238461581145,58.60392764409383,58.19663070678711,63.04527243327755,0.21438531642104916,0.0021803416149857855
2015-01-23,59.97930908203125,60.00795794831566,59.89334608741326,59.91483546975403,6255000,59.502224349975585,59.01687733043324,58.62098089853922,58.21160963058472,67.57944140098701,0.21387484654521874,0.0019041067878086697
2015-01-26,59.90765380859375,59.99361677923134,59.87184000310147,59.9792923500851,7810500,59.559171485900876,59.04347187389027,58.63678862253825,58.226300411224365,64.425582311915,0.20875899410017645,0.0019642123611086277
2015-01-27,59.943504333496094,60.093935511605665,59.90768504407447,60.07244612405519,1154100,59.61540546417236,59.0694242997603,58.65354350407918,58.240293941497804,65.29817593745261,0.19699323083150486,0.0019657795638586134
2015-01-28,60.15839767456055,60.23719025881063,59.90051414258965,59.91483857647461,1394600,59.67737007141113,59.10174137462269,58.671558666229245,58.25518663406372,70.04172278509822,0.20927326711428101,0.002047081824123798
2015-01-29,60.09391784667969,60.1512265068056,60.00079537291606,60.12973712557204,1551300,59.733960723876955,59.12926351373846,58.68797591527303,58.269792041778565,67.07879061618782,0.20978481118923703,0.002100546271323656
2015-01-30,60.4234619140625,60.4234619140625,60.25154132078136,60.31600949379036,10474400,59.80487842559815,59.16497788862748,58.70749273300171,58.28590496063232,73.29623255382549,0.2184851109865425,0.0023303425029919155
2015-02-02,60.35165023803711,60.42342798307832,60.22962752383797,60.25833424082172,6070500,59.862178039550784,59.198868352716616,58.726175721486406,58.3018342590332,70.18558964257022,0.22516770006780515,0.002327344116620367
2015-02-03,60.16505432128906,60.28707709755192,60.12916269236766,60.24401152388119,1237200,59.90155239105225,59.22949551669034,58.74371592203776,58.31756671905518,62.73531403191893,0.22877963034421153,0.002447076553851277
2015-02-04,60.18657302856445,60.19375244792798,59.97841367736155,60.043017499048446,2945700,59.933406829833984,59.25973725752397,58.760551611582436,58.33333660125732,63.2201921301981,0.22676377273686146,0.002390303781841063
2015-02-05,60.05739212036133,60.12199596491644,60.01432654152083,60.071750964171066,2128200,59.957009887695314,59.287372103604405,58.77583916982015,58.348460578918456,58.314727052981176,0.21808871705353589,0.002464106328346443
2015-02-06,59.66974639892578,59.877905687470225,59.65539304081169,59.84919349495126,2907700,59.965887260437015,59.30795884565874,58.78701210021973,58.361190509796145,46.62370448088295,0.22838491355404703,0.0028770958708128447
2015-02-09,59.648216247558594,59.78459779895048,59.619504053776566,59.77023896391396,1384600,59.96867294311524,59.32660140991211,58.79900789260864,58.373742809295656,46.07124432005813,0.2268737240779021,0.0028560199523953575
2015-02-10,59.54057693481445,59.60518077249662,59.5046907816966,59.57646856422607,1447900,59.96213722229004,59.34600420865146,58.810165564219155,58.3856516456604,43.308289784450764,0.2181935184218727,0.0028683041971922884
2015-02-11,59.54057693481445,59.61236019363769,59.49751136055552,59.57646856422607,1904000,59.95273685455322,59.364112160422586,58.82203016281128,58.39787605285645,43.308289784450764,0.21309379385076252,0.0028575403627479263
2015-02-12,59.56928253173828,59.648239726645706,59.547749746998655,59.56928253173829,4662900,59.93796634674072,59.380413471568716,58.83360366821289,58.41010366439819,44.34068664154437,0.2049227195280758,0.0028047980291456033
2015-02-13,59.432865142822266,59.59795336207885,59.432865142822266,59.59795336207885,1883000,59.90312328338623,59.39410566850142,58.844040362040204,58.42101819992065,40.56046014171351,0.20801639403712663,0.0026115805546210007
2015-02-17,59.196022033691406,59.432893567256606,59.17448925360221,59.41853472966915,5281500,59.86539077758789,59.40155112526634,58.852326742808025,58.4300528717041,34.9839781344902,0.2131680090830181,0.0026693390843609897
2015-02-18,59.3610725402832,59.44720908209405,59.210337699330594,59.28211541269538,3813000,59.8391357421875,59.41044443303888,58.86175320943197,58.439596557617186,41.06493585664609,0.20706164709599406,0.0027731730102642884
2015-02-19,59.310829162597656,59.440031240588226,59.28929639564734,59.38978629227459,1322700,59.816100120544434,59.41661314530806,58.869994227091475,58.449205265045165,39.84326787426727,0.20657111447430815,0.002753438347015157
2015-02-20,59.325233459472656,59.490321783477874,59.23909684936591,59.39701122974853,3145800,59.793066787719724,59.42465112859553,58.87770732243856,58.45860479354858,40.3907795746841,0.20097689066924776,0.0027534698443126087
2015-02-23,59.44727325439453,59.497518255617344,59.397028253171726,59.432919886742766,3952700,59.76646499633789,59.43724115545099,58.88643741607666,58.46847423553467,44.96135607325794,0.19943763394925895,0.0026837218434396775
2015-02-24,59.69132614135742,59.73439172192493,59.34678506793363,59.4472750734542,2542200,59.755648612976074,59.454529155384414,58.89886074066162,58.47942321777344,52.761780344588175,0.21123185597224797,0.0028612854945118935
2015-02-25,59.748722076416016,59.763080915270926,59.63387874703903,59.684123730446295,4934600,59.74590950012207,59.471045199307525,58.91093581517537,58.491010665893555,54.398635343105575,0.20507924151978177,0.002867609683747796
2015-02-26,59.58363342285156,59.748721734691614,59.576454003465166,59.676943969704965,2187500,59.71717128753662,59.48767034357245,58.922461700439456,58.502053813934324,49.12576834398376,0.20508078337029798,0.0027814428677079505
2015-02-27,59.63389587402344,59.6554286621976,59.526226456858545,59.59800424287046,4094400,59.69417018890381,59.503005149147725,58.934583568573,58.51282104492188,50.692808760911056,0.18559529235525624,0.0027928072536306334
2015-03-02,59.44112777709961,59.6928434895973,59.426740886676306,59.66407519574171,2476100,59.645053482055665,59.51444653597745,58.94545370737712,58.521886615753175,44.97149414154864,0.19281021076576213,0.002493588931868755
2015-03-03,59.36924743652344,59.48431519792805,59.354860536976304,59.4267785737285,2648100,59.59593334197998,59.52172934792259,58.956551520029706,58.530065822601316,43.02166593427458,0.19180515327217304,0.0024937566395952042
2015-03-04,59.36924743652344,59.44835892304919,59.34047912442366,59.40520371140229,1425400,59.5561429977417,59.53004913330078,58.96853539148967,58.53824502944946,43.02166593427457,0.1913073650966989,0.0024406022528936505
2015-03-05,59.405181884765625,59.46271848782509,59.333263874437534,59.38360703036645,1340800,59.517073440551755,59.535392206365415,58.98117307027181,58.54670925140381,44.41885990935082,0.19286392377929218,0.0024466712074024573
2015-03-06,59.059959411621094,59.19660195315216,58.99522937658749,59.19660195315216,1580000,59.46720180511475,59.536403239857066,58.99170160293579,58.55330703735351,35.430226843880405,0.21035423013083182,0.002689785241984467
2015-03-09,59.13188552856445,59.18942212605613,59.10311722981861,59.17503523318724,1982300,59.44030876159668,59.5362585587935,59.00259307225545,58.56051023483276,38.23464904622316,0.20114411590087755,0.00237457216276532
2015-03-10,59.36204147338867,59.36923492164588,59.2829300035394,59.29731141306048,3766100,59.42600002288818,59.54289176247337,59.015580050150554,58.569039821624756,46.27557684913295,0.20015571194936196,0.0025657218478547256
2015-03-11,59.42670440673828,59.469859564525756,59.3404050651386,59.361979900538515,4829700,59.42030639648438,59.55238557295366,59.02969617843628,58.577611656188964,48.311552706648364,0.19863568726695288,0.0025542583401514203
2015-03-12,59.46989440917969,59.613730387447426,59.441126116127975,59.59934898441699,8421500,59.416772270202635,59.56033137928356,59.04411319096883,58.58611820220947,49.68315061000398,0.19405004773817985,0.002560806709796998
2015-03-13,59.41240310668945,59.52747087960912,59.39082824220421,59.41240310668945,2114500,59.408928298950194,59.56775047995827,59.05704714457194,58.59338893890381,47.86247699071359,0.19150417925676727,0.0025652638962912933
2015-03-16,59.527462005615234,59.59938552583752,59.45554397238717,59.56342376572638,1203700,59.413658142089844,59.58193671486595,59.07034947077433,58.60148082733154,51.678949085544154,0.17717387676796495,0.0025519024782486837
2015-03-17,59.57780075073242,59.57780075073242,59.50588272284813,59.53465103140061,1471300,59.4327470779419,59.59664743596857,59.08383506139119,58.61010553359986,53.28992524606738,0.17308215245742176,0.0023686703593503704
2015-03-18,59.944541931152344,59.944541931152344,59.52741002091484,59.64248316318288,5534300,59.46192054748535,59.61711502075195,59.10067189534505,58.62127182006836,62.97476683994132,0.1905724265493254,0.002655376094678663
2015-03-19,59.764747619628906,59.92297045564289,59.72879137589193,59.90858905554604,1208100,59.48461647033692,59.63249033147638,59.11482934951782,58.63224306106567,56.76128375259129,0.19675445154370813,0.0027543085305604758
2015-03-20,59.923011779785156,59.9302052282892,59.800750590184066,59.800750590184066,1011200,59.51450538635254,59.64996136752042,59.13077793121338,58.64397039413452,60.45957569659125,0.18956552338222973,0.002799914600075687
2015-03-23,59.951744079589844,59.95893752377348,59.85105780897987,59.951744079589844,1572700,59.5397289276123,59.667172934792255,59.14637568791707,58.65552467346191,61.10991468529349,0.18802445579950597,0.0027760105288942025
2015-03-24,60.05242919921875,60.08839093245745,59.93016808539139,59.98770466377725,2300500,59.55778408050537,59.68256877552379,59.162930488586426,58.667617626190186,63.38272933782484,0.19162038783097252,0.0026572524345208136
2015-03-25,59.958984375,60.12439531154212,59.94459747539098,60.12439531154212,1559900,59.56829719543457,59.69313999522816,59.17662935256958,58.679489860534666,59.88475935953187,0.19521633231408586,0.0026840090956425
2015-03-26,59.764747619628906,59.87982076836261,59.707211045262056,59.87262732481933,2342500,59.577352905273436,59.69705387462269,59.1890645980835,58.69095403671265,53.30009056602993,0.1839178195683578,0.0027134496215760187
2015-03-27,59.822303771972656,59.90141521587036,59.78634202947678,59.822303771972656,6542300,59.5867733001709,59.701362471147014,59.20227521260579,58.70260061264038,54.88316478444106,0.1844324539831018,0.0027151757921695637
2015-03-30,59.89422607421875,59.92299437288455,59.84388292330158,59.90861296704762,1634800,59.60942821502685,59.70867205533114,59.214960956573485,58.713867301940915,56.851536361139715,0.17467111168527844,0.002602166811776131
2015-03-31,59.958984375,60.009327549642535,59.86548598852492,59.90864120035746,1996000,59.638915061950684,59.71533536044034,59.22694384256999,58.725528163909914,58.60281718318418,0.17569875895173986,0.002578699639997984
2015-04-01,60.19752502441406,60.2263593682275,60.082187649160325,60.096607570861416,3132700,59.680328941345216,59.72490324540572,59.239612674713136,58.73845209121704,64.34369640399149,0.18143797413162233,0.0026893738864322706
2015-04-02,60.11823654174805,60.226363964402985,60.09661215713489,60.21915400300221,791200,59.71598167419434,59.731987831809306,59.252389971415205,58.75164852142334,61.300673228489075,0.18094577197899245,0.00272689557621465
2015-04-06,60.16870880126953,60.269626285214926,60.111040096274905,60.262416322193,1768800,59.77141914367676,59.73751539750533,59.26517362594605,58.76435800552368,62.51594427802465,0.17891746982127493,0.0022713307436724645
2015-04-07,60.204769134521484,60.219189065719064,60.06781278569874,60.11827154570552,977400,59.82506332397461,59.73887981068004,59.276837762196855,58.77749412536621,63.400264111597316,0.18459305925956265,0.002271456785258109
2015-04-08,60.16151428222656,60.21918300202525,60.075011202528536,60.20476307227967,3470700,59.865036964416504,59.742713303999466,59.28749052683512,58.790237998962404,61.52524405935881,0.16509590849236336,0.0021842909279546283
2015-04-09,60.03173828125,60.17591002279335,59.97406958463266,60.17591002279335,1025400,59.89528865814209,59.74535994096236,59.2959374109904,58.802438488006594,56.15890940924783,0.16410232869952626,0.0022705232748942887
2015-04-10,60.0029182434082,60.103835736762186,59.97408388822265,60.08221134527075,4290100,59.921939849853516,59.749566789106886,59.30497236251831,58.813966827392576,55.01138526731927,0.16155191726232893,0.0022804479288855853
2015-04-13,60.01736068725586,60.08223388606837,59.97410638845454,60.04619505325908,6046400,59.95218772888184,59.75377516313033,59.31448272069295,58.825179958343504,55.50208257583396,0.1615696160352021,0.002256864435866957
2015-04-14,60.12544250488281,60.25518880393377,60.11823254396149,60.21194003758345,1398100,59.982086753845216,59.7564321344549,59.324479516347246,58.83654630661011,59.097562591242195,0.16725570672176257,0.0022525445463205717
2015-04-15,60.18315887451172,60.248037580956264,60.16153447222809,60.22641317867264,1022400,60.01235466003418,59.76144131747159,59.335667292277016,58.848201236724854,60.91379630978672,0.1631697952876416,0.0022536061709823446
2015-04-16,60.16870880126953,60.233581969695685,60.10383013325298,60.197543153766844,1289900,60.02356300354004,59.76553594415838,59.346853256225586,58.859537315368655,60.1931447935252,0.1544539743379819,0.001822584240938023
2015-04-17,60.26961135864258,60.305655665234966,60.11823517021482,60.15427397721816,1693900,60.04880619049072,59.76755801114169,59.36035941441854,58.87193563461304,63.44528904449475,0.1580791813936031,0.0016870541330737548
2015-04-20,60.204769134521484,60.25522789452826,60.13268597731072,60.226399031317854,2463600,60.06289405822754,59.76957348910245,59.37291084925334,58.8847859954834,60.050084324247415,0.16066737999502884,0.0016330758235060118
2015-04-21,60.13270568847656,60.2047888693158,60.08945687989186,60.17595999665544,1788000,60.07194213867187,59.76428701227361,59.385039520263675,58.89762891769409,56.435481160840155,0.15863098201690867,0.0016626685354329002
2015-04-22,59.90925979614258,60.11830491781092,59.90925979614258,60.111094948209825,1501300,60.06478366851807,59.756243549693714,59.395601749420166,58.90900173187256,46.99053611669824,0.15549318909594337,0.0018309766987548417
2015-04-23,60.02452087402344,60.09660948564827,59.93081337833565,59.96685768414807,5518000,60.06806049346924,59.753688396107066,59.40795345306397,58.920421619415286,51.49961063862805,0.15960732354148632,0.0018523275063257903
2015-04-24,60.11823654174805,60.1759052337759,60.06777781112096,60.103816618946496,1597900,60.0857349395752,59.752445914528586,59.42073074976603,58.932027702331546,54.86158586159393,0.15909290717094646,0.0017082160677697434
2015-04-27,60.07502365112305,60.14711231560534,60.031774852108036,60.14711231560534,1591400,60.09837093353271,59.752766487815165,59.433976554870604,58.94334716796875,53.03598545401515,0.15651870599073092,0.001715048863860791
2015-04-28,59.887603759765625,60.03898004387291,59.873183828178725,60.02456011228602,1217700,60.09803981781006,59.756727530739525,59.44588015874227,58.953305892944336,45.90166159204946,0.16063785052270316,0.0018506643897218326
2015-04-29,59.700172424316406,59.77225557052742,59.6280892781054,59.70738238881497,1905200,60.08509922027588,59.75767218849876,59.456340312957764,58.96275110244751,40.093165222853465,0.164757425058384,0.0019571848707777306
2015-04-30,59.76502227783203,59.765022277832024,59.51993309942405,59.606436132907255,4229900,60.063474082946776,59.76175301291726,59.466747824350996,58.97273223876953,42.790619213240625,0.17299580576327248,0.0017240488612309587
2015-05-01,59.58378219604492,59.67766980857511,59.52600266056799,59.62711409257274,7173200,60.03675136566162,59.762538563121446,59.47677135467529,58.98170141220093,37.683677680774,0.1823452428811443,0.0018145179949343433
2015-05-04,59.49706268310547,59.65595351649877,59.48262056650386,59.634287586518795,1190000,60.00316905975342,59.76122547496449,59.4844118754069,58.9894606590271,35.500476484061366,0.17773844526092983,0.001801539924128083
2015-05-05,59.403202056884766,59.52597938915417,59.323756604202764,59.52597938915417,4175700,59.96309070587158,59.76068614612926,59.492278798421225,58.996750602722166,33.254805182573705,0.1834261387522125,0.001793580789866981
2015-05-06,59.237083435058594,59.36708457541995,59.186527742149025,59.36708457541995,3938900,59.916869163513184,59.76143271706321,59.49852387110392,59.00320995330811,29.676743631743008,0.18963488720171487,0.0018557429885923274
2015-05-07,59.359859466552734,59.40319133832144,59.28041402820567,59.29485614874303,3602900,59.88327522277832,59.7614106611772,59.505851364135744,59.00989500045776,35.22410875571731,0.1881125592190505,0.0019291845148250802
2015-05-08,59.518741607666016,59.6198529670573,59.47540423210131,59.56929728736166,1735900,59.85906639099121,59.76519088745117,59.514146900177,59.01751550674439,41.63989677199714,0.1969031391599582,0.002060779906602128
2015-05-11,59.20820999145508,59.453764684622236,59.164872596657496,59.40320898249028,929200,59.81860885620117,59.76306318803267,59.51973635355632,59.024148044586184,34.45659118422655,0.2139414978445713,0.0023165745324674712
2015-05-12,59.135963439941406,59.24429862616346,59.042075883965744,59.11429750472829,2139600,59.7691349029541,59.75740300958807,59.52472375233968,59.02989019393921,33.02899291812511,0.2124255585491238,0.0022439334950408374
2015-05-13,59.10704803466797,59.33816593704361,59.078163807025085,59.3020523872589,2372000,59.71532936096192,59.74677977128462,59.52875852584839,59.03555818557739,32.44951255451032,0.21761501858575474,0.0022062807828782506
2015-05-14,59.22269058227539,59.26602249505941,59.150468890914745,59.18657698151414,1485300,59.66802845001221,59.73721556230025,59.53500242233277,59.04155738830566,37.19530309587602,0.21815716863139606,0.002293767484091018
2015-05-15,59.46101379394531,59.48990356604592,59.32378875400757,59.33823639513819,1402700,59.62759857177734,59.73498611450195,59.54263887405396,59.0498419380188,45.667113584046895,0.22900542007948335,0.0024791644059429896
2015-05-18,59.24427795410156,59.41039258303399,59.237054141498966,59.41039258303399,3747700,59.579574012756346,59.727902152321555,59.547401936848956,59.057360610961915,40.3380805701682,0.23058540790105653,0.0025662119704364995
2015-05-19,59.11427688598633,59.200946106765514,59.04927910301785,59.07816884327758,4856500,59.528652572631835,59.72195940884677,59.551022624969484,59.063267402648925,37.51059938995497,0.22597714857416257,0.0025839476058036217
2015-05-20,59.11427688598633,59.193722294161944,59.06372121807045,59.135942813642494,4097400,59.48890342712402,59.71732358065518,59.55375391642253,59.068785152435304,37.51059938995497,0.21775656983727135,0.0024992812464056952
2015-05-21,59.30208206176758,59.338195629623364,59.186523052754524,59.22263662061031,2314100,59.45278148651123,59.71610239202326,59.55733842849732,59.07563097000122,44.07804984346881,0.21667793600677093,0.002581929820084745
2015-05-22,59.26597213745117,59.28763807543389,59.157642447537604,59.26597213745117,816600,59.41016826629639,59.71357130570845,59.55979194641113,59.081977939605714,43.13926325955941,0.21461412630927562,0.002531332408777518
2015-05-26,59.410457611083984,59.446565693310184,59.24434280032966,59.26600875169749,1178300,59.376939964294436,59.71994400024414,59.56418622334798,59.088410987854004,47.91902148534961,0.21461413402564083,0.0026273866806199816
2015-05-27,59.43933868408203,59.46822294157158,59.323779613484774,59.424891045177496,2564500,59.35452671051026,59.72553405761719,59.56989053090413,59.09520046234131,48.844695228056736,0.20945477783643135,0.0025649429732678966
2015-05-28,59.446563720703125,59.49711944227067,59.40323181940534,59.46101136124265,1073300,59.34184627532959,59.727070825750175,59.5757745107015,59.101884822845456,49.08847983853704,0.2042961863794659,0.002482706440833989
2015-05-29,59.46816635131836,59.554835571791365,59.43205830873716,59.52594583163369,2494300,59.327003479003906,59.727824679288,59.581006399790446,59.10892450332641,49.85791018431855,0.19449502656158302,0.0024680623492140735
2015-06-01,59.26990509033203,59.47977476577989,59.24095697772323,59.47977476577989,1362800,59.31130962371826,59.7241885098544,59.58601185480754,59.11444257736206,43.37839343334518,0.18627708206502142,0.0024868185888392343
2015-06-02,59.10344696044922,59.219239395480216,59.05278915044496,59.1975296942337,1510000,59.29162883758545,59.71857112537731,59.58861989974976,59.11884538650513,38.81714275237189,0.18734088189997525,0.0025388788916341012
2015-06-03,58.84292221069336,59.002134055543834,58.777793103956775,58.99489564769951,1390000,59.26361484527588,59.70612494728782,59.58887882232666,59.12141502380371,32.97326536549387,0.19203029093382643,0.0026867301203218046
2015-06-04,58.98772048950195,59.06008807490543,58.90811448917026,58.92258579773382,1111300,59.251146697998045,59.69539621526545,59.58903738657634,59.125310020446776,38.51383049000736,0.19618681977815708,0.002704283937099302
2015-06-05,58.75606918334961,58.87185607440235,58.69093457108748,58.81395986823293,4115300,59.22095718383789,59.67378761985085,59.58774080276489,59.12808208465576,33.712583247007004,0.19829917225272453,0.0027700227721577015
2015-06-08,58.828487396240234,58.86466841532307,58.78506796482449,58.81401057157441,4954500,59.186444473266604,59.65676470669833,59.58538392384847,59.131640396118165,36.38258241107057,0.19005914221894674,0.002700611270360319
2015-06-09,58.65479278564453,58.763341343153954,58.62584466321209,58.763341343153954,2883300,59.15877361297608,59.63370617953214,59.582470925649005,59.13401205062866,32.9540228915388,0.19060513378640614,0.0025385273076929888
2015-06-10,58.5317497253418,58.618594074597716,58.495568720784995,58.56069784176044,1222800,59.128562927246094,59.60788810036399,59.57740348180135,59.135768489837645,30.743823220319968,0.19269249012698048,0.002559737940237279
2015-06-11,58.806800842285156,58.814033736175965,58.57522124803938,58.61864069655638,1815900,59.11355056762695,59.58524031205611,59.57581669489543,59.13879421234131,40.371431777823844,0.19686143778391849,0.0028124232197941157
2015-06-12,58.76336669921875,58.922578680651384,58.70547595066412,58.74165697834924,1785100,59.09058437347412,59.56350180886009,59.57464021046956,59.141461563110354,39.4390602616797,0.20205166033801042,0.0027652652817583335
2015-06-15,58.77054977416992,58.92976160568666,58.75607848098067,58.89357509078304,2082900,59.05606117248535,59.54542548439719,59.572454166412356,59.14370477676392,39.68713846238838,0.20001310546125797,0.0025684070279956223
2015-06-16,58.92253875732422,58.92253875732422,58.78504211121498,58.86464252670536,2250700,59.039974212646484,59.5290661204945,59.57177238464355,59.146319160461424,44.836292017660384,0.20055208082322146,0.002555026694233444
2015-06-17,58.94426345825195,58.958740280233634,58.69097428647102,58.893605623895766,865700,59.031473541259764,59.511794072931465,59.573414421081544,59.14904216766357,45.551834692249656,0.21297196445874178,0.002517382851489082
2015-06-18,58.90084457397461,58.93703110797016,58.763342370339394,58.886373273150326,1210300,59.02080192565918,59.49255516745827,59.57451553344727,59.152543754577636,44.31463777510802,0.21712509480576717,0.0025205979984523124
2015-06-19,59.0672721862793,59.088981889812224,58.9876662591334,59.016614370939884,1176700,59.00906143188477,59.47200511585582,59.57658592859904,59.1563815498352,49.92842112281785,0.21350506107583556,0.0024970956384015213
2015-06-22,58.78505325317383,58.973207756414766,58.770576432130994,58.92254992534382,1020000,58.9850154876709,59.44776541969993,59.57546882629394,59.15930418014526,42.16561885227242,0.21918933352306627,0.0026992575917412953
2015-06-23,58.647560119628906,58.78506233432982,58.6186119943608,58.647560119628906,1096000,58.94687061309814,59.420108170942825,59.57284762064616,59.16164562225342,38.985432322579165,0.20781765377139344,0.002645372050908562
2015-06-24,58.75606918334961,58.785017286434325,58.67646328018818,58.7271210802649,6836900,58.91270713806152,59.39376817183061,59.57077229817708,59.164742412567136,42.66091645296862,0.20212417538520405,0.002693159260734545
2015-06-25,58.67648696899414,58.76332579202064,58.647538854222525,58.734383198537365,2894500,58.874203300476076,59.366767675226384,59.56636253992716,59.16793729782105,40.723338968494105,0.18919567676974985,0.0026933055381543687
2015-06-26,58.56791687011719,58.60410338398794,58.5100206564387,58.5751552771487,963000,58.82919082641602,59.340152740478516,59.55961545308431,59.171120967864994,38.17593688389565,0.1933290396684631,0.002695028448485517
2015-06-29,58.8646125793457,58.90803749086165,58.676458207490555,58.7560641037699,2168400,58.8089262008667,59.319456273859196,59.55390818913778,59.17600072860718,47.787879473190074,0.20314888879105755,0.0029179175239123904
2015-06-30,58.806800842285156,58.96601284857158,58.79232401191746,58.806800842285156,1547800,58.79409389495849,59.29744609485973,59.54742043813069,59.18105205535889,46.27808294960274,0.2041820867763851,0.002864657827149243
2015-07-01,58.663909912109375,58.758176253512275,58.613150261755976,58.64215656658463,5399300,58.785143280029295,59.27087277499112,59.540518029530844,59.185247058868406,42.68818823021455,0.19785112746888597,0.002745113310552518
2015-07-02,58.80895233154297,58.8669649574055,58.7799460186117,58.7799460186117,1060100,58.776204872131345,59.2458872014826,59.53398844401042,59.19027379989624,47.16817775006254,0.19684772141951917,0.0027456983920564853
2015-07-06,59.01199722290039,59.05550946308759,58.895977491309075,59.05550946308759,2210700,58.789001274108884,59.224856081875885,59.5284943262736,59.19666994094849,52.737831754495815,0.20205300762227857,0.0027067224847736864
2015-07-07,59.06997299194336,59.294764885136395,59.06997299194336,59.23675782173491,4183200,58.801075553894044,59.20304447520863,59.523005898793535,59.203320541381835,54.22181941283958,0.21139434184240052,0.0027023769233102076
2015-07-08,59.2368049621582,59.28756464076988,59.142533035886494,59.20054567783985,1967800,58.830176162719724,59.18544512662021,59.51777350107829,59.21020292282105,58.28125220376443,0.20781046006125084,0.002655061643620976
2015-07-09,59.04097366333008,59.1569988686001,59.01196736201258,59.142492951748196,1670900,58.85563735961914,59.16559545343573,59.50870056152344,59.21575187683106,52.40662236803389,0.21094735379218424,0.002729897425922542
2015-07-10,58.765438079833984,58.85245700745008,58.700172501024966,58.750932159037404,2038300,58.853569221496585,59.14479869495739,59.49882361094157,59.21978141784668,45.46294588976279,0.22185191425414835,0.0027633578964045735
2015-07-13,58.627647399902344,58.74367261278895,58.620394441000265,58.634900358804416,2846500,58.84678325653076,59.11940099542791,59.48833589553833,59.22329904556275,42.43495940461221,0.2110196203031067,0.0028079662488155583
2015-07-14,58.7364387512207,58.78719841526573,58.707432438568055,58.73643875122071,1567700,58.845077705383304,59.0942773992365,59.47971003850301,59.226651973724366,45.52021370050294,0.21052681140270377,0.0028421156767905005
2015-07-15,58.903221130371094,58.92497448082709,58.72193583338685,58.74368918384285,2631000,58.84411182403564,59.072971898859194,59.472354380289715,59.231122169494625,49.94900619554122,0.2152112028766194,0.002854903626901111
2015-07-16,58.903221130371094,58.93947487033502,58.772695495246914,58.78719588475484,1063100,58.8420597076416,59.05507403287021,59.46338698069255,59.23523820877075,49.94900619554122,0.21885351982590454,0.002853502455851482
2015-07-17,58.910465240478516,58.968477860018766,58.88145893070838,58.91771820101802,807900,58.8425407409668,59.040715720436786,59.45507707595825,59.239461269378666,50.153129260851514,0.21317870673697165,0.002848784213517258
2015-07-20,58.830718994140625,58.89598459610005,58.79446524406517,58.87423123957682,1026900,58.83071308135986,59.023728388006035,59.44580386479696,59.24203926086426,47.840098888440615,0.19717009071332012,0.002784087664000012
2015-07-21,58.93940353393555,58.97566276240188,58.80887805679087,58.823383961130006,1422900,58.83843059539795,59.01201241233132,59.43564558029175,59.24537368774414,51.14696815249863,0.1966769384959553,0.0025982883967240176
2015-07-22,58.96120071411133,59.04821960772732,58.95395328893255,58.96845367167573,1624100,58.85411262512207,59.00226946744052,59.426206270853676,59.248994541168216,51.8068749196083,0.1906173308718547,0.0025323447830273484
2015-07-23,59.09897994995117,59.12798624816872,58.946701033598316,58.99020771473179,1178400,58.87125816345215,58.996738156405364,59.41516892115275,59.25262975692749,55.8651446519064,0.18906234296287444,0.0025505994987528747
2015-07-24,59.13522720336914,59.178733875672236,59.098967954860186,59.16422796331482,804300,58.8941951751709,58.9948862249201,59.405032062530516,59.255700702667234,56.893572590890095,0.17714868505340522,0.0025214470284375874
2015-07-27,59.25123977661133,59.258492731925365,59.178726820622686,59.23673939836716,2022800,58.928361320495604,58.99291132146662,59.39741694132487,59.25857057571411,60.098348513313816,0.16575567550484951,0.002486831208532223
2015-07-28,59.149803161621094,59.2078158204069,59.14255019617496,59.17880949101399,1434700,58.942620849609376,58.98620334972035,59.38877719243367,59.261394786834714,56.16641035533762,0.15797695633412445,0.002298484313861446
2015-07-29,59.09897994995117,59.15699254638627,59.0554732688177,59.14973958873546,1020500,58.95722980499268,58.98421734896573,59.38079042434693,59.26371633529663,54.2512466432603,0.1491685047214776,0.002295195532798418
2015-07-30,59.12077331542969,59.15703259584568,59.055513249548255,59.08451956740315,788000,58.98007297515869,58.9839411648837,59.376215648651126,59.26529483795166,54.96044899586756,0.13207694643521403,0.0022068027015080998
2015-07-31,59.323760986328125,59.33826689897441,59.258500976573885,59.30200764974338,1589100,59.005813407897946,58.98788140036843,59.37351185480754,59.26749773025513,61.02147739965962,0.13725194248599998,0.002264240335179885
2015-08-03,59.46113967895508,59.475670085405966,59.32307587038858,59.36667263358192,2085800,59.02827053070068,58.99221683848988,59.37284987767537,59.269712867736814,64.50306643949682,0.13675502817557167,0.0021978818753230797
2015-08-04,59.2576789855957,59.42480360215664,59.24314303573095,59.410273196132415,1007300,59.0376558303833,58.98851984197443,59.370492394765215,59.2714076423645,56.45972158722814,0.1378234564458494,0.0023498768557421424
2015-08-05,59.163204193115234,59.199538519177096,59.08327311085099,59.18500257121643,2097000,59.033975791931155,58.98704577359286,59.36710840861003,59.27284307479859,53.14577731336664,0.1383682064213215,0.002293360519528747
2015-08-06,59.19951629638672,59.25764897872746,59.16318198396433,59.177717926468375,1173000,59.04190292358398,58.98859558105469,59.36516383488973,59.27421152114868,54.2571252944483,0.13890021109651787,0.0021652488781420845
2015-08-07,59.32305145263672,59.3739161700396,59.25765633476376,59.293985107858155,1773800,59.06978359222412,58.99239148226651,59.36622241338094,59.27662364959717,57.91440864478266,0.143071630899342,0.0018852738841290094
2015-08-10,59.19951629638672,59.301245718564154,59.16318198396433,59.27944734864581,1173300,59.09837703704834,58.99052665016868,59.36487611134847,59.27848926544189,53.32311227433136,0.14257768540372595,0.0018654379073260723
2015-08-11,59.42477035522461,59.50470140323938,59.37390564683679,59.39570401559765,1424200,59.13279361724854,58.99341389049183,59.36582562128703,59.28236875534058,59.61067131234327,0.15660404490807522,0.001987630200799611
2015-08-12,59.402976989746094,59.60643584043391,59.38844659062749,59.52650478568685,1029700,59.15778141021728,58.99327787919478,59.366473484039304,59.285890655517576,58.78560746863462,0.15922576171064812,0.001924484606138479
2015-08-13,59.27947998046875,59.403007840563426,59.25768159855095,59.34487512622213,845500,59.17659435272217,58.9903713573109,59.36507520675659,59.28890172958374,54.206977398175276,0.16390864179639258,0.0020031462663921504
2015-08-14,59.2576789855957,59.344872509422096,59.22861262970673,59.2576789855957,2279800,59.19395503997803,58.98693708939986,59.36146148045858,59.2919811630249,53.41604237061475,0.16340823830775975,0.0020086889024047362
2015-08-17,59.36664581298828,59.42477850021008,59.337585013215566,59.39571215659918,821900,59.22075138092041,58.98509126143022,59.35827751159668,59.296102809906,56.808298296818805,0.16758037646333182,0.0019975311053610917
2015-08-18,59.2576789855957,59.33761007833025,59.23587506079858,59.29400777257652,1083900,59.23666515350342,58.98486896861683,59.35556122461955,59.299466400146486,52.67725235172318,0.16966976750769852,0.002031915079445123
2015-08-19,59.46833801269531,59.49014191463148,59.163149911605565,59.19948420433113,1356600,59.26202201843262,58.99150335138494,59.354181575775144,59.30438045501709,58.89973032072386,0.18577495727401935,0.002160781674501655
2015-08-20,59.51927185058594,59.56286861338238,59.46840156886923,59.490205494108096,1536900,59.283036613464354,59.003800617564806,59.35483277638753,59.30968095779419,60.260324905220536,0.17699188706990096,0.002116957415169878
2015-08-21,59.613685607910156,59.65001436653204,59.49015784969059,59.562820910770554,3459200,59.306959533691405,59.01518180153587,59.35686976114909,59.315524616241454,62.72369936934407,0.17751062291447692,0.002134277666822816
2015-08-24,59.599151611328125,59.897077378450454,59.533756517376226,59.802615950352255,4751800,59.324355125427246,59.03051057295366,59.35878562927246,59.320939769744875,62.08568267927024,0.18789092418948425,0.002106411532269287
2015-08-25,59.402976989746094,59.52650478568685,59.29397959292393,59.52650478568685,5325500,59.3370138168335,59.04095583829013,59.3587672551473,59.32604986190796,54.088327556670265,0.19723136302230415,0.0022125575657906517
2015-08-26,59.148681640625,59.39573735035342,59.112347309739974,59.25041111449441,2742500,59.339498901367186,59.04993563565341,59.359506607055664,59.32889226913452,45.844603944395985,0.21124298339680334,0.0024223989832479137
2015-08-27,59.22861862182617,59.3085497226473,59.11235318650779,59.12688913784313,2671000,59.34489116668701,59.06260597922585,59.36031271616618,59.33273950576782,48.501697190954104,0.212799887860134,0.0024392233539993332
2015-08-28,59.2576789855957,59.395737246267664,59.22861262970673,59.35940845928685,2723900,59.34158706665039,59.07080376364968,59.359443028767906,59.33658952713013,49.472280334693714,0.21331811270931564,0.0023126494320628494
2015-08-31,59.1777229309082,59.36664584873553,59.17045495904156,59.35211544884043,3103700,59.327416229248044,59.07833751331676,59.35736818313599,59.340075340271,46.85568186137338,0.20553281148369504,0.0022596582200584505
2015-09-01,59.3218879699707,59.372857823807394,59.227225701918684,59.263635121215216,2577700,59.3306266784668,59.0883618441495,59.35613479614258,59.344068393707275,51.805258890918886,0.2039003574188928,0.002204012939603286
2015-09-02,59.27821731567383,59.34374762196441,59.21996445099402,59.263651321854404,1934700,59.33637733459473,59.094828727028585,59.35501658121745,59.347772102355954,50.2776893617555,0.20236156663017266,0.0021783890834738305
2015-09-03,59.3218879699707,59.39470125326635,59.27091811613401,59.358291833969815,2503000,59.342495918273926,59.101694627241656,59.35330346425374,59.351694164276125,51.80802450315131,0.20289894215995627,0.0021800898793821505
2015-09-04,59.46752166748047,59.48936509955873,59.329178079218806,59.423834803323956,1213800,59.34971942901611,59.11199784712358,59.35238447189331,59.35591739654541,56.60464495846915,0.2029259146580742,0.0021991732536011193
2015-09-08,59.3218879699707,59.358291833969815,59.2782011110528,59.358291833969815,1194600,59.355838012695315,59.11662722500888,59.34719568888347,59.360159721374515,51.12470130617519,0.20710804353221438,0.0022199572368208683
2015-09-09,59.30732345581055,59.39470273111793,59.12528746539333,59.13985345559334,4265400,59.34996566772461,59.126123046875,59.34338382085164,59.36397314071655,50.59714497013993,0.2029954194392636,0.0020423587370552226
2015-09-10,59.183502197265625,59.29272483222842,59.183502197265625,59.29272483222842,1889000,59.33899192810058,59.135867448286575,59.337221240997316,59.36652709960938,46.22955676516779,0.2050876092862534,0.002090026193836022
2015-09-11,59.30732345581055,59.36557630601547,59.285480025808084,59.33644988091301,1411500,59.34038410186768,59.14589025324041,59.33185106913249,59.36966474533081,50.802958412168344,0.20667458013685294,0.0020989667555183517
2015-09-14,59.3218879699707,59.38741825834756,59.30004454051175,59.38014081872618,905900,59.343594551086426,59.15762481689453,59.32576322555542,59.372341575622556,51.32736251332862,0.1869640699055373,0.002097397428739044
2015-09-15,59.07435989379883,59.27096201513748,59.023390002211315,59.26367901482454,1697300,59.32898025512695,59.16683287187056,59.31839135487874,59.37335367202759,42.948448732985895,0.186487352002337,0.002253431412699516
2015-09-16,59.037940979003906,59.08162785916115,58.97968810192751,59.030657980544326,1579000,59.317993354797366,59.16998429731889,59.31233463287354,59.373685626983644,41.86556228377192,0.17300950037573162,0.0022244282525008103
2015-09-17,59.372840881347656,59.372840881347656,58.99420302778142,59.00876901346249,1833200,59.31321849822998,59.18027593439275,59.30858910878499,59.37613410949707,53.481062721754576,0.18604102304906942,0.0024506375138228726
2015-09-18,59.54030990600586,59.54759289873342,59.4092438133885,59.43837022900299,1639800,59.314270401000975,59.19621047973633,59.30563980738322,59.38006155014038,58.00020273300685,0.18658583739370016,0.0025281657517760357
2015-09-21,59.3218879699707,59.46751453656199,59.2782011110528,59.43111067256288,933800,59.299680519104,59.205536582253195,59.30033067067464,59.38296855926514,51.03631493173018,0.19129425919792048,0.0026279793657580466
2015-09-22,59.431121826171875,59.54762199024934,59.40199539632789,59.416555833600654,1444000,59.291279029846194,59.2131570295854,59.29394397735596,59.38592247009277,54.01023403024414,0.1934799111535952,0.0026689483130562857
2015-09-23,59.431121826171875,59.48936913056138,59.38015196276952,59.46024825601586,709000,59.29268627166748,59.219723372025925,59.28821802139282,59.389731826782224,54.01023403024414,0.19243948235512878,0.0025636451732823427
2015-09-24,59.45295715332031,59.60586672267816,59.438391162735165,59.591300732093,1454400,59.30790004730225,59.223653411865236,59.282253424326576,59.39304420471191,54.64881431236675,0.19607960802469648,0.002354760371906387
2015-09-25,59.34375762939453,59.43841438398745,59.34375762939453,59.41657094487369,1134000,59.31365699768067,59.229158574884586,59.27507832845052,59.39570373535156,50.846393452570396,0.1919169219059645,0.0023846532449008926
2015-09-28,59.496620178222656,59.54030702188034,59.37283708432889,59.43836734981542,1305000,59.32560405731201,59.24245279485529,59.26953754425049,59.39834337234497,55.5127705804227,0.19243326733868876,0.0024474006211343724
2015-09-29,59.54030990600586,59.62040616012179,59.48934006750443,59.50390605295955,1256600,59.343733406066896,59.25904665860263,59.26544230779012,59.40148662567139,56.77580245471873,0.1825511835453142,0.0024220128339609973
2015-09-30,59.6568717956543,59.66415479524616,59.525805579505736,59.55493202257219,4432000,59.36048259735107,59.275781804865055,59.26255858739217,59.4042144203186,60.03576339589727,0.1835888947735645,0.00240217123388784
2015-10-01,59.688907623291016,59.79834934788129,59.68161559037238,59.74727728526414,2023700,59.38101711273193,59.29006701382724,59.2598214785258,59.40763719558716,60.9083990755844,0.18068914073621808,0.0023905460053273682
2015-10-02,59.91511154174805,60.075619823785,59.82755701536832,59.95158841957666,1770400,59.4106782913208,59.308465021306816,59.25806872049967,59.411513538360595,66.4748791134606,0.2020704609260875,0.0025111103726815774
2015-10-05,59.68166732788086,59.84217568779421,59.68166732788085,59.84217568779421,4199900,59.42138557434082,59.322486877441406,59.253889624277754,59.41493579864502,57.39213184262579,0.19742376421950222,0.0026487745056780043
2015-10-06,59.76192855834961,59.82029270864824,59.68167158944111,59.75463095214632,1925300,59.44338760375977,59.33941796042702,59.25049978892009,59.41922271728516,59.44387732004971,0.2000441659004833,0.002585450213657823
2015-10-07,59.76192855834961,59.80570306268422,59.68167158944111,59.73274369997901,1871000,59.46611785888672,59.35437296087092,59.246269098917644,59.42286798477173,59.44387732004971,0.18185799587740295,0.002582941715940369
2015-10-08,59.66704177856445,59.80566838383026,59.63785693711695,59.76918594041105,1118100,59.49029483795166,59.36720643477006,59.241788037618,59.42618143081665,55.762222915458736,0.18136224082937044,0.0025600643657278997
2015-10-09,59.659732818603516,59.71080488980373,59.59407111267677,59.59407111267677,1197400,59.507915306091306,59.37740194147283,59.23784659703573,59.4307439994812,55.47719660247543,0.1709783109846492,0.002531210636548538
2015-10-12,59.76192855834961,59.80570306268422,59.68167158944111,59.71085088136914,864100,59.529917335510255,59.388796511563385,59.23661883672079,59.43571008682251,58.6590979977364,0.16528089839908283,0.002550762704566568
2015-10-13,59.79838943481445,59.82757428536561,59.725430091657095,59.78379979275941,971700,59.56611881256104,59.39874468716708,59.23473440806071,59.44060791015625,59.76393624089943,0.16477568596455786,0.0023155564942781105
2015-10-14,60.01728820800781,60.017288208007805,59.85677427260593,59.88595913053741,786300,59.61508617401123,59.41451714255593,59.23389317194621,59.446098823547366,65.69202551936812,0.1679295342993485,0.002392377787781377
2015-10-15,59.90055847167969,59.98811305964554,59.8713736090244,59.93704094160964,2264300,59.641472053527835,59.42909129749645,59.232439295450845,59.450791091918944,60.5674119211748,0.1705520396606077,0.002176766840438458
2015-10-16,59.87864685058594,59.93701655214481,59.85675960411164,59.8713492462808,1241200,59.65838890075683,59.44287081631747,59.232364654541016,59.45515878677368,59.62710446457393,0.16224543648541964,0.0021092871664969972
2015-10-19,59.87864685058594,59.91512930567052,59.812985111163044,59.88594445489108,840100,59.6862268447876,59.45295965021307,59.23385194142659,59.458523731231686,59.62710446457393,0.16017958662042783,0.0018960857342347093
2015-10-20,59.78380584716797,59.812990700674725,59.75462099366121,59.78380584716797,1348200,59.7038610458374,59.45882630781694,59.23400847117106,59.460554924011234,55.31614658036082,0.1591564895621634,0.0019201327832324756
2015-10-21,59.89325714111328,59.958924469616285,59.84948263307331,59.89325714111329,943500,59.72696781158447,59.470382274280894,59.23658742904663,59.46227378845215,59.00016359320149,0.16155942314940067,0.0019486252137893886
2015-10-22,59.995361328125,60.039135802887124,59.89321160961537,59.89321160961537,1101300,59.75408802032471,59.48551240400835,59.24073991775513,59.4643239402771,62.13634301311654,0.14436027977638435,0.0019706605287291216
2015-10-23,59.84214401245117,59.88592405692881,59.82755437525144,59.88592405692881,1367100,59.77900733947754,59.49719654430043,59.24439776738485,59.46607366561889,55.300433665294875,0.1396719039911249,0.002020464625754019
2015-10-26,59.907833099365234,59.973494840320406,59.90783309936524,59.929720346350294,1512200,59.799567985534665,59.507828937877306,59.24998734792074,59.46765031814575,57.46119097588157,0.13915229306982876,0.0019636972311530597
2015-10-27,59.92243957519531,60.03188140730607,59.922439575195305,60.017291760697944,929400,59.81867446899414,59.52097299749201,59.25467551549276,59.46890605926514,57.94796412062515,0.13915349554823717,0.0019616577335363535
2015-10-28,59.754581451416016,59.9588697243351,59.74728385125806,59.9588697243351,2617300,59.82355995178223,59.526969562877305,59.256640847524004,59.46903604507446,50.759440364281126,0.14228024028850378,0.0020398454374885963
2015-10-29,59.54299545288086,59.68162202340013,59.513810618748494,59.68162202340013,943200,59.81626434326172,59.529515353116125,59.259430726369224,59.467427558898926,43.443710149048464,0.1511400299699725,0.002190411829347103
2015-10-30,59.67435836791992,59.674358367919915,59.52843411425174,59.54302932283911,1474100,59.80422668457031,59.53669496016069,59.26391735076904,59.46515071868897,48.414642324504875,0.15113674494050602,0.002066777119329644
2015-11-02,59.55665588378906,59.61514645064085,59.52010346298229,59.542036031059844,2939200,59.797976112365724,59.5421309037642,59.26766408284505,59.46318063735962,44.62954604937943,0.1548589385997288,0.0019256044138786929
2015-11-03,59.45426559448242,59.542001393721605,59.41040048384494,59.51275612730854,3997100,59.782592964172366,59.543723990700464,59.26959387461344,59.46102109909057,41.5838750726699,0.14967012622478393,0.0019262338886298443
2015-11-04,59.4908447265625,59.54202256649282,59.38848904670186,59.50546457598565,3594400,59.76903877258301,59.54796336780895,59.26984246571859,59.459617614746094,43.07837908038734,0.15021433485389477,0.0019354329544290867
2015-11-05,59.38118362426758,59.49085203128879,59.30076049764981,59.47622660210362,1715400,59.75474586486816,59.546378742564805,59.270983346303304,59.457594032287595,39.791676047290736,0.15805966239716643,0.0019457171731651608
2015-11-06,59.147247314453125,59.23497760788885,59.09606945062602,59.20573789538948,1198700,59.72912158966064,59.53961466008967,59.27125809987386,59.453433723449706,33.85720603512898,0.1711289466210297,0.002113714983969254
2015-11-09,59.096012115478516,59.169122481732636,59.03752159128986,59.052141433355324,2358300,59.69582576751709,59.530202414772724,59.27110589345296,59.44937551498413,32.70671789005242,0.17167002044374766,0.0020539789955726457
2015-11-10,59.1618537902832,59.24958964184484,59.103363222575446,59.16916650573856,1421000,59.663998985290526,59.522251545299184,59.26993732452392,59.44546726226807,35.72918753034743,0.17013137072360557,0.0020720798618952497
2015-11-11,59.16912841796875,59.19837368299715,59.12526330940812,59.16912841796874,1303500,59.62159099578857,59.51799975308505,59.26913029352824,59.440520915985104,36.07083941714593,0.16493038360341114,0.0018323927915595715
2015-11-12,59.17647933959961,59.26420961336924,59.17647933959961,59.249589760396816,1263900,59.58538703918457,59.51850516579368,59.2671804745992,59.43593372344971,36.438527612834115,0.1597356866410488,0.0018173365996470077
2015-11-13,59.28612518310547,59.30806332322526,59.227640210017235,59.227640210017235,1583300,59.55576095581055,59.51955073963512,59.2659036954244,59.43024703979492,41.81419960908076,0.15975234062365015,0.0018986861841438
2015-11-16,59.28612518310547,59.366548296313496,59.25688548554433,59.30806332322526,949100,59.52613487243652,59.52006794322621,59.26456670761108,59.42491941452026,41.81419960908075,0.15872480511138828,0.0018986861841438
2015-11-17,59.35192108154297,59.39578620040667,59.19107487508906,59.242252706418455,1155900,59.504540634155276,59.523235182328655,59.26359799702962,59.420853748321534,45.048598655261664,0.15823376598571467,0.001912895646090391
2015-11-18,59.322715759277344,59.35927376825982,59.271537893483284,59.31540304188704,944100,59.476013565063475,59.52325023304332,59.2640380859375,59.4165344619751,43.882550951931286,0.14730269756492984,0.001842038951491583
2015-11-19,59.40309143066406,59.439649410422604,59.388471585539385,59.42502398733336,1085500,59.44640007019043,59.525520671497695,59.26653512318929,59.41326295852661,47.88088742638443,0.1452319402418643,0.0018217793844337337
2015-11-20,59.38847732543945,59.4542750018067,59.366539188685266,59.4542750018067,1273800,59.42371673583985,59.52673138705167,59.271081415812176,59.41185661315918,47.222079485168216,0.1404805765407074,0.0017563819086833317
2015-11-23,59.41044616699219,59.44699859464202,59.33002301700664,59.37388816137384,1647300,59.39884738922119,59.52569365067915,59.27460412979126,59.41066776275635,48.37208735122762,0.13838916066151136,0.0017315412218162401
2015-11-24,59.432373046875,59.47623818704089,59.40312776077507,59.43237304687499,1361900,59.37434406280518,59.527702470259236,59.280239995320635,59.41012674331665,49.55358592273088,0.13264465398114414,0.0017342752482170536
2015-11-25,59.439666748046875,59.483531874180244,59.417728607014,59.46159931111356,904600,59.35859832763672,59.53010871193626,59.28533315658569,59.40962219238281,49.96377958231396,0.1237669206616633,0.0016428369226255614
2015-11-27,59.46888732910156,59.505445307771055,59.446954773085636,59.4908254630819,516000,59.35489292144776,59.535297532515095,59.292117277781166,59.40912021636963,51.65965503190376,0.10810009109613615,0.0014562035888289156
2015-11-30,59.439666748046875,59.49815172356931,59.41042147130256,59.46159931111356,6285200,59.3431583404541,59.53770377419212,59.299683252970375,59.40915422439575,49.84047244657558,0.1049664740835625,0.001356657834435462
2015-12-01,59.66457748413086,59.67189966008435,59.444789237685775,59.46676694444083,1780200,59.34855442047119,59.543934492631394,59.30683139165242,59.41149700164795,61.17376479805925,0.1105847159172159,0.0015559443090043753
2015-12-02,59.59132385253906,59.64261263195134,59.5473684295554,59.635284864971226,1413700,59.355407333374025,59.55333383733576,59.31373103459676,59.41264825820923,56.68166965894614,0.1137346217019609,0.001529496267067979
2015-12-03,59.129756927490234,59.45211150192931,59.1077792227688,59.45211150192931,2510600,59.33735294342041,59.55500321821733,59.3167244275411,59.41174289703369,37.83114545272808,0.14148200987123058,0.002322786326323685
2015-12-04,59.36418151855469,59.37150928160175,59.18835433154354,59.24696525702909,3815200,59.33650283813476,59.554845775257455,59.32040478388468,59.4119376373291,47.39924984105327,0.14935117919164956,0.002477800090899413
2015-12-07,59.46677780151367,59.55469423403239,59.37153919170462,59.38618913573358,1543300,59.35247936248779,59.55350882790305,59.324759070078535,59.4120351600647,50.9567537905356,0.15512617238511645,0.002324242712453971
2015-12-08,59.48141098022461,59.54001632376327,59.42280004723975,59.525366385240154,1687300,59.371749305725096,59.55640924627131,59.32959712346395,59.41098558425903,51.46099238001765,0.14887652604268148,0.0023088300631061644
2015-12-09,59.45945739746094,59.532718298687215,59.320257772517074,59.42282415212356,2076900,59.38662948608398,59.556924438476564,59.33286533355713,59.40953926086426,50.62011739802043,0.15778542971365336,0.0023060558035020726
2015-12-10,59.45214080810547,59.50342400755047,59.43748527143573,59.50342400755047,2004100,59.40078010559082,59.55730660178445,59.338424396514895,59.40888179779053,50.32497959496306,0.1541429357829018,0.0023074441778361547
2015-12-11,59.61330795288086,59.64993560937558,59.54004146099426,59.61330795288086,1994400,59.42262153625488,59.56022207086737,59.346472295125324,59.40877885818482,56.3607350245919,0.16200429207923608,0.002372129871674247
2015-12-14,59.33488464355469,59.53269514833683,59.327562468893355,59.48873415313729,2974600,59.42505950927735,59.5600607438521,59.3512957572937,59.40824764251709,45.96930573373146,0.17405928539010215,0.0025955348552544554
2015-12-15,59.26897430419922,59.31292972683874,59.21036334771423,59.25431877035375,1806300,59.42420196533203,59.55592172796076,59.35623315175374,59.40774627685547,43.90558445975051,0.1777314903597192,0.0026083862161491857
2015-12-16,59.202999114990234,59.34219865354069,59.115088323859425,59.24696010000065,2332700,59.4167558670044,59.54978880448775,59.361525503794354,59.406915035247806,41.87888217314834,0.18925342339650644,0.002605463289556861
2015-12-17,59.32756042480469,59.35686030133313,59.26162172900041,59.2835994311198,2290500,59.416998100280765,59.54380132501775,59.36538340250651,59.406526927948,46.86579301003312,0.19554503958355746,0.0026503555436228274
2015-12-18,59.45945739746094,59.46677957496963,59.356885428405974,59.40816861820922,3211500,59.419816398620604,59.53962950272994,59.370822207132974,59.408524417877196,51.60131195949159,0.19922281800485717,0.0026805301974169877
2015-12-21,59.393497467041016,59.510719338707275,59.371519763465216,59.48141387079071,3158300,59.420067405700685,59.53014561046253,59.37690210342407,59.40983247756958,49.23798560920928,0.19257757966232752,0.0026924866361550223
2015-12-22,59.31294250488281,59.37155347399462,59.29829255732969,59.364225705493226,2348600,59.415192222595216,59.52344152277166,59.381102021535234,59.40958698272705,46.440568215530014,0.1910058550291751,0.0027078871691219642
2015-12-23,59.32029342651367,59.32029342651367,59.210086159174196,59.23213209694166,2538600,59.40958824157715,59.51541179310192,59.38367115656535,59.40905492782593,46.737946381983235,0.16433890056983305,0.0027063083426973685
2015-12-24,59.36433410644531,59.386374421911945,59.290858914396345,59.32759651042083,1361700,59.40582160949707,59.50818280306729,59.38612416585286,59.40852712631226,48.579999301384504,0.15389341152726743,0.0027124233659907874
2015-12-28,59.36433410644531,59.42310641256627,59.29820755467527,59.29820755467527,1580600,59.40059394836426,59.50267902721058,59.38718690872192,59.408286781311034,48.579999301384504,0.14920670741393138,0.002709388312996527
2015-12-29,59.180686950683594,59.31293451502932,59.151297980231995,59.31293451502932,2586600,59.3876449584961,59.493969102339314,59.38835118611654,59.406552906036374,41.61894776400942,0.15605098239177398,0.002791201658758686
2015-12-30,59.217430114746094,59.25416773607425,59.121920146816514,59.166000808111086,2367200,59.36528759002685,59.48406913063743,59.39211778640747,59.40475105285645,43.36742773388258,0.1503214868980309,0.002638136641930743
2015-12-31,59.33494567871094,59.37167766969213,59.24677881068968,59.31290536304817,2419700,59.35246868133545,59.47564288052646,59.398011938730875,59.40170307159424,48.66310888512021,0.15662925967169525,0.0026807800966084363
2016-01-04,59.305572509765625,59.459860365846374,59.290875225164584,59.357001795125875,2750500,59.36125946044922,59.46270259510387,59.40275472005208,59.39940719604492,47.46829765664954,0.15457142677252936,0.0020163072833498962
2016-01-05,59.37904357910156,59.43782150820997,59.290876685438946,59.334962934956174,1513600,59.362002563476565,59.45322050614791,59.40671990712484,59.39668735504151,50.72709851791661,0.14465709382849518,0.0018282815769993786
2016-01-06,59.64353942871094,59.64353942871093,59.49660020940492,59.53333221154546,2391100,59.37084064483643,59.44894582575018,59.41288922627767,59.39514633178711,60.27995518571369,0.15465527624056005,0.002050874861559002
2016-01-07,59.650882720947266,59.658225757493604,59.489246230985366,59.59945343826588,2792900,59.379314231872556,59.44480465975675,59.419059371948244,59.393138599395755,60.50887388860966,0.15050307601391516,0.0020507572917845803
2016-01-08,59.7243766784668,59.746417007836236,59.58478045196205,59.61416942624587,1405100,59.392560195922854,59.44372412941673,59.42650651931763,59.391965560913086,62.81851140450989,0.15105845955186478,0.0020608903910242465
2016-01-11,59.47454833984375,59.6288417916838,59.47454833984374,59.59210418784162,2146900,59.393680572509766,59.436111242120916,59.43096605936686,59.39051456451416,51.740754849718556,0.15895911587030145,0.0022847082490385653
2016-01-12,59.628849029541016,59.7537479291707,59.511293167274,59.57007109840751,1645300,59.39445762634277,59.42944738214666,59.436529795328774,59.389547290802,56.80702291878618,0.16895911687636506,0.0022776293073503862
2016-01-13,59.775814056396484,59.841935053436174,59.62887477050308,59.6582581433822,2887800,59.416504096984866,59.428241382945664,59.44217007954915,59.38895523071289,61.00593661951313,0.1773791964609244,0.002052709565470358
2016-01-14,59.70232009887695,59.85660796784155,59.67293113259243,59.761092426073816,4545800,59.43817138671875,59.424504782936786,59.446895853678384,59.387671909332276,57.9709515563203,0.18262702274018444,0.0020573884635314297
2016-01-15,59.805171966552734,59.89333325014022,59.77578300356639,59.87864157133282,1773900,59.46828002929688,59.422372644597836,59.45151195526123,59.38571014404297,60.902384485605424,0.18944828300787517,0.0020477591044413546
2016-01-19,59.731685638427734,59.80515522263822,59.680256368943404,59.80515522263822,3856700,59.48848628997803,59.42195635708896,59.45636097590128,59.383777389526365,57.80039541982466,0.18944947870204182,0.0020466619803144416
2016-01-20,59.79786682128906,59.95950343260227,59.73174581050218,59.90072546387463,7796900,59.50540676116943,59.426590381969106,59.462185033162434,59.38192317962646,59.78688522322283,0.190505312127843,0.0020075140772870047
2016-01-21,59.7610969543457,59.92273347847214,59.7537539162473,59.90069315343174,3062600,59.52378673553467,59.42816744717685,59.467521063486735,59.379704818725585,58.14907717057033,0.1931290244826361,0.001992418364730917
2016-01-22,59.73905563354492,59.753752920241936,59.65823737282882,59.74640427689343,3004100,59.54509239196777,59.431483806263316,59.47098185221354,59.37759252548218,57.13862193966,0.189458454951982,0.001960927998525551
2016-01-25,59.73905563354492,59.82722253760953,59.73171259556891,59.8051822129365,2164700,59.566030502319336,59.43666180697355,59.47329781850179,59.37612911224365,57.13862193965999,0.18421022647761273,0.0019619082106607046
2016-01-26,59.82719421386719,59.85658316797523,59.74637599141253,59.81250253949809,2659100,59.58917350769043,59.44277725219727,59.47804377873739,59.375250492095944,60.335145550874984,0.18210899159613295,0.001976346202303869
2016-01-27,59.82719421386719,59.878623482213804,59.69494672306591,59.7684163056511,1734400,59.61231651306152,59.45088653564453,59.48357702891032,59.374299659729004,60.335145550874984,0.17633619942031334,0.001976346202303869
2016-01-28,59.87132263183594,59.900711609402364,59.78316130451098,59.81255028207741,1487600,59.64684829711914,59.46405154141513,59.489175415039064,59.37302906036377,61.98151851920247,0.17266268359053782,0.00179857614276106
2016-01-29,60.047611236572266,60.09904050720531,59.988833325743045,60.0696515517907,3634300,59.68835735321045,59.48135334361683,59.495213413238524,59.37235132217407,67.74190524569578,0.17738277784019374,0.0018746678171560048
2016-02-01,59.9254264831543,60.1021309241088,59.88125177724889,60.021140218393626,2255300,59.71788139343262,59.49523648348722,59.50126266479492,59.37113491058349,60.859180035674676,0.1753149784285404,0.0019436627586006208
2016-02-02,60.131568908691406,60.16838490011826,60.06530686492099,60.1315689086914,2554600,59.75918121337891,59.51273540150036,59.50715265274048,59.37044469833374,66.95869456177547,0.1727263232597558,0.002034972432071644
2016-02-03,60.17573547363281,60.32298817103448,60.050564501778034,60.1241964678092,3238200,59.799015808105466,59.530903694846415,59.51359230677287,59.3702995300293,68.10550593862285,0.17696472649984787,0.002030983499409023
2016-02-04,60.219913482666016,60.27145249133385,60.14628712990206,60.18309749761872,1179000,59.82783451080322,59.54788166392933,59.521429252624515,59.370735569000246,69.2549993882837,0.1727853355128955,0.0018260264131494917
2016-02-05,60.16099166870117,60.22725929795906,60.08000102034648,60.15362735048831,2360200,59.853339958190915,59.5637883273038,59.52895685831706,59.371994228363036,65.84638873294058,0.16965998739498897,0.0018538401871803563
2016-02-08,60.41870880126953,60.47761213392696,60.26409176604202,60.31563077778452,2519500,59.88805656433105,59.58318446766246,59.537724049886066,59.373965167999266,72.27418921671098,0.183353192224736,0.0020398122127975814
2016-02-09,60.411376953125,60.53654237766518,60.35247359428251,60.5291780534765,2354500,59.93489799499512,59.6029783075506,59.54733819961548,59.37543087005615,71.85983968240956,0.18022826288246005,0.0017173408782227581
2016-02-10,60.53657913208008,60.54394346073996,60.31569421097855,60.448224040172086,2553900,59.98028450012207,59.62358717484908,59.556240208943684,59.37773864746094,74.54371178024957,0.18446181199221506,0.0016921506646354713
2016-02-11,60.57334518432617,60.80159426694636,60.53653480265585,60.74269091547452,1887700,60.02016105651855,59.64513022682883,59.56502415339152,59.38116735458374,75.28903516385546,0.19604751790461705,0.0016437781275702187
2016-02-12,60.37454605102539,60.521798794460906,60.29355535693623,60.49235273963948,1474600,60.053772354125975,59.66265931562944,59.571364657084146,59.38453922271729,64.32260101454523,0.20921036685813985,0.0018225711404924773
2016-02-16,60.2861328125,60.32294877146946,60.22723514240619,60.293497127759224,1488800,60.07782039642334,59.678182220458986,59.57708950042725,59.387144775390624,60.12793409218555,0.21133775072877523,0.001854750929483747
2016-02-17,60.27146911621094,60.28619214389257,60.12421637006582,60.234653121008556,2158200,60.1048095703125,59.69330589988015,59.584326934814456,59.390583209991455,59.435638356011694,0.20978768034869383,0.0018219405912457195
2016-02-18,60.47758102416992,60.48494534129663,60.271425083246825,60.271425083246825,1819100,60.13879528045654,59.711645785245025,59.59540109634399,59.39548580169678,65.45611485319755,0.21664267700286693,0.0019355692366291141
2016-02-19,60.3965950012207,60.48494996150601,60.3745076654815,60.4186823369599,1862600,60.17057018280029,59.72904448075728,59.60513423283895,59.400452766418454,61.58821258878088,0.2082658499068053,0.0019653897001368423
2016-02-22,60.411376953125,60.440823015212764,60.35247359428251,60.411376953125,1596900,60.204186248779294,59.74262265292081,59.61474838256836,59.40632423400879,62.02925542958519,0.19879944091183027,0.0019553701516061145
2016-02-23,60.448177337646484,60.54389668426117,60.30092458223818,60.33037625678635,2243700,60.23964233398438,59.75820180719549,59.62533550262451,59.411765823364256,63.163229346941726,0.19880041841604626,0.0019509020682914149
2016-02-24,60.492340087890625,60.735306502010495,60.45552410106563,60.55123780254734,2434300,60.27289962768555,59.7829760464755,59.635089270273845,59.41663381576538,64.53214689688306,0.19985081092372933,0.0019402312428095335
2016-02-25,60.580726623535156,60.661717350358145,60.54391623146475,60.55127493947821,2407600,60.31057624816894,59.80509504838423,59.64594351450602,59.42349639892578,67.16231192118892,0.20300880385485343,0.0019457433889224082
2016-02-26,60.52177429199219,60.529138611382116,60.396608949012446,60.462876588862194,1628400,60.34309883117676,59.82427680275657,59.655942567189534,59.43042545318603,63.76578274283325,0.2056416179198628,0.001977998072361735
2016-02-29,60.55859375,60.610132754030204,60.47023876423532,60.47023876423532,1827800,60.36864795684814,59.843861944025214,59.66503483454387,59.437683181762694,64.95774590993945,0.1930182982462268,0.0018959527474559344
2016-03-01,60.3557014465332,60.62129355027806,60.29668535685057,60.62129355027806,2546300,60.39016170501709,59.86015729037198,59.67364994684855,59.443348236083985,54.34809402502844,0.20305682753514276,0.0020054591325476875
2016-03-02,60.31882095336914,60.35570530820311,60.237667492664706,60.31144183095386,2137300,60.39952430725098,59.875915111194956,59.68207909266154,59.447637271881106,52.66424976629101,0.19518458223349963,0.001878537099316718
2016-03-03,60.34836959838867,60.4516548623844,60.304100464801394,60.333611344318,2750500,60.40815601348877,59.889279868386005,59.69178632100423,59.45315773010254,53.89671591421062,0.18679136318296383,0.0018753738119351886
2016-03-04,60.31882095336914,60.399974414073576,60.237667492664706,60.385216169243016,1147700,60.41310138702393,59.90716961947354,59.70021546681722,59.459180450439455,52.42669702514686,0.1783997270414588,0.0018751012379903018
2016-03-07,60.304100036621094,60.333610915928155,60.252457404989904,60.28196828429697,1303200,60.420256805419925,59.92599008733576,59.70840056737264,59.46512956619263,51.67058531771224,0.1736741986356764,0.0018603388633785755
2016-03-08,60.50326156616211,60.59178852351784,60.49588244350866,60.54752504483997,1713100,60.424484443664554,59.94963122281161,59.720308081309,59.4711354637146,60.06263669652641,0.18265367814067598,0.0017547080662033167
2016-03-09,60.39997482299805,60.49588090056114,60.37783745560233,60.41472743930727,2010000,60.4239143371582,59.96912966641513,59.731658363342284,59.476805477142335,54.752737792544984,0.17636109617710258,0.0017991407492098854
2016-03-10,60.37045669555664,60.51062623379782,60.318814101758186,60.466362761576455,1785600,60.41560821533203,59.98569329001687,59.739971828460696,59.481605472564695,53.30243783325634,0.1821732273210403,0.0017332110908017278
2016-03-11,60.28934097290039,60.42213710128836,60.28934097290039,60.42213710128836,1422300,60.40140800476074,60.00198135375977,59.74621375401815,59.48585548400879,49.42785723059818,0.18534799213944808,0.0017440434068003456
2016-03-14,60.4221076965332,60.47375029751724,60.34833335635905,60.37046509554916,1534200,60.40378608703613,60.02214799360795,59.755382251739505,59.49073320388794,55.17165584808312,0.18116493661043823,0.0016690326163417925
2016-03-15,60.36307907104492,60.50325424138317,60.34094733438535,60.481122504723594,1870200,60.40763339996338,60.04110773259943,59.76314856211344,59.49520776748657,52.32611728455168,0.17224906108428176,0.0016493391315700622
2016-03-16,60.59914016723633,60.59914016723633,60.281905580446384,60.31879554836429,1402900,60.42401695251465,60.06355875188654,59.772882048288984,59.501853942871094,60.99095131983247,0.18281029853588343,0.0018569504065945727
2016-03-17,60.73200225830078,60.74675488434997,60.628716990081514,60.65084874346779,1571000,60.43673801422119,60.08842544555664,59.78354075749715,59.50999671936035,64.86191552007821,0.18020294443523557,0.0017655124578343636
2016-03-18,60.783607482910156,60.835250085236154,60.73196488058416,60.783607482910156,1219400,60.456088638305665,60.117569455233486,59.79553950627645,59.51970014572144,66.26229768247072,0.17758803121074354,0.0017318603020408468
2016-03-21,60.67294692993164,60.71721604083756,60.650815188789615,60.71721604083756,1613600,60.469167137145995,60.14403339732777,59.805342229207355,59.52812627792358,60.67782301424812,0.1638868955459612,0.0017969863195675048
2016-03-22,60.65823745727539,60.805786255585915,60.6361057003914,60.78365449870192,2150200,60.47967014312744,60.168093247847125,59.8146582921346,59.537637119293215,59.95450940215105,0.16757566266425478,0.0017973087325940356
2016-03-23,60.790977478027344,60.79835659971495,60.665560552441306,60.69506578195041,1234500,60.494602012634275,60.19510061090643,59.824109172821046,59.547449569702145,64.11203508118189,0.1670445730111513,0.001849816640063862
2016-03-24,60.71727752685547,60.87957900246067,60.6508766075659,60.87957900246067,1752300,60.50142955780029,60.21943213722923,59.832678922017415,59.55776199340821,60.36476627795127,0.17178710683157306,0.001854121942241473
2016-03-28,60.7467155456543,60.82049551399633,60.70245206754613,60.7098311901046,2369600,60.5126766204834,60.23948988481001,59.8396089553833,59.568836822509766,61.33683888639097,0.17442210222528334,0.0018377099912827368
2016-03-29,60.997581481933594,61.04184497921868,60.805763612658595,60.827895361301145,1841800,60.53462600708008,60.263975316827946,59.85057490666707,59.57979072570801,68.44027250763484,0.17495359841582875,0.0020379681928839183
2016-03-30,60.97544479370117,61.04184003425016,60.89429130283686,60.960686543385854,1624300,60.565613174438475,60.28672200983221,59.86068754196167,59.59085111618042,67.26585831066035,0.1765339284767943,0.001852504317113308
2016-03-31,61.093467712402344,61.17462118342017,61.00494074665339,61.02707248809063,3037600,60.60434551239014,60.316156907515094,59.87178370157878,59.60246570587158,70.20174186248647,0.1770599468824631,0.0018587197506265733
2016-04-01,61.162254333496094,61.20661050162373,61.0143910390574,61.10310901572062,3027400,60.64503974914551,60.34403700395064,59.88424380620321,59.61366428375244,71.78979981003144,0.1813044707523461,0.0018614574224463541
2016-04-04,61.162254333496094,61.25836124457528,61.14007060902433,61.19182135197588,1452400,60.687211418151854,60.36924500898881,59.896764818827315,59.62475423812866,71.78979981003144,0.17658170724763927,0.0018485550949074708
2016-04-05,61.27313995361328,61.35446334908162,61.27313995361328,61.33228526675526,2149200,60.735663414001465,60.39780536998402,59.909358247121176,59.636615715026856,74.34587322654623,0.17871757214676112,0.0018507132250371776
2016-04-06,61.243553161621094,61.30269846111193,61.213986152281876,61.28791495644232,1833100,60.772677993774415,60.4239577553489,59.921401278177896,59.64749711990356,72.45932135851055,0.16239455229248329,0.0017731380296793914
2016-04-07,61.443138122558594,61.4727107583392,61.36181478426283,61.42096005582403,1533400,60.82483615875244,60.455075073242185,59.93328336079915,59.66078754425049,76.74602702373764,0.16821904369280208,0.00177931540396986
2016-04-08,61.39143371582031,61.41361179927955,61.3396829742795,61.406217224657205,1402100,60.875885009765625,60.48404901677912,59.94570732116699,59.67450691223144,73.55207501759855,0.16823118252330918,0.0017950484527899694
2016-04-11,61.38398361206055,61.413556243390154,61.31005485393788,61.35441098073094,1214400,60.93061714172363,60.51355604691939,59.95825179417928,59.687646484375,73.08013017842501,0.16613897504700453,0.0017366338661331685
2016-04-12,61.287933349609375,61.34707866685036,61.228788032368385,61.30271685871567,2388000,60.97390842437744,60.541717459938745,59.96999584833781,59.70070371627808,67.10216017795776,0.1651043339396934,0.0017915495215737444
2016-04-13,61.32491683959961,61.361884086176936,61.214026380687464,61.26577714164977,1749400,61.022000312805176,60.57055130004883,59.9828384399414,59.71448871612549,68.18142774485463,0.16565708844325858,0.001747389585130026
2016-04-14,61.27313995361328,61.347074415244506,61.25096187128692,61.32489069251063,1617200,61.05570030212402,60.59684122258967,59.994337463378905,59.72653135299683,64.96796177218732,0.15618638480488808,0.0016195619212440986
2016-04-15,61.41357421875,61.46532492862324,61.33225086889143,61.35442893877934,1181000,61.089778900146484,60.625684495405714,60.00615590413411,59.739565219879154,69.2071211927975,0.16148220827344265,0.001625000135136595
2016-04-18,61.39143371582031,61.39143371582031,61.33228839965715,61.37664456657563,1395400,61.120170211791994,60.653322878750885,60.01906665166219,59.75320283889771,67.8138620527537,0.14620766438261867,0.0016361160894808708
2016-04-19,61.42839050292969,61.42839050292969,61.31750009430782,61.39142891352485,1163600,61.157942390441896,60.67842795632102,60.03173796335856,59.76630002975464,68.93795586879159,0.14358921275465977,0.001542347792333934
2016-04-20,61.25833511352539,61.472732568699726,61.25833511352539,61.44315992242683,2388600,61.187947273254395,60.70266265869141,60.04287042617798,59.777531719207765,58.767273173208636,0.14467643171575517,0.001710896404305983
2016-04-21,61.184383392333984,61.25831216011243,61.125238121949856,61.21395602752605,1683900,61.207617568969724,60.72180474021218,60.0547854423523,59.78810377120972,54.969278837168396,0.14045339807355564,0.0017023397473525338
2016-04-22,61.162254333496094,61.273144753815174,61.14746518384825,61.228788585687546,5115300,61.229866409301756,60.73974144675515,60.06827926635742,59.79773101806641,53.847812659914226,0.14098117910326785,0.0016722963222130266
2016-04-25,61.08829116821289,61.19179260549343,61.08090223726807,61.154831029553414,2483300,61.246945190429685,60.75553013194691,60.080062039693196,59.80796760559082,50.16401586416173,0.13517270429182762,0.0017085006372163148
2016-04-26,60.99958801269531,61.117872969992455,60.94783728630166,61.117872969992455,1689600,61.24704551696777,60.77077733820135,60.092086474100746,59.81913835525513,46.09155237830934,0.14098151678188028,0.0014885954141367543
2016-04-27,61.184383392333984,61.2213449560215,61.02913128787821,61.073487420464595,1456400,61.25749244689941,60.78469869440252,60.106504122416176,59.83192203521728,54.39751761423165,0.14045289868245753,0.0016311859846374797
2016-04-28,61.2952880859375,61.33964422483534,61.16960295838656,61.199175597786535,1625800,61.26758346557617,60.8007698059082,60.12154115041097,59.84471628189087,58.527403146161,0.14520904998029188,0.0016244085421549728
2016-04-29,61.33969497680664,61.34708955287591,61.22879889740329,61.265766137340705,2856900,61.2764554977417,60.81537191217596,60.137862078348796,59.856898651123046,60.086090192460496,0.14626542612460217,0.0016143741644094672
2016-05-02,61.23152160644531,61.320409621025725,61.20929395122248,61.320409621025725,2443700,61.27991886138916,60.82733875621449,60.15523103078206,59.86854015350342,54.693605429241785,0.1444943865454594,0.0016699769346888872
2016-05-03,61.40184783935547,61.45370102601305,61.36480742678285,61.446291813183834,1765500,61.28635425567627,60.846016970547765,60.17444632848104,59.880997066497805,60.67771564891653,0.1498030804081927,0.001736289848144765
2016-05-04,61.42412185668945,61.49079352548092,61.35745583947625,61.438940294900114,2868300,61.29538269042969,60.86670768044212,60.19329856236776,59.89396408081055,61.39580141398126,0.1524620191258411,0.0017314756848667361
2016-05-05,61.53525161743164,61.55747362825421,61.387101110894825,61.45376714336252,1270700,61.29998836517334,60.88968554410067,60.213016255696616,59.90694332122803,64.8451662816463,0.15090398643651426,0.00162125752011451
2016-05-06,61.505615234375,61.55746847247785,61.4611712164523,61.5352464635165,1520600,61.305697441101074,60.90837707519531,60.23242572148641,59.91966539382935,63.22276753892009,0.1519762319317073,0.001612510082935544
2016-05-09,61.55000686645508,61.58704728425124,61.5055628863591,61.56482529420325,1373200,61.3139986038208,60.929348200017756,60.25129140218099,59.931920528411865,64.64947981442559,0.14987580259386948,0.0016175922476199796
2016-05-10,61.55000686645508,61.601865711999416,61.5055628863591,61.55000686645508,1889300,61.32710227966309,60.9500505620783,60.27015708287557,59.94399442672729,64.64947981442559,0.141440471912868,0.0015680709704792137
2016-05-11,61.5648307800293,61.67594639174464,61.53519957346689,61.58705277205741,2381000,61.33909797668457,60.970353351939806,60.28859799702962,59.955562381744386,65.17272824747789,0.14198688810588322,0.001565431850706425
2016-05-12,61.572265625,61.61670962755675,61.52781597086612,61.557447189762996,1653300,61.3540542602539,60.989988361705436,60.30734424591064,59.96767469406128,65.44895582241763,0.13935932287186198,0.0015464225137832813
2016-05-13,61.638973236083984,61.66119525236256,61.550079519388746,61.60193842614668,1397400,61.36532421112061,61.00922920920632,60.325976594289145,59.98037466049195,67.90834808950832,0.1393754203538943,0.0014845901632308822
2016-05-16,61.505615234375,61.59450892179949,61.49820601419486,61.59450892179949,3132000,61.37103328704834,61.02711722634056,60.34361941019694,59.99229887008667,58.88442402310356,0.13728481593948974,0.0015716045911208863
2016-05-17,61.46116256713867,61.579681815446584,61.438940561304584,61.579681815446584,1735900,61.372671890258786,61.043527568470346,60.360708713531494,60.002985877990724,56.20341427044236,0.1314979809977623,0.0015769787487125472
2016-05-18,61.17224884033203,61.42410570791599,61.12779918896439,61.42410570791599,1685900,61.36836757659912,61.058373884721235,60.37520767847697,60.01154142379761,42.621008054146124,0.14316384612101274,0.001800652009413774
2016-05-19,61.23889923095703,61.253717661494804,61.17963681195664,61.209268021456836,1464000,61.371093368530275,61.07510258067738,60.39020128250122,60.02144752502441,45.87086545561917,0.14053371509888077,0.0017974619145234608
2016-05-20,61.23889923095703,61.31297442891986,61.20186445776329,61.23149566726349,2044000,61.37492561340332,61.09129402854226,60.40495138168335,60.03182600021362,45.87086545561917,0.13915578263976666,0.0017949614061429928
2016-05-23,61.25371551513672,61.3129722804854,61.20926587665629,61.283346723598626,1310700,61.38319683074951,61.108292111483486,60.420068454742434,60.04209699630737,46.64989271605384,0.13069342437272166,0.0017699313728898694
2016-05-24,61.22410202026367,61.26113680287474,61.157430369040895,61.25373323729859,2656800,61.39442253112793,61.12501942027699,60.43306449254354,60.05160224914551,45.248183999697595,0.12857690636052002,0.0017371183440564497
2016-05-25,61.20188903808594,61.26114582931012,61.17966138335206,61.23892382615385,1474800,61.395297813415525,61.13772173794833,60.44648586908976,60.061614112854,44.175937139290184,0.12222775840328229,0.0016053988710784688
2016-05-26,61.30561447143555,61.350058491510865,61.23894278974322,61.275983240858885,1571700,61.39581413269043,61.154187913374464,60.464618015289304,60.071018333435056,50.11999698905046,0.1259329153603806,0.0015986591995083516
2016-05-27,61.28337478637695,61.3426315788604,61.224112342315784,61.33522801203605,2045600,61.392998123168944,61.170786424116656,60.48061129252116,60.08042032241821,48.917310689576155,0.12857826097841446,0.001591541843220478
2016-05-31,61.33521270751953,61.401878701770386,61.18705663433488,61.231506282078435,1361400,61.39818267822265,61.189802273837,60.49618158340454,60.09069898605347,51.81944024424871,0.13704392110664237,0.0015496278594251606
2016-06-01,61.35675811767578,61.44582793444801,61.312217546152795,61.416136107811646,1625600,61.39592819213867,61.206795917857775,60.511809476216634,60.10119438171387,53.01425622217911,0.1365341761078902,0.0014166808052954248
2016-06-02,61.47551727294922,61.52747655167567,61.40871491307379,61.423557994222776,1503200,61.39849796295166,61.22702206698331,60.52860997517904,60.111738739013674,59.04333288050889,0.1423788030585515,0.001482109446285006
2016-06-03,61.86149597167969,61.88376908677394,61.73530996849382,61.772426163847925,1964500,61.41481018066406,61.24997399070046,60.54868793487549,60.124757823944094,71.73693494010539,0.1636028088336161,0.002006589709738124
2016-06-06,61.76502990722656,61.79472174439813,61.70564623288342,61.77987865738179,1603100,61.42778091430664,61.268756311590025,60.5666189511617,60.13624128341675,66.21357654218328,0.16468013146984056,0.002041895289645019
2016-06-07,61.77240753173828,61.83179116113873,61.757558792820866,61.816942422221324,1283100,61.4389009475708,61.286734494295985,60.58693164189656,60.14750696182251,66.42648060402573,0.15992949676811666,0.0020384270184207252
2016-06-08,61.84666442871094,61.85408880179401,61.794705143404144,61.83182134568216,1374500,61.45373382568359,61.30807481245561,60.60841239293416,60.158671855926514,68.57306832235062,0.1419522033310773,0.0020504550871354305
2016-06-09,61.9060173034668,61.957976562936125,61.883749858427734,61.957976562936125,1611200,61.47079315185547,61.33076171875,60.6309375445048,60.170206184387204,70.21243613043421,0.1440838685498212,0.0020567162765555763
2016-06-10,61.965431213378906,62.039657954160155,61.92831501141962,61.97284992326091,1575300,61.490451431274415,61.35211542302912,60.65291980107625,60.18301845550537,71.7983513842614,0.14569320280244927,0.002061881886445168
2016-06-13,61.98027801513672,62.039661676579705,61.9654349313448,62.02481292965013,1681500,61.50751667022705,61.375079068270594,60.67392663955688,60.19717643737793,72.19670676662639,0.14358777847185575,0.0020540641197678263
2016-06-14,61.97285842895508,62.06935830203877,61.95801534401655,62.06935830203877,1524200,61.53087882995605,61.3973725752397,60.6954213142395,60.21089763641358,71.65200846845762,0.1441332444853113,0.001975535669878465
2016-06-15,62.113834381103516,62.16579362387577,62.009915895559,62.02475896643705,1345100,61.5635124206543,61.417668082497336,60.71876207987467,60.22517841339111,75.44308441003996,0.15209401226835695,0.002000987905211405
2016-06-16,62.18063735961914,62.28456150940759,62.12125941233932,62.21775353191021,1111400,61.613931846618655,61.43958067460493,60.74259827931722,60.24019298553467,77.0119231453591,0.15370527475972448,0.0015784951472635153
2016-06-17,62.091583251953125,62.15838558314947,62.04704270135468,62.136118139417356,1860800,61.656566047668456,61.457728229869495,60.76532535552978,60.25404146194458,70.54205531877368,0.1547820905968566,0.0016546273426879528
2016-06-20,61.950557708740234,62.00251697283528,61.93571463177096,61.96540644884457,2347500,61.692148971557614,61.472061018510296,60.786877218882246,60.26740316390991,61.70181827513024,0.15057113007876058,0.0017780284722231604
2016-06-21,61.86893081665039,61.980273758424715,61.85408773387787,61.96543067565219,1785100,61.7229097366333,61.48490968184038,60.80927925109863,60.28013837814331,57.231188278518374,0.1500408183824484,0.001827125804015098
2016-06-22,61.89120101928711,61.92089284928723,61.846666105855704,61.89120101928711,1337700,61.75626468658447,61.49614715576172,60.831560675303145,60.29225677490234,58.12269592347245,0.1431485547704224,0.0018128764867065526
2016-06-23,61.77983093261719,61.883749450871456,61.77240656327488,61.809517083717395,1152800,61.78516178131103,61.50589766068892,60.85193471908569,60.30454648971558,52.25636987822095,0.12247302921238758,0.0018779731712490343
2016-06-24,62.12868881225586,62.29199093743793,62.10642137030081,62.232607316801946,2030400,61.82631549835205,61.518362218683414,60.875460688273115,60.3186533164978,64.38304821269669,0.1479237624998499,0.002194650756926817
2016-06-27,62.4404411315918,62.47755164187468,62.358790080583304,62.47013293769788,2465500,61.884168815612796,61.53743508078835,60.900972334543866,60.334938011169434,71.37913276755243,0.1675402240213469,0.0023831670561526956
2016-06-28,62.51472854614258,62.53699600657095,62.44050179033517,62.53699600657095,2971800,61.94314460754394,61.55799407958985,60.92489891052246,60.350975036621094,72.7525858492721,0.16860262437302,0.0023837050249747205
2016-06-29,62.4924430847168,62.59636164554104,62.44790251355153,62.588937273157356,2425700,61.999928855895995,61.5798942565918,60.94857858022054,60.36682781219483,71.64190512281358,0.17125598135618553,0.0023983566573430497
2016-06-30,62.574100494384766,62.655751609419205,62.49244937935033,62.50729246247596,3362300,62.05485801696777,61.6026066866788,60.97232627868652,60.384326515197756,73.25318690317887,0.1733751152139748,0.002388445680674082
2016-07-01,62.748111724853516,62.8299219697681,62.651423794950304,62.80017227396514,2531600,62.099188804626465,61.629424355246805,60.99960597356161,60.402877368927,76.33852411799663,0.1863459017984417,0.002081330708091919
2016-07-05,62.96377182006836,63.00095467182317,62.837334236419295,62.91914445412123,3193800,62.159125900268556,61.65760976617987,61.027396996816,60.420832023620605,79.49540999685746,0.1964530438661158,0.0020939299220055527
2016-07-06,63.075340270996094,63.07534027099609,62.94146949131588,63.02327972746343,1936800,62.22427253723144,61.68822624900124,61.05489304860433,60.43850717544556,80.91409538348807,0.19223415706322403,0.0020914668374826285
2016-07-07,62.97121810913086,63.04558950231189,62.90428555752001,62.97121810913086,2032500,62.28050022125244,61.71627766002308,61.08213386535645,60.45675382614136,75.65332346013217,0.19225755600408181,0.0021758627856564537
2016-07-08,63.1348762512207,63.15718711507055,62.97869453009482,63.06794365967117,1748000,62.341943168640135,61.75039658979936,61.10988140106201,60.4752725982666,78.06711707586534,0.19599858083802651,0.0022087118966458287
2016-07-11,62.94892120361328,63.0976640229262,62.92661034813383,63.07535316744675,2617100,62.39111766815186,61.78247909545898,61.13669169743856,60.49286159515381,69.621023475535,0.19974124390264894,0.0023772939937405676
2016-07-12,62.696022033691406,62.86707561233233,62.6439615087783,62.86707561233233,1775400,62.42690486907959,61.81036578091708,61.160842990875246,60.50907691955567,60.09805624392414,0.21251079178037305,0.002608539973590954
2016-07-13,62.80758285522461,62.86708222543319,62.792710849758585,62.85221021996717,1352500,62.468641090393064,61.84162562977184,61.18623037338257,60.52639604568481,62.53268865349341,0.2194274666596771,0.0026163787592770396
2016-07-14,62.71089553833008,62.762956064489046,62.65139617295647,62.69602353407257,1621500,62.498494148254395,61.87274031205611,61.21099570592244,60.54246742248535,59.16342393062566,0.2220983399636707,0.002632395846327512
2016-07-15,62.51011657714844,62.666298216349524,62.47292804078789,62.666298216349524,2233900,62.51496810913086,61.896844551780006,61.23408788045247,60.55731645584106,52.801248997021226,0.20251316087234525,0.0027526133263074005
2016-07-18,62.532413482666016,62.62909571179676,62.47291410742891,62.62165687134894,2155800,62.5370096206665,61.919337740811436,61.25663137435913,60.571694164276124,53.40054886495688,0.18875021621156104,0.0027233728113691515
2016-07-19,62.62913131713867,62.644009006492446,62.5547598928977,62.5993816126071,1559600,62.57093830108643,61.94278203790838,61.27998085021973,60.586395282745364,56.009802183674154,0.1898245482720807,0.002662555748346323
2016-07-20,62.56218338012695,62.59193307735573,62.51012282852024,62.59193307735573,1688100,62.605600929260255,61.96697588833896,61.302404689788816,60.59963064193725,53.76563334695125,0.1877209308884328,0.0026539514180560276
2016-07-21,62.63655090332031,62.64398974571002,62.43574187801771,62.510118953566355,2076000,62.64286842346191,61.9894250349565,61.323979187011716,60.61440505981445,55.88036005443521,0.19093088395914037,0.0026571209599107483
2016-07-22,62.64400100708008,62.68118387736447,62.53987421742818,62.5770627618878,1612000,62.686076927185056,62.011604655872695,61.346633974711104,60.6288154220581,56.09700431077795,0.18275146857006572,0.0025998746573083864
2016-07-25,62.60676956176758,62.68114092554914,62.57701988142069,62.64395808074403,1204600,62.709980964660645,62.031086800315165,61.36726064682007,60.6430396270752,54.65269872844087,0.17212847550997928,0.0023357585645536567
2016-07-26,62.59934997558594,62.67372136224043,62.55472827842785,62.67372136224043,2385100,62.71792640686035,62.050972886519,61.38745743433635,60.6577011680603,54.35237309470198,0.17106578294800556,0.0020665303207620957
2016-07-27,62.785308837890625,62.785308837890625,62.621688310928334,62.6365659992934,1575400,62.731455421447755,62.07343292236328,61.40883572896322,60.67332904815674,60.24837431266145,0.1721303650071917,0.0021512668624389325
2016-07-28,62.748111724853516,62.80760544228516,62.67373464825896,62.740672882359206,1418900,62.74423885345459,62.095216647061434,61.43039506276448,60.68825996398926,58.61741524591639,0.16840906415622822,0.002155227739794852
2016-07-29,62.94892120361328,62.94892120361328,62.80017838430035,62.83736125204116,2757900,62.762979888916014,62.120381927490236,61.45148016611735,60.704012622833254,64.2446879154296,0.16787646241857754,0.002245796911889581
2016-08-01,62.75142288208008,62.92281628039564,62.74396951208666,62.781230676798245,3705700,62.763145446777344,62.14182115034624,61.47098054885864,60.71768329620361,56.15661347738174,0.1607330336108375,0.002291296557823863
2016-08-02,62.69183349609375,62.78125691762475,62.63222356699765,62.729094676379475,4575700,62.749548530578615,62.160964064164595,61.48894100189209,60.73163967132568,53.94969107709399,0.15915968781693174,0.0021511693579608073
2016-08-03,62.69183349609375,62.729094676379475,62.580061325752375,62.69183349609375,3472400,62.73037319183349,62.18253166892312,61.506595071156816,60.74570560455322,53.94969107709399,0.1586487355568573,0.0021009671678428616
2016-08-04,62.80362319946289,62.878139888833864,62.77381538666271,62.7961698249481,1202000,62.7219934463501,62.20694004405629,61.52683738072713,60.760330486297605,57.57704036312798,0.15495865664242356,0.0021251847135876864
2016-08-05,62.5949821472168,62.781276736940654,62.58008108155315,62.781276736940654,2018700,62.6949987411499,62.23280792236328,61.546077791849775,60.77438636779785,49.70731185535191,0.1597701218954159,0.002137243778095362
2016-08-08,62.6024169921875,62.647125861204174,62.50554019564069,62.56515581116826,1843100,62.677673530578616,62.25759915438565,61.56550235748291,60.78793216705322,49.96973374804077,0.1619122748766339,0.0020554880711076326
2016-08-09,62.78121566772461,62.78121566772461,62.63218241501862,62.639630097976,2262700,62.68193321228027,62.28564127141779,61.58469931284586,60.80186143875122,55.925766122022004,0.16618300251368215,0.0019694501200909365
2016-08-10,62.863224029541016,62.88557846256505,62.78125398494777,62.82596285099585,1672200,62.684715270996094,62.31490506258878,61.605254554748534,60.81696683883667,58.37354501175611,0.15876264016711975,0.0019505844068359076
2016-08-11,62.69926071166992,62.88555516486249,62.65455186218548,62.88555516486249,1760100,62.684133529663086,62.34172612970526,61.62432025273641,60.83092397689819,52.138761624484985,0.165169328934314,0.0020100455555860266
2016-08-12,62.84089279174805,62.945217307872596,62.825986040724686,62.900508425321995,1606000,62.70067234039307,62.371526197953656,61.64425954818726,60.845516242980956,56.464393155248445,0.17530043979675877,0.0019222642670049534
2016-08-15,62.736541748046875,62.83341284769868,62.729088375686786,62.7588961798698,1942500,62.71087875366211,62.39754305752841,61.66296122868856,60.86042604446411,52.686214959575935,0.1747869635288077,0.0019695779810404647
2016-08-16,62.706729888916016,62.766345493426996,62.67692208666053,62.75889212154888,2163100,62.714758682250974,62.423422241210936,61.68067792256673,60.87624471664429,51.623463146185685,0.16789157384750603,0.0019466723659220125
2016-08-17,62.80362319946289,62.84833207603368,62.706752071806534,62.73655988460671,2024600,62.726830673217776,62.450120613791725,61.69969333012899,60.891891040802,54.81375575927378,0.16844381621118185,0.001954364141713194
2016-08-18,62.870697021484375,62.90050483657068,62.77382020113901,62.83343583131163,1750900,62.73853797912598,62.477646775679155,61.71896085739136,60.908461246490475,56.93115573511486,0.1631491845448895,0.0019513161288542292
2016-08-19,62.743995666503906,62.78871021984788,62.65457793033175,62.75890241270453,1995100,62.743537712097165,62.50071001919833,61.73886330922445,60.924909896850586,51.976467765745106,0.1639468559467469,0.0020127042309599215
2016-08-22,62.83340072631836,62.855755153828824,62.76633744378694,62.81104629880788,1388100,62.754869270324704,62.518381014737216,61.75981814066569,60.94162267684936,54.95548969928402,0.16128443713944815,0.0020275994484767893
2016-08-23,62.863224029541016,62.93028732861313,62.83341622375641,62.922839641110215,1668300,62.76806297302246,62.53834818059748,61.780775260925296,60.95903287887573,55.937391670973,0.15755966940142482,0.0020273006973582125
2016-08-24,62.855751037597656,62.93026768617144,62.83339661155111,62.91536663055903,2083300,62.771585083007814,62.55804533524947,61.80191634496053,60.97757539749146,55.61027344215466,0.15117143239286893,0.0019209795971750492
2016-08-25,62.78867721557617,62.87809490474677,62.78122384639365,62.833386060161466,1737800,62.773613357543944,62.5751728404652,61.82262115478515,60.99603872299194,52.63504215061678,0.14212349956739598,0.0019323347825705077
2016-08-26,62.6322021484375,62.960076544744325,62.63220214843751,62.87810652435363,2874500,62.75777740478516,62.58837620128285,61.84036232630412,61.01339046478272,46.39846763253053,0.15542983747763423,0.001859277095715495
2016-08-29,62.848323822021484,62.84832382202148,62.72909827173789,62.766359454159264,1446800,62.76262245178223,62.604428794167255,61.86076523462931,61.03178644180298,54.42983671334192,0.15809576590955338,0.0019039520752665298
2016-08-30,62.796146392822266,62.863215367910904,62.7663442764016,62.863215367910904,4750700,62.767838096618654,62.61926276467063,61.88097931543986,61.04988477706909,52.38893998770441,0.1575606442430438,0.0019007419758907084
2016-08-31,62.75142288208008,62.85574732096589,62.75142288208008,62.818491841509825,1911900,62.770817565917966,62.63341848200018,61.90149666468302,61.06721126556396,50.63633456200226,0.1485121539722439,0.0019090684504138263
2016-09-01,62.83808898925781,62.86048758575259,62.64395832548738,62.64395832548738,3108600,62.77254085540771,62.64658674760298,61.92162984212239,61.08497108459473,53.85771296144279,0.14641020140528177,0.001891888339750592
2016-09-02,62.74843215942383,62.815627888138806,62.673768339801306,62.815627888138806,1797500,62.780213356018066,62.65691028941762,61.941507784525555,61.10195363998413,50.2074725100015,0.15016136093351357,0.0017579115756918993
2016-09-06,62.93513107299805,62.97992825146695,62.73353237691275,62.793265745863025,4316100,62.79684906005859,62.67224752252752,61.9609743754069,61.120015716552736,56.776966309478226,0.1613736800612092,0.001869950586179131
2016-09-07,62.94258117675781,63.017245018359986,62.9276449905458,63.017245018359986,1849500,62.804917335510254,62.69028431285511,61.97939586639404,61.1377131652832,57.02065353125074,0.15765924011096086,0.0017678413604110795
2016-09-08,62.70365905761719,62.87538533896804,62.62152711558453,62.84551866036648,3475600,62.796939086914065,62.7054611899636,61.995396296183266,61.15428907394409,47.727467660365996,0.17154277052107605,0.0019480854818143287
2016-09-09,62.427371978759766,62.57669961649915,62.39750531191505,62.50203579762945,2888900,62.78334465026855,62.7152097528631,62.010016504923506,61.16937370300293,39.674856980482694,0.17797381727461264,0.0021039503577142183
2016-09-12,62.44979476928711,62.479661447712445,62.352732336769584,62.38259901519493,3191000,62.76378974914551,62.72739091352983,62.024946149190264,61.18446081161499,40.551500400184146,0.17905736181875145,0.0020278833963795575
2016-09-13,62.270572662353516,62.54682934590275,62.18844075738377,62.54682934590275,2669800,62.74049129486084,62.72997061989524,62.037276109059654,61.198615341186525,36.04299964502967,0.19773607512048028,0.0020874221482940535
2016-09-14,62.35271072387695,62.41990645467754,62.2705788107977,62.2855092965919,2124500,62.72279033660889,62.728375521573156,62.05090471903483,61.2130344581604,39.36998180158615,0.20148341209931533,0.00212097748833666
2016-09-15,62.40498733520508,62.42738591621824,62.2705901526406,62.32285540716648,1817200,62.702858543396,62.72638022682884,62.06472365061442,61.22786106109619,41.45727278607836,0.20576374818678136,0.002094675499621348
2016-09-16,62.45728302001953,62.487149708083834,62.38261914810294,62.45728302001954,1307800,62.68218784332275,62.72574095292525,62.07688783009847,61.241824588775636,43.55088175915667,0.18981061702064395,0.0020872946271191005
2016-09-19,62.41248321533203,62.472216594404244,62.39008462230209,62.449818001374304,1558100,62.66561222076416,62.722802456942475,62.088863150278726,61.2559303855896,42.15991330885477,0.18023992405765657,0.002051943091078488
2016-09-20,62.427371978759766,62.53937055530642,62.427371978759766,62.46470673643673,1260900,62.64531078338623,62.71697082519531,62.09997901916504,61.27241846084595,42.813615825097145,0.18238394180516235,0.0020174427244065924
2016-09-21,62.606590270996094,62.606590270996094,62.36766254117762,62.382598728564886,1979800,62.63247909545898,62.71047661521218,62.11201515197754,61.28863050460816,50.1212261241771,0.19199846258606662,0.002134979740490737
2016-09-22,62.73352813720703,62.793261502120366,62.65140188106022,62.67380046878091,1473900,62.62636795043945,62.704261849143286,62.125109100341795,61.304964256286624,54.55117713439476,0.18986574621885716,0.002192568284500464
2016-09-23,62.71858596801758,62.778319321810464,62.70365547781243,62.740984551568374,1441500,62.622863388061525,62.69966853748668,62.137154483795165,61.321150131225586,53.94383679690054,0.18346168868610896,0.0021810302006312716
2016-09-26,62.823097229003906,62.84549580568788,62.75590149895197,62.77830007563595,1709200,62.632408142089844,62.69399982799183,62.150317351023354,61.3379683303833,57.50733156958226,0.17492697176583047,0.0021340374063224614
2016-09-27,62.8978157043457,62.920214300492646,62.81568372081399,62.91275189943657,2458100,62.63488273620605,62.693070637096056,62.16243966420492,61.355196704864504,59.896362298048395,0.17599343975614953,0.002006281044739909
2016-09-28,62.8978157043457,62.94261859312895,62.85301851205181,62.8978157043457,2284600,62.63996620178223,62.69673961292614,62.174992847442624,61.37161924362183,59.896362298048395,0.15946101260642465,0.0019958623491936897
2016-09-29,62.90528106689453,62.95007825724073,62.80075049176066,62.82314908693376,2886200,62.647659111022946,62.69851594404741,62.18767032623291,61.389471225738525,60.15593774493446,0.14825915687627703,0.0019870718036676914
2016-09-30,62.823097229003906,62.92762771785208,62.73349722578358,62.9052291411681,1663600,62.64690952301025,62.70055597478693,62.2004633585612,61.40724184036255,55.868782158519004,0.1530592555281086,0.001988482401970138
2016-10-03,62.756553649902344,62.846325480380386,62.71914729368433,62.80143671143704,1509200,62.64731559753418,62.705036648837,62.21239366531372,61.42500961303711,52.600035927512586,0.1365442268264714,0.001976360735148349
2016-10-04,62.547054290771484,62.72659213678609,62.53957188252769,62.71910972854229,1815500,62.627911758422854,62.70530284534801,62.22300961812337,61.44110708236694,43.893030858395925,0.14137622504437378,0.0019817257958617356
2016-10-05,62.4423713684082,62.591985403774835,62.419929833844165,62.58450869719322,2666100,62.60290126800537,62.70190720991655,62.231582927703855,61.45602165222168,40.303001729840865,0.1424662112124473,0.002001874087631598
2016-10-06,62.419918060302734,62.509684181627335,62.37502929223191,62.434877178053995,1148500,62.58871421813965,62.69932056773793,62.24015363057455,61.47115375518799,39.5556921131558,0.14461794902777111,0.001835338006812845
2016-10-07,62.47228240966797,62.48724152715011,62.32266269780441,62.47975911470483,1783300,62.59095973968506,62.69633386785334,62.24885272979736,61.486950454711916,42.245309466657964,0.150507010259453,0.0015606328411084441
2016-10-10,62.40491485595703,62.412397263935226,62.32262549041197,62.37499093144928,1425500,62.58871574401856,62.691986846923825,62.258407560984296,61.50237356185913,39.792115613792895,0.15213340877956785,0.0015780259520506814
2016-10-11,62.30768966674805,62.412420587961456,62.30020725597362,62.37501424149646,1476700,62.590571594238284,62.686549030650745,62.267768446604414,61.51709033966065,36.498025711390916,0.14308238036309412,0.0014780765760010128
2016-10-12,62.34506607055664,62.360030886288264,62.26278241365245,62.31514785390326,1286400,62.590189361572264,62.68192568692294,62.277625211079915,61.5319939994812,38.60226051442561,0.13669504047106124,0.001453633024991234
2016-10-13,62.419918060302734,62.49472506387608,62.412435647722845,62.479760238716295,1625500,62.59093589782715,62.67528221823952,62.288722101847334,61.548190155029296,42.69742745705028,0.14205183685116193,0.001466891219206874
2016-10-14,62.29275894165039,62.43489628712884,62.28528223419068,62.34512443091978,1379900,62.58270969390869,62.66700307672674,62.29949852625529,61.563566799163816,38.05390736779696,0.1436735665131518,0.00152164579791387
2016-10-17,62.427371978759766,62.44233679845722,62.30019954836364,62.33760589020083,1008900,62.58345413208008,62.65752036354758,62.309856764475505,61.579028930664066,44.88709323086056,0.14689122916516442,0.0015974750994907805
2016-10-18,62.5096549987793,62.517137407865995,62.36752347056709,62.37500017224794,1167300,62.587568283081055,62.65312458385121,62.319976488749184,61.59504934310913,48.618109790582636,0.15117793318100478,0.0016235171038628524
2016-10-19,62.55454635620117,62.55454635620117,62.46477456563227,62.47225697503121,1546400,62.58496608734131,62.65062845403498,62.33010025024414,61.61092685699463,50.5836490815811,0.14692393497306405,0.0014940527599171902
2016-10-20,62.51716995239258,62.59945937296609,62.487246007874134,62.56205301546583,1283200,62.574148178100586,62.647452753240415,62.34081398646037,61.62529500961304,48.90617876954276,0.14107271161759627,0.0014160816620660344
2016-10-21,62.569488525390625,62.576970932763516,62.48719916650249,62.53956460330362,1018800,62.56669330596924,62.64319575916637,62.35054432551066,61.639888038635256,51.3387790289137,0.13840082444366533,0.001433721963360437
2016-10-24,62.479774475097656,62.577028738570625,62.427408989923684,62.577028738570625,1453900,62.549527168273926,62.64110107421875,62.35934143066406,61.65366502761841,47.189813004450244,0.13358925167740004,0.0013977883361396043
2016-10-25,62.479774475097656,62.53962237455643,62.434891404208486,62.449856232778096,1462100,62.528625106811525,62.63887121027166,62.367212454477944,61.66869115829468,47.189813004450244,0.12878035170720534,0.0013570033918259626
2016-10-26,62.36752700805664,62.42736916192693,62.345079779523324,62.38248611967267,1144500,62.50211067199707,62.6313495982777,62.37439505259196,61.68238454818726,42.23678638489101,0.12878319500569851,0.0013928237246655171
2016-10-27,62.19547653198242,62.24035958195702,62.10570472462605,62.21791805696972,1848200,62.466620445251465,62.61920873468573,62.379773966471355,61.69448286056519,35.99965666027178,0.13572915601176203,0.001479882529066616
2016-10-28,62.16554260253906,62.2253904644889,62.143101081159436,62.15806019294377,1574400,62.433742713928225,62.60950476906516,62.38490343093872,61.706798973083494,35.030415750073914,0.1309171891598671,0.0014696247801987143
2016-10-31,62.232872009277344,62.277755051412896,62.19546566922694,62.2478311208538,1664700,62.407558631896975,62.59844984574752,62.39047044118245,61.71893747329712,39.00810838617795,0.13091712608029532,0.001506247764352315
2016-11-01,62.212646484375,62.265114752665525,62.085224364042645,62.130195531545276,1623500,62.39083824157715,62.588924477317114,62.39580694834391,61.731342277526856,38.2505116765446,0.13682012007937164,0.00134031305020197
2016-11-02,62.27259826660156,62.362540581982906,62.21263291060661,62.257604068297276,3138400,62.38234958648682,62.581031175093216,62.40108715693156,61.74371593475342,41.85530418711014,0.1368378827977185,0.001324290947777353
2016-11-03,62.23513412475586,62.31008797927463,62.220145641297115,62.257619709250235,2335700,62.373110389709474,62.57069501009855,62.407166481018066,61.75608612060547,40.27310766252494,0.1325756174433863,0.001327550331441248
2016-11-04,62.34758758544922,62.392558768733814,62.27263370710343,62.27263370710343,1047000,62.366875648498535,62.56118392944336,62.41455335617066,61.76912878036499,46.77670174776602,0.13313610224132383,0.001381933701060837
2016-11-07,62.26511764526367,62.33258011826401,62.25762054412749,62.33258011826401,1290000,62.35988578796387,62.5524770563299,62.423660596211754,61.781759090423584,43.072527534629344,0.1288756096715257,0.001392092349047323
2016-11-08,62.1526985168457,62.31010336578756,62.137710029685785,62.30261198151458,2509100,62.35213623046875,62.5401006525213,62.431275590260825,61.79338661193847,38.58682869543356,0.1347771486381595,0.0014066553196754774
2016-11-09,61.538063049316406,61.92033520763477,61.47809766789127,61.83788423782858,3448800,62.31178607940674,62.516006816517226,62.433768622080485,61.80194095611572,23.919648329664312,0.17494768319976522,0.0025847354669723435
2016-11-10,61.27571105957031,61.53805240968083,61.268213958535,61.45560145413002,2836000,62.25457572937012,62.48727881691673,62.4339519182841,61.80896289825439,20.361885700397238,0.18781034923693543,0.0026665167239331195
2016-11-11,61.16328811645508,61.335687158746026,61.14080252802877,61.25323618877386,1580900,62.198102188110354,62.457726287841794,62.43344513575236,61.814541282653806,19.054017416872412,0.19104355509910068,0.002662438673158185
2016-11-14,60.93092346191406,61.08832828414271,60.87095808622325,61.0433571116811,2079400,62.12327976226807,62.426793948086825,62.43118708928426,61.81956876754761,16.670614714759665,0.20444348794794973,0.0026338854592303424
2016-11-15,61.01339340209961,61.11083287894608,60.99090780887464,61.03587899532458,2098100,62.04846668243408,62.393431576815516,62.42875191370646,61.823977890014646,20.472829915938476,0.20767311090921275,0.002635686398415334
2016-11-16,61.140804290771484,61.14830139333424,61.02837062678483,61.065850420984944,1629100,61.9777795791626,62.36333444768732,62.42756382624308,61.82880323410034,26.084229225262078,0.19860780432378736,0.002705253177036044
2016-11-17,60.89341735839844,61.07331340773185,60.878428880259236,61.043330732842946,1762200,61.89659194946289,62.32955252907493,62.42388219833374,61.832170753479005,22.730556976978477,0.21147109197970032,0.0027778684296163704
2016-11-18,60.743568420410156,60.97592722714595,60.71358571653843,60.92345892502445,1561600,61.80529594421387,62.29147033691406,62.41877228418986,61.835083637237545,20.971672659293603,0.22219459638924935,0.0027412811759562243
2016-11-21,60.736026763916016,60.82597480955281,60.71354118215978,60.788495027551186,2074000,61.718108558654784,62.25488114790483,62.41260986328125,61.83667022705078,20.884085503623538,0.217376256301403,0.0027579374257684507
2016-11-22,60.78849411010742,60.87844215438669,60.76600852869055,60.85595657296981,1866900,61.633544540405275,62.21585138494318,62.40366818110148,61.83855581283569,23.28456038042124,0.21684109337957277,0.0027877960261878006
2016-11-23,60.63108825683594,60.71353919965773,60.48867195221434,60.63108825683593,1642900,61.54672260284424,62.173824240944604,62.39421866734823,61.83902835845947,21.205799973684904,0.23183250908782785,0.0027998299692909854
2016-11-25,60.65359115600586,60.706059432908795,60.578637291660705,60.64609977260064,942700,61.46962833404541,62.13655027909712,62.384895197550456,61.83942958831787,22.2741271619618,0.2296894731785518,0.0028077680974540426
2016-11-28,60.7960090637207,60.818494651740785,60.71355809523809,60.72105519744927,1352600,61.40115165710449,62.10688913518732,62.37613973617554,61.841536903381346,28.849200832366336,0.2350420770652088,0.0029176957598098753
2016-11-29,60.84097671508789,60.89344499029962,60.713554577947,60.72105167972385,1583600,61.33155689239502,62.077637897838244,62.367264397939046,61.84431112289429,30.838587296160156,0.23557758251169755,0.0029050986236004964
2016-11-30,60.63108825683594,60.74352188055763,60.563631513769906,60.66107093773583,2372200,61.252478981018065,62.0478290904652,62.35614487330119,61.84610921859741,27.038489005434514,0.20720217910909408,0.002943507380171237
2016-12-01,60.405799865722656,60.47339032642939,60.285631406758476,60.44335394163584,2998200,61.15913906097412,62.01243071122603,62.34302422205607,61.84575031280517,23.6672938280374,0.2126027333445266,0.0029415387941065614
2016-12-02,60.623592376708984,60.736248858661995,60.54097800527322,60.54848996538921,1951400,61.07856197357178,61.98004171198065,62.33178033828735,61.84688529968262,32.43725332365629,0.22228590207467544,0.0031532226865694456
2016-12-05,60.69867706298828,60.76627322439954,60.48838808072217,60.53344836836633,2479500,60.99611644744873,61.948067058216445,62.3199873606364,61.848321800231936,35.2013058626101,0.22125412446364276,0.0031261338704873095
2016-12-06,60.69118118286133,60.74375344235486,60.66113907315838,60.72122329256428,2337800,60.917419624328616,61.91677065762607,62.30757522583008,61.84953681945801,35.0471543806966,0.21430447818967582,0.003137852740640944
2016-12-07,60.833900451660156,60.87896076655935,60.75879801684533,60.781328174294934,4273100,60.85147972106934,61.88779844804244,62.29709453582764,61.851244621276855,40.398814118310646,0.21808102050848938,0.003236955725896788
2016-12-08,60.71370315551758,60.758769178975626,60.6686428620053,60.75125722007499,2323000,60.810261726379395,61.8533823186701,62.28678741455078,61.85190950393677,37.58978090386276,0.21114403330438997,0.0025020152866163077
2016-12-09,60.533470153808594,60.72122905982534,60.480897889321795,60.683680716590246,2697000,60.77314968109131,61.81338126442649,62.27565857569377,61.85196798324585,33.79517044374202,0.20957186615410603,0.0024195761701075523
2016-12-12,60.46586608886719,60.5259445705108,60.40578187727778,60.45835412993206,3464800,60.73827857971192,61.772422721169214,62.263780784606936,61.85150434494019,32.47108097982286,0.2106614839496618,0.0024056798594722954
2016-12-13,60.533470153808594,60.60857257022588,60.443349546086694,60.57102422699078,4372500,60.71840591430664,61.730793137983845,62.25339444478353,61.85239318847656,35.20501944843846,0.2122906006402699,0.0023076196384017233
2016-12-14,60.225555419921875,60.668663738457546,60.21804345843633,60.653645545434195,2971300,60.67901401519775,61.68220658735795,62.23753499984741,61.85192686080933,29.37220868071479,0.22306189507799395,0.0025022543238766644
2016-12-15,60.13542556762695,60.27812417779807,60.12791360657916,60.23305814145869,2651200,60.62874507904053,61.63198131214489,62.218326536814374,61.850862140655515,27.914323639388698,0.22468964007590944,0.002423182217844453
2016-12-16,60.18798828125,60.28562083958424,60.10537391268008,60.19550024110541,3080100,60.59347362518311,61.582575988769534,62.198937034606935,61.85020797729492,30.09352752661978,0.2257855994451405,0.0023268851422042582
2016-12-19,60.345699310302734,60.38325337605603,60.263084949602245,60.33818735116289,2936800,60.57358016967773,61.53753239024769,62.181047503153486,61.85041597366333,36.31450184100366,0.22688379104895567,0.00238730946368796
2016-12-20,60.353248596191406,60.360760559977194,60.23308009541686,60.2556159867742,5853400,60.5544412612915,61.493835934725674,62.162540404001874,61.84966590881348,36.605320535643614,0.21619345270912355,0.002389067578304709
2016-12-21,60.443321228027344,60.458339412295864,60.375725073958044,60.41327912954592,2752300,60.5371826171875,61.45558624267578,62.14333381652832,61.84988264083862,40.1188497444428,0.19902445028248042,0.0024094165976997132
2016-12-22,60.40193176269531,60.44710713523286,60.36428178919441,60.36428178919441,2851500,60.52572479248047,61.41848734075373,62.12198514938355,61.85004001617432,39.04789760975404,0.18133704693241728,0.0023503293590556675
2016-12-23,60.43204879760742,60.507342997793394,60.43204879760742,60.507342997793394,2096800,60.51464767456055,61.382344263250175,62.09995772043864,61.85075355529785,40.29679374693783,0.1690174820338964,0.0023520937901411803
2016-12-27,60.3868293762207,60.3868293762207,60.32659750102678,60.33412289506627,2178300,60.494188690185545,61.34442693536932,62.078421147664386,61.850577163696286,39.004532902022795,0.17064869113276515,0.002277638542707778
2016-12-28,60.53741455078125,60.59012102420884,60.37176399298747,60.41693932890404,4097100,60.479010581970215,61.31047238436612,62.05677563349406,61.85144884109497,45.29585378430305,0.17283279452729008,0.002353701260646264
2016-12-29,60.703102111816406,60.72568979354364,60.59768910070384,60.64286446415829,3115800,60.48261127471924,61.281298065185545,62.03806047439575,61.851968650817874,51.253565713048005,0.1744769126063994,0.002316938943315637
2016-12-30,60.83109664916992,60.86121546995127,60.70309596928249,60.71062136604456,2338200,60.5038761138916,61.25377134843306,62.02251942952474,61.85246412277222,55.303252119009905,0.1686046504753449,0.0021790633229032603
2017-01-03,60.838623046875,60.86873612073072,60.61273478091647,60.65038474010197,3312600,60.514627647399905,61.2250205300071,62.00611143112182,61.85273920059204,55.537166052836525,0.1777698692813051,0.0020402087794141365
2017-01-04,60.88384246826172,60.898899016087086,60.801017093768706,60.86878017585496,3095000,60.52388591766358,61.19940386685458,61.990885988871256,61.853793678283694,56.99342155902355,0.17295979057981878,0.0020296502951781467
2017-01-05,61.19255065917969,61.20008180539926,60.91396143945099,60.97419912004476,3890400,60.54895439147949,61.176952570134944,61.979906272888186,61.85646524429321,65.33950986301198,0.163361151802413,0.002305747293868433
2017-01-06,60.951595306396484,61.08712719237193,60.951595306396484,61.064539502139425,2287900,60.55483913421631,61.14862421209162,61.966732788085935,61.85726833343506,56.17581581450037,0.1698429219141485,0.0024518256699991334
2017-01-09,61.10219955444336,61.12478724839926,61.05701842195018,61.11725610222017,1785900,60.574263954162596,61.122217906605115,61.95400835673014,61.859192943573,59.95603600655465,0.16933899442119227,0.002455341383723853
2017-01-10,61.08708572387695,61.12473567842636,61.03437923425369,61.094616863702136,2250700,60.60194473266601,61.096216375177555,61.94171587626139,61.86089479446411,59.40226745220359,0.1618455193759521,0.002335901223096672
2017-01-11,61.11724090576172,61.31301044567147,61.0344155521299,61.09465321742212,2327600,60.634513473510744,61.069811873002486,61.92905495961507,61.86149309158325,60.19228139152925,0.17262512144604056,0.002306331858797051
2017-01-12,61.13232421875,61.305500385298245,61.10220537574554,61.26785613997911,2981200,60.66445617675781,61.04531277743253,61.916457653045654,61.86227748870849,60.605225306773676,0.1796397066923439,0.0023030332914331917
2017-01-13,61.03443908691406,61.10220792264436,60.92150060166717,61.07962022559498,2425000,60.70490036010742,61.01903395219283,61.90335489908854,61.861982345581055,56.508452615356475,0.18878244033837074,0.0019655947057482673
2017-01-17,61.22261428833008,61.29038305402888,61.14732012777958,61.245201962037605,2188600,60.75925979614258,60.99821735728871,61.89188210169474,61.862284145355225,61.84773042844625,0.19953477833956615,0.0019667785681758494
2017-01-18,60.906402587890625,61.14734745608233,60.89887144509685,61.14734745608233,1981700,60.79518051147461,60.97477964921431,61.87622454961141,61.8610048866272,50.60501016622721,0.2151270316718938,0.002388930726917635
2017-01-19,60.80098342895508,60.868746473521696,60.71815810032151,60.82357111047728,2121300,60.81794471740723,60.94996948242188,61.85999848047892,61.85864410400391,47.504664029512625,0.2129761356967325,0.0023930157407383535
2017-01-20,60.84614944458008,60.876268263508784,60.703092235390365,60.74073645061826,1836300,60.84258975982666,60.92475634488193,61.84247538248698,61.8566570854187,48.947802565174655,0.2118976203650205,0.0023935581413193157
2017-01-23,61.01182556152344,61.13230088756178,60.85370600453292,60.85370600453292,1490200,60.87101497650146,60.90292323719371,61.82797873814901,61.85450052261353,53.94884605645843,0.22104275910165785,0.002438253925001709
2017-01-24,60.92148971557617,61.0269027793584,60.853720891955525,60.96666510160252,2136000,60.89699287414551,60.87835762717507,61.81322587331136,61.85215080261231,51.01441446477993,0.21512708392941654,0.0024644629765395
2017-01-25,60.740745544433594,60.831102014747465,60.70310132356979,60.79345204930547,1897400,60.912427711486814,60.851186925714664,61.796966807047525,61.84893461227417,45.66270715569439,0.22373468890713102,0.0025786551008406514
2017-01-26,60.76335906982422,60.7859525054458,60.6278271789979,60.70312714190857,2381600,60.93125419616699,60.82238277088512,61.7799646059672,61.846311740875244,46.42004635557067,0.2124408310007284,0.0025677923784062735
2017-01-27,60.83109664916992,60.86874086671334,60.79344668704883,60.79344668704883,1768700,60.94593830108643,60.79630966186524,61.76526556015015,61.843842639923096,48.7254164941094,0.2027570055797224,0.0025243313265152587
2017-01-30,60.816043853759766,60.90640033019935,60.80098731330912,60.823574996274374,2699500,60.951585388183595,60.772006849809124,61.75037911732991,61.84155715942383,48.22880473558241,0.19791565378596893,0.002456573465477752
2017-01-31,60.944061279296875,61.0042931965308,60.838648243412976,60.838648243412976,2857600,60.957233619689944,60.761206817626956,61.73506949742635,61.83920959472656,52.64886737020897,0.2049080036858523,0.002456420961100382
2017-02-01,60.83692932128906,60.927473769519985,60.738843819769144,60.78411316561999,2313400,60.95714893341064,60.75322896784002,61.71818370819092,61.83643707275391,48.8872833030562,0.19966675839914924,0.0024910763221517207
2017-02-02,60.87461853027344,61.00288543218527,60.86707172530053,60.957616115398864,1745400,60.95668773651123,60.74798042990945,61.70297835667928,61.83366821289062,50.2343650537079,0.19699969420939972,0.0024892900103631052
2017-02-03,60.8897590637207,61.0708480005902,60.82185502979252,61.010485021633706,2398900,60.94154815673828,60.74723198630593,61.68671890894572,61.8318253326416,50.79538673870379,0.19972607661760325,0.002187043874222184
2017-02-06,61.078365325927734,61.123640420820486,60.96519198001656,61.08591213449791,3238100,60.94788665771485,60.7484132940119,61.67290077209473,61.83129524230957,57.25924601250422,0.19815017590224368,0.002126921318280965
2017-02-07,61.176448822021484,61.229264962268914,61.04063506759558,61.085904400228365,5239300,60.95159912109375,60.74906137639826,61.6601484298706,61.831366214752194,60.18826185988279,0.18849925100510845,0.0020846767618643647
2017-02-08,61.34244155883789,61.38016408232385,61.17644633722316,61.17644633722316,2172700,60.9643669128418,60.75722545276989,61.64797191619873,61.83263696670532,64.60859659394112,0.18960448368593522,0.0021650651170398065
2017-02-09,61.176448822021484,61.282081102516344,61.138720540475795,61.22171815465427,3410400,60.96732730865479,60.76509600552646,61.63385318120321,61.83352127075195,57.70831099871277,0.19178626870334067,0.002259234038711963
2017-02-10,61.161380767822266,61.18401544359831,61.07084206471807,61.078383118956786,2011900,60.9687801361084,60.772829714688385,61.62066472371419,61.83340625762939,57.112021633786696,0.1794306926960932,0.0022596736172723004
2017-02-13,61.09347152709961,61.1236530110688,61.02556174903658,61.101018337224275,1863000,60.97173175811768,60.7783747586337,61.6061653137207,61.83239717483521,54.384607522613784,0.17676191636629415,0.002243676510581304
2017-02-14,60.96516418457031,61.093431089141944,60.859531938861245,61.07079643027938,2178300,60.958859252929685,60.78444886641069,61.590348148345946,61.83052452087402,49.56809092603833,0.17787271609715002,0.0021732275838364464
2017-02-15,60.86708450317383,60.90481277943318,60.81426837032678,60.821815176883995,1503700,60.956893348693846,60.788330563631924,61.573775927225746,61.82870233535767,46.199801573969395,0.17735632236826657,0.0018707872850114587
2017-02-16,60.98024368286133,61.07078806243095,60.91233971557776,60.91988076314825,3290700,60.96585636138916,60.791680283979936,61.55870564778646,61.826594314575196,50.388552400319604,0.1843793053945524,0.0018712938791914816
2017-02-17,61.12362289428711,61.15380436338531,61.08589461878271,61.116076087880906,1520000,60.97973003387451,60.79681930541992,61.54613415400187,61.82509181976318,55.15302549832336,0.18924699565410666,0.0019317478183595986
2017-02-21,61.116085052490234,61.17644799954077,61.040634246940805,61.07081572046607,1811300,60.98494300842285,60.80563742897727,61.531698830922444,61.82299598693848,54.8547669715336,0.18550159635617294,0.0018410911011822052
2017-02-22,61.1537971496582,61.244335789746195,61.0255244819903,61.244335789746195,1965800,60.996558380126956,60.819237379594284,61.518012587229414,61.82123689651489,56.13291356460235,0.18647258551532733,0.0018065126615559308
2017-02-23,61.26702117919922,61.26702117919922,61.21420500990716,61.24438650043558,1590500,61.02287216186524,60.8309360850941,61.505642573038735,61.819821968078614,59.81174992191159,0.18270600827567055,0.001679948563123036
2017-02-24,61.49336242675781,61.508450289572544,61.35754863530871,61.3877301174673,1703800,61.05937232971191,60.845384909889916,61.494436518351236,61.81953874588012,65.95783578947382,0.18216573253107374,0.0018310857176563452
2017-02-27,61.36508560180664,61.47071789415336,61.33490412448927,61.46317108569197,2005600,61.08607177734375,60.8576377175071,61.48290863037109,61.818540019989015,60.32691018261327,0.17677837147169942,0.0019212793227682747
2017-02-28,61.319820404052734,61.42545846997671,61.31227935090247,61.3650955055999,1975700,61.1112606048584,60.86647262573242,61.469447708129884,61.81727779388428,58.43125429060987,0.17138903035747838,0.0019335822081025125
2017-03-01,61.06880569458008,61.09148444738572,61.01588668212033,61.06880569458008,2954300,61.11749782562256,60.87292903553356,61.453832912445066,61.81442695617676,49.19870692225297,0.17854731441688645,0.0021346455273732034
2017-03-02,60.955421447753906,61.02346349097255,60.88738517227648,61.01590198222799,2077300,61.1234224319458,60.880600877241655,61.43926426569621,61.81167598724365,45.68708301522697,0.17695442184127938,0.0021392908474825024
2017-03-03,61.00080108642578,61.00080108642578,60.879839985048676,60.96299930030975,2242600,61.12973155975342,60.89032696810636,61.427376174926756,61.80937417984009,47.30811303452088,0.17751068773391257,0.0021410713670539
2017-03-06,60.96296310424805,61.023443619026985,60.91004409575131,61.023443619026985,1880900,61.133391761779784,60.89813593084162,61.41498591105143,61.808327751159666,46.07333416397798,0.17590929519748297,0.002146826536539853
2017-03-07,60.849571228027344,60.95540925832163,60.849571228027344,60.932730504364294,1644800,61.121952056884766,60.909481672807175,61.40314423243205,61.80638111114502,42.49386630577963,0.1672987443390786,0.0020624725209973764
2017-03-08,60.705936431884766,60.743732432090574,60.63789440313031,60.660573156801796,2172700,61.09842643737793,60.91985459761186,61.38942111333211,61.803716297149656,38.421850055665345,0.1716402451000429,0.0020718184428983196
2017-03-09,60.51694107055664,60.61521759553494,60.494256548416864,60.60010034851528,2761300,61.05715141296387,60.925835557417436,61.37368739446004,61.800032424926755,33.828382493808846,0.17220998254367004,0.0020224408489843007
2017-03-10,60.63792419433594,60.65304721604015,60.55476487819128,60.58500515385686,3430900,61.03022518157959,60.93114873712713,61.35852607091268,61.79710153579712,38.86683955249285,0.16953465861220757,0.002047292806795808
2017-03-13,60.51694107055664,60.637896349934536,60.50181805579679,60.56986008673576,2164600,60.99800319671631,60.93412496393377,61.34272988637289,61.79367679595947,35.921314536823004,0.1695555433221492,0.0020757353125650056
2017-03-14,60.50939178466797,60.584989570515674,60.49426876685362,60.501830275760796,3620700,60.96879920959473,60.935326246781784,61.326746718088785,61.78969568252563,35.73930449625887,0.16040622160116058,0.002072866132410793
2017-03-15,60.88737106323242,60.89493257022481,60.57741272168335,60.60009724266051,2281200,60.96490955352783,60.944152415882456,61.31241989135742,61.787715663909914,49.52843045020243,0.17985741845943387,0.0025209340856749583
2017-03-16,60.79663848876953,60.87979774633428,60.78908275098275,60.84200175418407,2617800,60.96138725280762,60.950781319358136,61.29627914428711,61.785022792816164,46.925400129910656,0.16963307573631578,0.002517237605483568
2017-03-17,60.91759490966797,60.940273656794616,60.83443565837802,60.83443565837802,1293000,60.95825481414795,60.96043160178444,61.28127088546753,61.78282697677612,50.6490636937328,0.1685742804332117,0.0025226194473985703
2017-03-20,61.03856658935547,61.046128096346955,60.910049809199684,60.92516705544276,1510900,60.95400199890137,60.96954345703125,61.26639979680379,61.78064222335816,54.116286365437134,0.1702099352955711,0.00250559068209779
2017-03-21,61.18222427368164,61.18222427368164,60.97810966714588,61.00834416847286,2079000,60.95730895996094,60.97825476906517,61.25210320154826,61.77724586486816,57.899040901845645,0.16307999848152527,0.0025631920932241807
2017-03-22,61.2653694152832,61.31828843198994,61.19732738366583,61.23512915320217,1339600,60.962887573242185,60.98615063753995,61.23849948247274,61.77474756240845,59.956694300420565,0.15984025819614697,0.002577052363486948
2017-03-23,61.235145568847656,61.310743360446025,61.151986267766915,61.28806459974069,1790300,60.96129379272461,60.993360137939455,61.22458168665568,61.77206125259399,58.8310927374833,0.16253997186057592,0.0025460551145049756
2017-03-24,61.220008850097656,61.28804511057861,61.18220708244827,61.18976858952614,3736700,60.9476261138916,60.99947225397283,61.21122261683146,61.76892797470093,58.24137348478914,0.16199986506448028,0.002391001033620881
2017-03-27,61.34856033325195,61.40147937725054,61.303197032865164,61.38635635454053,1870300,60.94679985046387,61.00230879350142,61.19948933919271,61.766140689849856,61.74824452582403,0.16686262584535022,0.002402241070604771
2017-03-28,61.235145568847656,61.40902568049152,61.20490529865995,61.40902568049152,1990800,60.942566108703616,61.007464252818714,61.18855676651001,61.762489261627195,57.18539738284221,0.1663228799121025,0.0024325910285057017
2017-03-29,61.35609817504883,61.35609817504883,61.25781586857816,61.27293888545411,1356800,60.95693073272705,61.01208059137518,61.17950448989868,61.759368362426756,60.53471879160715,0.15984236010733607,0.0022773477664461373
2017-03-30,61.25780487060547,61.318285391768846,61.21244736360292,61.310723884688436,1403500,60.97204990386963,61.01518457586115,61.16982021331787,61.75579309463501,56.65586699759039,0.16038126481893603,0.002265707331999449
2017-03-31,61.295589447021484,61.31070668920249,61.24267044778043,61.24267044778043,2399400,60.986789321899415,61.01842727661133,61.16001443862915,61.7517018699646,57.77590890477589,0.15551912931057288,0.0022644201031881243
2017-04-03,61.518348693847656,61.518348693847656,61.29864538392556,61.344100443889445,2142600,61.01455860137939,61.02544590343128,61.15262638727824,61.748390426635744,63.72696110729778,0.16495044667943862,0.0023760856895687446
2017-04-04,61.45013427734375,61.50316707988293,61.42740675913296,61.50316707988293,1983200,61.044586753845216,61.03300399780274,61.14548009236653,61.7451831817627,60.89653922338512,0.14390767161928558,0.0023432563327558716
2017-04-05,61.503211975097656,61.548667044699876,61.38199074929683,61.41987382739614,2050500,61.08445053100586,61.03810577392578,61.13846464157105,61.74294645309448,62.29965616106544,0.14879252755881214,0.002245420373792392
2017-04-06,61.52596664428711,61.54112219426926,61.41232314001595,61.503239099462625,1855300,61.13490180969238,61.04937057495117,61.13101504643758,61.74123163223267,62.9140282359086,0.14773280514654274,0.00206564493332091
2017-04-07,61.38955307006836,61.63956745024786,61.37440331072933,61.59411239208603,1608200,61.172483253479,61.06007184115323,61.12348833084106,61.73872339248657,56.92494284723303,0.15695322317306143,0.002153250593325656
2017-04-10,61.45013427734375,61.51074484600051,61.419828993015365,61.457712043461335,1481700,61.21914291381836,61.07105338356712,61.11534468332926,61.73707490921021,58.80066388324136,0.15103016384423235,0.0020641546649432206
2017-04-11,61.647117614746094,61.67742289999835,61.541052006434285,61.54862399264074,1340500,61.27602920532227,61.082604148171164,61.10815687179566,61.73466705322266,64.25164523928395,0.15754619701182498,0.0021219143006570474
2017-04-12,61.79109191894531,61.79109191894531,61.61684366530699,61.63957119576894,1801600,61.32121524810791,61.09841509732333,61.10179475148519,61.731420307159425,67.62339943454188,0.15865270850891175,0.0017550360131676156
2017-04-13,61.882022857666016,61.919905937737866,61.76080162555327,61.82899001365331,1393500,61.375484466552734,61.119165593927555,61.09650185902913,61.72825677871704,69.57521482157858,0.16245744308421603,0.0016804648641460854
2017-04-17,61.8441162109375,61.91988234220935,61.77593362896597,61.88957704572946,1494600,61.42181053161621,61.13881572376598,61.090457089742024,61.72501514434814,67.74183345312892,0.15977731351925126,0.0016912659274565998
2017-04-18,62.06380844116211,62.10169149652266,61.912287780005336,61.912287780005336,1782800,61.473072624206544,61.161228665438564,61.086990706125896,61.72246368408203,72.29794418592863,0.16359552093022245,0.001784884479784452
2017-04-19,61.950157165527344,61.995617982198866,61.912279895133395,61.995617982198866,1437000,61.51146926879883,61.1818489074707,61.08257722854614,61.7184739112854,67.02407086824904,0.1657795166321898,0.001841839163673657
2017-04-20,61.866851806640625,61.927456621697665,61.80624121143909,61.927456621697665,1425700,61.5415433883667,61.198626917058775,61.07840493520101,61.71298931121826,63.37481942343895,0.16579845539235752,0.00188390974745426
2017-04-21,61.882022857666016,61.9653610097069,61.86687309372516,61.919905937737866,1241700,61.573887252807616,61.21762861772017,61.07579282124837,61.707022724151614,63.76178047156042,0.16797509550980141,0.0018708073544628626
2017-04-24,61.79866027832031,61.81381003627288,61.69259463221973,61.730477697317454,2665700,61.60281982421875,61.234429376775566,61.07273546854655,61.701159934997555,60.00988745238399,0.16559430826838092,0.0019105170768614857
2017-04-25,61.609275817871094,61.71534149720647,61.57139274090302,61.677464200384414,1670900,61.615855598449706,61.2475114995783,61.067538833618165,61.69353193283081,52.45793750756195,0.17533185131856602,0.0020245532290352826
2017-04-26,61.669864654541016,61.68501441189155,61.56379901265534,61.58652653875313,1876200,61.63759155273438,61.258266032825816,61.063015651702884,61.68713665008545,54.43360527630377,0.17208464444950675,0.0019710235821786223
2017-04-27,61.715328216552734,61.76836104480818,61.647145628857785,61.68502291752895,1543100,61.65555305480957,61.268063839999115,61.05837173461914,61.68223318099976,55.91404812678221,0.17154295599929828,0.0019366222948484836
2017-04-28,61.78351974487305,61.813819265302016,61.63957101218267,61.6698763127567,2100000,61.681838798522946,61.27608344338157,61.05460828145345,61.677112865447995,58.11233698286073,0.16504896411364203,0.0018912199668207495
2017-05-01,61.668128967285156,61.8047814549744,61.59979982740172,61.751633350577485,1478100,61.700465774536134,61.28502308238637,61.048946126302084,61.671899032592776,53.271659773117065,0.17103395351653713,0.0019586326398883776
2017-05-02,61.774383544921875,61.781971162935704,61.64531874171407,61.67568658999386,1664300,61.71326751708985,61.29616858742454,61.0448566754659,61.668220367431644,56.83707324172352,0.16455993912846825,0.0018300508074929431
2017-05-03,61.70608139038086,61.83514045788453,61.66053249410365,61.797184975012634,2948400,61.7260648727417,61.3073069485751,61.04113486607869,61.66408870697021,53.98554003758299,0.16458563271007925,0.001829930561631979
2017-05-04,61.637779235839844,61.645366859776296,61.56185665984065,61.59981794784025,1216100,61.73279323577881,61.319536313143644,61.041965834299724,61.65913194656372,51.218241137239644,0.16352280544976594,0.0018458301982339504
2017-05-05,61.67567443847656,61.67567443847656,61.5693898864752,61.645306596179935,1658900,61.74027862548828,61.334237948330966,61.04529886245727,61.65469940185547,52.66791001565515,0.1608325082181936,0.001848448778544584
2017-05-08,61.56943893432617,61.652949119149916,61.539071067837696,61.63776808194483,1832300,61.74927291870117,61.34495058926669,61.0486834526062,61.6493638420105,48.331670164706765,0.15219165715060104,0.0018185525894647181
2017-05-09,61.53907012939453,61.56943799541991,61.49352122639556,61.53148250694684,2532200,61.75371971130371,61.352504175359556,61.05375134150187,61.64383918762207,47.13693605455439,0.14679088300073673,0.0018127211428034021
2017-05-10,61.531471252441406,61.645343489110864,61.5011033919705,61.59979459444308,1845500,61.74793739318848,61.3600566517223,61.058068656921385,61.638462696075436,46.825029919496274,0.14681403607588703,0.0016560962026953723
2017-05-11,61.57698059082031,61.57698059082031,61.44032820252362,61.493470476190474,1421500,61.73723182678223,61.36775089610707,61.06170345942179,61.63335084915161,49.001514716202195,0.14953854930663116,0.001569114328998999
2017-05-12,61.759220123291016,61.78199457011065,61.683303369866586,61.71367122965176,1510300,61.73109169006348,61.37669996781783,61.068918482462564,61.62822040557862,56.65282683728848,0.15065181743834902,0.0016823518060565586
2017-05-15,61.74404525756836,61.78959415575788,61.7212708084736,61.7212708084736,1823500,61.72608814239502,61.38125783746893,61.07725578943889,61.62320007324219,55.90074827360108,0.13929866100027713,0.001678441297857001
2017-05-16,61.80478286743164,61.88069963075449,61.76682158973133,61.76682158973133,1760600,61.7131368637085,61.389252333207565,61.086162090301514,61.61747938156128,58.28759421369732,0.14040144485384282,0.0014714045471742176
2017-05-17,62.1388053894043,62.153992214286156,61.97178506816354,61.97178506816354,1987100,61.72256927490234,61.404142969304864,61.09741468429566,61.6144162940979,68.412856069244,0.1566867256327085,0.00188322057965477
2017-05-18,62.08565902709961,62.16916918225981,62.05529117139806,62.15398815044715,1881800,61.733509635925294,61.42263121171431,61.10953610738118,61.61138542175293,65.68096712702834,0.1523745654714515,0.0018658238994503837
2017-05-19,62.12363815307617,62.12363815307617,62.02494114565521,62.10845132482161,1394700,61.745590400695804,61.44387151544744,61.121786499023436,61.60854444503784,66.7041917580764,0.14478280688918538,0.0018683149763678208
2017-05-22,62.07048416137695,62.10085202009525,62.055297335979404,62.10085202009525,1570700,61.759181594848634,61.463320298628375,61.132407124837236,61.604878749847416,63.83556368308809,0.13990340659455214,0.001850085384770183
2017-05-23,61.94142150878906,62.13121628844645,61.93383388789822,62.13121628844645,1679500,61.77578887939453,61.48111045143821,61.14157749811808,61.60161094665527,57.382713457041305,0.14153015207793476,0.001769349491315057
2017-05-24,62.07048416137695,62.07807178199892,61.93383169318303,61.97178717252329,1568700,61.79581985473633,61.503308868408205,61.153572463989256,61.59895128250122,61.5666215258795,0.14153124909762635,0.0018093368098198964
2017-05-25,62.07048416137695,62.09325860739647,62.01734185663914,62.07807178199892,1108400,61.81357765197754,61.52811882712624,61.16744483311971,61.59539762496948,61.5666215258795,0.13936212043733828,0.0018080138336634738
2017-05-26,62.100868225097656,62.10845584769959,62.047725906492545,62.0780879810569,952700,61.82944507598877,61.55691750266335,61.179755465189615,61.591585845947264,62.56992355604951,0.13394258976363663,0.0017985998864887413
2017-05-30,62.191932678222656,62.191932678222656,62.1160159483707,62.153977209334286,1283300,61.855635261535646,61.58517220237038,61.192199261983234,61.58904920578003,65.47862361878055,0.1350245001346642,0.0017449481100185193
2017-05-31,62.22231674194336,62.26027801279857,62.17676785057849,62.19194888367454,2290100,61.87803192138672,61.616179032759234,61.20495872497558,61.58595632553101,66.41637446075183,0.13068664764035834,0.0017182252953449211
2017-06-01,62.239051818847656,62.246661200264654,62.14776245887313,62.16297541744976,1710900,61.90468044281006,61.64762739701705,61.21666831970215,61.58346887588501,66.948913726691,0.1279899585757031,0.001683539880373171
2017-06-02,62.44446563720703,62.467287977620934,62.360779852851074,62.37599281170785,1795200,61.945014762878415,61.675938207452944,61.231091340382896,61.58215755462646,72.67623150027363,0.1296486856816276,0.0017583640173741335
2017-06-05,62.345558166503906,62.39120864944875,62.330345208360434,62.36838631010494,1916200,61.978508949279785,61.704100383411756,61.24619207382202,61.57986722946167,66.68421868882751,0.13291990579322135,0.0018281492050628227
2017-06-06,62.45968246459961,62.4977235704839,62.42164716297316,62.46729184662804,3262500,62.023021125793456,61.73213833895596,61.26280721028646,61.57781215667725,69.78024717693422,0.13402783656421136,0.0017681769270654426
2017-06-07,62.37599182128906,62.45967760431624,62.36077886267385,62.444464645701025,1743500,62.064867210388186,61.75645516135476,61.27816155751546,61.575972137451174,65.00920484800741,0.11614885478358618,0.0018084185768138515
2017-06-08,62.33034896850586,62.36078069088584,62.239053801365905,62.36078069088584,1827800,62.104811096191405,61.777330155806105,61.29570150375366,61.57345687866211,62.499415453262316,0.11779599828797263,0.001827605282913171
2017-06-09,62.2771110534668,62.31515216736998,62.208638209292864,62.23146636019022,1404500,62.13981761932373,61.795725458318536,61.31354888280233,61.57052631378174,59.608702073953395,0.11943983770168945,0.001857839239827297
2017-06-12,62.26186752319336,62.345553297089324,62.20861346746472,62.22383222867676,2053900,62.16494998931885,61.814393130215734,61.33083120981852,61.567556896209716,58.77052105770682,0.12433976716796329,0.0017770715075482646
2017-06-13,62.2771110534668,62.29993340010508,62.22385697655777,62.239069939563606,1515100,62.19160327911377,61.83361317027699,61.346926307678224,61.56499906539917,59.385547016211774,0.11567505452504026,0.001770965259226722
2017-06-14,62.50529861450195,62.634629016646834,62.44443520022625,62.54333389523328,2472800,62.22662906646728,61.854644775390625,61.36486005783081,61.56436454772949,67.25904960090847,0.1309091884081935,0.0019108543878851708
2017-06-15,62.43688201904297,62.48252671870519,62.40645028451487,62.48252671870519,2063400,62.24153289794922,61.87649452903054,61.38147306442261,61.5623073387146,63.29695912624611,0.13254715835317604,0.0015661406566032394
2017-06-16,62.50529861450195,62.51290218809543,62.436825822378125,62.44443520022625,1376200,62.26251487731933,61.897389082475144,61.399001121520996,61.560853099823,65.48647293865038,0.1336433315324805,0.001555020401591053
2017-06-19,62.414066314697266,62.490142756987765,62.39124396243617,62.45971101921947,1776500,62.27703628540039,61.91841201782226,61.41551793416341,61.55916631698609,60.31907221262943,0.13528548859967923,0.0016040353892839633
2017-06-20,62.50529861450195,62.54333389523328,62.44443520022625,62.467257529515976,1864100,62.29877700805664,61.940406729958276,61.43317184448242,61.557502365112306,63.42696630637044,0.13855387562224614,0.0016048463391081435
2017-06-21,62.5357551574707,62.558583302199985,62.45967875447892,62.49771985810356,1249600,62.328493690490724,61.95890502929687,61.4498246828715,61.55643898010254,64.4285845068087,0.13855429036007041,0.0014994995469542261
2017-06-22,62.5585823059082,62.58900822321436,62.50532824423632,62.56618588310604,1195100,62.352898597717285,61.97905862981623,61.46528701782226,61.55455623626709,65.19789641803929,0.12822884894612482,0.0014511476919836892
2017-06-23,62.57379150390625,62.59661384264295,62.528146826432824,62.55857854616746,1356000,62.37806396484375,61.9985237121582,61.47980947494507,61.552712287902835,65.72970879220189,0.12496789090066278,0.0014487010433482724
2017-06-26,62.642269134521484,62.68031024169991,62.61944679191765,62.649878516808776,4665500,62.40513401031494,62.018820121071556,61.49483985900879,61.55240533828735,68.09375384580622,0.12170741474449594,0.0014568509894412988
2017-06-27,62.42924118041992,62.52814571886984,62.414028222950606,62.52814571886984,2374200,62.416999435424806,62.037723541259766,61.50771818161011,61.552414684295655,55.311057533049244,0.13094579400486137,0.0016668824900255765
2017-06-28,62.42924118041992,62.45967289961552,62.34555540369628,62.444459942146196,1604300,62.42734565734863,62.05552548495206,61.51802393595378,61.55231191635132,55.311057533049244,0.12931575657601005,0.0016658836837019574
2017-06-29,62.29993438720703,62.360797848712856,62.22385796245434,62.26189327270111,1548100,62.4303897857666,62.06739488081499,61.52926009496053,61.55245872497559,48.85485645474229,0.13529236077262347,0.0017389548952389746
2017-06-30,62.254276275634766,62.3075303419098,62.201022209359735,62.284707999828775,1978100,62.42088031768799,62.07581641457298,61.53886073430379,61.55196655273438,46.778542334240214,0.1331186681244425,0.00156763902219201
2017-07-03,62.26112365722656,62.3909920868978,62.20764807863247,62.38335688167074,1092500,62.416658592224124,62.08270915638317,61.548644383748375,61.55124723434448,47.14136343947053,0.1407806384614442,0.0015315089218535154
2017-07-05,62.29935073852539,62.32226802121338,62.22295202502738,62.25351034474588,1917100,62.40864200592041,62.090986147793856,61.5584952990214,61.55045757293701,49.22253593129771,0.12233764081901301,0.001475321923853446
2017-07-06,62.154170989990234,62.207646567285124,62.10833644613769,62.19237032880121,1827500,62.39755096435547,62.0926291032271,61.567010688781735,61.5491660118103,42.39550979983935,0.1289209238476283,0.0015336327737249262
2017-07-07,62.1389045715332,62.17710391996392,62.11598729383568,62.154186642266396,2441500,62.38797874450684,62.09606087424538,61.57621456782023,61.54772367477417,41.739915822438824,0.12785237101983782,0.0015282207322200561
2017-07-10,62.1694450378418,62.2229206132524,62.15416879989616,62.19236813736113,2228800,62.382595443725585,62.10156256935813,61.58410482406616,61.5455379486084,43.61826661205519,0.1257067559950816,0.0015253321659711482
2017-07-11,62.230621337890625,62.26117967149397,62.16186945858775,62.20006300428729,1931500,62.38103313446045,62.107900723544034,61.59513998031616,61.54302341461182,47.28462662533792,0.1235669440215246,0.0015432180651254244
2017-07-12,62.3757438659668,62.42921946858105,62.34518554612958,62.41393739446067,1378800,62.38596477508545,62.118393152410334,61.60826298395793,61.541309204101566,54.79437630504773,0.13068791423362214,0.0016304582131154409
2017-07-13,62.352840423583984,62.37575771144794,62.26116544372331,62.36811667269167,1321400,62.378341865539554,62.13191250887784,61.62081874211629,61.538957920074466,53.49903349164422,0.1328959348583787,0.001396509326752901
2017-07-14,62.3757438659668,62.528529636749376,62.36046179184641,62.47505403413512,1201700,62.37528495788574,62.14474667635831,61.632184727986655,61.53634756088257,54.65348924058094,0.14055466321232604,0.0013810519034008159
2017-07-17,62.459781646728516,62.48269893092121,62.38338875661824,62.42922332500362,1432500,62.37300910949707,62.158282193270594,61.64500382741292,61.53415739059448,58.704611621310804,0.14058582943809433,0.0013931081917194575
2017-07-18,62.60493469238281,62.620216769474,62.54382386923212,62.56674115646422,1607300,62.382552528381346,62.17321701049805,61.66053873697917,61.53265565872192,64.58905357149601,0.13574255880770889,0.0014454545889036273
2017-07-19,62.61256790161133,62.64312622356788,62.58965061724489,62.620208939201454,1589100,62.387915992736815,62.190388627485795,61.675948810577395,61.53160301208496,64.87252957541912,0.13141099526511976,0.0014123086692901885
2017-07-20,62.6507453918457,62.7118561860231,62.62018708055605,62.658380598366676,1646800,62.39366550445557,62.206322479248044,61.69111255009969,61.53107397079468,66.32456391589585,0.12383278572556174,0.0014144010191575235
2017-07-21,62.71950912475586,62.765349514591556,62.68895080766641,62.68895080766641,1942000,62.40171184539795,62.22474843805487,61.706974760691324,61.5319362449646,68.82424041842981,0.1244110707395463,0.001431206508312195
2017-07-24,62.688968658447266,62.71952698423825,62.64313408396313,62.71188594568933,1417400,62.407470703125,62.243860973011365,61.72151565551758,61.533169231414796,66.46451578122887,0.11677170588310203,0.001437450861709988
2017-07-25,62.45214080810547,62.57437409539436,62.44449977054893,62.56673305783782,1385000,62.397964286804196,62.25797854336825,61.734975751241045,61.53333034515381,51.670015928389134,0.12713976957684028,0.0016551684092933965
2017-07-26,62.60493469238281,62.64313405670609,62.43687264321256,62.45978993044465,1583000,62.40674896240235,62.27680573896928,61.74939505259196,61.533993606567385,58.14341158791263,0.12822884965582812,0.001564836071034261
2017-07-27,62.528564453125,62.56676383129212,62.482729862049894,62.528564453125,1224000,62.4117151260376,62.29479654485529,61.76305176417033,61.53461185455322,54.233339948599436,0.13259229281330523,0.0015941489625698466
2017-07-28,62.643131256103516,62.64313125610352,62.52089795845748,62.52089795845748,1867100,62.42887496948242,62.315008544921874,61.776091480255126,61.5362890625,58.7183235170964,0.1353220968080799,0.0015552971238627312
2017-07-31,62.635475158691406,62.64311619505828,62.574364352965446,62.612557877993794,2561600,62.44793491363525,62.33425390070135,61.78825003306071,61.537741107940676,58.30711083645626,0.13314043182464072,0.0015403740755461836
2017-08-01,62.89019775390625,62.89786494694878,62.71375281600307,62.721425861864724,1783600,62.47938861846924,62.3548171303489,61.80114800135295,61.54009250640869,66.67025442471711,0.1376969787937082,0.0017532090609573238
2017-08-02,62.85179901123047,62.928511863341754,62.85179901123047,62.882485322638075,1336600,62.507011032104494,62.37495810768821,61.81510925292969,61.542887706756595,64.56765382170042,0.13499130624989775,0.0017704724267897027
2017-08-03,62.98224639892578,63.02827881799194,62.905533504240445,62.93621983267832,1904800,62.54841480255127,62.39636653553356,61.830283133188885,61.54566207885742,68.23291633194242,0.13504777722104627,0.001678966706620344
2017-08-04,62.88251495361328,62.913201279480646,62.7904559760112,62.913201279480646,1046700,62.585595321655276,62.409888527610086,61.84519182840983,61.547526378631595,62.87762941276388,0.14110744564677244,0.0017425341521809525
2017-08-07,62.905521392822266,62.91319443665909,62.83648155674356,62.874835070292534,1257900,62.622399139404294,62.42479511607777,61.86136147181193,61.5492812538147,63.587599575002585,0.13512728544463318,0.0017431585731475796
2017-08-08,62.82111358642578,62.89782643961973,62.782754233421045,62.89782643961973,1929000,62.651923751831056,62.437476487593216,61.877645047505695,61.55080097198486,59.120167655263025,0.14007668209307816,0.0017923849934565947
2017-08-09,62.867164611816406,62.98223686283075,62.867164611816406,62.97456381867838,1808600,62.67649478912354,62.451961586692114,61.893369388580325,61.55228935241699,60.74074205133627,0.1444934672354497,0.0017400360989830905
2017-08-10,62.95920944213867,62.966882484567634,62.85948330182823,62.890169618727555,1376700,62.70681324005127,62.47046682184393,61.90866594314575,61.554686527252194,63.82737293967122,0.14397882866356074,0.0017460519175356206
2017-08-11,63.012901306152344,63.02057434764035,62.86714278195921,62.88248886493521,1153400,62.738671112060544,62.487601679021665,61.9244727452596,61.55735216140747,65.52984357198645,0.14948159047827655,0.0017476970150668875
2017-08-14,62.9669303894043,63.012956973361774,62.92857100089243,62.97459758484991,2082000,62.764028549194336,62.50390070134943,61.939582188924156,61.56034917831421,62.80432890268703,0.13804709651906272,0.0017569876473853487
2017-08-15,62.859519958496094,62.89787348737383,62.813487529894935,62.82883362370196,1419600,62.7767578125,62.5176943692294,61.95285301208496,61.56366939544678,56.85428000973063,0.13427434266305077,0.001756514858276552
2017-08-16,62.95153045654297,63.00523004284297,62.82111801164525,62.844131283942964,1594800,62.79370594024658,62.53150523792613,61.96500441233317,61.567599334716796,60.32209040920439,0.13869628558196517,0.0017786848306851051
2017-08-17,63.066612243652344,63.066612243652344,62.91318650316859,62.943872821828705,1723600,62.81449928283691,62.54685606522994,61.97918380101522,61.571768035888674,64.19804166043386,0.14092431721323045,0.0018114413627105933
2017-08-18,63.035945892333984,63.13567792277481,62.982246280873035,63.104991594394455,1663100,62.83032112121582,62.56134504838423,61.993484846750896,61.57588453292847,62.44745168980168,0.1469717985534952,0.001810850127959638
2017-08-21,63.066612243652344,63.104971605181696,63.03592592499223,63.07428528652158,1258400,62.84920330047608,62.572656804865055,62.01013323465983,61.57985460281372,63.51876588786377,0.13316150512007344,0.0018029740512691375
2017-08-22,62.98992919921875,63.05896905928184,62.98225615271631,63.051301865599015,1157400,62.876092720031735,62.58437264182351,62.02708746592204,61.58362857818604,58.98711421271639,0.1337074507504126,0.001574384871172599
2017-08-23,63.17401123046875,63.17401123046874,63.05893899906562,63.08195812759969,1237800,62.90454654693603,62.597360437566586,62.04519755045573,61.58776069641113,65.37355772682638,0.13425046678530705,0.0016096626208024945
2017-08-24,63.081947326660156,63.15098714199089,63.066601243598335,63.08194732666015,1540200,62.93221569061279,62.6101959922097,62.06285575230916,61.59184484481811,60.31499956569878,0.1282232927821525,0.0016234720703233265
2017-08-25,63.15866470336914,63.17400493471294,63.066605756857626,63.08961903028145,1453100,62.95799236297607,62.62525627829812,62.082098197937015,61.59687467575073,62.8918153776799,0.13041517120642254,0.001601398183414693
2017-08-28,63.189353942871094,63.20469417492475,63.12030826658841,63.158667625947295,1408700,62.98568630218506,62.641842512650925,62.1027933438619,61.6051311302185,63.901584740474696,0.12767365327321656,0.0015965047765670048
2017-08-29,63.25840377807617,63.35046274341751,63.20470417816475,63.30443033433813,2054300,63.004096603393556,62.65996135364879,62.12563886642456,61.615044593811035,66.13449486193207,0.1276726192833197,0.0013624135289724063
2017-08-30,63.25074005126953,63.25841309604924,63.20471348822786,63.243072859308114,1150700,63.02404365539551,62.67766369906339,62.147412331899005,61.625481853485105,65.64912356519784,0.1238369353606034,0.0013496693236751717
2017-08-31,63.304466247558594,63.33515258674768,63.25076661718286,63.27378576119024,1696700,63.04015464782715,62.69219401966442,62.17064170837402,61.63734956741333,67.4525317024424,0.11890700463181858,0.0012922296103115125
2017-09-01,63.199886322021484,63.292139819488646,63.153762505880486,63.27676130398487,1471200,63.05602321624756,62.70606682517312,62.193062496185306,61.648282032012936,60.765128059718435,0.12364398814673042,0.0012974442011527915
2017-09-05,63.461273193359375,63.49201849636782,63.33057926223819,63.384392340281394,2008400,63.083810806274414,62.72344818115234,62.214511680603025,61.65988437652588,69.02976693775376,0.13355036777794282,0.0015617231321311223
2017-09-06,63.35361099243164,63.515050134710975,63.3459217384615,63.48429898401268,1586500,63.11043567657471,62.740530811656605,62.23581978480021,61.67218534469605,63.1310342792516,0.13248010813878253,0.0015848762640700456
2017-09-07,63.55351638793945,63.58426755398284,63.43051758895112,63.445890239380205,1899100,63.14475326538086,62.759589316628194,62.25778579711914,61.68623508453369,68.51150376814289,0.13799659535788575,0.0016982922649221941
2017-09-08,63.48431396484375,63.55349967135443,63.46125206267353,63.55349967135443,2702200,63.17100849151611,62.77683584039862,62.27816702524821,61.69997652053833,64.9764450344513,0.1336275013124677,0.0017213175887123336
2017-09-11,63.29212951660156,63.399755646867625,63.269067612285156,63.3613152295508,1423100,63.184969902038574,62.79017306241122,62.29574956893921,61.712494697570804,56.28993190669119,0.14407040648169098,0.001880851065972839
2017-09-12,63.199886322021484,63.284450561736755,63.153762505880486,63.23832674559576,1604300,63.196617698669435,62.80155660455877,62.31187054316203,61.72533868789673,52.651603376563706,0.14792832932347974,0.0019071067197707786
2017-09-13,63.12302017211914,63.19989516483874,63.11533091329139,63.18452251236922,1594000,63.20979270935059,62.810297532515094,62.327602831522626,61.73768583297729,49.765040466265766,0.1408199164875771,0.0018845491277950754
2017-09-14,63.16142272949219,63.17679537274427,63.099920426118885,63.099920426118885,1325200,63.22028732299805,62.82360992431641,62.343781280517575,61.749512901306154,51.204369421081985,0.13863884218436087,0.0018642156220051204
2017-09-15,63.169132232666016,63.2306345614644,63.12300841865968,63.19219413966919,1536200,63.22541332244873,62.837062488902696,62.3589527130127,61.76115367889404,51.504772194167174,0.13865505396646124,0.0018228327934726137
2017-09-18,63.12302017211914,63.146082083416424,63.06920709069683,63.1307094309469,1756300,63.22976703643799,62.85202768499201,62.374685001373294,61.77361333847046,49.54026271265119,0.13976499922595056,0.0018276456116973015
2017-09-19,63.07687759399414,63.14606330731403,63.07687759399414,63.12300140287407,1220000,63.23028030395508,62.86698407259854,62.3890248298645,61.78696872711182,47.584378807279336,0.13319906442405585,0.0018333313753087124
2017-09-20,63.02306365966797,63.146062436713386,62.95387208211779,63.138373180277995,1672500,63.23193702697754,62.88083752718839,62.403735319773354,61.79896608352661,45.33631538166978,0.14309126062221417,0.001822328894338455
2017-09-21,63.007659912109375,63.107596745007896,62.99228727057953,63.0461003137067,1168200,63.22361946105957,62.893715875799,62.41800257364909,61.81051099777222,44.68554534295045,0.14529818483294374,0.001690393117165725
2017-09-22,63.069210052490234,63.13071239562852,63.04614814010994,63.12302313643967,1394100,63.22298259735108,62.910352949662645,62.430926418304445,61.82240114212036,47.90348111853292,0.14332309496444648,0.0016774132652998288
2017-09-25,63.207603454589844,63.21529271573273,63.07691534109957,63.09228799819759,2626100,63.22542953491211,62.92978383844549,62.445571994781496,61.83426965713501,54.33603427431129,0.13289098702845795,0.0017284896960058356
2017-09-26,63.176780700683594,63.176780700683594,63.10758915916193,63.169091448252054,1446500,63.22480087280273,62.94809903231534,62.459518400828046,61.84658504486084,52.77314436506408,0.1279542655412033,0.00172898396320781
2017-09-27,62.984619140625,63.023059555114244,62.93080607945033,62.97692988469039,1511900,63.21111164093018,62.96180808327415,62.47167383829753,61.858840789794925,44.23132869793025,0.12904841266135086,0.0018343313447662553
2017-09-28,62.999977111816406,62.999977111816406,62.88466762557694,62.92310216592929,1198400,63.19857349395752,62.97315777865323,62.48509403864543,61.87151134490967,44.997579673428696,0.13069449558803267,0.0018371302529605576
2017-09-29,63.007659912109375,63.0153491654652,62.907723079210854,62.99997065875355,3001200,63.18373317718506,62.985063587535514,62.49807341893514,61.88388229370117,45.40171805585808,0.12300733370915802,0.0018224648340282616
2017-10-02,62.983070373535156,63.013884713210274,62.92914674841228,62.975365319307784,3642600,63.17289237976074,62.99610588767312,62.50920635859172,61.89766986846924,44.28028280739934,0.11917668757179507,0.0017923618070176466
2017-10-03,63.01385498046875,63.02925920442073,62.94452127960586,62.95222633019764,2752100,63.150521469116214,63.00617994828658,62.51939605077108,61.91206201553345,46.076055987834145,0.11918909280518923,0.0014914654678686754
2017-10-04,63.01385498046875,63.075477753508274,62.96763055414963,63.067778580148065,2616700,63.13353366851807,63.01361486261541,62.52882798512777,61.926191349029544,46.076055987834145,0.12140139657185044,0.0014589001904940781
2017-10-05,62.967655181884766,63.0292838562599,62.92143661472034,63.0292838562599,2859800,63.104240608215335,63.02007099498402,62.53819080988566,61.93930112838745,43.628734465756956,0.12141718933862476,0.0012178834605547691
2017-10-06,62.898284912109375,62.952208496512725,62.798136914481795,62.852060498885145,1860000,63.07493915557861,63.02457171353427,62.54514478047689,61.95202630996704,40.177923244993615,0.1263881268696093,0.0012182333156516927
2017-10-09,62.959930419921875,62.96762959316458,62.89830177059132,62.90600682106551,987800,63.05832920074463,63.028943009810014,62.55355955759684,61.96460935592651,44.38745770757827,0.1263994817078462,0.0010978656328532509
2017-10-10,62.99073791503906,63.083180887637305,62.95222441771334,62.97533369155505,4719400,63.04787178039551,63.03442972356623,62.562925275166826,61.977553386688236,46.41673499197611,0.1220256328027298,0.0010723521925854577
2017-10-11,63.02153778076172,63.03694787794172,62.98302429227181,62.998428512221764,1249500,63.04279766082764,63.04478239579634,62.57242123285929,61.990500831604,48.44226909024672,0.11764092646284041,0.0010519814203475545
2017-10-12,63.07547378540039,63.08317883550745,62.99073586591642,63.06006956241749,1723400,63.038500213623045,63.05333765203302,62.583061345418294,62.0039440536499,51.87320023350684,0.11545453261083186,0.001061911286402514
2017-10-13,63.206417083740234,63.214116254296265,63.11397414200294,63.1756027698278,1772800,63.04036445617676,63.065662245316936,62.5963708559672,62.017289066314696,59.00554755406694,0.11492309015750177,0.0011651364467540973
2017-10-16,63.144813537597656,63.18332703736402,63.098594986985304,63.16792281290383,1471500,63.04145412445068,63.074783741344106,62.608662096659344,62.0294976234436,54.8845467292781,0.11548079025228881,0.001174781779243072
2017-10-17,63.15251922607422,63.16792345068994,63.083185522223886,63.09089057314766,1381100,63.04523620605469,63.08418454256925,62.62063868840536,62.04110473632812,55.30503978684541,0.10396388362605943,0.0011615716155076144
2017-10-18,63.052371978759766,63.06007702977923,63.00615342710681,63.02926270293329,1522900,63.04670162200928,63.08713316483931,62.63121245702108,62.05217348098755,48.92300870325037,0.1061821916780552,0.0012027278692837665
2017-10-19,63.08317184448242,63.1756148038287,63.05235752470033,63.098581942988744,1515800,63.05047721862793,63.09133994362571,62.643004480997725,62.06317012786865,50.80329804968345,0.10729870545477128,0.0012052837141514063
2017-10-20,62.929100036621094,62.97531857320894,62.890580671311234,62.967613524700965,1935600,63.04347171783447,63.09037364612926,62.65262711842855,62.07185287475586,42.39556612524963,0.11500250605285649,0.0013067039769903443
2017-10-23,62.983070373535156,63.02928894443066,62.9599610880874,62.9599610880874,2649700,63.03224506378174,63.09220192649148,62.66326869328817,62.08201025009155,45.78056531018396,0.11610614769533457,0.0012134802147852597
2017-10-24,62.87517547607422,62.921394011945026,62.85206033090893,62.88287464723276,2287200,63.01716480255127,63.0916501825506,62.67358032862345,62.090875129699704,40.63920206432597,0.11776063650016207,0.001260024483261872
2017-10-25,62.82127380371094,62.828972977554926,62.751940098491424,62.79045947663914,1576700,63.00899753570557,63.09165309559215,62.68312699000041,62.099546070098874,38.32367278210234,0.11885978907467885,0.001087057678366031
2017-10-26,62.74419403076172,62.85974621243506,62.728789815911725,62.85204116639601,1915600,62.996208381652835,63.0894172668457,62.69291661580404,62.107680835723876,35.23218487726339,0.11610536972613364,0.00110999684522647
2017-10-27,62.88288497924805,62.88288497924805,62.76733862058611,62.798147064742054,1734400,62.989969635009764,63.0880295493386,62.70411507288615,62.11643363952637,43.987604229194766,0.12105867454264237,0.0012335205292443572
2017-10-30,63.02926254272461,63.04466676749247,62.94452461342164,62.97533894018925,1542600,62.99227924346924,63.08832702636719,62.716596666971846,62.12640775680542,51.447613480159944,0.12326048299410378,0.0013444151650601453
2017-10-31,62.99073791503906,63.05236656343789,62.99073791503906,63.044661513080186,1977100,62.99112339019776,63.08875989046964,62.728377978006996,62.13524837493897,49.57616960982749,0.12381084461759784,0.0013474793567651566
2017-11-01,63.03168487548828,63.08572282555668,62.931324475579224,62.98536242564763,1596000,62.99201488494873,63.09189016168768,62.738981850941975,62.14587478637695,51.591744353609194,0.12823622893091421,0.0013557378186342772
2017-11-02,63.093406677246094,63.14744459516394,63.06252702562285,63.093406677246094,2373200,62.9983024597168,63.09446972933682,62.75022652943929,62.15733690261841,54.54146009966708,0.12660174684375594,0.001360064995439709
2017-11-03,63.147457122802734,63.147457122802734,63.031659878665714,63.12429296222133,1370500,63.01076107025146,63.09593963623047,62.76141548156738,62.16884344100952,57.0117927229546,0.12717140022819098,0.001339285352209217
2017-11-06,63.193756103515625,63.216914367969025,63.14743957460883,63.193756103515625,1336700,63.02245235443115,63.09880891279741,62.77020673751831,62.179753093719484,59.063914357420735,0.126081176292058,0.0013328248590885822
2017-11-07,63.21693801879883,63.21693801879883,63.14746319944659,63.15517869735702,2450800,63.03376235961914,63.10154210870916,62.77963406244914,62.191230335235595,60.091185664313585,0.12058896346240289,0.0013316397054426992
2017-11-08,63.17061233520508,63.22465026122704,63.147454065437415,63.19377060497275,2312700,63.04121608734131,63.104827256636185,62.78835884730021,62.20337966918945,57.01222566770224,0.11729888608106366,0.0013446845956194716
2017-11-09,63.10883712768555,63.13971677616229,63.047077830732064,63.10883712768555,2115800,63.042884254455565,63.103642272949216,62.79701178868611,62.21510705947876,53.10468782109252,0.11236626688833695,0.0013542818851125136
2017-11-10,62.854087829589844,62.95444816496614,62.854087829589844,62.93900539505084,1724400,63.02526779174805,63.09949937300249,62.80461734135945,62.22522201538086,40.71253394057237,0.12340629476591809,0.0015440576800621012
2017-11-13,62.86178207397461,62.95442098439641,62.85406069235067,62.94669960277247,1698500,63.0111162185669,63.09410150701349,62.8112114906311,62.235450706481934,41.15914612520374,0.12121702686731137,0.00153749143947064
2017-11-14,62.93901824951172,62.939018249511726,62.86954343977671,62.89270170968838,1659300,63.00044116973877,63.08954994895242,62.81844927469889,62.24542549133301,45.589985327065214,0.11793136957833436,0.0015701460043191925
2017-11-15,63.085689544677734,63.09341093052689,62.95445543370062,63.0239302372679,2859400,63.00210704803467,63.08640969016335,62.826656119028726,62.25666929244995,52.85087314768149,0.11960538989917982,0.0016271991002525738
2017-11-16,63.00075912475586,63.062518419574154,62.969879477346716,63.01619600361517,1637000,62.99798641204834,63.081864582408556,62.8333963394165,62.26729999542236,48.790646436674486,0.11797104124522916,0.0016513920996234388
2017-11-17,63.06254959106445,63.10114475213538,63.03166992839165,63.06254959106445,2257700,63.00465888977051,63.07746609774503,62.84039827982585,62.27816394805908,51.69805219507092,0.11358560118345043,0.0015671690633477996
2017-11-20,63.02391815185547,63.07023467868537,62.993038504072004,63.03163953622398,1528300,63.00670127868652,63.074266676469286,62.84693883260091,62.287891712188724,49.79459693779649,0.1146975673416313,0.0015645901481793287
2017-11-21,63.077980041503906,63.13973936054801,63.00078383754519,63.09342281611135,1925700,63.01684150695801,63.06729771007191,62.85221811930339,62.297399368286136,52.43396789620752,0.11359450827201455,0.0015184644785670137
2017-11-22,63.209205627441406,63.21692701370072,63.08569289575252,63.09341428201184,1631900,63.03623809814453,63.06467215798118,62.859415181477864,62.30673318862915,58.18090667472321,0.11525074059495413,0.0015562766439974809
2017-11-24,63.193756103515625,63.209192983254276,63.15515506963273,63.17831333408612,837000,63.058716201782225,63.058131061900745,62.86553246180217,62.31681972503662,57.30309970460347,0.11084026300007263,0.0015203311409282092
2017-11-27,63.17061233520508,63.21692887474042,63.139732678950786,63.20149199145937,1516900,63.07310256958008,63.052427395907316,62.872154299418135,62.326865882873534,55.94147902202016,0.11139179174503257,0.001463207147337048
2017-11-28,63.17061233520508,63.26324541427575,63.17061233520508,63.22465026122704,1846700,63.0801700592041,63.0502179926092,62.879156494140624,62.337251586914064,55.94147902202017,0.11304595315349227,0.0013775754420966432
2017-11-29,63.01618194580078,63.062504351426035,62.99302368783275,63.031624710905604,1837400,63.081442260742186,63.04687791304155,62.88531541824341,62.34750667572021,47.25246405446456,0.12021684255225651,0.0014851065045628112
2017-11-30,62.92356872558594,63.054802821850295,62.884967690359446,63.03936594157434,3044100,63.07603645324707,63.04325152310458,62.89082959493001,62.35778909683228,42.94452720162492,0.12352403019638761,0.001513240772032948
2017-12-01,63.09220886230469,63.285600876622055,62.92976027850081,63.04579666746241,2384800,63.0759765625,63.04199308915572,62.89762207667033,62.368348922729496,51.597837502475734,0.13118709112070295,0.001620195583451594
2017-12-04,63.09996795654297,63.10770529230368,63.01487496874903,63.05355574569462,1834000,63.07360210418701,63.04073555686257,62.90257765452067,62.37823064804077,51.95885898637406,0.13064923622848262,0.001608045530142892
2017-12-05,63.177276611328125,63.185013941333075,63.053508840516734,63.115389774995656,1763900,63.072778129577635,63.04172203757546,62.90874760945638,62.38853660583496,55.518828443728104,0.13452558803414152,0.0016241207057962794
2017-12-06,63.246925354003906,63.31654364553988,63.2314506879809,63.2391880209924,1509300,63.07427749633789,63.04481381503018,62.914927832285564,62.39900224685669,58.50233160302206,0.13344518469104014,0.0016413836887539026
2017-12-07,63.161861419677734,63.27789786074627,63.09997453086004,63.161861419677734,1641000,63.07383995056152,63.04733741066673,62.9211594581604,62.40847644805908,53.75965385356748,0.13788184630212694,0.0016618381864542922
2017-12-08,63.13862991333008,63.185042110344035,63.09994914791432,63.13089257987569,1368300,63.07532958984375,63.049718683416195,62.92643721898397,62.41670278549194,52.507695202360615,0.13678951309142612,0.0016485979844169973
2017-12-11,63.09220886230469,63.20050791817394,63.0767400979759,63.16957038951636,1780800,63.087235641479495,63.050136843594636,62.93107433319092,62.425338401794434,50.00191792573902,0.14011605920461737,0.0013606536114793967
2017-12-12,63.08448028564453,63.08448028564453,63.01485608837471,63.07674295220207,2962800,63.09837055206299,63.047898240522905,62.93545681635539,62.43416170120239,49.57771345883011,0.13571586284227166,0.0013623944813965338
2017-12-13,63.262393951416016,63.316543478642096,63.09220803674666,63.138626132837466,2095400,63.114539337158206,63.04945484508168,62.94119517008463,62.44512964248657,58.33974764266218,0.1423670214708968,0.001469300870503253
2017-12-14,63.28559494018555,63.2933322725521,63.138621036353086,63.177295894475165,1998800,63.124534606933594,63.054927132346414,62.94655621846517,62.45678050994873,59.332211795660754,0.1495570699273492,0.0013867721115952765
2017-12-15,63.29335403442383,63.30109136945068,63.177317616450615,63.246941827977494,2781800,63.13916435241699,63.060261258212,62.9537571589152,62.46824327468872,59.67816901203977,0.15288403829952305,0.0013409907727577675
2017-12-18,63.192779541015625,63.27013517010995,63.16183610900666,63.27013517010995,1946900,63.145675849914554,63.063627069646664,62.96011997858683,62.47939235687256,53.34361823908929,0.1556615273242729,0.0013878225327500701
2017-12-19,62.99937438964844,63.099936096330566,62.937487538526376,63.099936096330566,3307700,63.1444486618042,63.06392350630327,62.96594864527385,62.49014137268066,43.73076570368068,0.16121176697548176,0.0015525294628582762
2017-12-20,62.875614166259766,62.94523836416139,62.85240806757796,62.87561416625976,2325500,63.134330368041994,63.061410036954015,62.97112646102905,62.50098976135254,38.899988446815996,0.15957828058831222,0.0015963476839390527
2017-12-21,62.91427230834961,62.952947158293284,62.86785422582146,62.89879764688886,3103400,63.119583702087404,63.059599442915484,62.97656936645508,62.5129764175415,41.08911104547353,0.13979690783371979,0.001519929732099249
2017-12-22,62.94523620605469,62.968442303940854,62.90655544167372,62.92202420631249,2566700,63.107157707214355,63.059191825173116,62.981951745351154,62.5245129776001,42.855169484406346,0.13758666059889738,0.001528530930348695
2017-12-26,63.008018493652344,63.03904235494707,62.953728215685686,63.000266966226036,1696400,63.09902801513672,63.061186981201175,62.98906714121501,62.53696836471558,46.36604561999945,0.1348938783186147,0.0015507843143854998
2017-12-27,63.20198440551758,63.225250848406375,63.008089491840025,63.0778947377096,1708000,63.10059661865235,63.065587962757455,62.99792613983154,62.55043132781982,55.4688538198837,0.14046282978592015,0.0017088454789886429
2017-12-28,63.16316604614258,63.18643247321904,63.11662727479049,63.17867502512717,2235000,63.10794582366943,63.068723019686615,63.00620714823405,62.56181030273437,53.5114573535535,0.13385095841740988,0.0016160430775102738
2017-12-29,63.26399612426758,63.26399612426758,63.17868193752019,63.20970581608286,2531500,63.12496719360352,63.0731313532049,63.01481860478719,62.574147090911865,57.68812124995483,0.13497503810993042,0.0016029036217414094
2018-01-02,63.085628509521484,63.209724059588446,62.992562764172774,63.17094272089214,3104500,63.12463817596436,63.07331598455256,63.02073431015015,62.584987258911134,49.25738450424421,0.14552257667398497,0.0016391893452399205
2018-01-03,63.139923095703125,63.155432080454254,63.046851435592274,63.155432080454254,2216700,63.12663593292236,63.07210700295188,63.027293332417806,62.59549404144287,51.57720404003892,0.14775313888341352,0.0016504558913603541
2018-01-04,63.10888671875,63.10888671875,63.01581507705951,63.077862838186505,2152400,63.123216438293454,63.07145378806374,63.033402856190996,62.605127353668216,50.16536716225339,0.14004205500098874,0.0016296981613021584
2018-01-05,63.02357864379883,63.101135394135426,62.97703985983627,63.09337794394154,4257400,63.1120491027832,63.06910941384056,63.03810116449992,62.61391839981079,46.40527985329822,0.13840888519489727,0.0016305235811983059
2018-01-08,63.031314849853516,63.077853622499525,62.984781994406816,63.077853622499525,2587300,63.105521774291994,63.06872655695135,63.04165433247884,62.62289924621582,46.794747167514906,0.1362158762729432,0.0016079975605349421
2018-01-09,62.84515380859375,63.00027313024446,62.829644835027224,62.96924926591432,2725200,63.090847969055176,63.06439895629883,63.04359254837036,62.6310249710083,39.37893920228039,0.14122673980216607,0.0017298051039646666
2018-01-10,62.852943420410156,62.86070086976202,62.682315037869934,62.72884789958086,3411400,63.07888469696045,63.06301429054954,63.04527753194173,62.63854688644409,39.80877860665787,0.13573344190236877,0.0017273037116469837
2018-01-11,62.852943420410156,62.914991180824806,62.79089565999551,62.82967698955469,3381600,63.06730785369873,63.060648345947264,63.046389484405516,62.646635875701904,39.80877860665787,0.1340998132422843,0.0017277673393656658
2018-01-12,62.84515380859375,62.914958982635845,62.77535455174875,62.82188738964542,2829100,63.04644584655762,63.06010249744762,63.0476910273234,62.654081153869626,39.48408470216107,0.13799349170051808,0.0015773472232169566
2018-01-16,62.891719818115234,62.969282478448804,62.84518695567526,62.938258597755414,4300500,63.0267520904541,63.061383334073156,63.05135418574015,62.66225072860718,42.50318116753378,0.14243933509965498,0.0015882246401479718
2018-01-17,62.82188415527344,62.91495574347209,62.80637518250539,62.852908018006325,3674600,63.00317859649658,63.06279588179155,63.05316209793091,62.669882202148436,39.33385581195931,0.1434946502478205,0.0015944300192854372
2018-01-18,62.69783020019531,62.7443689836942,62.66681223413032,62.682321217162816,2528400,62.978431129455565,63.05943124944513,63.054572645823164,62.67577960968018,34.423445678162395,0.1390546192756124,0.0016121503618450237
2018-01-19,62.565982818603516,62.66681191800856,62.55047383564926,62.643539567776166,2148300,62.95676155090332,63.05100798173384,63.053929742177324,62.681358852386474,30.119692491191586,0.14348313597696713,0.0015413832669153044
2018-01-22,62.51941680908203,62.63575482976699,62.51941680908203,62.612488409069506,5473200,62.938951683044436,63.04243850708008,63.05296258926391,62.6864398765564,28.752436403443724,0.14459084615982118,0.0014973864525383645
2018-01-23,62.682315826416016,62.713339707013624,62.6047590835221,62.651291945818414,2442900,62.927353858947754,63.03608634255149,63.05123023986816,62.69222162246704,39.15741343952213,0.1390543845767347,0.001621250066601597
2018-01-24,62.61250686645508,62.628015845759414,62.53494421833558,62.604749418203276,1709700,62.91071739196777,63.027342709628016,63.049236138661705,62.698336391448976,36.6849150746127,0.14182516766376704,0.0016257897358891342
2018-01-25,62.78313446044922,62.7908919093377,62.558221697480924,62.612512005300815,2537700,62.89947319030762,63.02071866122159,63.04757687250773,62.7050013923645,45.70845598831511,0.14957961003613565,0.0017383322082654934
2018-01-26,62.66680908203125,62.72109939571527,62.604761318620824,62.713341945988866,1590200,62.8727144241333,63.01113780628551,63.04577932357788,62.710099849700924,41.378762189897834,0.15290291595861152,0.0015961404921353106
2018-01-29,62.58149719238281,62.61252107523106,62.46515911100203,62.55823075954678,2219700,62.843630981445315,62.999584336714314,63.04307912190755,62.71405187606811,38.498548199230974,0.16065851188264801,0.001609516841271488
2018-01-30,62.46516418457031,62.52721195530648,62.42638284855993,62.488430619296096,2735100,62.80368938446045,62.98675800670277,63.04011287689209,62.71696758270264,34.92826733806278,0.15733310681097581,0.0015617667101860207
2018-01-31,62.48067855834961,62.59701665921518,62.37985536010697,62.59701665921518,3082600,62.77344188690186,62.97533694180575,63.03689215977987,62.7201503944397,35.78357066216668,0.16010278304069864,0.0014845732166866867
2018-02-01,62.307342529296875,62.50166432221973,62.29179346493396,62.470572123724416,2814300,62.73181285858154,62.965396118164065,63.031459935506184,62.72136806488037,30.89720212440477,0.16622959278758995,0.0015334215645009383
2018-02-02,62.120765686035156,62.268452090099146,62.081904900385005,62.21404224600635,3137600,62.6824068069458,62.9519230929288,63.024025472005206,62.72222110748291,26.674819253161374,0.17236053550364513,0.0016185198907721974
2018-02-05,62.39281463623047,62.51718338231999,62.027494787605974,62.08190463146309,4349200,62.650868606567386,62.94199211814187,63.019241174062095,62.72485092163086,39.6297581683598,0.19847195870785686,0.0019802756869194546
2018-02-06,62.19073486328125,62.377282083815395,62.19073486328125,62.36173895303306,3891500,62.60883960723877,62.92572021484375,63.0136679649353,62.726394481658936,34.722353657086956,0.2051504738494653,0.002065382683233353
2018-02-07,62.05080032348633,62.26843965639953,62.02748267070664,62.26843965639953,3797200,62.5691219329834,62.90844823663885,63.00616188049317,62.727655181884764,31.786960980182045,0.2112851213173061,0.0020301237873960494
2018-02-08,62.004150390625,62.089652392308885,61.887562143079904,61.94974056502855,4639800,62.52668228149414,62.88920461481268,62.997308031717935,62.729629554748534,30.85062481702076,0.21519468450894358,0.0020223479584465004
2018-02-09,61.8487663269043,62.043088202498474,61.833223186159294,61.87985853862733,3725500,62.47647342681885,62.867838217995384,62.98741486867269,62.73052406311035,27.90237613734763,0.22187518419853092,0.0020555147836586
2018-02-12,61.8642578125,61.98085202654978,61.833171556966256,61.934216713021094,5336200,62.42742862701416,62.8457705411044,62.97739524841309,62.73126871109009,28.634625451551173,0.2185721536022405,0.0020637129252510968
2018-02-13,61.918670654296875,61.934213781328005,61.817619572797284,61.88757847000684,2669400,62.378776168823244,62.82230626886541,62.96846809387207,62.731944465637206,31.274884409653865,0.21637376792011814,0.0020693286895215515
2018-02-14,61.71658706665039,61.82540676884775,61.677720345767476,61.79431457818721,3509700,62.32351131439209,62.79544865001332,62.95632289250692,62.732186756134034,27.243645683803308,0.21696520339673395,0.002142301495945984
2018-02-15,61.77875900268555,61.872029625648835,61.75543541671692,61.77098447402934,1981200,62.2775577545166,62.77014222578569,62.945462989807126,62.73220863342285,30.223532802333253,0.21532730462316607,0.002166108290999511
2018-02-16,61.910919189453125,61.96532904967316,61.864277930528814,61.934236853800286,1957800,62.244804573059085,62.74723871404474,62.9350651105245,62.733232822418216,36.20498407720377,0.21425016719162265,0.0022318997360586735
2018-02-20,61.8487663269043,61.864309467649306,61.74772108647922,61.864309467649306,2294300,62.21127204895019,62.72601297551935,62.92389354705811,62.73428775787354,34.6985368267367,0.2148275785595532,0.0022340039793400093
2018-02-21,61.61556625366211,61.864297970989846,61.58447997794907,61.840980299089104,2330100,62.1579345703125,62.70223111239346,62.910203234354654,62.733987216949465,29.70441824846742,0.2193030566975937,0.0022168615850617682
2018-02-22,61.69328308105469,61.76323607787481,61.662190883502305,61.68550854910902,2156000,62.11197338104248,62.67679609818892,62.89722442626953,62.734606437683105,33.15723219281644,0.21486012576380276,0.0022653852584838203
2018-02-23,61.85649490356445,61.88758709218626,61.778767397124234,61.78653599660823,1660600,62.06564140319824,62.65418749722568,62.88515799840291,62.736193561553954,39.84024704356276,0.21263629592235286,0.002259044052240547
2018-02-26,61.88758850097656,62.00417679817656,61.87981397108698,61.94976694940698,2715300,62.026680374145506,62.63073862249201,62.87422218322754,62.73797414779663,41.04947920071954,0.18820724591507343,0.002259417841013821
2018-02-27,61.75545120239258,61.918686694759536,61.669949156002005,61.89536310282902,3007200,61.98537807464599,62.60362091064453,62.860006999969485,62.73886650085449,37.59142665680131,0.19153994347281003,0.002279263660198432
2018-02-28,61.83323287963867,61.84100148611253,61.76327390973626,61.77104844644408,1947700,61.95378150939941,62.579464028098364,62.84733718236287,62.73923656463623,40.7552371708951,0.18043946476045747,0.002299625055667782
2018-03-01,61.938331604003906,61.99285454783227,61.7903441522156,61.86044253318556,2877400,61.926664161682126,62.55764042247426,62.83387730916341,62.74020799636841,44.82538642066508,0.18046947521672102,0.0023470846073509032
2018-03-02,61.82150650024414,61.8838141969404,61.75140217044674,61.82929124823385,4448000,61.90237236022949,62.53453674316406,62.82002058029175,62.740291614532474,41.4190762420638,0.1788312193037202,0.0023085482013845615
2018-03-05,61.78255844116211,61.92276115695555,61.73582618341618,61.89160433760638,2229100,61.88546199798584,62.510865436900744,62.807440821329756,62.73851037979126,40.31904575124578,0.18163511244342345,0.0022271960332815467
2018-03-06,61.80592346191406,61.899393918285746,61.798132771577535,61.8292895903681,1905000,61.85611743927002,62.48438415527344,62.79582446416219,62.73711170196533,41.325784171167676,0.181652345914346,0.0019499832115352043
2018-03-07,61.790348052978516,61.922760075984264,61.76698192451345,61.87602781905414,2167700,61.83609809875488,62.45719784823331,62.78471886316935,62.735445251464846,40.83132287250415,0.17556862041016125,0.0018379771379905755
2018-03-08,61.86042785644531,61.9149507873378,61.81369561355284,61.81369561355284,1479700,61.82657947540283,62.43114464499734,62.773877239227296,62.73439496994018,44.073713149908635,0.17336577579307846,0.001806573005999191
2018-03-09,61.78255844116211,61.81371526051128,61.712460054543214,61.75140162181293,2290800,61.81549987792969,62.40550426136364,62.76232245763143,62.73360065460205,41.3614729599031,0.17060847257268463,0.001818945824379252
2018-03-12,61.84485626220703,61.85264695069067,61.766967205033104,61.790333327929865,2253900,61.815304374694826,62.38451302268288,62.751671091715494,62.7324725151062,44.31394365305555,0.1650714470500887,0.0017506211043275997
2018-03-13,61.86042785644531,61.90716604189157,61.82148630155284,61.87600923244533,2471700,61.81511287689209,62.36605508977716,62.741534010569254,62.73142223358154,45.05858523842085,0.15120442899994302,0.001750631069488599
2018-03-14,61.99287796020508,62.0396161743915,61.844890452527466,61.844890452527466,1733800,61.8188232421875,62.349302465265446,62.7329491297404,62.73088228225708,51.05403326155433,0.1545655645464668,0.0018059081429742708
2018-03-15,62.000648498535156,62.02401462675406,61.92275942362032,61.95391624209736,1590100,61.83302631378174,62.33212814331055,62.724557367960614,62.729925861358645,51.38918248409024,0.14791922111805025,0.0016276892565192413
2018-03-16,61.94611358642578,61.96947971013132,61.8993813390147,61.93053815147354,1492000,61.84139404296875,62.312820781360976,62.71519823074341,62.728544845581055,48.8605381647084,0.14460388289721798,0.0016349838352361912
2018-03-19,61.899391174316406,61.96948955657107,61.860443666915835,61.883809794334056,1328100,61.84081764221192,62.289137268066405,62.70429646174113,62.7268465423584,46.73862648266915,0.13462590796133966,0.0015753750048388936
2018-03-20,61.82150650024414,61.844872629324705,61.78255899007273,61.80592511915329,2234600,61.839454650878906,62.26474345814098,62.6930025100708,62.723731746673586,43.35834267136286,0.13686032942731988,0.0015848344321198048
2018-03-21,61.82150650024414,61.860448067859835,61.64235627303364,61.759192860992165,1760300,61.84975166320801,62.23851637406783,62.683309904734294,62.72111148834229,43.35834267136286,0.1379732865137144,0.0013169363792752034
2018-03-22,61.92276382446289,62.039600416416455,61.86824087389201,61.953920645154234,2871700,61.86122570037842,62.21737337979403,62.67433312733968,62.718426895141604,48.92771572567658,0.14019932098622487,0.0013359506052774766
2018-03-23,61.938331604003906,61.96170367354908,61.86823322303395,61.922756166862314,2114500,61.86531753540039,62.19552626176314,62.66542205810547,62.71623859405518,49.74585484013585,0.13352328362735072,0.0012048433030859794
2018-03-26,61.899391174316406,61.977280246562245,61.883809794334056,61.92275730173463,2303700,61.86590766906738,62.17353543368253,62.65639139811198,62.71408380508423,47.68802273055278,0.1318543532776759,0.0012098505200062268
2018-03-27,62.10967254638672,62.14082935390512,61.93052833134769,61.93052833134769,1693500,61.88361873626709,62.156918959184125,62.64885654449463,62.71324661254883,57.83223578830888,0.13797292671466874,0.0013208733791512386
2018-03-28,62.10187530517578,62.21092113827108,62.07071850392681,62.179764337022114,3251800,61.897050857543945,62.1400200583718,62.641256713867186,62.71244665145874,57.38784810107686,0.13908720528502475,0.0013033859132326215
2018-03-29,62.257713317871094,62.27328876221733,62.12530124197529,62.12530124197529,2157300,61.9130199432373,62.12933932217685,62.635340531667076,62.71234966278076,63.435284967629016,0.1407618949378424,0.0013630533724100287
2018-04-02,62.2498893737793,62.296738863593255,62.14837420256493,62.17960918159527,2336700,61.93443908691406,62.1183747031472,62.629937235514326,62.71107261657715,62.95224163004719,0.14523938889289667,0.0012710327948395317
2018-04-03,62.17959976196289,62.22645520214178,62.11713577082803,62.2186449692016,2580800,61.9542911529541,62.106132091175425,62.62343448003133,62.70978620529175,58.63263032923326,0.14860180765093492,0.0012958656286789327
2018-04-04,62.17959976196289,62.23425947761976,62.140560512186376,62.23425947761976,2226300,61.972974967956546,62.09403110850941,62.616674995422365,62.70815771102905,58.63263032923326,0.1413856107630314,0.0012977473221859983
2018-04-05,62.093711853027344,62.124946830736924,62.04686236519439,62.124946830736924,1978300,61.98814315795899,62.07952187278054,62.60894311269124,62.706555938720705,53.43648157198236,0.14363433887979987,0.0013467721792611547
2018-04-06,62.2498893737793,62.26550388456292,62.15618443668829,62.21865439474896,2155900,62.007616233825686,62.06912196766246,62.602063242594404,62.70527889251709,60.32235808583389,0.14867182973802276,0.0014276921930627881
2018-04-09,62.31235122680664,62.31235122680664,62.14836611886132,62.203031793151304,2052000,62.03410587310791,62.0621132590554,62.59461269378662,62.70416187286377,62.698234528795496,0.15259605961588615,0.0013854471393115499
2018-04-10,62.203033447265625,62.28111790802982,62.179602747320125,62.23426246560131,1854600,62.05201473236084,62.05551417957653,62.58676452636719,62.70238412857056,56.33975111227991,0.1537329378475175,0.0014602391029057073
2018-04-11,62.2498893737793,62.31235933183997,62.210844160625605,62.27331411868627,1645200,62.07148780822754,62.05061368075284,62.579242610931395,62.70076461791992,58.292175311386444,0.14596394425809983,0.0014638532328918447
2018-04-12,62.132755279541016,62.2342644860838,62.11714076986623,62.203035466734235,1397700,62.078481674194336,62.04062167080966,62.571579138437905,62.69821704864502,52.02845468937923,0.1398678505252963,0.0014760361289971023
2018-04-13,62.17959976196289,62.18740999490307,62.09370507200749,62.10932553788785,1461800,62.087429237365725,62.03275063254616,62.56404937108358,62.69696884155273,54.15032194828491,0.13988459855247118,0.0014829726427444017
2018-04-16,62.187408447265625,62.187408447265625,62.07808901867248,62.07808901867248,1939600,62.099493980407715,62.02191925048828,62.55786860783895,62.69575967788696,54.51151561701677,0.14101666829282525,0.0014633183082593231
2018-04-17,62.2108039855957,62.218614214675306,62.1483340678774,62.187379255816154,1588500,62.11506462097168,62.01362824873491,62.55143305460612,62.69531402587891,55.63908718894521,0.12879109452205334,0.0014464410235396619
2018-04-18,62.00786209106445,62.164031120321816,61.98443137495592,62.164031120321816,1721200,62.124382400512694,62.00319851962003,62.54420544306437,62.694081954956054,45.177683510641714,0.13494609282887587,0.001616023914324648
2018-04-19,61.859474182128906,61.921944153428996,61.812624682386016,61.921944153428996,1602300,62.126280784606934,61.99218597412109,62.53619044621785,62.69207370758057,39.351516547111764,0.13664780366008245,0.0017135029568819556
2018-04-20,61.70328140258789,61.84383581861731,61.70328140258789,61.84383581861731,1576600,62.11530666351318,61.978051480379975,62.5275161743164,62.68909336090088,34.33257167919807,0.13720695498241753,0.0017603708136894724
2018-04-23,61.67204666137695,61.70327567763032,61.63300145486711,61.67985093670925,2263300,62.10199241638183,61.96650064641779,62.517425855000816,62.68668273925781,33.414765431529446,0.13274455103738245,0.001758839173384194
2018-04-24,61.56270980834961,61.64080020682465,61.547095303131194,61.62517974414525,2664000,62.085158348083496,61.95635417591442,62.505204582214354,62.68380176544189,30.355639203156215,0.1349768648096951,0.001791347771202514
2018-04-25,61.476802825927734,61.531462514141815,61.445567867311226,61.50022755552531,2201300,62.053514862060545,61.9396994157271,62.49258845647176,62.680338554382324,28.1732019460415,0.13386290368611548,0.0015832824392524312
2018-04-26,61.601749420166016,61.63298438523075,61.56270422446999,61.57051445510128,3297100,62.02850856781006,61.928990589488635,62.48067232767741,62.6771941947937,35.443060481702204,0.1327478699552184,0.0016814067463339327
2018-04-27,61.6954460144043,61.718870745686004,61.64078632226044,61.64078632226044,1407300,62.00039520263672,61.92252960205078,62.46902265548706,62.67379270553589,40.32108976651767,0.12940045692483743,0.0016040510796015378
2018-04-30,61.726741790771484,61.76578106221741,61.69550679913544,61.71112131622071,1602900,61.97423782348633,61.91748580932617,62.45718336105347,62.67066221237182,41.90023634474057,0.1249423546624513,0.001617025339447768
2018-05-01,61.63125991821289,61.7251763685684,61.615610161942186,61.71734850497783,1410700,61.94682083129883,61.913531147349964,62.44416255950928,62.66693979263306,38.54879056452136,0.12507133639494786,0.0016293084667498134
2018-05-02,61.63908386230469,61.71734458050262,61.615606243936305,61.68603909904144,1434000,61.91979503631592,61.90943707552823,62.43101377487183,62.66283630371094,38.97949664703107,0.12285631729875135,0.0016313650639407152
2018-05-03,61.693878173828125,61.78778866436808,61.68605030931274,61.74866128361348,1477700,61.89980335235596,61.90534993951971,62.41870765686035,62.658281021118164,42.043217932233105,0.126784880096452,0.0016410234962767765
2018-05-04,61.73299026489258,61.78777336110955,61.65472955185542,61.76429574428937,1342100,61.87395839691162,61.90564817948775,62.40724226633708,62.65388313293457,44.19694987814708,0.12847947871509394,0.0015192575860464121
2018-05-07,61.701656341552734,61.748617524454055,61.678178735555534,61.74078966548602,1634400,61.84342365264892,61.9042463129217,62.397638670603435,62.64913768768311,42.82397439881974,0.1284908102937093,0.001482087192677035
2018-05-08,61.65470504760742,61.69383837402756,61.59209411369812,61.639055299583745,1380900,61.81600723266602,61.89958787397905,62.38757969538371,62.643813667297366,40.77973231217355,0.12014721152334015,0.0014539073987590659
2018-05-09,61.584266662597656,61.6312218733348,61.55296119847065,61.57643880383922,2260900,61.78272609710693,61.89477878917347,62.37629009882609,62.63829015731812,37.859816268761996,0.11346910012750706,0.0014335611433797745
2018-05-10,61.70948028564453,61.732957890152306,61.65469721815755,61.701652427173094,1695500,61.76156234741211,61.8964863170277,62.364821688334146,62.63457685470581,45.35076699039941,0.1129332749856238,0.0015056668457246204
2018-05-11,61.77208709716797,61.779914955118024,61.693826430385904,61.77208709716797,1457800,61.741186714172365,61.89791911732067,62.35458275477092,62.630412616729735,48.68188335774471,0.1140624590578625,0.0015167249579922683
2018-05-14,61.693878173828125,61.7408334190981,61.68605030931274,61.70952793194773,1519500,61.71651020050049,61.89496244950728,62.34317715962728,62.626239185333255,44.99240987809548,0.11128284688711025,0.0015267289906169103
2018-05-15,61.404266357421875,61.521660364005676,61.33383353601591,61.521660364005676,1602600,61.6761833190918,61.88617477416992,62.32968006134033,62.62004486083984,34.55020326899887,0.12863303951381258,0.0017898658294203556
2018-05-16,61.35731887817383,61.45905717888828,61.3494910178395,61.42775170845892,2201300,61.643656158447264,61.878936004638675,62.31534121831258,62.613654079437254,33.20485328863988,0.12530336820993884,0.0016819514107484761
2018-05-17,61.302555084228516,61.37298793667269,61.279077466747125,61.35733818198838,2036000,61.61581020355224,61.8692873174494,62.299452463785805,62.605715866088865,31.656352347939546,0.12364544995319449,0.0016268423581730304
2018-05-18,61.46688461303711,61.46688461303712,61.372968202400216,61.372968202400216,1539700,61.603990364074704,61.86071555397727,62.28506186803182,62.5987912940979,40.6069547716264,0.1303593414528724,0.0016926277637223264
2018-05-21,61.46688461303711,61.48253436268931,61.39644581233246,61.41992939317262,1254900,61.59373226165771,61.85426788330078,62.27086413701375,62.59121448516846,40.606954771626405,0.1285705501334117,0.001691443474283136
2018-05-22,61.48252487182617,61.513830337205945,61.43556965921,61.49818058996956,2225800,61.58972301483154,61.848812727494675,62.256796741485594,62.584214534759525,41.453312822458976,0.1268935745212423,0.0016502754305863288
2018-05-23,61.67039489746094,61.67821679034808,61.56082868793488,61.56865058082203,1177200,61.599402618408206,61.84634857177734,62.2455818494161,62.578038902282714,50.56593039119076,0.13024979712542212,0.0017578782411885386
2018-05-24,61.79555892944336,61.84251413094655,61.740775870721116,61.740775870721116,1209400,61.60909309387207,61.8464433149858,62.236181767781574,62.5729111289978,55.531818418306976,0.1330408988562419,0.0017577182257135636
2018-05-25,61.92860412597656,61.944259840788405,61.865999179446355,61.87382106594656,1039500,61.620750999450685,61.84768288352273,62.226485061645505,62.568218326568605,60.11800548453648,0.13863105045956509,0.00178890495723151
2018-05-29,62.35904312133789,62.437303778163965,62.03034478012513,62.045994523128186,2414400,61.652366065979,61.858164423162286,62.2203106880188,62.5652174949646,70.66065737539648,0.16714086648333545,0.002343304384249299
2018-05-30,62.17125701904297,62.25734558913665,62.07734058687461,62.13212367957883,3549700,61.679365921020505,61.864098982377485,62.21192719141642,62.56100927352905,62.85436261251029,0.17999505829237147,0.00243223275551106
2018-05-31,62.14778137207031,62.241691836303715,62.07734255298579,62.15560326348345,4272100,61.70480079650879,61.86932359175248,62.20276765823364,62.55691352844238,61.93321401256019,0.18111349084689113,0.0024382497362666765
2018-06-01,62.186302185058594,62.21775381150747,62.076224491879714,62.13912774477747,3442400,61.72942199707031,61.87284039584073,62.19463799794515,62.5535474395752,62.89416025318306,0.185073547625151,0.0024362315211818386
2018-06-04,62.05261993408203,62.16269759650494,62.044761528753746,62.16269759650494,2272100,61.74540348052979,61.873785331032494,62.18558791478475,62.54905288696289,57.472001918792785,0.18903810965726667,0.002500844933266271
2018-06-05,62.107627868652344,62.15480827106471,62.05258906482101,62.11549226885102,2760500,61.76570205688476,61.876721954345705,62.17738307317098,62.544257965087894,59.036917014434664,0.1706220074023729,0.00249771508798185
2018-06-06,61.9346809387207,61.99758417716234,61.871783699062064,61.99758417716234,2624600,61.77970085144043,61.87736358642578,62.16780141194661,62.53875164031982,52.49632655135603,0.179641865155337,0.0025837829983997944
2018-06-07,62.091941833496094,62.202019506338985,61.91109651452089,61.91896091937632,3290700,61.80508460998535,61.88228059248491,62.158047644297284,62.533878288269044,57.14556315013723,0.1937141881476602,0.002611870646997186
2018-06-08,62.013301849365234,62.07619907772833,61.99757304318802,62.04475346293774,1977000,61.820275688171385,61.885767780650745,62.14744520187378,62.52899515151977,54.28443610800714,0.18871699254047972,0.0026084086739159673
2018-06-11,61.958309173583984,61.98189640163631,61.91112871869295,61.94258035569151,1725200,61.829586791992185,61.886414059725674,62.13631982803345,62.522916641235355,52.31200383744262,0.18986589113443944,0.0026136752293063697
2018-06-12,61.95040512084961,61.97399233380783,61.88750188710602,61.88750188710602,1850400,61.842413139343265,61.886633578213775,62.125966707865395,62.517258930206296,52.01943902326626,0.19045373175628708,0.0025934434982426494
2018-06-13,61.91110610961914,62.00546098615774,61.785305606351855,61.95042214120627,1542800,61.86775512695313,61.88684657703747,62.11689780553182,62.51102113723755,50.5069630955873,0.19220112184799984,0.0023353545483548103
2018-06-14,62.04475021362305,62.05260861751819,61.97398258709556,62.02115700559282,3920100,61.902126693725585,61.885666170987214,62.109973939259845,62.505298118591305,55.26990704672719,0.19001421287753115,0.0023491667356692904
2018-06-15,62.05261993408203,62.19414921416616,62.05261993408203,62.154839191176656,1827800,61.93962993621826,61.88477061878551,62.102793502807614,62.49926919937134,55.54122780262363,0.19006407639167883,0.0023269499226467303
2018-06-18,62.05261993408203,62.08407155174324,62.00544550698155,62.08407155174324,3510300,61.968916702270505,61.88104164817116,62.09535503387451,62.4932785987854,55.54122780262363,0.15934453300412801,0.0022781442062319735
2018-06-19,62.15486145019531,62.1941714872626,62.12340982127058,62.146997043267916,2767100,62.00331554412842,61.87931386774237,62.0882453918457,62.48753057479858,59.26425510849703,0.14933374862679166,0.0022897572025512036
2018-06-20,62.013301849365234,62.15483111105056,62.00543744627662,62.15483111105056,2102200,62.02985439300537,61.8762902693315,62.07833970387777,62.481597652435305,52.6857306219603,0.14826765724113194,0.0023758678635720024
2018-06-21,62.04475021362305,62.115511841368935,62.02115700559282,62.060473020194934,2695400,62.04857215881348,61.873838459361686,62.0690195719401,62.47451503753662,53.90974959099385,0.1454591338394136,0.002294734991197681
2018-06-22,62.08405303955078,62.09978184308273,62.029014224750775,62.05260143126779,1509900,62.06299686431885,61.8736628445712,62.0591867129008,62.468167247772215,55.46053396513788,0.14040391684134995,0.002260496669573329
2018-06-25,62.07623291015625,62.16272339492371,62.068374501566616,62.11554894824516,4554800,62.07037830352783,61.87050545432351,62.050775082906085,62.4607808303833,55.063542344384366,0.13984175163516355,0.0022157391960817333
2018-06-26,62.178409576416016,62.178409576416016,62.107641956135545,62.115506358118054,1670800,62.06134662628174,61.86807015158913,62.042762470245364,62.454251308441165,59.17543125029833,0.1302940728258411,0.0015821411918590955
2018-06-27,62.32781982421875,62.34354863388773,62.25705817705805,62.25705817705805,1762700,62.06917476654053,61.87033899480646,62.0362535794576,62.449429759979246,64.31722343384857,0.12130950608681397,0.0015279476669091832
2018-06-28,62.280643463134766,62.327817893113625,62.25705624814534,62.3042306781242,1266500,62.07581787109375,61.87089816006747,62.030062452952066,62.444833545684816,61.67580924338146,0.11962341935576656,0.0015368669389163709
2018-06-29,62.26492691040039,62.35141737324268,62.257062505019185,62.304236939739106,1419000,62.07974910736084,61.87330128062855,62.02367588678996,62.44054307937622,60.780260325534144,0.11906497203799608,0.0015339479030218102
2018-07-02,62.226280212402344,62.31296877474578,62.194756552229876,62.28144511457331,1800600,62.08843212127685,61.874150016091086,62.018518606821694,62.435867366790774,58.52970060315259,0.12133081316757403,0.0014538048013965968
2018-07-03,62.35238265991211,62.36025906654884,62.22628800343458,62.22628800343458,1121900,62.100669860839844,61.87714954723011,62.01434726715088,62.431783618927,63.304319747143055,0.1151753470490462,0.0015059958144087156
2018-07-05,62.4390754699707,62.4469518771419,62.33662205149961,62.36026329806231,1991900,62.12588958740234,61.88129993785511,62.01089836756388,62.42836389541626,66.18659050855712,0.1129487268878491,0.0013523594346674963
2018-07-06,62.50999069213867,62.52574951685834,62.45482578683421,62.50999069213867,1331800,62.146792030334474,61.890429548783736,62.00810534159343,62.42552946090698,68.37482491621577,0.10846837305531512,0.0012697662143036346
2018-07-09,62.45481872558594,62.47057754852389,62.41541264945647,62.431177484917484,1556600,62.168867874145505,61.90125399502841,62.00446449915568,62.422688236236574,64.85814315255666,0.1096078014782087,0.0012469578325727405
2018-07-10,62.41544723510742,62.4548533330726,62.38392957176695,62.407570825535494,1661500,62.19172477722168,61.914202464710584,62.001077524820964,62.419727172851566,62.39202435171438,0.10456295920142875,0.0012347723105267207
2018-07-11,62.446937561035156,62.454819978923844,62.38389625549518,62.43906115566964,3750100,62.21655139923096,61.92829139015891,61.99898675282796,62.41661581039429,63.58467608443825,0.09895579630928404,0.0012294891239369376
2018-07-12,62.49420928955078,62.50996810857712,62.41539715685441,62.42327957262836,1807800,62.24570655822754,61.94522774436257,61.99838864008586,62.41304883956909,65.36055605429519,0.09841015057492745,0.0012070431281487515
2018-07-13,62.549400329589844,62.557276736135705,62.509994246764236,62.51787666583417,4071900,62.27093906402588,61.96472951715643,61.998638502756755,62.40991193771362,67.3618320362171,0.09786013830728228,0.0011452118602421717
2018-07-16,62.46269226074219,62.50997473535525,62.376003715603446,62.470568664829564,1688000,62.291442680358884,61.98038302334872,61.99680830637614,62.40730230331421,61.363609326510066,0.10350640406651834,0.001212600825223028
2018-07-17,62.4390754699707,62.49424038279185,62.431193050274956,62.43907546997071,2432200,62.31076545715332,61.99390355890448,61.99536304473877,62.40449779510498,59.80165632821745,0.1007114516563133,0.001220936467952895
2018-07-18,62.40756607055664,62.478489826458436,62.3996836490589,62.44696615299344,2182900,62.32340068817139,62.006282182173294,61.99223330815633,62.40149732589722,57.69169596183229,0.09454481736544348,0.00119143478176829
2018-07-19,62.52572250366211,62.54936974931083,62.352351456552846,62.399633922808,1990100,62.34902172088623,62.02254513827237,61.991057586669925,62.39921058654785,62.96811027029944,0.10356301141434139,0.0010954540996045762
2018-07-20,62.38390350341797,62.48635089778081,62.35237984072389,62.48635089778081,1607800,62.36597938537598,62.03608731356534,61.989410972595216,62.3960608291626,54.22658428756954,0.10920499675110713,0.0012479486454115244
2018-07-23,62.1868896484375,62.36026078709125,62.15536598344838,62.34450196085884,1427200,62.37112121582031,62.04505115855824,61.98709201812744,62.391926002502444,44.901114017602744,0.11708537514065652,0.0014602884657047154
2018-07-24,62.28142547607422,62.2971903074512,62.17897812220982,62.226260591297766,1811100,62.38138084411621,62.05502270785245,61.985431575775145,62.38849485397339,49.39798710303815,0.11595918450457685,0.001493851133162667
2018-07-25,62.28142547607422,62.35235519222765,62.226260591297766,62.2971903074512,2075200,62.38653163909912,62.06556396484375,61.98521560033162,62.38541055679321,49.39798710303815,0.11708523988226206,0.001452805167498276
2018-07-26,62.28142547607422,62.28142547607421,62.28142547607421,62.28142547607421,0,62.38421192169189,62.07695888172496,61.98655443191528,62.38201803207397,49.39798710303815,0.11089423653314563,0.001346380451959451
2018-07-27,62.26570129394531,62.32874261695694,62.25781887387205,62.297224961713546,1376600,62.38346481323242,62.08934860229492,61.98549515406291,62.3783928489685,48.57441602723051,0.10920464370476626,0.001336863348682862
2018-07-30,62.194759368896484,62.25780669209669,62.194759368896484,62.21052420595837,2115400,62.37995643615723,62.09817185835405,61.9855286916097,62.37425895690918,44.9345002395145,0.10920594111499327,0.0013598021149637206
2018-07-31,62.242042541503906,62.32084868249889,62.19475404688839,62.273560187883376,3328200,62.380744552612306,62.10671650279652,61.98712237675985,62.3700918006897,47.74510053655116,0.11314672055655299,0.0013646442909439978
2018-08-01,62.20807647705078,62.23177382761229,62.12908329958141,62.20807647705079,3168600,62.373529243469235,62.11606556285511,61.988821760813394,62.36510009765625,45.931452597806185,0.11446016985653783,0.0012837598874413806
2018-08-02,62.23968505859375,62.25548128593504,62.18438922270808,62.24758618566145,2817700,62.36355972290039,62.13125499378551,61.992079416910805,62.36057445526123,47.91429053506277,0.11503335675954064,0.0012438448856223335
2018-08-03,62.373958587646484,62.397655936167745,62.29496541697808,62.326563890603964,2711600,62.35675811767578,62.14973935213956,61.99632692337036,62.35668165206909,55.397262406056726,0.11393151844436897,0.001318555410096845
2018-08-06,62.42927169799805,62.50036979004325,62.41347547020705,62.46087018037433,2083800,62.35548076629639,62.17022510875355,62.000581932067874,62.35356615066528,58.06969008480972,0.11845750915007411,0.0013232053598276395
2018-08-07,62.31867218017578,62.38977026327318,62.30287595437275,62.381869136974906,1886900,62.3506420135498,62.1857121554288,62.00559930801391,62.34974365234375,51.43374978448179,0.12185676388048552,0.001374539573969186
2018-08-08,62.30286407470703,62.33446254708152,62.27916070033189,62.3186602974981,2101300,62.3434383392334,62.20091178200462,62.00996685028076,62.34661247253418,50.54467228038321,0.11173416059417463,0.0013681065286515594
2018-08-09,62.4213752746582,62.4213752746582,62.34238207616186,62.35818433193796,2603800,62.33979663848877,62.21798178932884,62.0142206509908,62.34380399703979,56.60131870635258,0.10781762752367133,0.001429109677197658
2018-08-10,62.54777526855469,62.60307111553445,62.42138131728933,62.42138131728933,2414900,62.33971538543701,62.233934159712355,62.02004572550456,62.3421669960022,61.95323393797594,0.10447179330271794,0.0014901599418048366
2018-08-13,62.5556526184082,62.571448842914215,62.484554541148576,62.53985036710916,3315700,62.344363403320315,62.247754044966264,62.02787977854411,62.34083889007568,62.265545835813434,0.1022348016258791,0.0014540610790389629
2018-08-14,62.51612854003906,62.60302280778303,62.50822741748307,62.57142434434971,2692700,62.34821605682373,62.25843630704013,62.03473682403565,62.33969856262207,59.62108606073098,0.09999914372374162,0.0014593230005265016
2018-08-15,62.58726501464844,62.64256085290772,62.56356163242786,62.571462759834716,3051300,62.35720100402832,62.26258579600941,62.04082657496134,62.33822046279907,62.69225322797302,0.10903002321435958,0.001471879937857951
2018-08-16,62.61886215209961,62.642565536092256,62.55567120850364,62.6188621520996,2226900,62.3618579864502,62.2707240711559,62.04692052205404,62.33616846084595,64.00194163581259,0.11017077925034004,0.0014167824320430145
2018-08-17,62.68994903564453,62.729448641771235,62.64255432972747,62.666251682685996,1018100,62.377160263061526,62.280581665039065,62.0547080039978,62.334664516448974,66.82372102304981,0.11300253386625414,0.0013216827323812657
2018-08-20,62.768943786621094,62.816338493720224,62.74524643307153,62.74524643307153,2473200,62.406262969970705,62.291175148703836,62.06250559488932,62.333350811004635,69.66899578671845,0.11302359261376793,0.0010676722925666727
2018-08-21,62.737369537353516,62.74527066718632,62.68997481194912,62.721573304484124,1883300,62.42906017303467,62.30362514149059,62.069164244333905,62.331570625305176,67.18865162746576,0.1105957163815877,0.001058386221194739
2018-08-22,62.77682876586914,62.81632233602854,62.72943407096094,62.81632233602854,2025500,62.453830337524415,62.3157924305309,62.077125263214114,62.32971748352051,68.68892569872348,0.11172401651306174,0.001056302847083942
2018-08-23,62.77682876586914,62.80842723807206,62.753131418415045,62.80842723807206,1447500,62.47860050201416,62.33110420920632,62.085410849253336,62.32763284683227,68.68892569872348,0.10439008380470634,0.001056302847083942
2018-08-24,62.80844497680664,62.81634007699291,62.68205105229806,62.713649533425205,1845300,62.505737686157225,62.34413153908469,62.09376519521077,62.32559038162231,69.96508116634965,0.10495278539742665,0.001045317710953667
2018-08-27,62.72945785522461,62.76895144035824,62.721556727480035,62.75315521166371,2340800,62.53247261047363,62.35715255737305,62.10159111022949,62.323384609222416,63.05108216746038,0.10213082151894882,0.001054977892333494
2018-08-28,62.634666442871094,62.682061158806455,62.61096908490341,62.67416003055222,2375800,62.55210380554199,62.36944996226918,62.108043098449706,62.32101375579834,55.91042542533148,0.10664417320263249,0.0011365072907688065
2018-08-29,62.59514617919922,62.65044200514755,62.555652604546424,62.65044200514755,1560100,62.57145729064941,62.381172526966445,62.11481466293335,62.319719047546386,53.20501176838411,0.10494975896334376,0.0011400601391184549
2018-08-30,62.64253616333008,62.68993085550263,62.610937692951055,62.6583323851236,1157400,62.59159984588623,62.394471255215734,62.12146199544271,62.318622817993166,55.95713488178804,0.09874181863671286,0.0011436815319495425
2018-08-31,62.65836715698242,62.74526149204821,62.65046602830498,62.737360363370776,2888300,62.60582027435303,62.405627926913176,62.12811148961385,62.31721956253052,56.86968647021225,0.09987260627617646,0.0010590909987965292
2018-09-04,62.56175231933594,62.60925962599358,62.53007876786009,62.553832421188915,2400700,62.61244430541992,62.41488487937234,62.13285210927327,62.31459987640381,50.05356648308485,0.10226496333491752,0.0011172248242690363
2018-09-05,62.57758712768555,62.60134078141414,62.52215992194805,62.58550702596585,2558000,62.62539005279541,62.424429737437855,62.13765993118286,62.31248401641846,51.08828670101638,0.098889859520448,0.0010260948287319613
2018-09-06,62.67262649536133,62.69638015618185,62.59344561225486,62.62511313260613,2133300,62.64387817382813,62.43384364734997,62.14371420542399,62.31053440093994,56.86432965622619,0.10116833815671152,0.0010601142673807523
2018-09-07,62.474666595458984,62.53009381360033,62.44299303636198,62.53009381360033,2481100,62.64654273986817,62.44223209727894,62.14850816726685,62.30778814315796,44.955724186055505,0.10967169310869147,0.0012446012956669333
2018-09-10,62.51424026489258,62.530080061514326,62.45881305894121,62.482572753873825,1464300,62.64486598968506,62.450768280029294,62.15428094863891,62.3049694442749,47.33035005703005,0.10573437485850741,0.001164303000978833
2018-09-11,62.37965393066406,62.45883481802031,62.35590026856864,62.411327493829454,1496800,62.63606605529785,62.4561428416859,62.15893217722575,62.300821685791014,40.872428038158404,0.11140373354793352,0.0012564900623841238
2018-09-12,62.42713165283203,62.490478749124556,62.41921779662917,62.46672509829276,1088400,62.6316162109375,62.46252281882546,62.16313524246216,62.296988563537596,43.786289671466406,0.1131134873617116,0.0012663662083893077
2018-09-13,62.466732025146484,62.53799902665617,62.45089826987337,62.51423933207809,1723800,62.625589561462405,62.46776504516602,62.16753857930501,62.2934691619873,46.16917946636173,0.1170828840879347,0.0012459184418625795
2018-09-14,62.36381149291992,62.403398910532985,62.34005783412936,62.36381149291992,3196000,62.61283702850342,62.4684194391424,62.17140874862671,62.28943515777588,41.27241691146048,0.11653896739666843,0.0012837094620675247
2018-09-17,62.35588455200195,62.39547800625793,62.30045734071136,62.31629109774598,2375200,62.59613380432129,62.46978745893998,62.17346051534017,62.28613367080688,40.91250087450874,0.11711985426952307,0.0012448809460931891
2018-09-18,62.213348388671875,62.316282898635926,62.18959473568879,62.316282898635926,2504000,62.56835403442383,62.46884966763583,62.17438945770264,62.28258256912231,35.0018370202705,0.12053421469752022,0.0012683247088429845
2018-09-19,62.11830520629883,62.205405929721486,62.070797917562814,62.181652285353486,1968700,62.537400817871095,62.466886485706674,62.17322772343953,62.27771305084229,31.71193087807457,0.12394571973380104,0.001291335114354549
2018-09-20,62.1975212097168,62.2291887229676,62.10250054662603,62.11042044549512,2297700,62.50843544006348,62.46407082297585,62.17279132207235,62.273200817108155,37.024909988213054,0.1262245411650978,0.0013284907194313982
2018-09-21,62.237117767333984,62.237117767333984,62.16585679037898,62.16585679037898,1750600,62.481449890136716,62.4603988647461,62.17327063878377,62.26850002288818,39.556380794830936,0.1239770874677316,0.0013476469976367502
2018-09-24,62.15791320800781,62.22126030190818,62.13415955807302,62.14999331099242,2915800,62.44892330169678,62.453997455943714,62.17308991750081,62.2630549621582,36.404053487734025,0.12216778890620514,0.0013413420967878123
2018-09-25,62.1104736328125,62.1263074029969,62.06296024002338,62.1104736328125,1698200,62.41797409057617,62.447736636075106,62.17322959899902,62.25779802322388,34.62425635643494,0.12329436808608715,0.0013315454715592458
2018-09-26,62.26881790161133,62.30841137755993,62.15004351488178,62.157963418294756,1831100,62.399681663513185,62.44507064819336,62.173387336730954,62.25344896316528,44.39601854736641,0.12894756210402442,0.001470724834815647
2018-09-27,62.3162841796875,62.3162841796875,62.25294311746789,62.28461666913383,1374700,62.3857385635376,62.44269513216886,62.173420111338295,62.2495693397522,46.955568221590994,0.11706953376261454,0.0014867253400400945
2018-09-28,62.3162841796875,62.38755118121394,62.28461666913383,62.363797527742555,2577700,62.36942596435547,62.43946013017134,62.17436386744181,62.24572835922241,46.955568221590994,0.11933149872739943,0.0014700240599414877
2018-10-01,62.19963455200195,62.286938335651016,62.19169619298101,62.23931423671913,2853300,62.346489334106444,62.43310075239702,62.173945077260335,62.24041456222534,41.509614823028876,0.11692064089758146,0.0015073147518436557
2018-10-02,62.310733795166016,62.342481169145984,62.263109706599835,62.263109706599835,2597600,62.333938407897946,62.43033787120472,62.17542823155721,62.235540256500244,47.72788157045855,0.11920791223211984,0.0015536865057938641
2018-10-03,61.993263244628906,62.22342715394896,61.92183014267819,62.22342715394896,2300300,62.304722213745116,62.42223219438033,62.173875427246095,62.22903980255127,35.962382561227784,0.139067646422383,0.0018944750985079271
2018-10-04,61.834537506103516,61.913902916294106,61.80279013098875,61.88215554117934,3221400,62.262817764282225,62.41181349320845,62.17093483606974,62.22224859237671,31.748435144177904,0.14362471232402843,0.0018889798628287417
2018-10-05,61.72340774536133,61.8107114976828,61.636110048231444,61.771031827204055,2299100,62.22525482177734,62.39722595214844,62.16687320073446,62.21586875915527,29.171153044594178,0.15101091177584994,0.0018178151444230442
2018-10-08,61.699581146240234,61.74720521450901,61.683710493610555,61.73926686059924,1885400,62.18452186584473,62.38478372747248,62.16430419286092,62.209988594055176,28.634436920464637,0.14366840496051378,0.0017954715139331483
2018-10-09,61.81866455078125,61.81866455078125,61.6996134006583,61.6996134006583,4273200,62.15647239685059,62.37808872569691,62.16396411259969,62.20451055526733,35.06492936138099,0.14199218591993912,0.0018474548537912936
2018-10-10,61.771034240722656,61.79484325497849,61.66785377202494,61.72341015701916,2813100,62.123667526245114,62.36880888505416,62.16452871958415,62.19863954544067,33.75481816647144,0.14371522894956357,0.0018262333684218345
2018-10-11,61.94562911987305,62.00911779321101,61.82657801767965,61.83451637254336,3245600,62.097612380981445,62.362703496759586,62.16680857340495,62.19332759857178,42.26958304310164,0.15563112720194588,0.001960428393489135
2018-10-12,61.92979049682617,62.01709428844692,61.913919832528904,61.92185213708038,2365700,62.075911331176755,62.356310133500536,62.169867579142256,62.18696662902832,41.745382564151,0.15564657339173543,0.00193902988834754
2018-10-15,61.913883209228516,61.993248594157265,61.90594485417842,61.993248594157265,2077800,62.05381126403809,62.349913441051136,62.17350991566976,62.18072021484375,41.19285401139205,0.15510019996276472,0.0019384712253797216
2018-10-16,61.96151351928711,61.98532253396921,61.88214811861614,61.90595713329824,2367000,62.041219520568845,62.345672607421875,62.1765079498291,62.174207801818845,43.59997295980576,0.14833139072031035,0.001898167701493173
2018-10-17,61.850406646728516,61.985328446257476,61.834535987157324,61.94564876973323,1877300,62.027824592590335,62.338551954789594,62.17779928843181,62.16803169250488,39.53471372500814,0.15457791906892077,0.0019088306499565235
2018-10-18,61.810733795166016,61.905975938017335,61.755177392301185,61.810733795166016,1681500,62.00848522186279,62.33132754239169,62.17849922180176,62.161385746002196,38.16629440046927,0.1579967786143526,0.001877973352861092
2018-10-19,61.77897644042969,61.83453888951812,61.739296762042976,61.8186621740092,1716700,61.98557815551758,62.32295102206143,62.17973019282023,62.15473619461059,37.06046767441273,0.15590064581211394,0.0018650205943647777
2018-10-22,61.75514221191406,61.85038430050831,61.74720991259062,61.8106985831298,1520000,61.96543960571289,62.311699815229936,62.18069734573364,62.14839401245117,36.212447037578706,0.15306691515308962,0.001852876138200875
2018-10-23,61.842445373535156,61.97736712306866,61.82657471984486,61.9218107523672,1934300,61.95203819274902,62.30103024569425,62.1819354057312,62.14244966506958,41.493418325847266,0.1411612907721447,0.0018892605723267726
2018-10-24,62.00912857055664,62.02500528304349,61.94563988618418,61.961510543479385,1615500,61.93905372619629,62.295402180064805,62.1842365582784,62.13826953887939,50.00400692136838,0.1405960619055858,0.00190074061126736
2018-10-25,61.937705993652344,62.001200737792374,61.90595862158233,61.95357665209131,1981000,61.92012481689453,62.28876294222745,62.18620363871256,62.133693351745606,46.858629045780035,0.1337919541271744,0.001897541530891323
2018-10-26,62.04884338378906,62.14408553778276,62.032972719054015,62.080590768453625,2224400,61.90675277709961,62.28198963512074,62.189488124847415,62.1296728515625,51.92605219027273,0.14399801292945721,0.001954191026079891
2018-10-29,61.993263244628906,62.056757989653505,61.94564521345654,62.025010617141206,1900700,61.896434211730956,62.27190759832209,62.192896429697676,62.12541339874267,49.3895590927667,0.14342868233345385,0.0019225169482727656
2018-10-30,61.905967712402344,61.985333126636064,61.898029354421084,61.9218383731719,2546300,61.87619590759277,62.260095145485614,62.194533824920654,62.12048463821411,45.620239107169986,0.13945890457999052,0.0018842470218946319
2018-10-31,61.77897644042969,61.89802758597542,61.77897644042969,61.82660053176366,6206300,61.865481567382815,62.246692380038176,62.194591236114505,62.11527009963989,40.74827955105512,0.13152374168601202,0.0015764150358346396
2018-11-01,61.893524169921875,61.91739266393945,61.774175629515085,61.782133817627255,3784100,61.86843090057373,62.23407891013405,62.19625495274862,62.111248569488524,46.31728781074245,0.13438392586503717,0.0015328441720427561
2018-11-02,61.662818908691406,61.829904528263384,61.63099220920309,61.813994213680346,2024600,61.86540145874024,62.21669630570845,62.19840955734253,62.10673274993896,38.473973258959205,0.14690022734646138,0.001706159459754978
2018-11-05,61.710567474365234,61.75035237375353,61.68669896286161,61.71852566830757,1858900,61.86595077514649,62.198889368230645,62.201353295644125,62.102688503265384,40.71172965647661,0.14578301661139395,0.0017137624202532913
2018-11-06,61.702598571777344,61.734419198246854,61.678723996442635,61.7185088850121,2024700,61.86014747619629,62.179501273415305,62.2046869913737,62.097789916992184,40.447326503700346,0.13899035537597015,0.0016531409063133891
2018-11-07,61.758304595947266,61.87764714192551,61.74238820960164,61.8219519303614,2673700,61.85951099395752,62.161700092662464,62.207115491231285,62.09351890563965,43.2232404952724,0.14072249997825687,0.0016593618951983885
2018-11-08,61.65482711791992,61.78213384649837,61.65482711791992,61.75826535246964,2233100,61.844970893859866,62.14130006269975,62.208681678771974,62.087877368927,39.53658735807807,0.14301282862849263,0.0015566513989395518
2018-11-09,61.80602264404297,61.83784933664277,61.71850075697374,61.71850075697374,1697200,61.838782501220706,62.123649042302915,62.211377493540446,62.08357343673706,46.69128024299643,0.1487162451145753,0.0016684323275831933
2018-11-12,61.901512145996094,61.909464267616016,61.85376906466731,61.88559576211255,1067200,61.83816394805908,62.10715935446999,62.21330347061157,62.08017351150513,50.66210167538133,0.14023172457303598,0.0017076301851344452
2018-11-13,61.86967849731445,61.87763061804093,61.79011479780149,61.829893612397385,2735900,61.833572196960446,62.09152700250799,62.21392113367717,62.07719608306885,49.342571406395436,0.1351486844791978,0.0017009624454596799
2018-11-14,61.91742706298828,61.98108046261125,61.790126334064645,61.82990515608728,2905100,61.83692321777344,62.07848628651012,62.213827991485594,62.07437982559204,51.38779172833835,0.14141898302007608,0.0016606405737674256
2018-11-15,61.92537307739258,61.97311008256079,61.82193480576665,61.95719977094508,2557800,61.842655181884766,62.06630859375,62.210214074452715,62.07246997833252,51.7370003601822,0.1374758210674847,0.0016525393044995703
2018-11-16,62.06063461303711,62.07654492532982,61.941286024716995,62.01289760583761,1811300,61.85673809051514,62.05572856556285,62.20929222106933,62.07216932296753,57.35312208616288,0.14033718333464712,0.00170946200328011
2018-11-19,62.06063461303711,62.08450311663686,62.01289760583761,62.01289760583761,2495900,61.87201271057129,62.04486070112748,62.20856599807739,62.07050842285156,57.35312208616288,0.13864944194832063,0.0017043301221127444
2018-11-20,62.02088928222656,62.08454271263674,61.99702076340406,62.04476387137431,1891300,61.88093490600586,62.035026827725495,62.20718755722046,62.06965919494629,55.16550663678424,0.13583020460975095,0.0016922446303607559
2018-11-21,62.08453369140625,62.08453369140624,62.00496995011721,62.05270698082576,3871300,61.88470516204834,62.02606221979315,62.20745350519816,62.06982786178589,57.93256773198415,0.13128354081437013,0.0015984336061509107
2018-11-23,62.0765495300293,62.15611930835925,62.06063921655639,62.132244732667175,644500,61.89164733886719,62.01522445678711,62.20719451904297,62.07018985748291,57.45352211609595,0.119351264463233,0.0015737234131462984
2018-11-26,62.028812408447266,62.06063910565802,61.99698571123652,62.012902095002794,1520500,61.890645790100095,62.00711801702326,62.20797894795736,62.071090087890624,54.549140941389005,0.11878200401542267,0.0015334637494482323
2018-11-27,62.06861114501953,62.1004378493308,62.02086805339104,62.02086805339104,2563100,61.89441318511963,61.9990156693892,62.207784525553386,62.07211185455322,56.52247020751254,0.12048733216796137,0.001525503282592973
2018-11-28,62.10043716430664,62.140215991514566,62.00495705242606,62.06861046034645,2217500,61.904136657714844,61.993939000909975,62.208510653177896,62.07302068710327,58.089502674683175,0.1176452156637003,0.0014880933044975214
2018-11-29,62.14814376831055,62.195880765725676,62.09244858121952,62.156101957986436,2395900,61.92259502410889,61.98886649391868,62.210092608133955,62.075178470611576,60.393893554752374,0.11593989108710799,0.0013986507252563192
2018-11-30,62.17202377319336,62.17202377319336,62.10041826381864,62.14019707891974,2181200,61.93652000427246,61.983508162064986,62.21193943023682,62.07714479446411,61.534014155822405,0.10798155470509892,0.0013504110362283078
2018-12-03,62.269351959228516,62.269351959228516,62.17363666151876,62.205541760755345,2187500,61.96684665679932,61.98179071599787,62.214924812316895,62.07893695831299,65.84901405992818,0.10754488059524954,0.0010109629901135615
2018-12-04,62.42087173461914,62.51658090423689,62.333134272287715,62.333134272287715,3204700,62.00236186981201,61.982972301136364,62.2180591583252,62.081797485351565,71.25507015740587,0.11724713751051904,0.0010996832953733449
2018-12-06,62.532562255859375,62.66017656302402,62.50065715774941,62.524584460013074,4447800,62.043860054016115,61.988776189630684,62.22205867767334,62.08638246536255,74.46401071519679,0.12070075892896678,0.001118723641689471
2018-12-07,62.660160064697266,62.68408736066091,62.51659020364175,62.53254579113327,3806000,62.08895282745361,61.998628096147016,62.22712151209513,62.09121685028076,77.54771389900179,0.12186660751646881,0.0011594281739024362
2018-12-10,62.723941802978516,62.77179637320694,62.63620436737915,62.67608723275009,2712100,62.142408561706546,62.008199379660866,62.23186384836833,62.09555408477783,78.91817260158645,0.12075376165150788,0.0010130101734806168
2018-12-11,62.73193359375,62.79574375847643,62.67610122093242,62.739911385658864,4157200,62.188704109191896,62.01719603105025,62.2378524462382,62.0997758102417,79.09039264744816,0.12418497784756204,0.0009523018936779965
2018-12-12,62.668148040771484,62.73195823055819,62.66017024572949,62.70803093070683,2662400,62.22703590393066,62.02647302800959,62.243047428131106,62.10433929443359,73.90131112506994,0.1230611232472779,0.0010094916699010209
2018-12-13,62.715972900390625,62.75585577141341,62.68406782062675,62.68406782062675,2587600,62.269350624084474,62.03748210560192,62.248313426971436,62.108752994537355,75.21436594355661,0.1236428367724842,0.0009739957666123746
2018-12-14,62.771820068359375,62.81170294878533,62.73992106634642,62.76384836049272,3490600,62.312070274353026,62.04662759954279,62.25410998662313,62.11292043685913,76.6892329688008,0.12366069081475876,0.0009749458426769411
2018-12-17,62.89143753051758,62.89941532047425,62.78775060216389,62.79572839212056,2924300,62.36037349700928,62.05708493319425,62.26005188624064,62.1182700920105,79.50261895510963,0.12709150748062267,0.0010020676136518105
2018-12-18,62.987205505371094,63.011132810009244,62.883512404904664,62.883512404904664,3210700,62.40670204162598,62.06928350275213,62.26554676691691,62.12429332733154,81.4345379847311,0.13052369384953824,0.0009632612954791024
2018-12-19,63.098819732666016,63.21846224521859,63.011082295812194,63.0748924472097,3117500,62.45861129760742,62.08563232421875,62.272364902496335,62.1307578086853,83.39845441910758,0.1373806796180373,0.000972895701713867
2018-12-20,63.01115036010742,63.178647624502254,62.98722304880496,63.162698112059786,3451000,62.508124351501465,62.09836717085405,62.278583431243895,62.13686182022095,76.54880008986225,0.14366585041740468,0.0010442819425386086
2018-12-21,63.01115036010742,63.05900498271236,62.963295737502484,63.035077671409894,4516100,62.55445518493652,62.116874209317295,62.28512401580811,62.142615432739255,76.54880008986225,0.14538754583420146,0.0010573426586733576
2018-12-24,63.02549743652344,63.169428022876566,62.95353519362844,63.10545751770559,6031000,62.60190258026123,62.13852802623402,62.2907333056132,62.14883012771607,76.90875073991228,0.1538564489208422,0.0010448379425086664
2018-12-26,62.88957214355469,63.089475420488704,62.88957214355469,63.06548800334684,5912400,62.644940567016604,62.15973101529208,62.294487444559735,62.154053707122806,66.49538861009694,0.15047604405838808,0.001187946061949903
2018-12-27,63.02549743652344,63.161430184589406,63.01749959823628,63.1214531942799,2751800,62.6927848815918,62.18383858420632,62.29878333409627,62.1598790550232,70.75912427997135,0.15280127353194825,0.001232459573488776
2018-12-28,63.17745590209961,63.185447643623704,63.02552740521718,63.0575126730117,3495100,62.746635818481444,62.20854388150302,62.30480531056722,62.165801944732664,74.64398918742991,0.15226220568059848,0.0012839544413255526
2018-12-31,63.33733367919922,63.36931892555084,63.113443055299804,63.129432628194635,5651100,62.80609531402588,62.23702205311168,62.31248769760132,62.17248537063599,77.96152069055903,0.1608539102822592,0.0013366567492415918
2019-01-02,63.465301513671875,63.473293253219225,63.3693457340228,63.39333315379393,4142500,62.87075920104981,62.26465246027166,62.320974063873294,62.180081310272215,80.19511296881286,0.1620194128876875,0.00135027314669481
2019-01-03,63.71318435668945,63.76915704047668,63.465306199998174,63.4812957808381,4908400,62.94295082092285,62.29707780317827,62.33113218943278,62.18915027618408,83.65155355135494,0.1785956658859804,0.0014929199659990374
2019-01-04,63.52127456665039,63.553259826721394,63.44130836619058,63.5452619865625,4583600,62.99797096252441,62.32630310058594,62.339231141408284,62.19764911651611,73.02561512141273,0.19175054159004798,0.0017246999025352597
2019-01-07,63.42533493041992,63.57726342928722,63.40134750440217,63.54527816107483,4121700,63.04260959625244,62.35291803533381,62.3472531636556,62.20566825866699,68.3512224646279,0.19747810419650133,0.001789301747049972
2019-01-08,63.34535598754883,63.42531608403714,63.32936030791257,63.36934340643889,1745400,63.07686939239502,62.38009893243963,62.35480550130208,62.21278121948242,64.6367935873549,0.19521948779596393,0.0018122937775678024
2019-01-09,63.43330764770508,63.4572950642218,63.35334755912808,63.361339297591186,1989600,63.11233768463135,62.409600275213066,62.36335334777832,62.220256099700926,66.77506563046516,0.1940993929079922,0.0018192581245220821
2019-01-10,63.30534744262695,63.449277998676926,63.28136003337893,63.3853075069743,2579900,63.141008377075195,62.43735247525302,62.3698502222697,62.227285881042484,60.99635710514153,0.18957519472588505,0.0019074178509131052
2019-01-11,63.43330764770508,63.48928031976535,63.40932023118835,63.44129938616818,3097100,63.179266357421874,62.46786457408558,62.37859525680542,62.23390405654907,64.32148195346308,0.18904007340024925,0.0019048607978151644
2019-01-14,63.3773193359375,63.46527724183582,63.369321498884325,63.449281567729464,2395700,63.21233367919922,62.495771373401986,62.38851550420125,62.24028127670288,61.83742631556977,0.1890576803817936,0.0019331754037119622
2019-01-15,63.385353088378906,63.48930673729084,63.34537607773807,63.457321468438415,1742900,63.24301033020019,62.520793637362395,62.397714900970456,62.24591947555542,62.063820167314326,0.18391752540355405,0.0019331482670175365
2019-01-16,63.40931701660156,63.425306593280865,63.32135909345685,63.35334434737887,1697700,63.268904304504396,62.547550201416016,62.40711399714152,62.25171661376953,62.77324502528366,0.17706354132426835,0.0019041604035140486
2019-01-17,63.33733367919922,63.4172937447973,63.31334626957599,63.40930200863087,2394700,63.2864107131958,62.5709772976962,62.41591323216756,62.25750528335571,59.19246311991952,0.16506992948045354,0.0019152677353281744
2019-01-18,63.28937911987305,63.40132446765821,63.28138128058442,63.337353954477,3722400,63.295938682556155,62.594543040882456,62.42444388071696,62.26305418014526,56.86526700769733,0.1622122851928484,0.0018948841515876356
2019-01-22,63.401309967041016,63.4892678774072,63.39331212958158,63.40930780450044,3917700,63.31544666290283,62.621731081875886,62.43449846903483,62.269592170715335,60.74470964166754,0.1582132057130709,0.0018912089717334354
2019-01-23,63.465301513671875,63.51327635321414,63.3693457340228,63.3693457340228,2536100,63.33815422058105,62.65239153775302,62.444692293802895,62.275669231414795,62.80435215227916,0.1587825660824517,0.0018959509955246937
2019-01-24,63.601200103759766,63.64117708170041,63.56121702525786,63.585204432134496,2700300,63.36693935394287,62.68344019109553,62.45630165735881,62.28211347579956,66.78951357131092,0.14964114045557558,0.0019367248226266815
2019-01-25,63.52922058105469,63.5772014869092,63.49724144456526,63.53721841545714,2073100,63.39892177581787,62.717374766956674,62.46704778671265,62.28874441146851,62.94289437680078,0.13764704536240657,0.0018765643402155782
2019-01-28,63.55323791503906,63.593214900921254,63.52924440283478,63.53724224023621,2938200,63.425308799743654,62.75087786587802,62.476875114440915,62.2952611541748,63.694252210039046,0.1296526450039432,0.0018357842085736473
2019-01-29,63.68117141723633,63.68117141723633,63.60121134665909,63.60121134665909,1772300,63.450494575500485,62.78685191761364,62.48730761210124,62.30300323486328,67.47702115236638,0.13193542212465154,0.001815087402766298
2019-01-30,63.745155334472656,63.76914275063977,63.577237320739236,63.63320999198371,2961400,63.47088565826416,62.82297647649592,62.49919497172038,62.31083101272583,69.20517871366579,0.1376473044980488,0.0017517235899310645
2019-01-31,64.04103088378906,64.04103088378906,63.92109376059817,63.953079026971,3698100,63.49967212677002,62.86636199951172,62.5136796951294,62.320099124908445,75.64887408925598,0.14678713192793527,0.00196990839594263
2019-02-01,63.863075256347656,64.03942714334605,63.80696384827406,63.959268862624455,3335000,63.50716667175293,62.90376295609908,62.525693861643475,62.32836048126221,66.61971297600236,0.15036814324055012,0.0019197720914146564
2019-02-04,63.80696105957031,63.81497872199749,63.750849653949075,63.81497872199749,4078600,63.521450996398926,62.938407481800425,62.5361870765686,62.33735597610474,64.02470769361257,0.15153027605819908,0.0017916172470278605
2019-02-05,63.943241119384766,63.967294110569746,63.87911815661475,63.887129704657546,2400300,63.54734630584717,62.97610862038352,62.547750314076744,62.347774810791016,67.35092499832055,0.15270187544724628,0.0017911521519940528
2019-02-06,63.91917037963867,63.97528177341669,63.87909430733052,63.959252567630074,2724700,63.57603702545166,63.01250395341353,62.559442329406735,62.35885425567627,66.18690572691398,0.15214758732311445,0.0017583870448987897
2019-02-07,63.967281341552734,63.99933975869555,63.92719914659776,63.95926367942488,2474700,63.602735710144046,63.049629558216445,62.57094246546428,62.37033042907715,67.39967402163005,0.1504491518827977,0.0017462806007718119
2019-02-08,64.0634536743164,64.11155352002436,63.99932462382771,64.02337760452312,1538700,63.64064102172851,63.086044450239704,62.582980728149415,62.382834148406985,69.73638259012257,0.1521869369826427,0.0016630616456039006
2019-02-11,64.0394287109375,64.06347558417413,63.97529963851652,64.007364174727,2600900,63.67094707489014,63.12202252474698,62.59422639211019,62.39564727783203,68.41708001373945,0.14420745042003244,0.0016412013932776892
2019-02-12,64.03141784667969,64.03943551050484,63.97530643127478,64.00737097088981,1541200,63.70365200042725,63.15857758955522,62.60474700927735,62.4077956199646,67.95543250354913,0.1385073404227986,0.0016167331055870879
2019-02-13,63.935211181640625,63.97528725738411,63.89512899021338,63.96727571164567,1631600,63.73114490509033,63.19222627119584,62.61472902297974,62.418994445800784,62.50107129733882,0.13567971816835364,0.001677227324652036
2019-02-14,64.04742431640625,64.1195649112714,64.00734213102594,64.09551804631634,1895800,63.76305027008057,63.22806035822088,62.62531731923421,62.43059785842895,65.93543136536215,0.14142222319951564,0.0017029084967014757
2019-02-15,64.07147216796875,64.07147216796875,64.02337843731807,64.03940764230731,1917900,63.799757194519046,63.265199626575814,62.63610601425171,62.442798919677735,66.6405514719618,0.14028646682695214,0.0016594071881805362
2019-02-19,64.12757110595703,64.15161796661269,64.07145972586659,64.12757110595703,3792100,63.841666793823244,63.302635262229224,62.64709873199463,62.45524135589599,68.28956942776193,0.13687394815186898,0.001630187712935712
2019-02-20,64.10355377197266,64.13561830617665,64.06347157529652,64.1115714344448,1768400,63.87677898406982,63.339055564186786,62.658549531300864,62.467289733886716,66.76786997409698,0.12831975536469745,0.0016238602662986764
2019-02-21,63.975257873535156,63.99129318901454,63.943193358257346,63.99129318901454,3411400,63.902276802062985,63.37227582064542,62.6697211265564,62.478501071929934,59.18151364994097,0.11864010282176198,0.0017161762406274071
2019-02-22,64.11958312988281,64.19172986093021,64.02339564273238,64.06347172381686,1936600,63.92819595336914,63.40768599076704,62.682424767812094,62.49059070587158,64.12038524833811,0.11738331367033693,0.001722472935902417
2019-02-25,64.09552001953125,64.1195668852266,64.05544394860001,64.09552001953125,2244600,63.95651092529297,63.44088904640891,62.69453296661377,62.5027947807312,62.756973784773315,0.11394856930492381,0.0016949842060800795
2019-02-26,64.1836929321289,64.22377511686632,64.14361074739149,64.17567527204487,1405200,63.98803367614746,63.47294034090909,62.70724401473999,62.51579191207886,65.64002137218786,0.11165728690032647,0.0017075366836822006
2019-02-27,64.05545043945312,64.14362025070946,64.00735058750536,64.14362025070946,1323000,64.0067476272583,63.50062921697443,62.7196914990743,62.5275217628479,58.54172962943934,0.11738263536728206,0.0017547680735783878
2019-02-28,63.983314514160156,64.05546124641205,63.91918544453286,64.05546124641205,4028500,64.01865558624267,63.52468657060103,62.731405893961586,62.53857789993286,54.94259075158775,0.12139023699744758,0.0017739609289324338
2019-03-01,63.78565216064453,63.93830904098697,63.78565216064453,63.91420661352526,3035000,64.00588665008544,63.54399039528587,62.740681107838945,62.549036769866944,46.50547218864478,0.12520382092916194,0.0015846236524032565
2019-03-04,63.898128509521484,63.93830330489594,63.849923658922656,63.89812850952148,2531300,64.00763931274415,63.56519393920898,62.75254329045614,62.56150608062744,51.10653115922898,0.12980919225729032,0.0015195178084196073
2019-03-05,63.94633865356445,63.96241102496996,63.84992894438605,63.85796513008881,1924500,64.01460819244384,63.58843376853249,62.76447744369507,62.57445117950439,52.97356587010891,0.13326297806827928,0.0015120635980970932
2019-03-06,64.02667236328125,64.08291338961746,63.978461390841545,64.00256994196747,1629000,64.01877975463867,63.61226466785778,62.778202597300215,62.588071765899656,55.98937047258598,0.13328339803875774,0.001462010813127579
2019-03-07,64.21149444580078,64.24363306722294,64.10704852354023,64.14721720295648,2322200,64.03339595794678,63.63844056562944,62.79307228724162,62.60179481506348,62.023526128181786,0.1356124676323951,0.001586763098580599
2019-03-08,64.29183197021484,64.3159405314064,64.17934987057968,64.24362710746112,4388500,64.04962348937988,63.663902282714844,62.80828145345052,62.615919551849366,64.31390448229766,0.14193367693068332,0.0015992804190598114
2019-03-11,64.25970458984375,64.29987326872678,64.25166840214106,64.29987326872678,1891100,64.05943603515625,63.687038629705256,62.824080562591554,62.629805450439456,62.685723093214555,0.1396512930620847,0.0015795355115512052
2019-03-12,64.41233825683594,64.42841062796934,64.2918199925896,64.31592854928971,1958500,64.07808151245118,63.71092078469017,62.8412176767985,62.64351516723633,66.96466448747938,0.1465483864367602,0.0016492252571229259
2019-03-13,64.38018798828125,64.40429654061649,64.35608556575846,64.388224172393,1318600,64.09552001953125,63.73581237792969,62.85927467346191,62.65643831253052,65.26691600760341,0.1391121205340577,0.001656305315776917
2019-03-14,64.32398986816406,64.38826712431099,64.28382118043463,64.38826712431099,4058400,64.11495895385742,63.75968218716708,62.87765537897746,62.668415241241455,62.29391441714005,0.13111026028272224,0.0016265007700150642
2019-03-15,64.44445037841797,64.48462515992348,64.38820936219687,64.42838414370239,1639300,64.134810256958,63.785481331565165,62.89637978871664,62.678842277526854,65.88147983737056,0.13800283960248091,0.0016322241045380527
2019-03-18,64.40428924560547,64.43642171878794,64.34804209300677,64.41231929899521,5344200,64.15145111083984,63.81302164251154,62.914439551035564,62.69000743865967,63.70522682160014,0.1357280673222045,0.001645348345340804
2019-03-19,64.3721694946289,64.42037434833162,64.32395851111264,64.34003088222258,2702400,64.16368103027344,63.83750658902255,62.93289168675741,62.70112937927246,61.94289202271943,0.13001903107902127,0.0016469999884294124
2019-03-20,64.65338897705078,64.66945522189725,64.41235239564944,64.42842477031081,2528700,64.19117279052735,63.864341735839844,62.95408264795939,62.71346481323242,69.8160266485734,0.14151974003538928,0.0018854205671529549
2019-03-21,64.66943359375,64.7096083871524,64.6614035389198,64.68550596303609,1980500,64.22588157653809,63.88856173428622,62.97408777872722,62.72654888153076,70.19488022537281,0.13141667264867454,0.0017978809650709313
2019-03-22,65.02294921875,65.06312401033496,64.87832855078176,64.93456958111315,2734000,64.27104988098145,63.91688260165128,62.9966433207194,62.74112548828125,77.03453494687733,0.14863376352964255,0.0020801998035401992
2019-03-25,65.10334014892578,65.22385848175645,64.98282181609511,65.03906288744048,2034000,64.32144088745117,63.94215816151012,63.01986878712972,62.75696878433227,78.25649226680997,0.1578162338923162,0.0020674557296557444
2019-03-26,65.1194076538086,65.17564872094329,65.03905801805912,65.06316658667392,3527200,64.36822662353515,63.97121512673118,63.04420022964477,62.772106113433836,78.50269388543518,0.15781737438025598,0.0020658157812319107
2019-03-27,65.23991394042969,65.32829362789822,65.20778144481935,65.22384769262452,2121900,64.42744979858398,64.00420747236772,63.06861006418864,62.78823917388916,80.30399147155582,0.15724060796225103,0.001976016203364011
2019-03-28,65.27201843261719,65.29612085662889,65.18363879136577,65.2479160086055,1818300,64.49188499450683,64.03923769864168,63.095933024088545,62.80480772018433,80.76637603983988,0.15551856542199463,0.0019202359595658725
2019-03-29,65.22380065917969,65.23986689539936,65.13542103544248,65.14345721845811,1937000,64.5637924194336,64.07179211703213,63.12417688369751,62.821174697875975,77.81179063682649,0.16183231760692252,0.0017181199409857782
2019-04-01,64.96607971191406,65.12716348443743,64.93386172841898,65.12716348443743,4106700,64.61718997955322,64.10198724920099,63.151199150085446,62.83644956588745,64.27707058978635,0.17049180993800256,0.002048390693971654
2019-04-02,64.99829864501953,65.06273461904287,64.96608680296056,64.99829864501953,6305600,64.66978797912597,64.13044163097035,63.17868846257527,62.85121730804443,65.09448821399036,0.1733776825130978,0.002049715064715785
2019-04-03,64.9096908569336,64.94190883905122,64.86942298800038,64.90164097011801,2177300,64.7139389038086,64.1583029313521,63.20444701512655,62.86550266265869,60.96298068580125,0.17512266202329738,0.002103240479156324
2019-04-04,64.9741439819336,64.98220001582868,64.901658111738,64.93387610236495,1586000,64.75207138061523,64.18719003850764,63.2311395963033,62.88011028289795,62.81192891451618,0.16940170576124455,0.0020407094802111815
2019-04-05,65.0224838256836,65.03053371583673,64.9177738041497,64.92582983925715,2131700,64.78860397338867,64.2165203441273,63.25678005218506,62.89444839477539,64.18215885863418,0.17056967906666035,0.0020352382408533516
2019-04-08,64.95801544189453,65.03050128685186,64.9257974624853,65.03050128685186,3794200,64.82351951599121,64.24598728526722,63.282015260060625,62.909171962738036,60.956375754234465,0.1711616781486295,0.002051709645028304
2019-04-09,65.05464172363281,65.09491572081481,65.01437387140004,65.06269775205905,1919100,64.85563468933105,64.27808296897194,63.30818824768066,62.924221420288085,63.886110334590285,0.15970557469519622,0.0020193209668259832
2019-04-10,65.14326477050781,65.15937683358543,65.07883495305215,65.08688483963935,3414300,64.89378852844239,64.30975487448953,63.33470284144084,62.93951747894287,66.3780479713254,0.16317098182741013,0.002013824683788528
2019-04-11,65.03050994873047,65.09494591613162,65.00634799719306,65.08688988396845,2641800,64.9291145324707,64.3382132096724,63.36120370229085,62.95428886413574,60.64445174129857,0.1448300073081096,0.00205536516912593
2019-04-12,64.9096908569336,64.99023888470356,64.90164097011801,64.97412682116885,1821800,64.95237655639649,64.3620039506392,63.38702834447225,62.96794527053833,55.147595972328084,0.13681802966176093,0.0020976945602558554
2019-04-15,64.92581939697266,64.94192531964286,64.89360140667893,64.9016574404907,1671300,64.97845306396485,64.38739665638317,63.41325203577677,62.9809352684021,55.72453585711841,0.13051325895317337,0.0020851699661153184
2019-04-16,64.81309509277344,64.8775311087432,64.79698301630265,64.86141903227241,2002000,65.00049934387206,64.41030315052379,63.438734976450604,62.993597526550296,50.80567793267242,0.12479543085177218,0.0021312610631043128
2019-04-17,64.81309509277344,64.89363704025727,64.80503905453804,64.81309509277344,1797500,65.0084846496582,64.43088358098811,63.46349039077759,63.006338367462156,50.80567793267242,0.12308942517006573,0.0019093309013499644
2019-04-18,64.90165710449219,64.94998101720594,64.86138308059519,64.917763027079,1604600,65.02009582519531,64.45191088589755,63.487594795227054,63.019715251922605,54.46782274252197,0.12311003425990817,0.0019293926777688944
2019-04-22,64.83724212646484,64.90167812759097,64.80502412590178,64.90167812759097,1840100,65.01081047058105,64.4663874539462,63.51175759633382,63.03213954925537,51.46678376628874,0.10930396789765646,0.001488257543792517
2019-04-23,64.94996643066406,64.95802246262488,64.89358649684212,64.91774844777268,2643500,65.00314178466797,64.48614911166105,63.535933621724446,63.04469400405884,56.03221296027276,0.1110272128284586,0.0015167025522687797
2019-04-24,65.1191177368164,65.1271737702005,65.04663187121855,65.07884985980193,1370500,65.00312728881836,64.51000650579279,63.56198240915934,63.057739639282225,61.833998578291386,0.11447947586540762,0.0016335616696703864
2019-04-25,65.10304260253906,65.14331049859642,65.05471252433196,65.11914853197082,1238100,64.99628372192383,64.5310938054865,63.58862469991048,63.07098075866699,61.01006445336315,0.11505490944924901,0.0015748485420334156
2019-04-26,65.2479476928711,65.28016566071668,65.22378575322418,65.2479476928711,1622500,64.99508018493653,64.55525339299982,63.61753279368083,63.08514326095581,65.47588647376767,0.11965227705571989,0.0016550475078591206
2019-04-29,65.11106872558594,65.17550470970204,65.07885687848155,65.15939878614985,1737800,64.98944358825683,64.57604952725497,63.644345664978026,63.09846391677856,58.643019316761254,0.12425134777164816,0.0017131179236764473
2019-04-30,65.20769500732422,65.20769500732422,65.0788292387764,65.0788292387764,2376200,65.00152435302735,64.59685391512784,63.6738862991333,63.112031345367434,61.682905942696436,0.12367745417361574,0.0014832019787701137
2019-05-01,65.21176147460938,65.41360548904827,65.16332088227699,65.21983695992827,2035300,65.01219749450684,64.61816905628551,63.703062915802,63.12534315109253,61.810128306102754,0.13407384680352002,0.001481611578701991
2019-05-02,65.06646728515625,65.17950565887769,65.01802666769969,65.16335467986305,2061100,65.02003631591796,64.63698813698508,63.73109515508016,63.1383620262146,54.807993833357145,0.1381322777745869,0.001540027488282379
2019-05-03,65.1875228881836,65.22789414366024,65.13908230944263,65.1713780818662,1877500,65.03070526123047,64.6597574407404,63.759671974182126,63.15210426330567,58.97775829261784,0.14045784062398173,0.0015776160741170883
2019-05-06,65.26825714111328,65.324779360879,65.2521123353149,65.28440810670023,2261500,65.04299392700196,64.68195440118963,63.78978389104207,63.16640771865845,61.52728935363322,0.14681016631908708,0.001590984195328024
2019-05-07,65.36516571044922,65.39746149233635,65.32480060293322,65.3570902250298,3223200,65.06335144042968,64.705476101962,63.81944341659546,63.18060493469238,64.38831942147425,0.14683644993001974,0.0015905652452216487
2019-05-08,65.31672668457031,65.44590365542746,65.31672668457031,65.4136078727655,4750500,65.07645568847656,64.72709711248224,63.84790353775024,63.19526905059814,61.91004904344056,0.14973494886844207,0.001582041294882909
2019-05-09,65.38130187988281,65.45396275283655,65.28441455615534,65.43781794544321,1926100,65.0883575439453,64.75032889626243,63.877167065938316,63.21124111175537,63.904614492139345,0.1520679683147778,0.0015697801747429096
2019-05-10,65.37319946289062,65.45393578617268,65.35704850236223,65.38934426363238,4679900,65.10549201965333,64.7757460160689,63.905965169270836,63.22669998168945,63.45561948481702,0.15208463132343905,0.0015064836965123717
2019-05-13,65.51045989990234,65.55890046788255,65.47816413465308,65.49431509717141,3427000,65.13553047180176,64.8010346846147,63.935840892791745,63.242845153808595,67.60770662806378,0.15672182195428824,0.001472649340744608
2019-05-14,65.55085754394531,65.55892686866663,65.51048628117925,65.52663725020162,4478100,65.16678237915039,64.82749536687678,63.96492608388265,63.25919231414795,68.73365459504068,0.14752608118484897,0.0014721437356963393
2019-05-15,65.6477279663086,65.68809922246214,65.57506709697884,65.67194825608517,1940900,65.20851402282715,64.85411418568005,63.99481852849325,63.276102447509764,71.30903625790515,0.15100063148858972,0.0013906315369973982
2019-05-16,65.55085754394531,65.59122264692151,65.53470657492295,65.59122264692151,1862700,65.24540214538574,64.88130340576171,64.02423493067424,63.29288293838501,65.49893870622516,0.14642194100344902,0.001463651227185447
2019-05-17,65.56700897216797,65.64774534606056,65.52664386511692,65.63967602052465,1615200,65.27866973876954,64.91009785045277,64.05325555801392,63.30950777053833,65.996410028145,0.14299413147159815,0.0014528457913709862
2019-05-20,65.48626708984375,65.59929923574369,65.48626708984375,65.56700345694513,2188000,65.31112098693848,64.94101812189275,64.08166987101237,63.32589872360229,61.242396701351986,0.14186315842532032,0.0014667765811055909
2019-05-21,65.4539566040039,65.49432785837845,65.43781179812724,65.48625237554583,1747000,65.33632049560546,64.9693059054288,64.11021273930868,63.34197008132934,59.39846592376194,0.12802254795960163,0.0014523515049598816
2019-05-22,65.5750732421875,65.61543834233491,65.49433688210325,65.49433688210325,4000500,65.35911827087402,64.99891926158558,64.13943325678507,63.35797565460205,63.79857193902119,0.12571875734683857,0.0014006503322687343
2019-05-23,65.80919647216797,65.86571252601348,65.64771763276089,65.64771763276089,5334000,65.39442596435546,65.03132879083807,64.17033958435059,63.3748752784729,70.46236872641913,0.13494821629840967,0.0015654364862169728
2019-05-24,65.80919647216797,65.82534127621474,65.76882522236923,65.80919647216797,1770100,65.42248840332032,65.0603779185902,64.20084835688273,63.39232789993286,70.46236872641913,0.12918104352341686,0.0015177285712232806
2019-05-28,65.94644165039062,65.95451713142438,65.86570531941466,65.9141458860428,1910600,65.46425704956054,65.09046173095703,64.23230183919271,63.41054578781128,73.74774160406724,0.13033220838294163,0.001437230204370245
2019-05-29,65.93033599853516,66.09180875637202,65.93033599853516,66.00299689162448,3142700,65.5003890991211,65.1208368474787,64.26281003952026,63.42809059143067,72.72548128856448,0.13263905031006423,0.0014356785565894368
2019-05-30,66.10792541503906,66.13215186220913,65.9383772435781,65.99489330073176,2253600,65.54519729614258,65.15166570490057,64.2935354868571,63.44589134216309,76.58040367075193,0.13494388366669036,0.001507207053276266
2019-05-31,66.39862823486328,66.39862823486328,66.19678415059892,66.23715543136883,5898700,65.61180534362794,65.1883646184748,64.3257527033488,63.46510622024536,81.25169884591195,0.148787850524817,0.0015606953726399271
2019-06-03,66.58718872070312,66.61956048237955,66.39296432492678,66.47389064197674,3787000,65.68178863525391,65.22951368852095,64.35847794214884,63.48546152114868,83.54444775224081,0.15170893284344902,0.001603397085173479
2019-06-04,66.4738540649414,66.53050307313366,66.38483331288518,66.4900430240128,2906700,65.74206848144532,65.26641193736683,64.38972721099853,63.504894466400145,77.41637215154714,0.16270096420442468,0.0017173256534061805
2019-06-05,66.4738540649414,66.5871520813259,66.41720505674915,66.50622580880538,7341700,65.79750289916993,65.30404038862748,64.4209098815918,63.52416942596435,77.41637215154712,0.16503706035156135,0.0017235691847078615
2019-06-06,66.45767974853516,66.57097777935668,66.41721351997907,66.49813980281164,2995300,65.85455055236817,65.34195875688033,64.45248931248983,63.54300807952881,76.48776702748982,0.16794726520813036,0.0017029676438633976
2019-06-07,66.63574981689453,66.72477062667224,66.587195256755,66.65193878646292,2490100,65.91727294921876,65.37800168124112,64.48515412012736,63.56234210968017,79.41524500354606,0.1783750792933765,0.001750594649251181
2019-06-10,66.49812316894531,66.57096112727064,66.47384590759623,66.57096112727064,2417400,65.97351913452148,65.4112505826083,64.51620664596558,63.58114587783813,71.95805099102276,0.181865919536117,0.001863584670332575
2019-06-11,66.44957733154297,66.50622634018785,66.42530006702073,66.45767181114334,3362100,66.02047500610351,65.43718927556819,64.54585781097413,63.5995096206665,69.47969541370497,0.18360950617296773,0.001871521959601278
2019-06-12,66.56287384033203,66.56287384033203,66.46575861016507,66.48194756899893,1904400,66.07107582092286,65.46372625177557,64.57565504709879,63.61843984603882,71.91115636109706,0.18016770406282895,0.001884333701906832
2019-06-13,66.67617797851562,66.7085497248776,66.59525169975035,66.60334617991066,1946300,66.1224983215332,65.49203116677025,64.60546636581421,63.637778511047365,74.13076284658345,0.1698131755427994,0.0018894441254090088
2019-06-14,66.68426513671875,66.70044792098321,66.60333886683921,66.61142717183212,2260700,66.17916870117188,65.51829209761186,64.63607565561931,63.657552547454834,74.28694473097231,0.17271267556411982,0.0018216685652964032
2019-06-17,66.68426513671875,66.70854240025476,66.60333886683921,66.60333886683921,2792600,66.23503150939942,65.5439693104137,64.6666849454244,63.677800540924075,74.28694473097232,0.1698471665754866,0.0018268559490244043
2019-06-18,66.83802795410156,66.94323766928355,66.78947342357391,66.8946831387559,3342000,66.3026195526123,65.5733188975941,64.69845603307088,63.69901494979858,77.30791341901707,0.1768114361989106,0.001785836423609264
2019-06-19,67.06464385986328,67.06464385986328,66.7247435539483,66.74902699844819,2496900,66.38315391540527,65.611474609375,64.73324829737345,63.72112548828125,80.87433604055954,0.18667461064469698,0.001822977144395417
2019-06-20,67.1698226928711,67.27502621651742,67.15363991010936,67.18600547563281,2171600,66.46289138793945,65.65095686479049,64.76778434117635,63.74368276596069,82.26734759083944,0.1809374347039768,0.0018189118857148735
2019-06-21,66.98371124267578,67.06464370893265,66.9351567023459,67.04845474596915,2398100,66.52161712646485,65.68866632634943,64.79950313568115,63.765792560577395,72.24082529184301,0.18151385135200623,0.001933711735607859
2019-06-24,67.1051025390625,67.14556877144999,67.04845351828814,67.07273078800856,2803800,66.58641242980957,65.72741102738814,64.83090120951334,63.78843013763428,74.42987126684292,0.17862114570602472,0.0019324366904602363
2019-06-25,67.12936401367188,67.21029645940395,67.08080948565562,67.16173575710896,2699800,66.64555854797364,65.76571793989702,64.86143506368002,63.81071382522583,74.85663360347203,0.17573114207542367,0.0019188026524724227
2019-06-26,66.97561645507812,67.12128623625341,66.96752197437958,67.11319175555487,2195800,66.69782257080078,65.80240159468217,64.88862199783325,63.833218574523926,67.2022107865252,0.1763081263550441,0.002033629108266096
2019-06-27,67.1698226928711,67.1940999541527,67.03224742942326,67.08080195198649,2021400,66.75091743469238,65.8408594304865,64.91902656555176,63.856496486663815,71.2072351019471,0.17283617070772245,0.00204428174465915
2019-06-28,67.22649383544922,67.24267662354085,67.12937858405917,67.13747306524503,2554600,66.79231071472168,65.87873632257634,64.95070288976034,63.880730686187746,72.27131287430197,0.16936432286367772,0.001861313719898914
2019-07-01,67.22159576416016,67.28648459859062,67.1242532294194,67.2540432757404,2354400,66.82403106689453,65.91857424649325,64.98300488789876,63.904703006744384,72.02356358227223,0.17517182972111353,0.0017912303820171998
2019-07-02,67.35140991210938,67.37574400955599,67.21351256742342,67.26218076231662,3127100,66.86790885925294,65.96296913840554,65.01565574010213,63.9291263961792,74.51689720113941,0.1786671821027923,0.0017423053479997958
2019-07-03,67.47309112548828,67.50553865384339,67.39197539896715,67.41630949805017,1720800,66.91787071228028,66.0092831698331,65.05038693745931,63.95467279434204,76.62025855776719,0.17927095761625264,0.0017532272167565296
2019-07-05,67.15677642822266,67.20544465607823,67.01887899014054,67.18922397637203,2356800,66.95282554626465,66.05189555775036,65.08141584396363,63.97867725372314,62.23878966800469,0.2047783205593774,0.0021272642529440626
2019-07-08,67.14856719970703,67.2621303618519,67.13234654314127,67.2296828599922,1761500,66.97846641540528,66.09435868696733,65.11284290949503,64.00335334777832,61.913989623599115,0.2065340552233122,0.0020694198056753956
2019-07-09,67.05936431884766,67.15670686246138,67.05125708176112,67.15670686246138,1839400,67.00652847290038,66.13358972722834,65.14345966974894,64.02805864334107,58.35061411040973,0.19556814437584485,0.002029665677555283
2019-07-10,67.11618041992188,67.1729620523664,67.06751221746478,67.14051452115042,2097200,67.03985862731933,66.17502496892756,65.17435019810995,64.05265193939209,59.93238480796659,0.17940367491897088,0.0020131111925646844
2019-07-11,66.89716339111328,67.14051057784017,66.864715861803,67.09184237824148,3024100,67.0565731048584,66.21042855002663,65.20401544570923,64.07595216751099,51.770208418002376,0.18407598630347316,0.0021580557393119774
2019-07-12,66.9539566040039,66.97829070801333,66.87284086106101,66.89717496507043,2265000,67.07046203613281,66.24378925670277,65.23455359141032,64.09993238449097,53.53727272096605,0.1748462617625545,0.0021362161765746705
2019-07-15,67.05127716064453,67.05127716064453,66.94582115963429,66.94582115963429,2245900,67.0888126373291,66.27921170321378,65.26496998469035,64.12463640213012,56.47980115983905,0.17081758120798543,0.0021539998717349084
2019-07-16,66.9620361328125,66.98637022450185,66.88902766901309,66.9376958523918,2294100,67.10270118713379,66.31037694757634,65.29410943984985,64.14810249328613,53.155438912822525,0.1731577610567793,0.0021833568036960086
2019-07-17,67.16483306884766,67.17294030747688,67.03504298599871,67.05937707934994,2062300,67.1190414428711,66.34771811745384,65.32380638122558,64.17234523773193,59.05354998205091,0.17666219929764232,0.0022254416239457005
2019-07-18,67.28650665283203,67.31084693604267,67.10805456374513,67.14049589722852,3323200,67.13013458251953,66.3855146928267,65.3551170984904,64.19719635009766,62.134056617389795,0.17554140452785358,0.0021341627978768846
2019-07-19,67.2135009765625,67.26216916306296,67.17294002865762,67.20538754923518,2167300,67.1323184967041,66.42190995649858,65.38561929066977,64.22226568222045,59.253572757638274,0.1755605891487631,0.002124937587860937
2019-07-22,67.28650665283203,67.35140169726294,67.26217255835346,67.34328826952606,1725500,67.14745826721192,66.46227430863814,65.41566375096639,64.24714454650879,61.191116726265335,0.17382268568656453,0.002029822670987304
2019-07-23,67.22970581054688,67.28648741100315,67.1810376355073,67.25404608679696,1799600,67.15368843078613,66.49940490722656,65.44470167160034,64.27332675933837,58.846533011388466,0.1697682267717196,0.002007454579830666
2019-07-24,67.29461669921875,67.35139831305968,67.27028260596289,67.28650327188954,2535800,67.16195106506348,66.53624780828302,65.47181488672892,64.30062715530396,60.69972501149211,0.16745135254163301,0.002016204053786119
2019-07-25,67.22159576416016,67.28648459859062,67.10803256799429,67.27026393716551,2199000,67.17425003051758,66.57000108198686,65.49980255762736,64.32811809539795,57.55960455356034,0.1483350665328272,0.0019573712139847447
2019-07-26,67.22159576416016,67.26215051208794,67.1891482525799,67.26215051208794,2413500,67.17683868408203,66.60463506525213,65.52825784683228,64.35572816848754,57.55960455356034,0.1442792408754993,0.0018501776868707688
2019-07-29,67.26216888427734,67.30272983201411,67.22972136383427,67.29461640472041,1771900,67.17862243652344,66.63883264715021,65.55591557820638,64.38294569015503,58.928775330566026,0.14254240424362052,0.001845461909554403
2019-07-30,67.24591827392578,67.28647301487186,67.19724392056993,67.27836577992002,1968800,67.17983856201172,66.67288208007812,65.58363847732544,64.41032011032104,58.12001494540379,0.14080178715670502,0.0018463335116179242
2019-07-31,67.3270492553711,67.44872588333772,67.14859102618409,67.26215422862484,2628700,67.17862052917481,66.70591097745029,65.61163654327393,64.43722721099853,60.997953926982184,0.14254036866502315,0.001813670540289553
2019-08-01,67.8092041015625,67.84172724539484,67.43519725222379,67.45958805930918,3278400,67.19542617797852,66.74697182395242,65.64285113016764,64.46662427902221,72.91156596035606,0.17177095031298148,0.002398061897987704
2019-08-02,67.87427520751953,67.90679216008631,67.7848380800667,67.84175205179508,5392400,67.23130111694336,66.78745450106534,65.67480818430583,64.49642623901367,74.06305857959367,0.17294938452793623,0.002099804857420369
2019-08-05,68.16693878173828,68.21572659369976,68.05311089241938,68.10189870438086,4284300,67.28221969604492,66.83501961447976,65.70927085876465,64.52745336532593,78.49151391941571,0.1857495198528493,0.0022552448672728724
2019-08-06,68.33767700195312,68.35393546816822,68.1588028578179,68.19132599340193,4939700,67.3461353302002,66.88539539683948,65.74595807393392,64.55988971710205,80.5752196489062,0.1846229795447018,0.0022315945534511343
2019-08-07,68.33767700195312,68.70355142175418,68.32141233258419,68.6628959514857,5516400,67.40721015930175,66.9372392134233,65.78171017964681,64.59252443313599,80.5752196489062,0.19743345932130602,0.002241606135100383
2019-08-08,68.39462280273438,68.43527208878707,68.12631146152826,68.21574857526363,3244200,67.48208312988281,66.99070587158204,65.81773643493652,64.62560266494751,81.27684597235411,0.21139017382733474,0.002016591999712877
2019-08-09,68.27265930175781,68.49218280487462,68.25639462558239,68.42714270964221,2832800,67.5480182647705,67.03975289084694,65.8522788365682,64.65819025039673,75.02632398567313,0.2183821351553194,0.002117836582269776
2019-08-12,68.57349395751953,68.63041412627392,68.44340755179284,68.48406304285825,3008000,67.62412910461425,67.09001284512607,65.88952833811442,64.69184549331665,79.26261755310604,0.23640254995470297,0.0022514573586187026
2019-08-13,68.46778106689453,68.63039678691456,68.40273477888651,68.60599977654498,3299800,67.69941635131836,67.13835074684836,65.92696603139241,64.72413875579834,74.48142412574441,0.24397180034864924,0.002264011861198345
2019-08-14,68.7116928100586,68.7686067540413,68.66290499867723,68.72795127841594,3395400,67.77675933837891,67.18862804066052,65.96523361206054,64.75800868988037,77.8077093070325,0.25213191148595676,0.0022907523103891845
2019-08-15,69.0450668334961,69.12637160831724,68.78488783217439,68.84180179486486,4358100,67.86468734741212,67.24525951038707,66.00647983551025,64.7929898071289,81.38013569534945,0.2765373785395714,0.002433945546043829
2019-08-16,68.97191619873047,68.99630701857095,68.77677723368937,68.92312835589087,3913600,67.95260810852051,67.29733207009055,66.04638169606527,64.82788307189941,78.39793540677043,0.289905630821912,0.0024326384865343293
2019-08-19,68.75236511230469,68.81741141383176,68.70358348773775,68.73610663850128,3640100,68.02590103149414,67.34012728604404,66.08552265167236,64.86211505889892,70.0954110236494,0.30269874629982596,0.0026311422225211004
2019-08-20,68.93122863769531,68.93122863769531,68.84992387498818,68.8987054919813,2568100,68.11097717285156,67.3827461936257,66.12675526936849,64.89787631988526,72.63772195561691,0.2940365083167547,0.0026111551788946053
2019-08-21,68.89871215820312,69.02067241564184,68.82553972563372,68.86618900934238,2532300,68.19118194580078,67.4268345225941,66.16936410268148,64.93290225982666,71.4485338284847,0.27121184402992476,0.002639131649456106
2019-08-22,68.76864624023438,68.9231234893696,68.73612308169058,68.82556021689645,3232600,68.26853446960449,67.46855801669034,66.20995175043741,64.96843139648438,66.74168560216249,0.2758580102913117,0.0026811890704972635
2019-08-23,69.02069091796875,69.09386957331148,68.71985636272959,68.74425338328251,3100100,68.35848922729492,67.51515821977095,66.25223801930746,65.00498201370239,70.76137521472441,0.2781838548914308,0.0027239582519595065
2019-08-26,68.98001098632812,69.10197123326029,68.9312293688176,69.05318961574976,2358800,68.44438133239746,67.55778115012428,66.29351584116618,65.04136907577515,69.30542382441106,0.27644165875517196,0.002753488081778084
2019-08-27,69.2158203125,69.22395265229098,69.06134307541795,69.08573389163314,2450800,68.54287643432617,67.60719382546165,66.33521855672201,65.07865665435791,72.79921892946588,0.26657041424037586,0.002769645438167391
2019-08-28,69.24021911621094,69.35404706358698,69.22395443620985,69.34591472358643,3352400,68.63853492736817,67.65793276700107,66.37645511627197,65.11658361434937,73.13989043514832,0.2543751373709589,0.002780133221145484
2019-08-29,69.19954681396484,69.2076791519904,69.06945421818125,69.2076791519904,2812400,68.70805206298829,67.70587227561258,66.41762046813965,65.15355123519898,71.53158985269535,0.24973061728077742,0.0024569461157552958
2019-08-30,69.19137573242188,69.2482896604193,69.11007100716168,69.13446180442445,2861800,68.7739070892334,67.75160314386541,66.4574457804362,65.1900005531311,71.19288999942715,0.2340494621908858,0.0024700812275503647
2019-09-03,69.2549819946289,69.40980745632167,69.13275169418152,69.24683786698606,3345800,68.82830924987793,67.79834345037287,66.49806906382243,65.22692707061768,72.29269680298802,0.23757758748460742,0.0023412241808424923
2019-09-04,69.38534545898438,69.39349580150044,69.22236969311214,69.23867037814426,2864100,68.8806926727295,67.84745400168678,66.54024702707926,65.26426666259766,74.44605083923315,0.228313331859002,0.0023213516749972262
2019-09-05,69.02679443359375,69.18161983327002,68.92086486464564,69.14087434381138,3162800,68.91514854431152,67.88724975585937,66.57843322753907,65.29977376937866,60.51551885135212,0.2318706030075798,0.0026719255859580637
2019-09-06,69.10828399658203,69.14087914703558,69.03494957072851,69.06754472118206,2764600,68.95083160400391,67.92440684925427,66.6176331837972,65.33501201629639,62.24469685458149,0.2208559682672302,0.0026752960005021523
2019-09-09,68.7905044555664,68.89644027248578,68.77420998513531,68.8312499569801,2618400,68.97672386169434,67.95387379039417,66.65445264180501,65.36866136550903,52.57521971265068,0.22555177544251542,0.002869963052990046
2019-09-10,68.44010162353516,68.75789658173898,68.41565681396402,68.7416021143214,2425900,68.97005424499511,67.9803536155007,66.68600858052572,65.40075742721558,44.38710667716238,0.23955064088621267,0.0029537587292130492
2019-09-11,68.39937591552734,68.48086070255916,68.37493110110688,68.38307522798654,2030200,68.96663398742676,68.00388585870917,66.71709143320719,65.43233163833618,43.53839367795511,0.23317899170365206,0.002936864903863439
2019-09-12,68.26898956298828,68.59493490069762,68.228250281331,68.57049008832522,3025200,68.94449882507324,68.02460632324218,66.74414176940918,65.46329383850097,40.84563260522178,0.2460135782527664,0.002836084142453215
2019-09-13,67.87784576416016,68.17934000879231,67.86969542279772,68.13860073575795,3111300,68.88613777160644,68.04101049249823,66.76726264953614,65.49253900527954,34.043453997121674,0.24781935893909995,0.0028074651729218156
2019-09-16,68.05712127685547,68.12231158501278,67.96749237425162,68.06527161959762,2971000,68.8403980255127,68.05714319402522,66.79174359639485,65.52248155593873,39.05327261429508,0.2530853558255239,0.0029127925176032823
2019-09-17,68.21192932128906,68.26896927216809,68.04895980931711,68.10599976019613,2974900,68.81337623596191,68.07506020285867,66.81651039123535,65.55303901672363,43.07423670947342,0.2513759127461047,0.00291994726569318
2019-09-18,68.26083374023438,68.48084946770467,68.22009446184747,68.35861919876447,2557800,68.77985649108886,68.09395543878729,66.84141718546549,65.58360246658326,44.323885535734355,0.2607111552695786,0.0028478279368035703
2019-09-19,68.35862731933594,68.45641278948234,68.33418250602196,68.44011210267938,2631100,68.7528522491455,68.11226848255504,66.8675407409668,65.61453548431396,46.837128495948,0.26248359464231286,0.002879939668350462
2019-09-20,68.60311126708984,68.61125539637649,68.4075402601439,68.44013542796823,2436700,68.74457550048828,68.13281430331143,66.89784933725993,65.64620428085327,52.59798492330266,0.27065569634109365,0.002987499341441343
2019-09-23,68.65196990966797,68.82308980080477,68.64381956716913,68.69271540527235,2365800,68.72613945007325,68.15999963933771,66.92829659779866,65.67735977172852,53.678271813515295,0.2665787514535773,0.0028610776955691345
2019-09-24,68.8882827758789,68.90457724461807,68.70901253529802,68.73345734685176,3043500,68.72155303955078,68.19163083163174,66.96145153045654,65.70913837432862,58.59347767652616,0.2723988390651349,0.0029766278806505077
2019-09-25,68.56234741210938,68.81495212405837,68.51345778189756,68.80680799695034,3009500,68.68887939453126,68.21895779696378,66.99135322570801,65.73864931106567,50.615873350460326,0.26599486761103563,0.0030323581159829895
2019-09-26,68.67642974853516,68.749770413294,68.64383458829691,68.70087456449106,2909900,68.66068992614746,68.24732596657493,67.0218027750651,65.76841175079346,53.02659393371552,0.27123331673552137,0.003065077808121946
2019-09-27,68.7497787475586,68.78237391174824,68.66828772863857,68.66828772863857,2778400,68.63820152282715,68.28100988214666,67.0534008026123,65.7985009765625,54.562396481606676,0.2555199004257318,0.0030821759177140904
2019-09-30,68.79863739013672,68.83123253964153,68.63566785950171,68.66011266740804,5258400,68.61856460571289,68.31454953280362,67.08460076649983,65.82915342330932,55.603664067456606,0.24271397460697738,0.0030906136759023474
2019-10-01,68.86563110351562,69.02078481336368,68.6124744279241,68.63697828452099,5383100,68.59909706115722,68.34753778631037,67.11562048594156,65.85990171432495,57.05684023142444,0.2643126020346419,0.0030917502595331613
2019-10-02,69.02079772949219,69.08612889866548,68.93913688318717,69.00446805236047,3741400,68.58086967468262,68.38496981534091,67.14887288411458,65.89114660263061,60.29822101662853,0.25387068601915835,0.003106459791924181
2019-10-03,69.24942016601562,69.3555785869873,69.09426027894015,69.10242822834411,3149600,68.59200096130371,68.42287139892578,67.1850372950236,65.9229365158081,64.54464287109899,0.24926259439805523,0.0029772233307144244
2019-10-04,69.36375427246094,69.39641984339998,69.26575755964382,69.29842313058286,3309600,68.60477447509766,68.46063953746449,67.22202008565267,65.95481925964356,66.47578157060556,0.2423007270074647,0.0029875093290649595
2019-10-07,69.18408966064453,69.31474570069645,69.1759217111663,69.24942079583047,4701400,68.62445373535157,68.49646842262962,67.25844504038493,65.98524560928345,60.86562344226292,0.24000237689629753,0.0028486759161939624
2019-10-08,69.2167739868164,69.3474300622777,69.16777250698698,69.33926834090751,3876100,68.66328735351563,68.53156419233842,67.29514236450196,66.01627372741699,61.50214030214858,0.23362647753023374,0.0025514977847541616
2019-10-09,69.13512420654297,69.23311472121442,69.07795476588775,69.23311472121442,3187900,68.7000747680664,68.56620816317472,67.33042125701904,66.04689359664917,58.92378765976701,0.23073939939299798,0.0025688054105944113
2019-10-10,68.92280578613281,69.07795952181895,68.88197224865993,69.06162984502366,3683300,68.73276557922364,68.59581160111861,67.36446762084961,66.07638013839721,52.73292352641345,0.23077681945317505,0.0026393796425761363
2019-10-11,68.66963958740234,68.73497074620967,68.56348112708211,68.71864107166894,3411200,68.77235527038575,68.62213967063211,67.39546489715576,66.10528047561645,46.46416572964255,0.24073011412001627,0.0024153067047855414
2019-10-14,68.78396606445312,68.80029573753,68.73496458457919,68.79212778583073,1600400,68.80869750976562,68.6505464033647,67.42600529988607,66.13407281875611,49.39007667827725,0.23201931520412802,0.002381141756370352
2019-10-15,68.60430145263672,68.78395898961178,68.57163587952115,68.74312546563708,2408500,68.82831611633301,68.6749488136985,67.45518245697022,66.16120704650879,45.20852672508937,0.2204125431291725,0.002443038942610756
2019-10-16,68.67780303955078,68.7186365687102,68.61247188502445,68.63697574071318,2549900,68.84916458129882,68.70098308216441,67.48376458485922,66.18790939331055,47.17879230832461,0.2151919799069475,0.0024475828929594605
2019-10-17,68.67780303955078,68.76763181944403,68.61247188502445,68.6614733660801,2420600,68.86512336730956,68.72554224187678,67.51348737080892,66.21397190093994,47.17879230832461,0.21812581928622773,0.002433842950950015
2019-10-18,68.71048736572266,68.79214821600232,68.70231941159764,68.71048736572266,2467600,68.87049217224121,68.74192921031604,67.54267730712891,66.23895841598511,48.14052003563169,0.2123244261656357,0.002305196970858649
2019-10-21,68.54713439941406,68.66962250380247,68.54713439941406,68.63696316284602,2328000,68.86525039672851,68.75416301380504,67.57047208150227,66.26408771514893,43.843916105050525,0.19482746765627976,0.002363440094826534
2019-10-22,68.66963958740234,68.71047311923748,68.57164907951359,68.68597549226529,4545600,68.85431823730468,68.76330302845348,67.60049851735432,66.29030923843384,47.61959891635252,0.19074467656153413,0.002260593459633484
2019-10-23,68.70230102539062,68.80029775769431,68.69413930377337,68.77580013219885,4250400,68.86131591796875,68.76993255615234,67.62978833516439,66.31709396362305,48.611638414035305,0.17616448461845177,0.001989578233098857
2019-10-24,68.71048736572266,68.81664584805387,68.69415768779614,68.74315295189923,2353700,68.86301879882812,68.7767109264027,67.65847358703613,66.34347986221313,48.87300471523602,0.1744136619665499,0.00195551976411157
2019-10-25,68.59613037109375,68.751290278731,68.55529684898266,68.751290278731,2157500,68.85533638000489,68.78037470037287,67.6853982925415,66.36993377685548,45.3993096586929,0.17499658114181418,0.001974288647624899
2019-10-28,68.44914245605469,68.4736400786397,68.40014721088467,68.46547212767099,2861600,68.83786163330078,68.78358348499646,67.71150175730388,66.39501295089721,41.33280640667922,0.17616269577884022,0.0020145535880717793
2019-10-29,68.46548461914062,68.53898373062661,68.44915494454499,68.53898373062661,2729800,68.81785430908204,68.78161967884411,67.73720328013103,66.42045377731323,41.955317235830634,0.17149707572493003,0.0019976356069608668
2019-10-30,68.68597412109375,68.69414207336216,68.50631655312122,68.5471500841412,2831800,68.80111312866211,68.78558682528408,67.76480973561605,66.44695688247681,49.70895204365488,0.1697474683205371,0.0020727304684823307
2019-10-31,69.01261138916016,69.0207731096531,68.84112180399332,68.87378114660712,3058400,68.78927268981934,68.79105807217685,67.79399433135987,66.4749733543396,58.543729780163524,0.1679956347140126,0.002222644584397287
2019-11-01,68.95122528076172,69.04125111892637,68.83664807655022,68.95122528076172,2771900,68.76864624023438,68.78935186212713,67.82233072916667,66.50304281234742,56.53370486512603,0.17327755558890448,0.002185443214495938
2019-11-04,68.75485229492188,68.79576918329947,68.71392916255094,68.78758955201995,2444500,68.74718437194824,68.78540524569425,67.84822343190511,66.53037017822265,50.55408430496297,0.17506083653739068,0.0022003973272887397
2019-11-05,68.51748657226562,68.58296106229335,68.43564658172649,68.57477519004213,2890600,68.7122200012207,68.78113472678444,67.87294534047444,66.55595106124878,44.43591798042178,0.18969445061752715,0.002299820984750726
2019-11-06,68.66478729248047,68.69752453093382,68.52565871204605,68.54202420927783,3147000,68.68870315551757,68.77629033868963,67.89876015981038,66.58194849014282,48.593622148115436,0.19147145234957058,0.0023679166436680493
2019-11-07,68.3128662109375,68.43562928771891,68.14100040103929,68.43562928771891,3767100,68.65820617675782,68.76563859419389,67.92231515248616,66.60550682067871,40.74855370737378,0.22071728913454486,0.0025315670894222454
2019-11-08,68.24742126464844,68.41110127518004,68.23923539092421,68.29652401900948,2130600,68.63709526062011,68.75616177645597,67.9455940246582,66.62909782409668,39.472333032298444,0.2213253547022051,0.0024194513375562308
2019-11-11,68.28831481933594,68.3619689189841,68.23920584224771,68.33741755243472,1926100,68.61231269836426,68.74284584738992,67.96820437113443,66.65277320861816,40.72165134246934,0.21842709448170336,0.002385265687440394
2019-11-12,68.32925415039062,68.37836314362696,68.23922828078078,68.31288864863951,3072600,68.59856033325195,68.73101390491833,67.9892048517863,66.67601362228393,42.012060422765956,0.21903257252128988,0.0023331281200221895
2019-11-13,68.45201110839844,68.50929972535991,68.41108799171555,68.46838285266797,2690800,68.58727073669434,68.71712646484374,68.01122830708822,66.69954790115357,45.820576164562915,0.22314381642925799,0.0023593846422447816
2019-11-14,68.6484146118164,68.71388908782711,68.64023498530734,68.68933772032052,2299700,68.58580131530762,68.70636638294567,68.03374474843343,66.7225848197937,51.32841658048117,0.22784985569213895,0.0024550442647186706
2019-11-15,68.62383270263672,68.68112128265184,68.58291585633272,68.59928134605694,2342200,68.58146858215332,68.6958988536488,68.05619055430094,66.74638860702515,50.63459883636931,0.2208657318428564,0.00245328613374177
2019-11-18,68.72208404541016,68.77937265849734,68.7057123022478,68.73844954458198,3553000,68.59021606445313,68.6873662775213,68.07797520955404,66.77096422195434,53.34889385321416,0.22555849479204884,0.002411429570379769
2019-11-19,68.79573822021484,68.8284754625788,68.72208410788888,68.7302699794775,3712600,68.59652099609374,68.67901639071378,68.09795112609864,66.7952267074585,55.331687338157366,0.21682520643112774,0.002390775151653875
2019-11-20,68.98394775390625,68.99213362216649,68.86937057421486,68.91847329580031,4924100,68.61060333251953,68.67171825062145,68.117924118042,66.82055059432983,60.00909963790827,0.20693923595914857,0.0024620934815316386
2019-11-21,68.86943054199219,68.902167799551,68.80395602687457,68.89398192416293,2779600,68.61855049133301,68.66885708895596,68.13788725535075,66.84506134033204,56.15595132827864,0.2051812848631148,0.0024973429487727523
2019-11-22,68.91034698486328,68.95127011754523,68.85305834550458,68.94308424221016,3119700,68.63426132202149,68.66525823419744,68.15819136301677,66.86929580688476,57.21306474011406,0.19524668870810608,0.002463314198778534
2019-11-25,68.97581481933594,69.00036619896999,68.93489793461012,68.95944931424417,3444700,68.66059494018555,68.66862751353871,68.1791758219401,66.89397773742675,58.91977022473054,0.1788762244874858,0.0024027574697113485
2019-11-26,69.09034729003906,69.10671902850848,69.03305869337358,69.07398179555838,3207400,68.69183807373047,68.68045016202059,68.19963080088297,66.91927238464355,61.79118733247844,0.17536667095208205,0.0024191449329133263
2019-11-27,68.98394775390625,69.0330504754917,68.96757601738577,69.00031324643874,2293000,68.7067367553711,68.69107874090021,68.22034600575765,66.94451606750488,57.75258896169307,0.14672269818151915,0.002366573024547352
2019-11-29,68.98394775390625,69.00031324643874,68.90210780326782,68.98394775390625,2535100,68.7053035736084,68.70407798073508,68.24146575927735,66.96919868469239,57.75258896169307,0.1414612381040245,0.0021120097777430702
2019-12-02,68.80352783203125,68.80352783203125,68.69690881059,68.75432001557407,3745800,68.69791870117187,68.72090856378729,68.26013787587483,66.9928589630127,51.17487426655113,0.15319522857401427,0.0021835133243857433
2019-12-03,69.17257690429688,69.24639486278696,69.00034334428675,69.03315063057677,3393600,68.71880493164062,68.7411895751953,68.28094120025635,67.01808399200439,60.96777214596956,0.17489038342469496,0.002401733246717105
2019-12-04,69.03315734863281,69.12337583037262,68.942938866893,69.1069753143066,3876800,68.74458847045898,68.75612099387429,68.3005153020223,67.0427320098877,56.3681133748144,0.17843270217002274,0.002302861524241905
2019-12-05,68.9593505859375,69.00035500771865,68.87733548502406,68.9265432941019,2850000,68.75931663513184,68.7688213001598,68.31947434743246,67.06765247344971,54.04362742195109,0.17085726532574239,0.002284890038440386
2019-12-06,68.86917114257812,68.97579020847733,68.78715599516684,68.81996330560229,4121700,68.78713188171386,68.77810391512784,68.33640054066976,67.09140041351318,51.26208450116355,0.17731646439655435,0.0019500906364944164
2019-12-09,68.8855972290039,68.9676124068468,68.8774000913695,68.95941526921239,2795100,68.81904067993165,68.78324002352628,68.35157515207926,67.11535079956055,51.7492278516229,0.17323798642570104,0.0019241780380554524
2019-12-10,68.83635711669922,68.93477903840385,68.81175320061158,68.92657564725661,2700500,68.8464427947998,68.78659251819957,68.3654629389445,67.1386141204834,50.13162744909755,0.17442615932738903,0.0019417877836470216
2019-12-11,69.06600952148438,69.09881683228731,68.92658314358792,68.95118706235145,2581800,68.88328056335449,68.78982391357422,68.38281542460123,67.16366691589356,56.898613202944034,0.17914503887284944,0.0020498892876848005
2019-12-12,68.7379150390625,69.02497732885423,68.65589992370151,69.01677394011247,4645900,68.8975757598877,68.79301605224609,68.39642219543457,67.18743991851807,47.07122371846161,0.19558202964079133,0.0023405389962419354
2019-12-13,69.04960632324219,69.08241363277581,68.77895071260559,68.91837708510766,3877700,68.91763534545899,68.79980108087713,68.412424214681,67.21375968933106,55.01947240689912,0.2131739454745524,0.0024663210134973678
2019-12-16,68.86093139648438,68.95114988821362,68.8445308786024,68.93474937033164,2876500,68.92949028015137,68.80182203813033,68.42813517252604,67.23857370376587,50.11367035077274,0.22139224765548704,0.002554930656345532
2019-12-17,68.86917114257812,68.97579020847733,68.8445672240902,68.95938968193694,3282700,68.93684463500976,68.8031044699929,68.44229640960694,67.26318786621094,50.3219956732839,0.22141501731367239,0.002537765580287821
2019-12-18,68.77894592285156,68.88556497839507,68.72973809065518,68.88556497839507,3786100,68.93600502014161,68.80152837579901,68.45523351033529,67.28694923400879,47.96021049033394,0.22377613267700067,0.0025461288268820194
2019-12-19,68.828125,68.88553619936184,68.75431328254253,68.79531770645731,3240600,68.92821388244629,68.79802523526278,68.46862125396729,67.31003238677978,49.355461249823406,0.22613452365188635,0.0024704401714543177
2019-12-20,68.84455108642578,68.86095160912178,68.74612917819026,68.78713987096002,3646300,68.92696990966797,68.79066397927024,68.48106409708659,67.33279598236084,49.83920962501992,0.2138333441958348,0.0024440871704544207
2019-12-23,68.80098724365234,68.8831917705715,68.74344783760387,68.87497006361461,4192500,68.92150192260742,68.78043185147372,68.49212989807128,67.35550239562988,48.515644052606966,0.1921816943538295,0.0024433851218782694
2019-12-24,68.86672973632812,68.88317314579592,68.72699211246794,68.74342925061252,1682800,68.91604766845703,68.77466167103161,68.50637950897217,67.37777435302735,50.64576098070166,0.18693476549126586,0.0024435071026154657
2019-12-26,68.93248748779297,68.93248748779297,68.81740871239349,68.89960694177556,2036400,68.90815467834473,68.76949282559481,68.52124551137288,67.4005358505249,52.75148659214709,0.18402454490488956,0.0024221110573523327
2019-12-27,69.03111267089844,69.0393281019523,68.99001043034349,69.01466926614789,1940300,68.91051292419434,68.76760170676492,68.53767674763998,67.42407146453857,55.79761740777921,0.17818214496552034,0.0024209930454154507
2019-12-30,69.00645446777344,69.00645446777344,68.82562089667518,68.85027973494667,2562000,68.9116382598877,68.76912259188565,68.55342903137208,67.44688148498535,54.84556640683028,0.18582860996227676,0.002422597086510142
2019-12-31,68.93248748779297,68.98180517115763,68.85850469142306,68.92426578345788,5931300,68.91808624267578,68.77390164462003,68.57039006551106,67.46952247619629,51.98042832076366,0.18760889128785557,0.0023579781561329817
2020-01-02,69.02288055419922,69.13795928480405,68.99000002098063,69.03110225533399,5511000,68.9106014251709,68.77824554443359,68.58763109842936,67.49277603149415,55.06949476236795,0.18353832567521217,0.0020332683440167395
2020-01-03,69.26947784423828,69.28592124714824,69.12974027610717,69.1955013451056,5368300,68.92241744995117,68.79033966064453,68.60611610412597,67.51585647583008,62.21131079467908,0.17303340390136615,0.0021383514860606485
2020-01-06,69.18731689453125,69.30239569157726,69.13799920188984,69.29418025701976,3710400,68.93381576538086,68.7996035489169,68.62466011047363,67.53844589233398,58.85463160033809,0.16016896789951676,0.0021420840599661113
2020-01-07,69.12976837158203,69.21196660557641,69.10510952851604,69.21196660557641,3029900,68.94684562683105,68.80782110040838,68.64103457132975,67.55897998809814,56.55293005249059,0.15315337021527245,0.0021274298149638942
2020-01-08,69.02288055419922,69.21193578105553,68.9653411888968,69.15439641575311,3674400,68.95370979309082,68.8135009765625,68.65550435384115,67.57857769012452,52.450013541075116,0.1613941993418148,0.0021624734649574357
2020-01-09,69.10511016845703,69.12976901175136,68.93249199407335,68.97359424711279,5886600,68.9671474456787,68.8236459905451,68.6712677637736,67.59850620269775,55.146033778060946,0.16435492290882386,0.002166591011864799
2020-01-10,69.2201919555664,69.24485079993096,69.12977201201402,69.1790959720667,4525700,68.97485656738282,68.83365603360262,68.68738180796305,67.61840759277344,58.67725511571709,0.16496333109843928,0.0020692003388978206
2020-01-13,69.17908477783203,69.19552191430742,69.12976082576073,69.19552191430742,3735700,68.99691505432129,68.84232482910156,68.70362663269043,67.63794292449951,56.95248000935791,0.16322109530373602,0.0017370335846784643
2020-01-14,69.27770233154297,69.28592403332857,69.19550412764988,69.21194125990012,3492300,69.00831985473633,68.85263782848011,68.72015234629313,67.65821243286133,59.99086690942577,0.1608707611986578,0.0014566352680929207
2020-01-15,69.38458251953125,69.38458251953125,69.30237802431985,69.37636081574561,2594300,69.03450241088868,68.86697332208807,68.73817723592123,67.68030494689941,63.03596947930769,0.15734927224582204,0.0013157996942883706
2020-01-16,69.3434829711914,69.40102235728567,69.30238072198576,69.35170467529709,4784100,69.05821800231934,68.88323405872691,68.75585962931315,67.70203086853027,61.10987019712973,0.15617519081013853,0.001332728071109051
2020-01-17,69.33525085449219,69.34347255736314,69.25305263974795,69.26948977416808,3090600,69.08603324890137,68.89904799027876,68.77313531239828,67.72415866851807,60.70973411439398,0.15500302775900515,0.0012805022274936526
2020-01-21,69.50789642333984,69.5325552703644,69.3928176230091,69.45035702317446,2910600,69.12002182006836,68.91399203213778,68.79198513031005,67.74682743072509,65.77160934471365,0.15441821644821577,0.001362127967381035
2020-01-22,69.56542205810547,69.56542205810547,69.50788266932582,69.53254151147095,4192100,69.15606536865235,68.92404313520952,68.81063823699951,67.76954212188721,67.28404443431847,0.14796033162173522,0.0013627198052974159
2020-01-23,69.68870544433594,69.72980768537677,69.63938777214413,69.68870544433594,3104800,69.20045127868653,68.93745186545632,68.8263007481893,67.79319557189942,70.31168067937638,0.1450256052117506,0.0013615800530814351
2020-01-24,69.79557800292969,69.86955452101134,69.70515807772613,69.72981691708667,4548400,69.2468936920166,68.95637415105647,68.84231160481771,67.8169002532959,72.6726379751911,0.13915477547792068,0.0013746555175265197
2020-01-27,70.02574920654297,70.0339646403859,69.95176640269179,70.00930579621001,3208600,69.3015567779541,68.98379710804332,68.85780169169108,67.84131267547608,76.92817136072028,0.14443978603283472,0.0014947080297712603
2020-01-28,69.90245056152344,69.98464880138965,69.85313287186845,69.97642709600592,3993400,69.34512367248536,69.00630007657138,68.87084147135417,67.86567237854004,70.58695276941923,0.1491368758624166,0.0015898289234029307
2020-01-29,70.09973907470703,70.14084133703507,69.9846602657782,70.00931911464514,4177500,69.39978790283203,69.03878867409446,68.88552532196044,67.8916226196289,74.24520459975918,0.14855088895905258,0.0016441121689687974
2020-01-30,70.11613464355469,70.23942880375805,70.05859527835297,70.16545230763603,4795700,69.45897026062012,69.07276528098366,68.89987125396729,67.91757419586182,74.5287310189904,0.14737635379669964,0.0015914706663892704
2020-01-31,70.2969741821289,70.34629812174985,70.1818954418817,70.19833884552901,6264000,69.52267494201661,69.10928636030717,68.91674054463705,67.94499359130859,77.47427667584992,0.15383512856250242,0.0016353393728759473
2020-02-03,70.23355102539062,70.2665020724392,70.09350750424181,70.20059997834205,6030800,69.57087860107421,69.14390993985263,68.93057435353597,67.97209587097169,74.23203280649724,0.16190909628260336,0.001557005140328004
2020-02-04,70.0193862915039,70.0523373451077,69.95348418429631,70.04409801051405,4180900,69.61248207092285,69.17240767045455,68.94350439707438,67.99768451690674,64.42716082023603,0.1742824952538728,0.0017222910973436099
2020-02-05,69.90406799316406,69.96997010720366,69.87935627159209,69.92877971473604,3537200,69.65119705200195,69.19523773193359,68.9534408569336,68.02301864624023,59.84359766864857,0.17665034039126834,0.001767005987196146
2020-02-06,69.9699935913086,69.98646598296139,69.89585211693698,69.9452818614426,3435700,69.69855270385742,69.2197133844549,68.96114857991536,68.04811878204346,61.52864552664739,0.17607692830016117,0.001697241746353565
2020-02-07,70.18412017822266,70.20883817668684,70.10998503713864,70.15940846452798,4169700,69.7525032043457,69.24629585959694,68.97125027974447,68.0734437942505,66.45263441069872,0.18667794643836036,0.0017763091026588257
2020-02-10,70.29125213623047,70.3406755913831,70.2418223963048,70.307724526357,2785500,69.80605621337891,69.27348702170632,68.98407433827718,68.09938484191895,68.61689069640775,0.18376730338752015,0.0017729198843364463
2020-02-11,70.17591857910156,70.28300481469172,70.16767924258775,70.25829308992263,3799400,69.85589790344238,69.29515921852806,68.99444675445557,68.12402469635009,63.84185020579433,0.18848398230631094,0.001829835648186381
2020-02-12,70.0935287475586,70.12647980459367,70.06058397529502,70.10176808301024,4127500,69.89668922424316,69.31741554953835,69.00440355936686,68.14893699645997,60.597672899353014,0.1849803377731141,0.0018687842081713299
2020-02-13,70.1594009399414,70.20883064679893,70.101738185915,70.13468922889706,2852500,69.93543014526367,69.34012562144886,69.01599318186442,68.17369552612304,62.249392230566386,0.18029839652775234,0.0018573853977542647
2020-02-14,70.23355102539062,70.29944683471815,70.22531169243608,70.28297445357867,3069000,69.97993354797363,69.36299355246804,69.02610034942627,68.19880447387695,64.07499160847959,0.17327405776493318,0.0018402010978497067
2020-02-18,70.34066009521484,70.4065622107487,70.28299731531563,70.37361115298177,3645200,70.03020401000977,69.38572651256214,69.03743909200033,68.22517543792725,66.58848084056419,0.17330226138518764,0.0018412613892777696
2020-02-19,70.33238983154297,70.37358020683145,70.2829664090119,70.31591745228891,3109600,70.07142868041993,69.41024364124645,69.04674383799235,68.25089977264405,66.20332389221883,0.16274676297860985,0.0018013459025104672
2020-02-20,70.50540924072266,70.50540924072266,70.39008368069287,70.4148016876464,8404000,70.11842803955078,69.43790657737038,69.05728708902994,68.27708553314208,70.09980681001636,0.1621886118196534,0.0018489696187235609
2020-02-21,70.67841339111328,70.78549962992427,70.62075060332697,70.64546232883932,6561500,70.16791343688965,69.47199540571732,69.06961097717286,68.3036517715454,73.40194367088273,0.1657548197486857,0.0018763747335508016
2020-02-24,70.90086364746094,70.99971688788037,70.89262430623201,70.98323820542251,6314500,70.22317771911621,69.50341880104759,69.08385670979818,68.33157245635986,76.92995934906536,0.17417173538297095,0.0019471533265438055
2020-02-25,70.95849609375,71.04910995415455,70.90083329938103,70.91730569001221,7928900,70.26981506347656,69.53842496004971,69.09805266062419,68.3594584274292,77.75327344084188,0.16475815064577098,0.0018556894586170343
2020-02-26,70.91729736328125,71.08205267411448,70.84316218698567,70.90906431131896,8015900,70.32055740356445,69.57402399236506,69.11081892649332,68.38717891693115,75.67421556341293,0.171819612589842,0.0017922242512680513
2020-02-27,70.99967193603516,71.15618161163879,70.94200915349235,71.05733471857795,9514600,70.36555404663086,69.6127603704279,69.127259572347,68.41462497711181,76.99854845698957,0.1824103541850651,0.001727101538791833
2020-02-28,71.46920013427734,71.55981395911064,71.17264694114489,71.2714938156752,16377200,70.43320732116699,69.6597349687056,69.14693387349446,68.44421669006347,82.7598891134412,0.20536017116343938,0.0021783663690645555
2020-03-02,71.42215728759766,71.73581461908005,71.39739619244449,71.66152503629219,10154400,70.48946647644043,69.7067495172674,69.16886431376139,68.47308883666992,80.58206256155658,0.21835038641166143,0.0021718643201865248
2020-03-03,71.85139465332031,72.23932910282936,71.43043700277843,71.45519810622257,9323900,70.57035865783692,69.75739288330078,69.19729175567628,68.5045915222168,84.57152951872322,0.26789316652516043,0.00242277861635036
2020-03-04,71.83487701416016,72.14027862473613,71.8101159127975,72.02472262015709,7445600,70.66113319396973,69.81370128284802,69.22592093149821,68.53593086242675,83.85754457527592,0.2832380313917377,0.002241287085593985
2020-03-05,72.1072006225586,72.22275652921937,72.04116687665969,72.12370591037102,5385000,70.77128982543945,69.86929390647195,69.25790602366129,68.56903553009033,85.96179932723106,0.30270786109308595,0.0021965245665421457
2020-03-06,72.60249328613281,72.85011686250586,72.35487600708892,72.80884416733396,10176200,70.90291481018066,69.93732230446555,69.2972780863444,68.60477821350098,88.81706124359822,0.3457700286052656,0.0024897312585367257
2020-03-09,72.4456558227539,73.72503365010552,72.40438942991156,73.67551145976336,12445600,71.01599159240723,70.00234929865057,69.33384920756022,68.63913112640381,83.0563023769086,0.4277438168078283,0.002626227137361346
2020-03-10,71.47166442871094,72.37961304200358,71.47166442871094,72.17326222940562,14177600,71.07501220703125,70.05130781693892,69.36101366678874,68.66744346618653,57.92805342585119,0.490842216538073,0.0042666146894569405
2020-03-11,70.11801147460938,72.0081858859121,70.0519839931331,71.62850110378062,10511600,71.07211685180664,70.07476029829546,69.37649014790853,68.68898754119873,39.87280920571021,0.6182123939380233,0.006138984168420432
2020-03-12,66.30464172363281,70.06847836612513,63.135090105749725,68.90466310843944,16986900,70.88267250061035,70.02858012806286,69.35937360127767,68.69077854156494,20.493992146686523,1.0969860353421683,0.013627304039414036
2020-03-13,69.102783203125,69.705324241871,67.27038639438027,67.42721507719345,14137500,70.82984161376953,70.034067327326,69.36353753407796,68.7066407775879,42.55583492965737,1.3169416797329612,0.016928299128759264
2020-03-16,69.8291244506836,69.87039713847422,65.62782428351144,67.12180238107771,8411000,70.80962028503419,70.05156541304154,69.37334715525309,68.72524677276611,46.691046344231694,1.6093914083179084,0.017108648290227735
2020-03-17,68.38467407226562,69.92818077950108,68.33515188077341,68.96246026143174,13629700,70.71182098388672,70.04160516912287,69.36915041605631,68.73517700195312,40.45423767792932,1.7061155805749695,0.01770479499232311
2020-03-18,66.73387145996094,68.23610557231461,66.28815281598844,67.22086279770694,10076800,70.53189506530762,69.99983714710582,69.35391311645508,68.73591041564941,34.74251320476762,1.8388039382835157,0.018423582697683346
2020-03-19,66.6926040649414,67.33641777526344,65.6856108063028,65.81767208920866,11007200,70.34125480651855,69.95776713978161,69.33738123575846,68.73700416564941,34.610956369163816,1.9167085772753123,0.018393152095065986
2020-03-20,67.8233871459961,68.13704442795647,66.6017937975708,66.6100432964338,8864500,70.1985034942627,69.93760167902167,69.32966130574545,68.74375183105468,41.183157200719705,2.0021965918288913,0.018882733772142772
2020-03-23,69.3255844116211,69.3255844116211,67.02270967775561,67.030965469602,10973300,70.1197395324707,69.94310538552024,69.33405253092448,68.75809135437012,48.5773778723197,2.108318228874161,0.019613324892501137
2020-03-24,69.39993286132812,69.53199415636473,68.29388881591571,68.46722280789905,9371200,70.04181137084962,69.94547729492187,69.33850504557292,68.77191226959229,48.91965208408068,2.173171273767761,0.019614630711835893
2020-03-25,70.33261108398438,70.69579053381338,69.449429846986,69.449429846986,9655500,70.01257705688477,69.96630082563921,69.34943682352701,68.79108470916748,53.13392935770236,2.2380268564410497,0.019876377216715903
2020-03-26,70.65451049804688,70.72880005838299,70.19228673533846,70.20054253033724,10803800,69.99531898498535,69.99402340975675,69.36114590962728,68.812109375,54.528316364550385,2.2232837909479977,0.019903563657042954
2020-03-27,71.03422546386719,71.10025925733542,70.33263372592236,70.46470131285884,4975200,69.97357025146485,70.03059331720526,69.375066502889,68.83446613311767,56.18437609313253,2.1837824560350763,0.019883641389903704
2020-03-30,71.10848999023438,71.45515783774908,71.00118353934154,71.00118353934154,6030800,69.95788688659668,70.06701840487393,69.39110317230225,68.85662769317626,56.517920491927136,2.1466383777754032,0.019884843967899534
2020-03-31,70.44818115234375,71.33136256630458,70.44818115234375,71.191045495238,8523900,69.88772621154786,70.08934548117898,69.40136489868163,68.8754472732544,52.678147713437106,2.06999405785982,0.019934384065578174
2020-04-01,70.81216430664062,71.35814898651655,70.77080584722384,71.24233520194491,5995000,69.83659057617187,70.11903783624822,69.41534023284912,68.896086769104,54.512692990935165,1.6362116625250454,0.019978913207464862
2020-04-02,71.14307403564453,71.29197839654638,71.05207657557236,71.24234571337205,6356100,69.78838424682617,70.1529536854137,69.43384246826172,68.91761199951172,56.17607096326353,1.4275782033584434,0.019989914058601312
2020-04-03,71.10997772216797,71.25060785403467,71.00243814686608,71.18443305228338,4151200,69.71375846862793,70.18432450727983,69.45417861938476,68.93783866882325,55.95567702597886,1.1422636928017158,0.01991511291559578
2020-04-06,71.33329772949219,71.39120459343142,71.14302871290624,71.39120459343142,4373100,69.65814056396485,70.22050295743075,69.47542304992676,68.95865604400635,57.17652854628797,1.0485635479828435,0.019931995090603838
2020-04-07,71.3995132446289,71.46569435872414,71.19270199661516,71.3333384419121,6009600,69.65453300476074,70.25803500088779,69.4987164815267,68.98073505401611,57.55223147979675,0.918311484113686,0.01970164579270673
2020-04-08,71.58150482177734,71.58150482177734,71.3085124723716,71.39124201683016,4572300,69.72770767211914,70.29573697176846,69.52291399637858,69.00311706542969,58.626616548590995,0.8198961541454791,0.019185806418381444
2020-04-09,72.36737823486328,72.36737823486328,71.76348675090455,71.76348675090455,5070700,70.03084449768066,70.3466816295277,69.55366045633951,69.02930713653565,62.98359425580178,0.7663692100526417,0.01411381797245925
2020-04-13,72.13573455810547,72.29291306909565,71.92065548255441,72.29291306909565,7018100,70.18249206542968,70.39117306795987,69.5822041829427,69.05510772705078,60.94625269720641,0.6337869256557411,0.011044582745829727
2020-04-14,72.13573455810547,72.29291306909565,72.06128556534767,72.29291306909565,5818300,70.29782257080078,70.43372136896306,69.61210918426514,69.07993728637695,60.94625269720641,0.561895651605666,0.010877518220369356
2020-04-15,72.4914779663086,72.50802640088335,72.13576235949405,72.16885291726501,3922500,70.50316276550294,70.47855280095881,69.64395783742269,69.10626220703125,63.073696130080165,0.4959266637694252,0.009529730193889491
2020-04-16,72.5328598022461,72.63213149890922,72.3839554129414,72.4914950174581,3459600,70.7931121826172,70.5263784235174,69.67587916056316,69.13281852722167,63.323981273784035,0.4753311468353739,0.007130725842632443
2020-04-17,72.43359375,72.68176985530704,72.31777991722485,72.55768180265352,3528300,71.08016166687011,70.56881214488637,69.7069050470988,69.15822944641113,62.23428709493619,0.4465000330260257,0.007159315655942482
2020-04-20,72.31778717041016,72.41705888476564,72.2516060275065,72.40878466405738,3705200,71.30488166809081,70.6088421908292,69.73791885375977,69.18245292663575,60.91726226244218,0.42707242046073696,0.006594060804305174
2020-04-21,72.40878295898438,72.55768737132063,72.33433390850675,72.54941315080721,4513000,71.45904159545898,70.64723871404475,69.77091585795084,69.20871295928956,61.60482703068114,0.38112376238571144,0.004869136424539332
2020-04-22,72.35083770751953,72.40047038154313,72.2432981433425,72.3425634913897,3240100,71.60658683776856,70.685734835538,69.803293800354,69.23472431182861,60.87045450072688,0.32794640391921653,0.004909582150710444
2020-04-23,72.46665954589844,72.52456644249094,72.38393630953465,72.44184320612715,2587200,71.71328926086426,70.73023071289063,69.83479951222738,69.26176078796387,61.849404010023235,0.3060831642810484,0.00412015337456906
2020-04-24,72.44185638427734,72.48322116567324,72.35913313286508,72.43358216572227,2272600,71.80265655517579,70.77637232000177,69.86337655385336,69.28838916778564,61.494595757061845,0.29722018754101803,0.004073609287520894
2020-04-27,72.18537902832031,72.42528076443556,72.16883059886321,72.40873233497844,3117300,71.86021423339844,70.81665205522017,69.89032783508301,69.31483024597168,57.802032276219485,0.2966343956946379,0.004087178769538219
2020-04-28,72.40048217773438,72.42530483016819,72.30121681351389,72.3839400541572,3118800,71.92481384277343,70.85694954612039,69.92070808410645,69.34206287384033,59.97287253988403,0.29427249853313037,0.00411578154819572
2020-04-29,72.45011138916016,72.5576509563388,72.36738815968597,72.49974406456909,4867500,72.02491035461426,70.89620153253729,69.95347995758057,69.36905704498291,60.478056914937156,0.2883632447650655,0.0033482136735861843
2020-04-30,72.39222717285156,72.56594790257535,72.38395295389905,72.54113155709763,5390100,72.10391349792481,70.93649805242364,69.98454195658366,69.39620800018311,59.53427848624421,0.245229068735805,0.003260252344418789
2020-05-01,72.36233520507812,72.4866640508593,72.2462907330494,72.42864181484495,4857100,72.16487655639648,70.977749078924,70.01828753153482,69.42219551086426,59.02204788231363,0.23048982341444965,0.003164577338107526
2020-05-04,72.43697357177734,72.46183935502818,72.337504114821,72.39552638372395,7276600,72.23122634887696,71.01915949041194,70.05320046742757,69.44794784545898,59.9486804545561,0.22282609030439257,0.0031493808247232634
2020-05-05,72.37065887451172,72.4203967637802,72.3457930918539,72.37065887451172,3625600,72.28309440612793,71.0580159967596,70.0872200012207,69.47373363494873,58.67906315779561,0.2027467072433607,0.0031300494379888004
2020-05-06,72.04736328125,72.34576520602981,71.99763173510351,72.31260873394866,5006600,72.31548690795898,71.08904696377842,70.11820424397787,69.49753791809081,52.80738136924262,0.21166463963196033,0.003337415216621378
2020-05-07,72.27945709228516,72.31261356658213,72.08881527001611,72.26288201711209,3425600,72.35038452148437,71.12444818670099,70.15009962717691,69.52278667449951,56.1961366946055,0.20461180729267067,0.0033628908332233066
2020-05-08,72.07228088378906,72.25463844939922,72.03084000684902,72.2214819534742,3078900,72.33562965393067,71.15293676202947,70.17863184611002,69.54667499542236,52.56749236721676,0.2093710475028589,0.00236817162235487
2020-05-11,71.84842681884766,72.08880648524483,71.8069796500395,72.05565001498832,4344300,72.32126426696777,71.17420973344282,70.20550346374512,69.5698091506958,48.89380995466237,0.2123658070953494,0.002361927754946909
2020-05-12,72.08055114746094,72.17172990440866,71.93135012008767,72.0059537957509,3942700,72.31850509643554,71.19565859707919,70.23349068959554,69.59410392761231,52.59347834344333,0.22363854066100178,0.002483453674564892
2020-05-13,72.16343688964844,72.27119704838118,72.12199602578836,72.22974986056813,2628900,72.30210304260254,71.21756661155007,70.26155484517416,69.61861026763916,53.87742417064003,0.2248469096573475,0.002214815676582657
2020-05-14,72.36233520507812,72.36233520507812,72.26286580450376,72.30431296906377,2844700,72.29357681274413,71.24384002685547,70.28970807393392,69.64419235229492,56.89444174903991,0.23019050127317087,0.002308060499314579
2020-05-15,72.40380096435547,72.53642687743282,72.34577870837204,72.53642687743282,2871300,72.29208717346191,71.2693696455522,70.31916116078695,69.66957611083984,57.518333201813064,0.22430638581935977,0.0022933516082612408
2020-05-18,72.27119445800781,72.43697055541224,72.1717250051935,72.43697055541224,3573700,72.2897575378418,71.28395136052912,70.34716822306315,69.69188606262207,54.78736843457718,0.22611493927442236,0.0023023653987769063
2020-05-19,72.36233520507812,72.37061957883058,72.2462907330494,72.33746311197247,3083000,72.28743515014648,71.30104550448331,70.37538922627768,69.71432636260987,56.322344328211656,0.2214053713550186,0.002302448423120259
2020-05-20,72.55305480957031,72.58621131199419,72.33754070579317,72.42043512383098,4388600,72.29754600524902,71.31380296186967,70.40424512227376,69.73625694274902,59.42655438359646,0.22616791832107047,0.0023691336363105223
2020-05-21,72.62762451171875,72.68564678280144,72.57788661939556,72.61104310629327,5762200,72.30559425354004,71.32821655273438,70.43460909525554,69.75770668029786,60.6054614033198,0.21846925085115845,0.0023539816740875347
2020-05-22,72.65249633789062,72.6773621241435,72.61933984823551,72.6773621241435,3710300,72.31612625122071,71.33813102028587,70.46518033345541,69.77928077697754,61.01236775812658,0.21373261054407372,0.0023519813677109216
2020-05-26,72.61102294921875,72.66076082773453,72.55300069424324,72.66076082773453,5193900,72.33740844726563,71.33828610506924,70.49690945943196,69.80036277770996,59.901298271357945,0.21491687151320654,0.002195410307529398
2020-05-27,72.64419555664062,72.76024009235786,72.58617328878199,72.73537430955459,7606400,72.34959411621094,71.34189591841265,70.52583961486816,69.82222045898438,60.52058085519436,0.20070541895375374,0.0021036636684594046
2020-05-28,72.66907501220703,72.66907501220703,72.52816466717408,72.56961186227981,7381900,72.36054229736328,71.36366701993076,70.55613892873129,69.84269836425781,61.00697841960118,0.19182399464666947,0.002100637261406966
2020-05-29,72.87627410888672,72.89285551099742,72.63589436989733,72.71049803149154,6196500,72.38474464416504,71.4138172496449,70.58877995808919,69.86474082946778,64.886888184148,0.1924199986226662,0.0021709704687381706
2020-06-01,72.81732177734375,72.81732177734375,72.70936042014303,72.74257442533383,4345600,72.40749397277833,71.53222961425782,70.6216812133789,69.8852689743042,62.96713035172414,0.18421191673254864,0.0021799434313504477
2020-06-02,72.87542724609375,72.87542724609375,72.77576626116075,72.80898658947176,5445500,72.42941665649414,71.6008231423118,70.65492979685466,69.90442077636719,64.09471356902537,0.16823748097340488,0.0021765310875011047
2020-06-03,72.7093734741211,72.81733485070482,72.63462610869131,72.77580783256234,5036400,72.44635238647462,71.6531913063743,70.6872049331665,69.92310806274413,58.60311992161555,0.17181999786499041,0.0022372247285668903
2020-06-04,72.53496551513672,72.78411495326473,72.5017515037775,72.75920127667862,6341700,72.47073249816894,71.72865115079013,70.71611289978027,69.94202106475831,53.42553424071693,0.17778179315481527,0.0020481862618278493
2020-06-05,72.52670288085938,72.52670288085938,72.27755331321957,72.41873511135167,6465600,72.48309478759765,71.83397535844283,70.74768613179525,69.95999843597411,53.1857949997034,0.18255065264455592,0.001933757155823357
2020-06-08,72.6014175415039,72.659551574656,72.43532211425055,72.48514947519968,4491000,72.50955162048339,71.94140833074397,70.7772845586141,69.97851196289062,55.14583532631865,0.17962093194360612,0.0018033693346865575
2020-06-09,72.65120697021484,72.76747496567378,72.65120697021484,72.74255496424927,5445200,72.54969062805176,72.02918687300249,70.80887018839518,69.99792476654052,56.454260884621085,0.1826015446856561,0.0016076989989083953
2020-06-10,72.95850372314453,72.95850372314453,72.66783365574798,72.7841016827066,3951600,72.59358825683594,72.09523995139382,70.8429479598999,70.0176138305664,63.52612166419245,0.18678912659484684,0.0017075623739049263
2020-06-11,72.82564544677734,73.0332678764136,72.81733877547445,73.0332678764136,5026500,72.62669868469239,72.15752563476562,70.87667045593261,70.03684200286865,59.06032261556422,0.19274177857399113,0.0017852933824233652
2020-06-12,72.9003677368164,73.00833542759347,72.82562672270807,72.9418947465202,4087300,72.65360031127929,72.20421211936257,70.91060581207276,70.05526473999024,60.73229314418901,0.20164795207237773,0.0017083474870551428
2020-06-15,73.04986572265625,73.13291341687008,72.90868400887943,72.96681802844242,4486100,72.68590354919434,72.24776403253729,70.94565010070801,70.07431297302246,63.90816530994465,0.21056120539826192,0.001748977717565385
2020-06-16,72.95850372314453,73.15781943562612,72.90036970966523,73.15781943562612,9338500,72.72026901245117,72.28275090997869,70.98029607137045,70.09310775756836,60.6783607024242,0.21651712842576387,0.0017136414377790855
2020-06-17,72.97513580322266,73.0332698316318,72.84225440335382,73.02496316010652,3900300,72.7509090423584,72.3166899247603,71.01453278859456,70.11202655792236,61.064136840935504,0.22009606294326595,0.0017042362725204967
2020-06-18,73.05817413330078,73.08308780854513,72.98342677143467,73.03326045805643,2988600,72.77616500854492,72.36414434259588,71.04891351064046,70.13104251861573,63.01508229038479,0.20945255324486464,0.0016333299657052707
2020-06-19,73.08308410644531,73.09969111038927,73.03325675848068,73.03325675848068,2606400,72.79893798828125,72.40543379350142,71.08267993927002,70.14953121185303,63.60423183346295,0.2022754577566437,0.001625491289116257
2020-06-22,73.05817413330078,73.21596919135908,73.0415607923825,73.1827488456556,3048400,72.81922187805176,72.44025379527699,71.11644426981609,70.16968811035156,62.53151639184417,0.20761455875975696,0.0016320268647564782
2020-06-23,73.02494812011719,73.09968914004956,73.00834111662085,73.09138880636769,3037100,72.83991813659668,72.47507143887607,71.15054810841879,70.18927143096924,61.052438012147384,0.19693933633306163,0.001629047015360975
2020-06-24,73.03324127197266,73.08306860937154,72.95849392974291,73.00832760327322,3256700,72.85937042236328,72.5059795032848,71.1839677810669,70.21048511505127,61.298500881716485,0.1856687099145893,0.0016289552662101302
2020-06-25,73.10797882080078,73.19933315913288,73.0830651532795,73.19102649124873,4318400,72.88131561279297,72.53704251376065,71.21595528920491,70.2338245010376,63.53440427873194,0.17914583028909448,0.0016376769913693087
2020-06-26,73.24087524414062,73.25748224719747,73.12460721434542,73.22426190495136,2911700,72.89954566955566,72.56721288507634,71.24973494211832,70.25803199768066,67.16683336625042,0.17380825643132575,0.0015678355896091823
2020-06-29,73.29069519042969,73.29900185918572,73.19103417375254,73.26578152029334,3047300,72.92321434020997,72.58400046608665,71.28440933227539,70.28314052581787,68.43617381800559,0.16965898937870452,0.0015501233015887469
2020-06-30,73.36541748046875,73.38203081374166,73.22423582829974,73.37372414710521,5405900,72.94771385192871,72.60635833740234,71.3205971399943,70.31057838439942,70.29132872669294,0.15898029170100716,0.0015544657227925106
2020-07-01,73.38372802734375,73.38372802734375,73.2173275492948,73.33380915348333,3569200,72.98143157958984,72.62904912775213,71.35625228881835,70.33721141815185,70.74508763427119,0.1554425329231362,0.0014283105826704305
2020-07-02,73.50019836425781,73.50019836425781,73.35875734482138,73.40868255879982,4007000,73.02969322204589,72.64738949862394,71.39191900889078,70.3636527633667,73.51600822157681,0.15249484110535252,0.0012782389156549868
2020-07-06,73.4752426147461,73.49188646949678,73.36708294994938,73.4253237460354,4026800,73.07712020874024,72.66452373157848,71.4277203241984,70.38972480773926,71.94362796534669,0.14539267926640673,0.0012864161979170082
2020-07-07,73.59175109863281,73.59175109863281,73.45863195083669,73.52519469862125,3300800,73.12663688659669,72.68558113791725,71.46367073059082,70.41589042663574,74.6677187767663,0.13651192368320864,0.0013009562341368968
2020-07-08,73.55013275146484,73.62501106011581,73.50852945925575,73.61669547989092,2908100,73.17158317565918,72.70798742120917,71.49838364919027,70.44062553405762,71.97922403653149,0.1311880788676427,0.0013303425693909016
2020-07-09,73.74982452392578,73.79142782173932,73.57510209909854,73.59173960956075,3189700,73.21114921569824,72.73236999511718,71.53510316212972,70.4661148071289,76.37476619434057,0.14071258350707133,0.0011438193186881255
2020-07-10,73.66663360595703,73.84135605291287,73.64998974561486,73.84135605291287,2960500,73.25319862365723,72.75629355690695,71.57119801839193,70.4900065612793,71.35312456694724,0.1496362946063152,0.0010770769705798645
2020-07-13,73.69992065429688,73.71655816814743,73.6250359725361,73.65831734801051,3115800,73.29317626953124,72.77871648615057,71.6061315536499,70.51569442749023,72.14239114330871,0.14371585150879745,0.0010720569607671731
2020-07-14,73.79145812988281,73.83305509700932,73.74985481498167,73.7748142648125,3067300,73.33025588989258,72.80325469970703,71.64134852091472,70.54126956939697,74.24391636615916,0.1467005957433502,0.0010266080778135586
2020-07-15,73.79976654052734,73.85800736706254,73.74152571399215,73.81641040397969,3349900,73.37231903076172,72.83260719992897,71.67560736338298,70.56651950836182,74.43244773834971,0.14612252241776247,0.0009459442381701709
2020-07-16,73.84966278076172,73.93286302202692,73.84966278076172,73.89958165596654,2856100,73.41604537963867,72.85895593816583,71.70939140319824,70.59177463531495,75.58813242618018,0.14376570772771657,0.0009426223285325593
2020-07-17,73.92455291748047,73.99111566024766,73.85799017471328,73.97447814844212,2430300,73.45936431884766,72.88576396595349,71.74188143412272,70.61706924438477,77.25027346365738,0.14319066866266286,0.0009392784282365364
2020-07-20,73.99944305419922,74.04936194107438,73.94951781955106,74.04936194107438,2771000,73.50518226623535,72.91498607288707,71.77602303822836,70.6419624710083,78.80443630528126,0.14439362138842934,0.0009419172422923371
2020-07-21,74.0410385131836,74.0826418165868,74.02440100048604,74.05768237365402,3044700,73.5543254852295,72.94550795121627,71.80886720021566,70.66592056274413,79.63654081537535,0.1390653197416906,0.0009144952966364467
2020-07-22,74.14088439941406,74.1658438429416,74.09096551235898,74.14920632984759,5609100,73.61012229919433,72.97648814808238,71.84240678151448,70.6898062133789,81.51272215326551,0.13609423772090828,0.0008863504295682936
2020-07-23,74.20745849609375,74.24905545907686,74.17417711704287,74.24905545907686,4394900,73.6688331604004,73.00988450483842,71.87499415079752,70.71492305755615,82.65990964504097,0.1337178120227916,0.0008735512736339768
2020-07-24,74.19076538085938,74.24069059017965,74.12420266694554,74.18244980244748,2980400,73.72297248840331,73.04885545210405,71.9079709370931,70.73979301452637,81.29766132917464,0.13253013408891182,0.0009007871988217353
2020-07-27,74.14088439941406,74.2823254779188,74.0493622079644,74.2740035474853,5146900,73.76797294616699,73.08269958496093,71.94231675465902,70.76482181549072,77.20335968765272,0.13966185710021708,0.0009153317107608355
2020-07-28,74.17417907714844,74.24905742116113,74.11593824921384,74.2240979731569,5547800,73.81214714050293,73.1209159157493,71.97790101369222,70.7910786819458,77.99979944594782,0.14085025503501925,0.0009158742407531928
2020-07-29,74.29063415527344,74.29063415527344,74.1824744700249,74.21574949027685,3136200,73.85840797424316,73.16531968550248,72.01390635172525,70.81918365478515,80.55829534455319,0.13193311273862815,0.0009371794168455799
2020-07-30,74.33222961425781,74.3571954006041,74.29895459467298,74.3155921044654,2621100,73.90583305358886,73.2062592939897,72.04847393035888,70.84692497253418,81.39074732555585,0.12301846545524597,0.0009331582550012797
2020-07-31,74.43204498291016,74.44036690847969,74.27396013593561,74.34052284495324,5110000,73.95242538452149,73.24750671386718,72.08298053741456,70.87606369018555,83.24475608571771,0.12836736380758498,0.0009216731613870309
2020-08-03,74.40625,74.45626412777693,74.32290159913893,74.44792737996822,6270000,73.99897575378418,73.28466880104759,72.11823329925537,70.9047059249878,80.9988871205985,0.12838365565941043,0.0009220635306551783
2020-08-04,74.5645980834961,74.5645980834961,74.47291295736437,74.48958644888313,5325100,74.04761810302735,73.3239560213956,72.15549221038819,70.93413990020753,83.87490769387037,0.1313741149755318,0.0009588935381090928
2020-08-05,74.46456909179688,74.50624645753504,74.41456134016964,74.4895793266837,4931500,74.09333992004395,73.36383556019176,72.19136861165364,70.96291030883789,76.04459566498281,0.13258413367745142,0.0010244348114630802
2020-08-06,74.58126068115234,74.66460904935023,74.54792006205861,74.58126068115234,3933400,74.13491172790528,73.40417965975675,72.22759952545167,70.99308094024659,78.55928647547528,0.13676892496798132,0.0009284473035038925
2020-08-07,74.49794006347656,74.6729736245548,74.47293617747621,74.63963934927153,3764400,74.17647705078124,73.43954120982777,72.26224352518717,71.02222244262695,72.69164968079521,0.14214238378831517,0.0009274123054353615
2020-08-10,74.4145736694336,74.59794393454581,74.40623692309006,74.581276800933,3708400,74.21220970153809,73.47203119451349,72.29626172383627,71.05078380584717,67.27717116801455,0.14989297300746987,0.001000816489634129
2020-08-11,74.15621948242188,74.26457178909051,74.08120145543849,74.26457178909051,8125700,74.23044776916504,73.49937161532316,72.32668514251709,71.07801246643066,53.882575050279364,0.16479060759583422,0.0013176019148977366
2020-08-12,73.96450805664062,74.05619321808355,73.93950416880642,74.05619321808355,4530800,74.2386848449707,73.5239804354581,72.35406926472982,71.1048543548584,46.48643217003555,0.17254376859245266,0.0014622835018535067
2020-08-13,73.72278594970703,73.98950465880209,73.64777429359074,73.98950465880209,3969800,74.23234100341797,73.54359116987749,72.3775852839152,71.13122257232666,39.18327369229162,0.18863251444796905,0.0016377157148112758
2020-08-14,73.63943481445312,73.7978012280374,73.62276767784839,73.76446059575252,3454400,74.2180850982666,73.56123407537287,72.39992643992106,71.15709232330322,37.02334226718896,0.18449467732187028,0.0016321884471360672
2020-08-17,73.7311019897461,73.80611998386846,73.6727574872393,73.71443485720437,3995400,74.20466804504395,73.5767764004794,72.42337481180827,71.18231796264648,40.88291533426518,0.1868922485695878,0.0016419865741873346
2020-08-18,73.8311538696289,73.87282489745662,73.77280934340897,73.82281712043279,6371100,74.19417381286621,73.59520971124823,72.44697049458821,71.20641067504883,44.8553702039397,0.18869709353998282,0.0016702793969590108
2020-08-19,73.70612335205078,73.93116469333559,73.68111946513869,73.93116469333559,4628100,74.17243576049805,73.61031327681108,72.46561152140299,71.23018516540527,41.135418177964624,0.2018030923161425,0.0016660393693580054
2020-08-20,73.8311538696289,73.91450228436075,73.82281712043279,73.89783514504495,4623400,74.1536205291748,73.63070928400214,72.48568649291992,71.2555666732788,45.96166507874095,0.20480110372799182,0.0017051752887678726
2020-08-21,73.98949432373047,73.98949432373047,73.83113428546886,73.91448267809204,3642100,74.14355697631837,73.6571552623402,72.50350399017334,71.28292671203613,51.396468488262,0.20658664012967773,0.0017875428959145314
2020-08-24,73.9061508178711,74.00617271107731,73.88114693433833,73.97283208000857,2960400,74.1318202972412,73.68223613392223,72.52076460520426,71.30913352966309,48.624419671751085,0.20420647536131245,0.0017975919617910716
2020-08-25,73.76445770263672,73.81446546956496,73.63109517872786,73.78112483858776,4830800,74.11133422851563,73.7033823186701,72.53457508087158,71.33639148712159,44.25437869093117,0.21313639649108243,0.0018331222098103375
2020-08-26,73.72278594970703,73.77280007952685,73.63943754544151,73.73945944600551,4853800,74.0829418182373,73.72286557284268,72.54391085306803,71.36376831054687,43.02954935252407,0.20837372338622373,0.0017814407921625107
2020-08-27,73.45606994628906,73.86448795266236,73.44773955690862,73.86448795266236,5125700,74.03913383483886,73.7319122314453,72.55233097076416,71.38960708618164,36.135886563356586,0.22385307686302067,0.0019057702085427362
2020-08-28,73.51439666748047,73.58941466727168,73.44772177320135,73.54773729415719,4281200,73.99325141906738,73.74443498091264,72.56935373942058,71.41553279876709,38.4578690501212,0.2202806399069195,0.0018802417085405445
2020-08-31,73.7311019897461,73.79778323806067,73.56440522803348,73.59774585219077,16000300,73.9594940185547,73.75953924005682,72.59946282704671,71.44192825317383,46.273708250819865,0.21671023680585527,0.002042599284888317
2020-09-01,73.93402099609375,73.95071701164848,73.625090562535,73.68353617211706,7201700,73.92796516418457,73.77561479048295,72.66304098765055,71.46835628509521,52.373183478774635,0.22448960362714335,0.0020883639606093587
2020-09-02,74.09263610839844,74.11768331024254,73.91729932539766,73.92565051604304,5054900,73.90936851501465,73.79623537930576,72.70462309519449,71.49570030212402,56.52773713517308,0.21439343360096683,0.002152174689272223
2020-09-03,74.1009750366211,74.21786620594482,74.06757664965846,74.15106943201955,7543900,73.88535423278809,73.81670518354936,72.7402218500773,71.52259475708007,56.74138364339454,0.21262600546506252,0.0021118038188927854
2020-09-04,73.66681671142578,74.00913906714676,73.66681671142578,73.9924430569057,6588300,73.84379806518555,73.82777141224254,72.78423970540365,71.54695014953613,44.483730365037154,0.23173123087791833,0.0024456980369046326
2020-09-08,73.77533721923828,73.88387718236909,73.74193883748497,73.82543160682327,4440300,73.81183624267578,73.84035783247514,72.84291858673096,71.5709070968628,47.53463396520327,0.2371124853945454,0.0024828020557676324
2020-09-09,73.72526550292969,73.85050151040352,73.67516472984822,73.80875829794289,6048200,73.79028854370117,73.85248676646839,72.90152409871419,71.59518627166749,46.27111003582589,0.23177616770585985,0.0023789830210998127
2020-09-10,73.74200439453125,73.77540280597594,73.61676194413758,73.66686274635244,5331800,73.7791633605957,73.86552415327593,72.95084590911866,71.61934455871582,46.780398498548045,0.2282234483864595,0.0023184389472956524
2020-09-11,73.81713104248047,73.85887426712979,73.76703025476998,73.83382705832145,5301400,73.78388061523438,73.87977669455789,72.98827546437582,71.64355113983154,49.111840990038225,0.2252598651248121,0.002210456385393233
2020-09-14,73.81713104248047,73.91731987771388,73.80877984951309,73.88392147593814,4256400,73.79276542663574,73.8926703713157,73.02508544921875,71.66718505859374,49.11184099003822,0.22408231165779874,0.002192621638398765
2020-09-15,73.85884857177734,73.88389577187182,73.80875417158839,73.85884857177734,3746900,73.79915275573731,73.90390625,73.05447076161703,71.69155956268311,50.50814740906433,0.20980273745352715,0.0021795445063141896
2020-09-16,73.84217071533203,73.97575793870793,73.7586715343673,73.95906192457088,4851800,73.79970359802246,73.9139330777255,73.08103459676107,71.71585067749024,49.91844704476638,0.21578301390033414,0.0021597192421755405
2020-09-17,73.84217071533203,73.98410913082303,73.82546833110183,73.97575793870793,2815400,73.80650596618652,73.92260131835937,73.10443414052328,71.74104389190674,49.91844704476638,0.19734675704086665,0.0021223045780904824
2020-09-18,73.7586441040039,73.90893365571829,73.75029928508533,73.90893365571829,2938800,73.80288047790528,73.92941797429864,73.12651875813802,71.76397422790528,46.748229110664326,0.19855686250962531,0.0021040702576621204
2020-09-21,73.80042266845703,73.89226667336472,73.79207147616725,73.88391548107495,4981500,73.79342689514161,73.93487659801136,73.15445410410562,71.78781055450439,48.50966603156039,0.18785943385109707,0.0020463518644846745
2020-09-22,73.825439453125,73.86718902727637,73.76699387136749,73.80874344551884,4442200,73.7893913269043,73.94124381325462,73.17956473032633,71.81214099884033,49.58502935342046,0.17175719862219654,0.0020348458251678568
2020-09-23,73.65849304199219,73.84218107373286,73.65849304199219,73.81713386396714,4659600,73.78409309387207,73.94245730313388,73.20052655537923,71.83608760833741,43.11393860487331,0.17056463054332482,0.002052819549209876
2020-09-24,73.66681671142578,73.75030950281443,73.63341832085199,73.74195831264807,4225900,73.781294631958,73.94457882967862,73.22183354695638,71.85999370574952,43.50978126115354,0.16817903237733134,0.0020498096612577422
2020-09-25,73.65849304199219,73.72528984809679,73.63344583222646,73.72528984809679,5602600,73.79141578674316,73.94291825727983,73.24121017456055,71.88410438537598,43.18615337779302,0.14372801028269017,0.0018693478711196319
2020-09-28,73.72526550292969,73.73361032336665,73.66681990941126,73.70021193134298,4215100,73.80195922851563,73.94398429177024,73.26059144337972,71.9074006652832,46.61646521366756,0.13358921102777238,0.0018715892691282495
2020-09-29,73.77533721923828,73.84213398274491,73.75029002544578,73.80038441303077,7929700,73.80417098999024,73.9453555020419,73.27887338002523,71.93258777618408,49.09840138238506,0.1294129038320528,0.0017580781070614265
2020-09-30,73.65849304199219,73.72528984809679,73.58334504260098,73.70858746152362,6113600,73.79039459228515,73.94293795498935,73.28963267008463,71.95563220977783,43.96198889358961,0.1317951406034053,0.0016700580259550088
2020-10-01,73.73373413085938,73.75882398935579,73.57482318579457,73.5915476311453,4485900,73.7724494934082,73.94173736572266,73.30294933319092,71.9799962234497,47.75244273517501,0.13659020710073935,0.0016051545270083904
2020-10-02,73.68355560302734,73.7755560142599,73.58319615873094,73.7755560142599,5557100,73.75157852172852,73.93871723521839,73.3158478418986,72.00406814575196,45.54011167003192,0.1425773376241801,0.00160574309910363
2020-10-05,73.40757751464844,73.58321935942934,73.40757751464844,73.58321935942934,6298400,73.73861656188964,73.92931768243963,73.32348200480143,72.02721130371094,35.7343420553931,0.1569228010595712,0.0012493251533859952
2020-10-06,73.50790405273438,73.63335971149695,73.3824483939718,73.48281419716983,5705900,73.72524490356446,73.92038060968572,73.3316073735555,72.05061019897461,40.73059130908499,0.15933886628703675,0.0012421398270749528
2020-10-07,73.40757751464844,73.51630878817407,73.36576319332136,73.4493982169188,3494600,73.7093605041504,73.90886313698509,73.33972390492757,72.07342533111573,37.58391654812361,0.15876063736785945,0.001265863141686354
2020-10-08,73.53302764892578,73.55811751600281,73.47448249876513,73.50793778184877,5661600,73.69891166687012,73.89781119606711,73.3498509089152,72.09708553314209,43.46538250009386,0.15818246813367512,0.0013346114939827177
2020-10-09,73.54973602294922,73.54973602294922,73.39919048551249,73.45773561779673,4105000,73.68554191589355,73.8858526056463,73.3593588511149,72.1205005645752,44.21929477720916,0.1593912515676692,0.0013099153346643254
2020-10-12,73.65847778320312,73.68356764837877,73.56647735693089,73.59156722210653,3383500,73.67760925292968,73.87617464932528,73.37025585174561,72.14413051605224,48.98724778237952,0.16179385653343153,0.0013613531664602547
2020-10-13,73.71702575683594,73.7672054891122,73.67520505931068,73.70030130639137,4121100,73.67051811218262,73.86846812855114,73.38067557017008,72.16756008148194,51.3961481982633,0.1564395475454603,0.0013682711268186158
2020-10-14,73.75882720947266,73.79228248257532,73.70028207677821,73.74209638245087,6966400,73.66635093688964,73.86091627641157,73.39165032704672,72.19132194519042,53.09903605778534,0.15466163496222204,0.0013757534174327559
2020-10-15,73.71702575683594,73.8006607709439,73.68357047500425,73.7588464543612,3877900,73.66009368896485,73.85048703280363,73.40441404978434,72.21524463653564,51.168393708537195,0.15646494068145955,0.001380377478015355
2020-10-16,73.65847778320312,73.775568074651,73.63338791802748,73.73375375967237,3424500,73.6550853729248,73.83823699951172,73.41489734649659,72.23842262268066,48.50807069811553,0.1612551460563927,0.0013689325706424812
2020-10-19,73.59158325195312,73.62503853978872,73.53303809347678,73.60831408634277,5206600,73.6446434020996,73.82295587713068,73.42440961201986,72.26003314971923,45.591453356929314,0.16186737533575876,0.0013727232887064485
2020-10-20,73.46612548828125,73.54140147906772,73.4410356183336,73.54140147906772,4652700,73.62667770385742,73.80586270419035,73.43335876464843,72.28142719268799,40.654432467164554,0.15890705083448914,0.0014106753014825973
2020-10-21,73.38247680664062,73.4661118178847,73.36575235676875,73.43266291814093,4115700,73.61287689208984,73.7843695900657,73.44185994466146,72.30269073486328,37.721408129861985,0.15293364568815196,0.001347029798977991
2020-10-22,73.25704193115234,73.38249767416502,73.2403174765246,73.37413863732323,5036700,73.59238815307617,73.76241455078124,73.44869384765624,72.32386154174804,33.78519926994258,0.14934938441039947,0.001386729279122997
2020-10-23,73.3490219116211,73.39084260793419,73.24029703452636,73.24866244997746,3237300,73.57691459655761,73.74001020951705,73.4568468729655,72.34508110046387,38.8261853083503,0.14038991905532225,0.0014284366630083895
2020-10-26,73.45777130126953,73.52468187950909,73.43268142966568,73.44104046623767,4177000,73.56353988647462,73.72109805020419,73.46860027313232,72.36626899719238,44.23202873418813,0.13501482265266823,0.001457637560753504
2020-10-27,73.63338470458984,73.65010915366297,73.51629441825192,73.57483956142087,3293100,73.55644226074219,73.70689461447976,73.47988300323486,72.38854049682617,51.660739007794135,0.13799998390557683,0.0015575894442256672
2020-10-28,73.53302764892578,73.67520781632413,73.50793778184877,73.67520781632413,4766400,73.55016899108887,73.69556385387074,73.49205589294434,72.40981712341309,47.74651906708988,0.13919498627136204,0.001547228463331334
2020-10-29,73.37410736083984,73.54974277381349,73.29883139474174,73.53301194537327,4200700,73.5321876525879,73.68482929576527,73.50476989746093,72.42976474761963,42.28306621438827,0.14636397495957812,0.0015905973883794681
2020-10-30,73.24868774414062,73.3992333695347,73.18177715931112,73.33232278470521,9731400,73.51044425964355,73.67620932839134,73.51450436909994,72.44929077148437,38.5354372674567,0.15233715958772262,0.0016218126535562127
2020-11-02,73.35001373291016,73.417033442628,73.32487415080998,73.35838720164934,4021200,73.50756607055663,73.67094712690873,73.52439250946045,72.46936458587646,42.935851092671825,0.1565955876290295,0.0014430925771076381
2020-11-03,73.33328247070312,73.34166233465524,73.24112314311989,73.32490260675101,3985400,73.49883499145508,73.66371404474432,73.532483736674,72.48849151611329,42.3961078047417,0.1578020293428263,0.001404931774325078
2020-11-04,73.83598327636719,73.8862560801216,73.7270705868349,73.78571686457765,5667400,73.52025527954102,73.66380185213956,73.54441858927409,72.50984432220459,59.051932575882006,0.18893655173416996,0.00206719291227132
2020-11-05,73.91139221191406,73.97003849197843,73.81923285867506,73.96165862569347,4128700,73.53917350769044,73.66753401322798,73.55808690388997,72.53095775604248,60.87927172153296,0.18955265721130132,0.002048032794408841
2020-11-06,73.74376678466797,73.78565969000745,73.65998736594892,73.73539331716802,3844500,73.54887504577637,73.66594515713778,73.5695988337199,72.55069869995117,55.003341950215,0.198550168371215,0.0021246121644320857
2020-11-09,73.40030670166016,73.52597908984102,73.25788097797135,73.50921936236986,5712700,73.53596649169921,73.65523265491832,73.57665926615397,72.56757148742676,45.3458244000013,0.22250289501957862,0.0023511724358855094
2020-11-10,73.25787353515625,73.35003285099484,73.21598061269779,73.24949367227205,5169600,73.51300888061523,73.6434457952326,73.58191134134928,72.58434860229492,42.048606995990745,0.22849953483742627,0.0023713849045981163
2020-11-11,73.30809783935547,73.31647769742845,73.20755871835631,73.25783147483533,3365700,73.49047241210937,73.63514834317294,73.58737468719482,72.60039039611816,43.60576427323682,0.2261237335111202,0.002373838183247691
2020-11-12,73.55110168457031,73.55110168457031,73.39191625636153,73.43380917703614,4178500,73.4821762084961,73.63202681107954,73.59520867665609,72.61756523132324,50.53171439879179,0.2327278957830501,0.002506189813732135
2020-11-13,73.57626342773438,73.62652983847742,73.55113022236286,73.58464329351314,3199500,73.47806549072266,73.63421214710583,73.6029759089152,72.63396167755127,51.200022201256836,0.22556848049870126,0.0025027322433073284
2020-11-16,73.61815643310547,73.62652990692727,73.55113029074259,73.57626349613749,4059400,73.47939414978028,73.636098688299,73.61088492075602,72.65088470458984,52.354166411725224,0.21721574934093318,0.0024979590861520943
2020-11-17,73.74376678466797,73.76890636304762,73.65998736594892,73.69350041182852,5537500,73.4932762145996,73.63632895729758,73.61811402638753,72.66950660705567,55.73460748322879,0.21603574187427504,0.0024903610693785875
2020-11-18,73.82756805419922,73.8359415234525,73.76892180961988,73.82756805419922,6089500,73.51553077697754,73.63439344926314,73.62653274536133,72.68912410736084,57.88159823283693,0.20469741042518816,0.002478333884935555
2020-11-19,73.97838592529297,74.01189259181278,73.86946688723543,73.90297994571758,6207000,73.55159797668458,73.63231617320668,73.63572406768799,72.70916606903076,61.50073643309098,0.20233086238161593,0.002459748781440694
2020-11-20,74.04541015625,74.07054974561319,73.93649750352702,73.99514376144904,6611300,73.58641738891602,73.63130590265447,73.64685770670573,72.7284725189209,63.02144817823905,0.19988132978153011,0.0024552820836066507
2020-11-23,73.98677062988281,74.03704342122047,73.95325756631215,74.02866355733698,3506600,73.61286735534668,73.63712324662642,73.65895608266194,72.74695011138915,60.76015612349269,0.19868575836350086,0.0024588501629861106
2020-11-24,73.91139221191406,73.99517169886813,73.89463247934418,73.97841835826337,4678800,73.62676773071288,73.63959697376598,73.67049516042074,72.76562747955322,57.88491087188141,0.16636901622817796,0.0024287844081642214
2020-11-25,73.87786102294922,73.98677369008621,73.86948115871913,73.95326062512939,5282000,73.64400939941406,73.64237143776633,73.68113218943277,72.78454914093018,56.601774895571985,0.16397522323272945,0.0024065700571251672
2020-11-27,74.03704071044922,74.04541418206283,73.96163472218528,73.97001458576196,2226300,73.67715606689453,73.64773573441938,73.69268080393473,72.80393733978272,61.019311862580324,0.15798581702904865,0.0023735068777390716
2020-11-30,74.13756561279297,74.14594547547752,74.02027310305881,74.03703282842791,4729900,73.72159996032715,73.65356181751598,73.7025063196818,72.82345741271973,63.54313131713672,0.13225628600919798,0.0023250681963620824
2020-12-01,73.91354370117188,74.07298045808248,73.84640906546674,74.06459343035277,7331400,73.74977645874023,73.65531477494673,73.71157213846843,72.84132183074951,54.99734500712496,0.13988703303518793,0.0024526825817838137
2020-12-02,73.78763580322266,74.00582007331988,73.69532731980877,73.86315743384758,4631300,73.77249412536621,73.65401999733665,73.71896603902181,72.8585980606079,50.857486773781304,0.1542851597808286,0.0024939509737807435
2020-12-03,73.93028259277344,74.00581061605504,73.84636754647761,73.95545646643143,3685300,73.77720909118652,73.65562203147195,73.72630284627279,72.87572242736816,54.99115245690041,0.15251165746779602,0.002010242355036069
2020-12-04,73.73728942871094,73.86315881544017,73.68693527171067,73.8463783646458,4880200,73.76850395202636,73.65371509898793,73.7327927271525,72.89101680755616,48.98734819459217,0.16450588369320027,0.002082128775335827
2020-12-07,73.83800506591797,73.90513969201314,73.81283118170987,73.82961803938882,4734800,73.77321586608886,73.65515802556818,73.73998330434164,72.90570251464844,51.936446450248795,0.17110950134445144,0.0020426220387568168
2020-12-08,73.8631591796875,73.9806479450618,73.85477215540324,73.97225451846893,3737300,73.79635848999024,73.65629868940873,73.74669151306152,72.92022583007812,52.67235364465345,0.1705304262874289,0.001713575764720242
2020-12-09,73.73728942871094,73.77924375685116,73.68693527171067,73.75406987950531,5163900,73.82032928466796,73.65469596169211,73.7521432240804,72.93432579040527,48.6576342432833,0.176533938372593,0.0016979370710860904
2020-12-10,73.88835906982422,73.93031340930624,73.7792637020883,73.8128310150601,4731400,73.8493423461914,73.65887534401634,73.75906143188476,72.94876922607422,53.26212825062925,0.17715532715700277,0.0017399064453018412
2020-12-11,74.00582885742188,74.0393961646756,73.94708767030517,73.98065497755888,5317100,73.87207870483398,73.66503920121626,73.76723543802898,72.96145236968994,56.526952384057786,0.17836853092594598,0.0016266554204493276
2020-12-14,73.98062133789062,74.00579520630681,73.85474559350334,73.9386606223261,5176800,73.8922966003418,73.67089607932351,73.77513027191162,72.9742446899414,55.62894421112736,0.18257786478170906,0.0016330855442249588
2020-12-15,74.01421356201172,74.0226069891393,73.93029849766295,73.93869192479053,6539900,73.9120994567871,73.67614968039773,73.78268222808838,72.98505878448486,56.61801520551915,0.18198995563545242,0.0016321960945086885
2020-12-16,73.93868255615234,74.00581716004847,73.83798065030815,73.92189570402421,4186700,73.92184524536133,73.67911959561435,73.7884972890218,72.99557781219482,53.718516581532874,0.18619998280234387,0.0016197096807985078
2020-12-17,73.95545959472656,74.09812222200247,73.87993797055806,74.0393810468799,4963600,73.9282398223877,73.68451898748225,73.79403699239096,73.00481910705567,54.27861247184345,0.18981648939740126,0.0016027417817731622
2020-12-18,73.93028259277344,74.04776493804913,73.89671529379358,74.00581061605504,3472700,73.92583465576172,73.68809259588068,73.79874420166016,73.01145805358887,53.23738592582597,0.19162915167146163,0.0015369806180383443
2020-12-21,73.93868255615234,74.03099103593246,73.89672182814022,74.00581716004847,5364200,73.92049827575684,73.69273126775568,73.80336882273356,73.01892318725587,53.557489296296914,0.18042291313332015,0.001521681958824019
2020-12-22,74.05615997314453,74.06455339864885,73.92189077430645,73.97224492502463,4697300,73.92396774291993,73.70452367609198,73.80800183614095,73.03184566497802,57.89813628210348,0.16843504676412685,0.0015550736559603818
2020-12-23,73.97280883789062,73.9812300319062,73.83809542759747,73.97280883789062,5643700,73.92703857421876,73.71297649036754,73.81214822133383,73.05111965179444,54.03901841875559,0.16842717052946096,0.0015591041964139916
2020-12-24,74.09912109375,74.11595706284534,74.03176437038726,74.08227870116397,1980900,73.93810157775879,73.72555000998757,73.81637630462646,73.09009204864502,58.54808560689792,0.16127009223602837,0.0015973196875331184
2020-12-28,74.0738525390625,74.11594566707412,73.98123866455136,74.04017418255938,4706500,73.93994216918945,73.73538318980823,73.82074063618978,73.1149473953247,57.336242946706555,0.15890271646606838,0.0015285360537912148
2020-12-29,74.09912109375,74.13279945543135,74.01492840129193,74.0486003394826,4884800,73.93801994323731,73.74537200927735,73.82365144093832,73.13629737854004,58.26650012148061,0.157133300394325,0.0014985253150874424
2020-12-30,74.14962768554688,74.15804888096096,74.07385619729007,74.1159493273805,3609800,73.94982414245605,73.75430200750178,73.82767639160156,73.16512214660645,60.13744670461868,0.1505596415153292,0.0013278063319604818
2020-12-31,74.25064849853516,74.2674844626396,74.16644940754658,74.18329179513981,6134900,73.97297477722168,73.76400423916904,73.83226579030355,73.20270603179932,63.64782898188433,0.14519055555085966,0.0012773292384146396
2021-01-04,74.14962768554688,74.17488484829914,74.07385619729007,74.1243705227946,7568400,73.98394203186035,73.77110970237038,73.83525053660075,73.23999114990234,58.134569366914306,0.14703021315041045,0.00126983089244037
2021-01-05,74.02332305908203,74.12435811667098,73.9391303895024,74.10751572866168,6452700,73.99824371337891,73.7766787442294,73.83711350758871,73.27099082946778,52.06242203811103,0.15127407258797781,0.001179039834465612
2021-01-06,73.6949691772461,73.76232588415711,73.53499860420472,73.76232588415711,5933700,73.99109191894532,73.7773422241211,73.83582439422608,73.2928377532959,40.28272204900415,0.1795609271166175,0.001535449550621795
2021-01-07,73.54341125488281,73.60234676071111,73.52657529185547,73.55183244814067,6196100,73.97510452270508,73.7764663696289,73.83264821370443,73.31355514526368,36.21021254125033,0.1790009966656935,0.0015921040073972235
2021-01-08,73.47607421875,73.57710929441728,73.39188153410565,73.57710929441728,7688800,73.96204376220703,73.77664725563743,73.82828680674235,73.3292724609375,34.5394352403176,0.1766469615847807,0.001562800451995567
2021-01-11,73.40031433105469,73.45924986196991,73.33295760329696,73.45924986196991,5404300,73.93764152526856,73.77697157426314,73.82294743855795,73.34300148010254,32.7107139369479,0.17608031667031554,0.001481647389036569
2021-01-12,73.38346862792969,73.38346862792969,73.19824086290846,73.32452668134088,6078800,73.90652351379394,73.77927024147728,73.81663564046224,73.35474769592285,32.301184388116624,0.1809234781241713,0.0014117595246333837
2021-01-13,73.57708740234375,73.67812244794914,73.43395923868559,73.47605235673836,7357100,73.8863468170166,73.78341688676313,73.81138254801432,73.3670906829834,41.38461402482583,0.19177999210110283,0.0015691029623294728
2021-01-14,73.4844970703125,73.66972483479843,73.42556154738428,73.58553214825672,7191900,73.85986099243163,73.78390280983665,73.80549697875976,73.38227226257324,38.70980587914239,0.193644187948752,0.0015740976581417165
2021-01-15,73.54341125488281,73.61076795396897,73.48447574905451,73.53499006162495,4083600,73.84009742736816,73.78226692893288,73.80051803588867,73.39592849731446,41.30914576849673,0.1924401865173055,0.0015864148279270648
2021-01-19,73.64444732666016,73.65286852003501,73.50131915672985,73.56025466337694,7636500,73.82454681396484,73.78429274125533,73.79610360463461,73.40843536376953,45.57232073139634,0.1936432122874773,0.0016254494573260624
2021-01-20,73.63604736328125,73.66972572300203,73.58553303544524,73.60236900356047,5889500,73.80983505249023,73.78905528675426,73.79064871470133,73.4210657119751,45.277855382040705,0.19123761467443195,0.001625277400379474
2021-01-21,73.53498077392578,73.58550150360367,73.47604527554121,73.5265660052191,7890800,73.7896499633789,73.79426061456854,73.78400497436523,73.43207412719727,41.77989194763585,0.19665257210794249,0.0016441380483500946
2021-01-22,73.56867218017578,73.60235053144424,73.50973667132814,73.59393576124366,4439800,73.76527557373046,73.79823622270064,73.77681020100911,73.442919921875,43.35104161538104,0.19484950660961228,0.0015954889630783158
2021-01-25,73.73707580566406,73.74549057721914,73.62761954055067,73.66129789724019,5126900,73.75348892211915,73.80557791969993,73.77123374938965,73.45369777679443,50.53638295119512,0.19485137059520344,0.0016858965957648017
2021-01-26,73.7286605834961,73.770760138641,73.66972506038739,73.70340341980526,4608700,73.73496589660644,73.80362659801136,73.76426760355632,73.4605041885376,50.19376972726078,0.1870326407529979,0.0016280047766370537
2021-01-27,73.7286605834961,73.83811043398646,73.72023938776907,73.77917491087777,4248500,73.71770629882812,73.8003042047674,73.75813503265381,73.46846881866455,50.19376972726078,0.16057168299157457,0.0016287794114253384
2021-01-28,73.66972351074219,73.72865903261118,73.59395202126355,73.72023783706129,4359300,73.69623641967773,73.79895796342329,73.75053888956705,73.47613876342774,47.574006529509504,0.158165588480283,0.0016276126335700689
2021-01-29,73.61076354980469,73.6528630900868,73.49289254520035,73.49289254520035,6088400,73.66929321289062,73.80278445157138,73.74314575195312,73.48173519134521,45.04134649757104,0.15756581742529768,0.001614768253806564
2021-02-01,73.6352310180664,73.67739760396498,73.55933888391023,73.56776705411578,5774700,73.63852233886719,73.8096454967152,73.7366512298584,73.48724704742432,46.318515059510936,0.1557759677539912,0.001572708190450516
2021-02-02,73.54251861572266,73.56781601060914,73.50878661130002,73.54251861572266,4554500,73.60816688537598,73.81390769264915,73.73153705596924,73.49279167175293,42.30658299917738,0.15037389194114528,0.001569657948154606
2021-02-03,73.4159927368164,73.50875409952125,73.4159927368164,73.49189132162907,4271700,73.57780036926269,73.81145116632635,73.7269660949707,73.49828269958496,37.529157056439246,0.13836475329020256,0.0015704028160554442
2021-02-04,73.43283081054688,73.45812818351781,73.31477211420487,73.40753343757594,4652200,73.56469345092773,73.8088433005593,73.72454980214437,73.50340293884277,38.52407849373938,0.13116423771154473,0.00125607394791604
2021-02-05,73.33164978027344,73.47500587870526,73.32321517633105,73.43284572642882,4401300,73.55410537719726,73.80363408868963,73.72198492685953,73.50830699920654,34.92464016850414,0.13298555895866976,0.0012109933133764952
2021-02-08,73.4159927368164,73.46659393793124,73.31480320202505,73.3401005857229,5571500,73.55110130310058,73.79767456054688,73.71935901641845,73.51305366516114,39.96050339759178,0.13300279985874294,0.0012296234103237396
2021-02-09,73.38224792480469,73.48344387563263,73.37381975419088,73.415979908414,4474000,73.55019798278809,73.78957783092152,73.71561813354492,73.51775562286377,38.671105919942605,0.1348193308505259,0.0012118979205008246
2021-02-10,73.50033569335938,73.50033569335938,73.42443709846212,73.46660369937393,3735500,73.55604133605956,73.78088600852273,73.71390323638916,73.52433040618897,45.32023946976569,0.13182545090871503,0.0012631578526954412
2021-02-11,73.42440795898438,73.52560390077971,73.38224137480695,73.50030652376024,4578200,73.5484073638916,73.76959505948153,73.71051368713378,73.52945003509521,42.155524317754754,0.1354503556127621,0.0011317739962200069
2021-02-12,73.23048400878906,73.34011460406019,73.20518662025584,73.3063826081091,4825400,73.53570671081543,73.75584439364347,73.70418860117594,73.53335189819336,35.36331460549194,0.13847913716170268,0.0012428366080708022
2021-02-16,72.8847427368164,73.01966428769177,72.86787995560215,73.00280150647751,6702200,73.50277328491211,73.73717803955078,73.69567686716715,73.53581447601319,27.008137107027025,0.15716263537122493,0.0015822461439003747
2021-02-17,73.03652954101562,73.04496414802546,72.9353335580578,73.01123215370619,5217000,73.47237739562988,73.72188110351563,73.68961079915364,73.53918544769287,34.34238058325944,0.16018766144205795,0.001632351670392868
2021-02-18,72.99435424804688,73.02808623834959,72.87629549884704,72.92689670116076,4607000,73.44029273986817,73.70292316783558,73.68354053497315,73.54197235107422,33.339949359789415,0.16201091000891768,0.0016311720111625127
2021-02-19,72.74136352539062,72.90158241417127,72.69076233034345,72.88471963830114,4011100,73.4006118774414,73.67753767533736,73.67758464813232,73.54382587432862,28.05064855159131,0.17106526373474548,0.0017567416805369326
2021-02-22,72.53897857666016,72.76666789193554,72.52211579917113,72.6823411370524,4809400,73.34912719726563,73.65254558216442,73.66945616404216,73.54628395080566,24.67779160356247,0.18010050464257837,0.0018084153841361743
2021-02-23,72.52210998535156,72.56427657627229,72.37031926524278,72.41248585616351,6475900,73.28837890625,73.62953602183948,73.6593812306722,73.547497215271,24.414289315663126,0.18492285494708735,0.0016715593776450135
2021-02-24,72.47992706298828,72.51365904138056,72.20164950025678,72.25224425098668,5164600,73.2259422302246,73.60316592129794,73.64726378122965,73.549535446167,23.73186804726018,0.19877532681769697,0.0016642885480420908
2021-02-25,71.8475112915039,72.23542606559501,71.61139373073262,72.18482484991473,9956100,73.131884765625,73.56880631880327,73.62855440775553,73.54953086853027,16.352217070053925,0.2505737027421771,0.0024069832068941165
2021-02-26,72.47149658203125,72.47149658203125,71.93179781240377,72.1594806171429,8580200,73.07197341918945,73.54396071000532,73.61497542063395,73.55148559570313,37.126565997395474,0.2843018876102578,0.0032832297936852047
2021-03-01,72.37777709960938,72.4200070863457,72.234205454132,72.30177085555358,7152000,73.01032409667968,73.51695376309482,73.60423342386882,73.55255729675292,35.6927506709856,0.29040905846690535,0.003284967231088681
2021-03-02,72.36934661865234,72.3862347497301,72.29333392032191,72.33556391310462,5338800,72.94702987670898,73.4920820756392,73.5925168355306,73.5525923538208,35.55971324275987,0.28921453760736426,0.003278068176874965
2021-03-03,72.14131927490234,72.22577282211859,72.0653130154255,72.18354927020678,6022500,72.87696990966796,73.46031771573153,73.57931728363037,73.55127994537354,32.07707878047617,0.30249638294108955,0.003317203345066917
2021-03-04,71.91326141357422,72.19196379194565,71.82880790468916,72.16662194022939,9701800,72.80183334350586,73.4222710349343,73.56407775878907,73.54949028015136,29.016283829467838,0.3181959087470706,0.003350157190682907
2021-03-05,71.87104797363281,71.89638338778856,71.71902904530708,71.78659444531655,6871000,72.72374420166015,73.38391515558416,73.547860399882,73.54703384399414,28.474671517367824,0.3164109822855425,0.0033389836178326564
2021-03-08,71.54167175292969,71.78659148532182,71.54167175292969,71.75280878671005,5806700,72.63424530029297,73.33895984996448,73.52889823913574,73.54197692871094,24.614059446377468,0.3140375656795576,0.003430250058420774
2021-03-09,71.77814483642578,71.84571023424856,71.72747400975419,71.72747400975419,7671800,72.55235290527344,73.29967734596946,73.51155904134114,73.53772953033447,31.76672343703555,0.32431021354454465,0.0035409993878674348
2021-03-10,71.91326141357422,71.96393223022731,71.82036062078373,71.84569602911029,5286700,72.47890357971191,73.2625464699485,73.49548479715983,73.5340333557129,35.5306599906981,0.3261354529468982,0.003602236554655742
2021-03-11,71.92169952392578,71.98081761694384,71.82035146015676,71.90480495826984,5510000,72.39997177124023,73.22602677778764,73.47948087056479,73.53058673858642,35.768953555519815,0.3159121843100162,0.0035604708497456975
2021-03-12,71.4909896850586,71.5754431966126,71.43187158263179,71.56699591244022,5717100,72.30330085754395,73.18152327104049,73.4605837504069,73.52482070922852,29.72865244223793,0.33343188777641536,0.0037257025266112164
2021-03-15,71.57545471191406,71.61768469618012,71.49944847230428,71.49944847230428,5012200,72.22054939270019,73.1364195390181,73.44204235076904,73.51935260772706,32.14850330791012,0.32862743778298814,0.0037526792637414237
2021-03-16,71.5670166015625,71.65991742414533,71.49945763882279,71.617693877857,6159100,72.1546630859375,73.09267786199396,73.42322216033935,73.51280632019044,32.02983956509179,0.31719881637068525,0.003661239889547434
2021-03-17,71.54167175292969,71.6176844356539,71.31364659153891,71.44877094259506,7370600,72.07992019653321,73.04617878306996,73.4055819829305,73.50642807006835,31.6519310487418,0.2768777100749225,0.0035965455290675125
2021-03-18,71.24609375,71.33899457670653,71.12785750571753,71.19542291484811,4905200,71.99250717163086,72.99476498690518,73.38540929158529,73.49828140258789,27.566969003531497,0.26186549269526643,0.0036603858592441233
2021-03-19,71.30517578125,71.67677889999035,71.19538687952617,71.61766080777154,4969200,71.92069778442382,72.94396598122337,73.36579831441243,73.49126041412353,29.524874227787592,0.27930127073561856,0.003646731094093164
2021-03-22,71.50788116455078,71.54166385943516,71.40653952328785,71.4740984696664,4748300,71.86914291381837,72.89593422629616,73.34732011159261,73.4861249923706,35.92432555672005,0.2895575027911172,0.0037174774183764575
2021-03-23,71.66835021972656,71.68523834614884,71.51633130836419,71.67679750463293,5148600,71.8264549255371,72.84898334849964,73.32976188659669,73.48183322906495,40.52825105923441,0.2805091869604896,0.0037749874457361924
2021-03-24,71.77814483642578,71.78659212200138,71.56700780077284,71.58390237192403,5148200,71.79136581420899,72.80586547851563,73.31409231821696,73.47771686553955,43.518555012994035,0.2702540751013497,0.0038045609963045512
2021-03-25,71.72747802734375,71.83726697241201,71.64302449703037,71.81193155765713,3876300,71.78536415100098,72.76412284157493,73.29737351735433,73.4730982208252,42.45762314933781,0.27025479703810007,0.0032755845746888106
2021-03-26,71.60078430175781,71.7190205160174,71.55856076431678,71.58389617545949,3376200,71.7418285369873,72.72604675292969,73.28001708984375,73.46630962371826,39.842027004241146,0.2587934429183747,0.0025593012199704715
2021-03-29,71.50788116455078,71.6430119440883,71.43187493360358,71.61767653377257,3775500,71.69833374023438,72.68903711492365,73.26418628692628,73.45972080230713,37.99366855847892,0.2521576235730783,0.0025593629571386543
2021-03-30,71.5838851928711,71.59232603303003,71.37274820788784,71.4234190223992,4769200,71.65906066894532,72.65463367808948,73.2481527964274,73.45313838958741,40.428528654797866,0.25457122581169705,0.0025845826727191996
2021-03-31,71.55013275146484,71.65992171045164,71.47412005417232,71.58391545655128,6949300,71.62950134277344,72.62099401300604,73.23267409006755,73.44563972473145,39.683284042910174,0.2563809043468573,0.002510637601783948
2021-04-01,71.78038024902344,71.8142332346686,71.67033544257673,71.76344729817231,4780200,71.6228572845459,72.59184695157138,73.21806869506835,73.43974910736084,46.877213375161595,0.24025751448326918,0.0025474417135767217
2021-04-05,71.6703109741211,71.7041704062351,71.56873913580542,71.62799152749834,8200600,71.61282043457031,72.55717828924006,73.20240681966146,73.43322498321533,44.16536046910376,0.2463250932044474,0.002565895211760832
2021-04-06,71.92424011230469,71.9411665962012,71.74648297027825,71.76340945417475,5400600,71.63194885253907,72.52880998091264,73.18795483907064,73.42755531311035,51.18180613472568,0.2542105101157018,0.00246622383599506
2021-04-07,71.83959197998047,71.96655674932424,71.82265903871804,71.86498493384921,5480200,71.6350212097168,72.49783144864169,73.17230955759685,73.42133785247803,48.97250315839286,0.2427719291507882,0.00237791001612928
2021-04-08,72.00041198730469,72.00887845744361,71.90730018985005,71.9242331301279,3872300,71.63937873840332,72.46793989701705,73.15765609741212,73.41604904174805,53.113412092018315,0.2253056598830016,0.0023936731039963226
2021-04-09,71.90731048583984,72.00888876797781,71.82266514640426,71.92424342854223,9748500,71.63865928649902,72.4365083174272,73.14257513682047,73.41046085357667,50.555637342056556,0.20422220281938458,0.002412697300223324
2021-04-12,71.89039611816406,71.89039611816406,71.82267725199152,71.89039611816406,3995700,71.6586296081543,72.40660677823153,73.12784112294516,73.40474662780761,50.08374960177412,0.1933754282238961,0.001963098204441872
2021-04-13,72.07659912109375,72.07659912109375,71.85651609810031,71.85651609810031,4097500,71.68368682861328,72.37947817715731,73.11521625518799,73.39958972930908,55.05706634276609,0.19642727403785187,0.0020215261116456784
2021-04-14,72.02584838867188,72.05970783162847,71.95813596078708,72.00045542096152,4592300,71.70662841796874,72.34836495139382,73.10321394602458,73.39351459503173,53.49269811927753,0.18920433397200448,0.002032898741245723
2021-04-15,72.3305435180664,72.42365532869488,72.17817932413124,72.22897169412659,5395000,71.74607200622559,72.32294464111328,73.09444783528646,73.38871383666992,60.71057504528206,0.20374465287495877,0.0022039700437035854
2021-04-16,72.13589477539062,72.21207368019297,72.0004570005928,72.13589477539062,6199700,71.79056205749512,72.29398526278409,73.08510494232178,73.38256622314454,54.85371132725433,0.21525674247828977,0.0020618595680221034
2021-04-19,72.09351348876953,72.11044642662911,72.0004017046126,72.04272759123796,6165300,71.8299789428711,72.26532689874823,73.07464237213135,73.37611515045165,53.640324198426626,0.2098536039278116,0.0020786624169499375
2021-04-20,72.2120361328125,72.25436202993617,72.06813841543232,72.07660488646209,6383700,71.86518669128418,72.23989549116655,73.06426124572754,73.36967433929443,56.53590623509392,0.20747116031078758,0.0020257389914142463
2021-04-21,72.28820037841797,72.28820037841797,72.15276271353294,72.1866221297542,4508300,71.89617919921875,72.21540402499112,73.05305137634278,73.3637391281128,58.336778175649734,0.20387373235405246,0.0019887178098538993
2021-04-22,72.32209014892578,72.33901663512897,72.19511889931083,72.296697190608,4007800,71.92337646484376,72.1932144165039,73.04296023050944,73.35739082336426,59.14786826095505,0.19528782182650822,0.0019719216934215734
2021-04-23,72.3305435180664,72.37286941672495,72.24589817877474,72.3559429320768,6435700,71.95352973937989,72.173478976163,73.034263865153,73.35129287719727,59.360394041361864,0.18923997359309347,0.001956611848249493
2021-04-26,72.27977752685547,72.36442288947593,72.26285103754226,72.33902992649251,3797400,71.98747940063477,72.15251437100497,73.02618961334228,73.34394264221191,57.42820395514115,0.17714827572549094,0.0019078653426617307
2021-04-27,72.09351348876953,72.26281057724741,72.07658700893354,72.26281057724741,4450300,72.0167610168457,72.13000280206853,73.01571877797444,73.33607704162597,50.88375540639255,0.18138347624804294,0.001990065208206305
2021-04-28,72.12740325927734,72.14433620426269,71.97503904454081,72.11893678678467,5479200,72.04393692016602,72.10657390247692,73.0056697845459,73.32821445465088,51.956525188542,0.18138423926652386,0.0019842321306502565
2021-04-29,72.06813049316406,72.06813049316406,71.90729985140403,72.00041164842042,6247600,72.06983680725098,72.08268085826526,72.99093767801921,73.31959781646728,49.9035483223954,0.18380422400222127,0.0019936680867288156
2021-04-30,72.16973114013672,72.16973114013672,72.04275988137468,72.13587170726507,6867600,72.08930435180665,72.05848804820667,72.97642383575439,73.31144763946533,53.30920736063008,0.18682836863891542,0.0018959724601525277
2021-05-03,72.18751525878906,72.32315490466081,72.15360373033046,72.16208322943578,4601200,72.11516456604004,72.0359990900213,72.96345507303873,73.30313690185547,53.89997395258246,0.18321895087726656,0.0018479215875442808
2021-05-04,72.2807846069336,72.39099224519735,72.23839357100539,72.26382560537672,5520300,72.13299179077148,72.0187318281694,72.95412572224934,73.29491806030273,56.974656647501355,0.18929136702738195,0.0017071164530679044
2021-05-05,72.32316589355469,72.34859792677216,72.2044787598974,72.23839029350857,5950300,72.1571704864502,72.00852134011008,72.94633649190267,73.28653667449952,58.3345203974152,0.17117081180250743,0.0016748450259085341
2021-05-06,72.35704803466797,72.39943905145302,72.26379297210973,72.27227246905895,4143600,72.17500228881836,71.99616713090377,72.9384110768636,73.27811672210693,59.43826592997975,0.15728220907891352,0.0016147500659862998
2021-05-07,72.36553192138672,72.56899458478286,72.31466787252805,72.46726648706552,4886300,72.1979133605957,71.98473399769176,72.92853132883708,73.2692399597168,59.72595707817057,0.1657703263272552,0.0015741796265862531
2021-05-10,72.19601440429688,72.3909976610405,72.17905540147123,72.37404512617933,6211800,72.21319427490235,71.97481855912642,72.91702925364176,73.25918273925781,51.8175144498522,0.16760737240335594,0.0016801718359723797
2021-05-11,72.0518798828125,72.09427091669396,72.00949531689471,72.07731191595592,6630800,72.21195831298829,71.96596221923828,72.90397694905599,73.24848831176757,46.214241352897545,0.17125604544029369,0.0016514760232194605
2021-05-12,71.79755401611328,71.93319368396139,71.7721219826395,71.93319368396139,7011700,72.20054359436035,71.95278847434304,72.88775850931803,73.23677165985107,38.336753364838046,0.18096034289421173,0.0018251848013872843
2021-05-13,71.94168853759766,71.97560007878772,71.78908983622493,71.78908983622493,6991000,72.18110084533691,71.94300231933593,72.87204284667969,73.22560920715333,44.14731531227134,0.18521312893796704,0.001597419523436992
2021-05-14,72.1112289428711,72.1112289428711,71.99254180051788,72.04341233864366,6262100,72.17986755371093,71.94779718572443,72.8564832051595,73.21471218109131,50.10329864680684,0.19006802560509328,0.0015932320345180535
2021-05-17,72.04339599609375,72.0942600547172,72.01795749881933,72.0942600547172,4753000,72.17736167907715,71.94001353870739,72.83979975382486,73.20326801300048,47.902308907294206,0.18221666318579618,0.0016018344612046152
2021-05-18,71.96709442138672,72.00100595025226,71.93318289252117,71.98405341980089,4631000,72.16511459350586,71.93254658092152,72.82296911875407,73.19094326019287,45.48201082767236,0.177996373460846,0.0015664878942764715
2021-05-19,71.89083099365234,72.06038224704734,71.80604889898912,71.98408612340931,6511300,72.14524612426757,71.9238462968306,72.80613110860189,73.17836616516114,43.13605240513423,0.18044136918833992,0.0015508457837858974
2021-05-20,72.1281967163086,72.13666975038981,71.9671185172561,71.9671185172561,5283900,72.13555145263672,71.92360770485618,72.79155057271322,73.1661841583252,51.518042876511274,0.18893190475801344,0.0017401256677951407
2021-05-21,72.1451416015625,72.1875326393329,72.0857980294625,72.16210060385637,5050800,72.12628135681152,71.92782370827415,72.77578474680583,73.15458702087402,52.06129541320623,0.1840878644394459,0.00174121689242756
2021-05-24,72.22993469238281,72.26384623721457,72.1790706091181,72.1875501123175,6954500,72.1237892150879,71.93434892134233,72.75988782246908,73.14283039093017,54.79122162680361,0.17803269652828696,0.0017590936395587373
2021-05-25,72.41645812988281,72.41645812988281,72.26385938436016,72.27233888910226,5235500,72.13993644714355,71.95025412819602,72.747412109375,73.13242298126221,60.16507972921156,0.18106157300151843,0.0017446351756039162
2021-05-26,72.39099884033203,72.45034241525958,72.33165526540448,72.3740463051947,4834400,72.15311622619629,71.96139692826705,72.73577346801758,73.1223051071167,59.13188378960954,0.17985022089521965,0.0017482293189771223
2021-05-27,72.28924560546875,72.3485891651107,72.22990204582682,72.33163663433996,5215200,72.16417198181152,71.96823300448331,72.72209815979004,73.11297023773193,55.062045415526306,0.17319094105596275,0.0017706357060984597
2021-05-28,72.2807846069336,72.39099224519735,72.27230510615516,72.28925763974804,5258500,72.16972465515137,71.97476182417437,72.70996061960857,73.10455162048339,54.72476013180254,0.16652986101831452,0.0017464223027171823
2021-06-01,72.27568817138672,72.29266739004399,72.15681420635009,72.23323040752568,5398000,72.17413330078125,71.98902906938032,72.69694131215414,73.0973161315918,54.50817119803594,0.16291086789629564,0.0017462546938600617
2021-06-02,72.35211181640625,72.36909751495631,72.2502170595436,72.26720275809366,5479900,72.17769966125488,72.00315010764382,72.68434925079346,73.09087951660156,57.24107928595653,0.15141962184198934,0.00173832914538604
2021-06-03,72.21627044677734,72.2841938176648,72.19928474544525,72.2841938176648,4829000,72.17235488891602,72.01495472301136,72.67167409261067,73.08330535888672,51.337500816547866,0.14901368101328977,0.0017850514612689561
2021-06-04,72.50494384765625,72.50494384765625,72.2926679829007,72.3096536798425,19321400,72.17974967956543,72.0324687610973,72.66014563242594,73.07667430877686,60.62999670898526,0.15752318069939467,0.0020024942187457234
2021-06-07,72.45398712158203,72.47945918442275,72.42002221174636,72.45398712158203,10706500,72.18417243957519,72.05443045876243,72.64721361796062,73.07041362762452,58.506170043324744,0.15692676583211806,0.00201058797746704
2021-06-08,72.5898208618164,72.6068065512619,72.5473695944875,72.5898208618164,5099600,72.20386276245117,72.07778764204545,72.63562361399333,73.06420696258544,62.297507268660695,0.15997007483978162,0.0019656724417955003
2021-06-09,72.73419952392578,72.80212287176099,72.68324891536842,72.75967158913208,4810300,72.23797874450683,72.10008433948863,72.62495683034261,73.05793048858642,65.8674233223474,0.15696783640309267,0.0019249968511630261
2021-06-10,72.88703918457031,72.90402488183176,72.60683996121051,72.63231202895727,7400300,72.29245300292969,72.12224232066761,72.61619313557942,73.05283493041992,69.19291787153851,0.16063541953764826,0.0017083245190089144
2021-06-11,72.87007141113281,72.89554348288047,72.80214156770812,72.87007141113281,4194500,72.33887214660645,72.14209553111684,72.60714823404948,73.0483629989624,68.39622165971858,0.16004022705921578,0.0016952517672495847
2021-06-14,72.68329620361328,72.8191559439645,72.66631697514387,72.8191559439645,4438400,72.36747550964355,72.15947404341264,72.59675668080648,73.04316555023193,60.18182758982762,0.16611521279756403,0.0017878682054126153
2021-06-15,72.68329620361328,72.7087682853919,72.61536633343768,72.64933126852547,6173600,72.39947052001953,72.17915607799183,72.58629512786865,73.03930168151855,60.18182758982763,0.15946367811572262,0.0017630352727188384
2021-06-16,72.47943115234375,72.79360158820734,72.39452214966597,72.75114384779762,7302400,72.42508735656739,72.19682062322443,72.57315572102864,73.03412685394287,52.23969751156889,0.17949169873616963,0.0018806473358266673
2021-06-17,72.72572326660156,72.91252709158849,72.58137721207393,72.59835643336991,6467500,72.46683197021484,72.21758131547408,72.56276334126791,73.02909996032714,59.238368693109905,0.1989202090747071,0.001966195176677958
2021-06-18,72.9549789428711,73.01441593508176,72.70873812424225,72.78516081602527,5842800,72.50817108154297,72.24312397349965,72.55322882334391,73.02420475006103,64.45909867721683,0.21227668563165839,0.001955561392159737
2021-06-21,72.70022583007812,72.81060692535499,72.68324013656232,72.78513486322525,7907000,72.53592529296876,72.25984843860974,72.54178193410237,73.01724269866943,55.892348209243075,0.22198280153272115,0.0021565866982241294
2021-06-22,72.80213165283203,72.81062450164009,72.60684147726552,72.61532784792804,4082900,72.56453514099121,72.28042699640447,72.53097368876139,73.01074848175048,58.280880963762534,0.22804727074428296,0.0021615394406393137
2021-06-23,72.75118255615234,72.81911238569431,72.70872479315234,72.75967540438137,5739900,72.58127136230469,72.29546231356534,72.51931997934977,73.00617031097413,56.62974054830223,0.22501587942863818,0.0021108778627946818
2021-06-24,72.78516387939453,72.83610802396315,72.75969180711022,72.79365672953816,4852100,72.60097961425781,72.31265452991832,72.5071076075236,73.00121944427491,57.49468773889853,0.21046245563805957,0.0021068850485541266
2021-06-25,72.6492691040039,72.81060078808544,72.55586723197179,72.8021079420434,6018500,72.61898078918458,72.32445193204013,72.49460461934407,72.99583946228027,52.94704387264762,0.22259187850975642,0.0021286572413517727
2021-06-28,72.84457397460938,72.88702525335827,72.7426792449525,72.75966493896739,5664100,72.64717025756836,72.34149308638139,72.4847817103068,72.99135231018066,58.07902551578622,0.22865878705793513,0.002194567442054959
2021-06-29,72.87855529785156,72.87855529785156,72.73420925693685,72.73420925693685,10672700,72.6773136138916,72.35945961692117,72.47797826131185,72.98665943145753,58.91859257483564,0.22380478927008746,0.002191909178828738
2021-06-30,72.92950439453125,73.0059270837185,72.9125251736819,72.93799724402896,4846600,72.70618324279785,72.37496698552911,72.47286237080893,72.98222129821778,60.20544446463085,0.21167527964477983,0.0021878661914111453
2021-07-01,72.9227066040039,72.9482178830843,72.82065499956452,72.9057012473229,5768000,72.74150505065919,72.39127349853516,72.46825097401937,72.9775405883789,59.935680049563246,0.2141153488124528,0.0021256111020251708
2021-07-02,73.0502700805664,73.0502700805664,72.9142012735426,72.93121311847949,4315700,72.76877136230469,72.40435943603515,72.46533393859863,72.97358108520508,63.26230647598088,0.20928066102922877,0.0019851209194760855
2021-07-06,73.31390380859375,73.36492637310141,73.13531834469838,73.13531834469838,5711600,72.81176719665527,72.42577778209339,72.46475423177084,72.97093975067139,68.99253372276578,0.22508454249928483,0.0020929298841202587
2021-07-07,73.46694946289062,73.50947257554759,73.33088718099724,73.39041564584736,5933900,72.85562362670899,72.45074934525924,72.46383641560872,72.96948127746582,71.74753045886106,0.2105480659573189,0.0021003205347864314
2021-07-08,73.53498840332031,73.62002814578632,73.45844809341938,73.50947712939215,6991200,72.89566307067871,72.47480302290482,72.46425717671713,72.96815410614013,72.90029496291241,0.1911540740374765,0.0020767158285504585
2021-07-09,73.30536651611328,73.36489497860484,73.30536651611328,73.36489497860484,10304900,72.91657943725586,72.4932969526811,72.4622734705607,72.96555374145508,63.4857212276611,0.18572150806372786,0.002196358961895439
2021-07-12,73.27986145019531,73.38191303230087,73.2373448237386,73.35640175880357,9073900,72.93706893920898,72.51071097634055,72.4592352549235,72.9636605834961,62.51992024554705,0.17663789393897794,0.0021979474520184995
2021-07-13,73.0502700805664,73.33090712896464,73.02475880127889,73.27137864792118,8583600,72.95541763305664,72.52379691384056,72.45435377756755,72.96057785034179,54.48466524434108,0.18394970131834754,0.0022400783628405557
2021-07-14,73.29689025878906,73.31389561568506,73.18633273055262,73.20334457556648,5036200,72.98609733581543,72.54228987260298,72.4523696899414,72.95876983642579,60.37580626180012,0.19489526864525328,0.0023446718192242358
2021-07-15,73.4754638671875,73.48396978832427,73.28837253087927,73.42443482848365,3423000,73.03589897155761,72.56741624311967,72.45159295399984,72.95752082824707,64.00839507325409,0.2028003964762673,0.002256136553033268
2021-07-16,73.40742492675781,73.44994804169059,73.29687391129556,73.30537334378899,5725100,73.06998405456542,72.59068936434659,72.44884586334229,72.95568126678467,61.68789954351454,0.19736156788900214,0.0021886453467219054
2021-07-19,73.8241195678711,73.89215395224535,73.71356855934992,73.73907983146127,6493300,73.11344108581542,72.62261643843217,72.44964135487875,72.95650939941406,69.08083084173495,0.21500248761280005,0.002412823747529145
2021-07-20,73.74758911132812,74.05373736684379,73.70506599712795,74.0282260935702,6762200,73.16580924987792,72.65130476518111,72.44979909261068,72.9565786743164,66.54118977166434,0.22959715395573813,0.002250966832922324
2021-07-21,73.50948333740234,73.59452308705012,73.44144894243732,73.55199996816773,6293000,73.20117683410645,72.67534054842862,72.44846375783284,72.95570831298828,59.243643528000604,0.24236632417172846,0.00240947045174056
2021-07-22,73.67106628417969,73.73059476531517,73.51799212010017,73.51799212010017,4894900,73.2471710205078,72.70061839710583,72.4489662806193,72.95702575683593,62.26782864929464,0.24904836305694694,0.0024214910138481817
2021-07-23,73.58599853515625,73.61150980477994,73.47544753741514,73.48395345666148,8887500,73.2872127532959,72.72357899058949,72.44855600992838,72.95741622924805,59.754008709702944,0.2533019301812861,0.002454210527846789
2021-07-26,73.54348754882812,73.67104390671781,73.51796978913431,73.67104390671781,5427900,73.33192367553711,72.74515061811967,72.44856408437093,72.95809577941894,58.4833651976356,0.2417603462561786,0.002403789316847756
2021-07-27,73.7305679321289,73.74757977090087,73.64552820261547,73.7135625814724,4344100,73.37622337341308,72.76996945467862,72.45118554433186,72.95908348083496,62.28430145166205,0.24236916447895748,0.0023974363125724204
2021-07-28,73.79861450195312,73.79861450195312,73.56050062473471,73.63703444750497,6636700,73.42222633361817,72.79910763827237,72.45423374176025,72.96032787322999,63.59002574411136,0.24783586625406226,0.0023981967698777445
2021-07-29,73.67106628417969,73.72209533095142,73.6285496480074,73.64555500485274,5201000,73.45930442810058,72.8285473910245,72.45706221262614,72.96039081573487,59.43633471745693,0.24358179244968373,0.0024552726393434646
2021-07-30,73.78160858154297,73.79861393487795,73.70506827124431,73.73057954530503,7557200,73.50224952697754,72.86462111039596,72.4601090113322,72.9607137298584,61.76721464029482,0.2423660383165398,0.0024605608879744467
2021-08-02,73.95704650878906,74.05073901235015,73.78669354854117,73.82928341317839,4660800,73.54758834838867,72.90126398259943,72.46489899953207,72.96170482635497,65.18631888733192,0.2397219028252136,0.002480101988604642
2021-08-03,73.9740982055664,74.05075868261669,73.94002760446658,73.96557893071576,5297700,73.58059806823731,72.93513433283026,72.46884702046712,72.96299018859864,65.50917483053078,0.22880087018460366,0.0023787886478007256
2021-08-04,73.9740982055664,74.14445121106553,73.79523242351935,74.11038060996572,3916900,73.6059555053711,72.97023800936613,72.47342777252197,72.96456829071045,65.50917483053078,0.239773836620402,0.0023488117814738983
2021-08-05,73.80374908447266,73.92299293494744,73.7781977591284,73.90595438584963,4613800,73.61939353942871,73.00363173051313,72.478204981486,72.96562911987304,59.15324524847165,0.24101030023083528,0.0024168706242049414
2021-08-06,73.45453643798828,73.59081884893163,73.43750438577187,73.52267764345996,4329800,73.62685203552246,73.03206273859197,72.4829532623291,72.96557117462159,48.71802992251294,0.23254713403178126,0.0025555736792334045
2021-08-09,73.31822204589844,73.56522891236992,73.31822204589844,73.5226390567267,4541300,73.62877006530762,73.05369956276634,72.4853006998698,72.96524990081787,45.35461277400477,0.2252853838000409,0.002591618058276533
2021-08-10,73.20751953125,73.35232119785023,73.20751953125,73.35232119785023,4312300,73.63663253784179,73.07301552512429,72.48707707722981,72.96500228881835,42.77204633306717,0.21376120506499977,0.0025115498035661564
2021-08-11,73.25863647460938,73.36936105656858,73.13087334262393,73.22456587285974,6494000,73.63471984863281,73.09171919389205,72.49138768513997,72.9645503616333,44.347856894014186,0.21500236835298686,0.0023970712359636217
2021-08-12,73.26714324951172,73.29270107245746,73.16493795093795,73.23307914885532,4946500,73.62430381774902,73.10718619606712,72.49745572408041,72.96359722137451,44.621147366522266,0.2101555379783408,0.0023268833330078635
2021-08-13,73.55674743652344,73.55674743652344,73.34381104549558,73.36084309752452,4329600,73.6317699432373,73.12838162508878,72.50607770284017,72.96321403503418,53.07032966504889,0.2199076857946421,0.0024900827094590746
2021-08-16,73.62488555908203,73.7611614645174,73.59933423295682,73.65043688520724,3918900,73.62180824279785,73.15266598788175,72.51561902364095,72.96367332458496,54.817018802536516,0.2199306719318719,0.002131353290118548
2021-08-17,73.5482406616211,73.65045248607545,73.53120860669739,73.56527921484884,7168400,73.6118408203125,73.17571064342152,72.52979176839193,72.96454399108887,52.452138921539294,0.2114399578004184,0.002131450801184194
2021-08-18,73.53121948242188,73.61639276624614,73.45455897816653,73.53121948242188,4561900,73.61292762756348,73.19853848544034,72.53862279256185,72.96595664978027,51.91647798571138,0.21085202452426646,0.002003904229134603
2021-08-19,73.69300842285156,73.69300842285156,73.59932240821196,73.66745710083153,5345600,73.61402473449706,73.22291842373934,72.54958305358886,72.96767162322998,56.467265816405174,0.21329783093365404,0.002004027561512582
2021-08-20,73.6760025024414,73.73562444106614,73.65045117135995,73.71007310998468,3581200,73.61852493286133,73.24945900656961,72.56047185262044,72.96938522338867,55.868723227122715,0.20015803371215465,0.001986170724148062
2021-08-23,73.69300842285156,73.70152769629213,73.61635445679144,73.6589443256926,4005500,73.6260009765625,73.27106018066407,72.57340259552002,72.9686703491211,56.36680426045221,0.1983324738086247,0.0019806643352693987
2021-08-24,73.5482406616211,73.65897176268933,73.5482406616211,73.6334139328477,5164800,73.61688461303712,73.29095569957386,72.58702742258707,72.96685459136962,51.081460740345875,0.1837288290717883,0.0019445207652602197
2021-08-25,73.4289779663086,73.59081168898263,73.36935604189749,73.58229241455179,3904900,73.59840278625488,73.30621310147372,72.60001017252604,72.96528064727784,47.158389315888535,0.18555420054658356,0.0019557636503592115
2021-08-26,73.43749237060547,73.46304369390113,73.34379985298678,73.45452442003526,4810900,73.58672409057617,73.31900024414062,72.61580867767334,72.96546657562256,47.46857121588344,0.16791128213326698,0.0019255993863267168
2021-08-27,73.65044403076172,73.65044403076172,73.39491774811312,73.45453968095735,4780900,73.58016586303711,73.3328803322532,72.63141117095947,72.96742942810059,54.6402738531566,0.16851981186020432,0.0020124534203186635
2021-08-30,73.73561096191406,73.73561096191406,73.58229650514781,73.5993350549567,4119000,73.56909408569337,73.34861741499468,72.64659741719564,72.96956699371339,57.159308740298904,0.16912786830063453,0.0019513212715638918
2021-08-31,73.64189147949219,73.7696545630858,73.58226957358856,73.72706470245447,4974900,73.55248374938965,73.36604642001065,72.66093235015869,72.970020942688,53.62980579184087,0.16547767369724756,0.001964825400159645
2021-09-01,73.65471649169922,73.71443817152759,73.57794263214653,73.71443817152759,4792400,73.5365146636963,73.38370860706677,72.6789634068807,72.97041320800781,54.047967151078154,0.16610141783021554,0.0019662519734499257
2021-09-02,73.75708770751953,73.75708770751953,73.65471605359265,73.7144377330658,4885100,73.53418159484863,73.40693872625178,72.69714368184408,72.97110786437989,57.35386492160411,0.1527276654670128,0.0019329252246367275
2021-09-03,73.60353088378906,73.62059607974082,73.54381571488845,73.58647219630257,4059700,73.54163131713867,73.42289886474609,72.71411463419597,72.97040668487548,51.382472263540194,0.1533603772268068,0.0016660848141405867
2021-09-07,73.39027404785156,73.4499892269671,73.33055886873602,73.43293053656254,4839700,73.54523391723633,73.43081332120029,72.72951965332031,72.96822021484375,44.45945244620828,0.16434095834644832,0.0017449386554721812
2021-09-08,73.5096664428711,73.57791418617636,73.44141869956584,73.47554257121847,4864600,73.56034126281739,73.44553042325107,72.74838275909424,72.96587661743165,48.63226948547374,0.16618426907824763,0.0017382544112198234
2021-09-09,73.77413177490234,73.79972305393825,73.52673856344913,73.58645371735413,5504600,73.58611602783203,73.46320315274325,72.76895739237467,72.96452022552491,56.43937512666964,0.17534624555235265,0.0018951725247449815
2021-09-10,73.59500122070312,73.68884027678418,73.45851218997238,73.6547163919851,3711400,73.60250892639161,73.47854531028054,72.78635005950927,72.96256137847901,50.806798482597955,0.191806696639765,0.0019946428151395293
2021-09-13,73.70591735839844,73.72297604931589,73.64620217748745,73.65472826871289,4047300,73.60996742248535,73.49528628262607,72.80332978566487,72.96153400421143,53.87624003878558,0.19486395300491313,0.0018215532589995224
2021-09-14,73.88506317138672,73.94477835251612,73.74004151842482,73.76563280912791,4758300,73.62297630310059,73.5177552656694,72.82088743845621,72.96157001495361,58.39197074017693,0.20158489821114298,0.0018872133806630514
2021-09-15,73.81680297851562,73.87651814960415,73.7314965210271,73.86798555131564,6204400,73.63640441894532,73.5354321566495,72.83829847971599,72.96046882629395,56.13671469227543,0.1967356841593205,0.0018834083944278908
2021-09-16,73.68030548095703,73.75707933133428,73.62059031673091,73.66324028634114,4604000,73.64385871887207,73.55000943270596,72.85562782287597,72.95818252563477,51.82615581651477,0.20223345707863213,0.001936183956960426
2021-09-17,73.58646392822266,73.60352261379245,73.5182161690144,73.57793133120549,6217800,73.63853149414062,73.56195415150036,72.87294934590658,72.95654712677002,49.03825830257589,0.1955593877424917,0.0018934918168254367
2021-09-20,73.79120635986328,73.81679764441402,73.68883471319525,73.69736731086718,6195100,73.64429168701172,73.57774505615234,72.89134368896484,72.95656497955322,54.75672034139978,0.20106076341571416,0.0019971136757000216
2021-09-21,73.77413177490234,73.8082491413078,73.74000790003325,73.79972305393825,6962300,73.64834785461426,73.59090617786754,72.90987701416016,72.95578422546387,54.21040348307393,0.1925504956855225,0.0019979509264037667
2021-09-22,73.8509292602539,73.87652054748456,73.70590762696975,73.77415539856196,6006200,73.66348228454589,73.60067027698864,72.92713158925375,72.95635242462158,56.321260414971306,0.19498745148079064,0.0019503729816752447
2021-09-23,73.45850372314453,73.68030569454082,73.42437984227858,73.66324049987546,5222300,73.66495857238769,73.60051671808417,72.94203319549561,72.95445491790771,44.924735252475266,0.21814300605567943,0.0022795422228539244
2021-09-24,73.304931640625,73.39023806775847,73.26227517282666,73.37317938571707,4170600,73.65833053588867,73.59633386785333,72.9535389582316,72.9516637802124,41.39465894979752,0.21692561731902163,0.002327673952724142
2021-09-27,73.21966552734375,73.29643940149568,73.16847643610902,73.19407423595977,4858500,73.63679161071778,73.59477566805752,72.9650395711263,72.94907566070556,39.537060580661866,0.20717441656637448,0.0022283944550745296
2021-09-28,72.90399932861328,73.04902093553378,72.84428416644222,72.99783837037702,6253700,73.59521102905273,73.58794181130149,72.9725694656372,72.94415386199951,33.53685485972589,0.22058450389328396,0.002372237837376166
2021-09-29,72.91252899169922,73.08314187433281,72.83574863858911,73.00636802968698,5123500,73.55874290466309,73.58543742786755,72.98094628651937,72.9386873626709,33.829079892656964,0.2175371199416085,0.0023707768119605797
2021-09-30,72.8954849243164,72.93814141156929,72.83576974724207,72.88695883363876,5877700,73.52078132629394,73.57813914905896,72.98932202657063,72.93326168060302,33.51200417985375,0.20230512561284136,0.0023664689117867603
2021-10-01,73.14324951171875,73.17742538982007,72.98946131945391,73.01509159843434,6029900,73.4900894165039,73.57209888805042,72.99821077982584,72.92890686035156,42.01956282862042,0.21330267110504866,0.002490959370036182
2021-10-04,73.09200286865234,73.1518090371197,72.99802081557742,73.05782698404478,7280000,73.46451301574707,73.56636394153942,73.00709540049235,72.92467346191407,40.85511764986803,0.20722604449252,0.0024612765072114418
2021-10-05,72.91256713867188,73.0663553376325,72.88693685857552,73.04927065702911,4395400,73.44062767028808,73.54979026100852,73.01194559733072,72.91945899963379,36.98986045294499,0.21090457018660555,0.0024390231443178934
2021-10-06,72.94672393798828,72.97236072976148,72.88691779394578,72.92963926185364,7177800,73.41248054504395,73.5352290760387,73.01870250701904,72.91454120635986,38.18867745521663,0.20299244690310406,0.0024037679548273142
2021-10-07,72.74169921875,72.83568126443281,72.72461453698175,72.81859658266455,5363500,73.36085891723633,73.52126936479048,73.02410405476888,72.90855628967284,34.006365599990914,0.20727959612195385,0.0022687398994883042
2021-10-08,72.56226348876953,72.6904213859252,72.51954201692384,72.6904213859252,4547100,73.30922203063965,73.50110931396485,73.02702261606852,72.90108680725098,30.82461032227306,0.20669555938158218,0.0022703038173014383
2021-10-11,72.45120239257812,72.51954762708449,72.43411119516509,72.47683267031574,3286600,73.24648628234863,73.48047665682707,73.02838096618652,72.89347877502442,29.015071472704207,0.21097492026228895,0.0022155513125082602
2021-10-12,72.71607971191406,72.7417099975558,72.52811559269607,72.52811559269607,5529600,73.188037109375,73.46543287797408,73.03166421254475,72.88656356811524,38.315702952030335,0.21953882629535063,0.0023254348663296074
2021-10-13,72.91256713867188,72.9296583376578,72.79295481930056,72.79295481930056,5018100,73.14282531738282,73.45056013627486,73.03651440938314,72.88075714111328,44.160415310125536,0.20432662685023725,0.0024526854643716314
2021-10-14,73.04071807861328,73.04926367728973,72.90402109169975,72.95528164699459,4336400,73.11084594726563,73.43678020130504,73.04285558064778,72.8754651260376,47.64475458812797,0.20068477222681683,0.002489351107506044
2021-10-15,72.86132049560547,72.91258106558936,72.82714460948827,72.91258106558936,5801200,73.07458877563477,73.4220575506037,73.04925397237142,72.86902359008789,43.54812072734477,0.20619321969889018,0.002524170195123764
2021-10-18,72.81859588623047,72.86985644942793,72.67334675986612,72.75878972303911,5863600,73.02595825195313,73.40454822887074,73.05501391092936,72.86186332702637,42.608495957612405,0.19341667174605298,0.0024036968659232848
2021-10-19,72.61353302001953,72.74169093302383,72.60499393929955,72.74169093302383,3865900,72.96792831420899,73.38012071089311,73.05955893198649,72.85418285369873,38.33331039080656,0.1910030082594259,0.002448480220526039
2021-10-20,72.52811431884766,72.67335694718915,72.52811431884766,72.58792049042262,5332400,72.90178756713867,73.35383009477096,73.06254545847575,72.84670680999756,36.68224127898257,0.1940652199747309,0.0024111410321089963
2021-10-21,72.42559051513672,72.52811817974472,72.39996022858075,72.51103349483547,6073300,72.85014190673829,73.32567540949042,73.06452941894531,72.840359916687,34.74772776618039,0.18308075466475263,0.002182280966077421
2021-10-22,72.57933044433594,72.60496723221232,72.44263350089439,72.51098523180508,6076100,72.81386184692383,73.30341325239702,73.06701730092367,72.83553951263428,39.86881655312814,0.18490850434570355,0.002244030033085948
2021-10-25,72.61353302001953,72.67333917697057,72.54518778234849,72.55372686306848,4652500,72.78355522155762,73.28812228116122,73.06943702697754,72.83122680664063,40.978586830466746,0.17941460324179356,0.0022481680397268625
2021-10-26,72.75879669189453,72.75879669189453,72.57083258432336,72.68189932135017,5752800,72.77629508972169,73.27795091108842,73.07278493245443,72.82801921844482,45.57300560878947,0.18673754408147097,0.002110996206844098
2021-10-27,73.02363586425781,73.12615697830768,72.79295032088139,72.88693235434852,7618400,72.7818504333496,73.27460757168856,73.07826913197836,72.82622005462646,52.78868112517121,0.19711260732480035,0.0022707786828134605
2021-10-28,72.9296646118164,73.05782254170614,72.87840404721375,72.98092517641906,6225800,72.7835594177246,73.26862626509232,73.08438288370768,72.82298294067382,50.24338112769167,0.19405984251524547,0.002290526393609969
2021-10-29,72.94672393798828,72.99799100315386,72.73312963521067,72.75876642698388,8975200,72.77373313903809,73.26280045942826,73.09183991750082,72.82029407501221,50.708031054134814,0.20382477639658397,0.002150265272394018
2021-11-01,72.89026641845703,72.89882545076486,72.7191249440731,72.75334801604689,5201400,72.76364631652832,73.25068262273615,73.10094585418702,72.81702835083007,49.07468889950553,0.1993313041778342,0.0021513474453177446
2021-11-02,73.02717590332031,73.06996453483094,72.91593460147264,72.92449363350048,4199400,72.76937675476074,73.23981517444957,73.1099915822347,72.81394199371339,53.026110514742726,0.19691126779427545,0.0021235348583807296
2021-11-03,72.8988037109375,73.08706319379448,72.79611493975365,73.06994513428376,5058700,72.7669807434082,73.22800722989169,73.11655470530192,72.81025577545167,49.17335355765801,0.20731881554076434,0.002160173551490441
2021-11-04,73.23255920410156,73.23255920410156,72.94161085015091,72.95016988284537,5564100,72.79152374267578,73.22257704301315,73.12646439870198,72.80874366760254,57.76533025822183,0.21590324582926815,0.0022877855979989412
2021-11-05,73.4550552368164,73.50640291372946,73.22401354091359,73.27535468919639,4595900,72.83616333007812,73.21825062144886,73.1388640721639,72.80817558288574,62.33625122138517,0.22203750891884408,0.0022635055940659747
2021-11-08,73.29246520996094,73.36092441970814,73.24967657171153,73.35236538633235,6517200,72.87822647094727,73.21127721613104,73.15054435729981,72.80595252990723,57.44372129949306,0.22145013164555497,0.0023023768882896828
2021-11-09,73.49783325195312,73.61763359971044,73.48072171454321,73.52350382238265,6027800,72.91731414794921,73.20772857666016,73.16195799509684,72.80479839324951,61.548841530464216,0.23430197174612744,0.002249646307530531
2021-11-10,73.00152587890625,73.39515659078546,72.90739608599705,73.37804505054307,6206400,72.92176208496093,73.19778830788353,73.16909453074138,72.80116271972656,49.19764347773019,0.2673219156598492,0.0027158730460221715
2021-11-11,72.88170623779297,73.03573617376304,72.86459470207569,73.01006560587281,3847100,72.91381149291992,73.1878379128196,73.17452596028646,72.79722263336181,46.758102849149125,0.26673368384640284,0.0027106887152514862
2021-11-12,72.89026641845703,73.04429635685408,72.83036624955979,72.98439618795683,4890900,72.9152587890625,73.17788835005327,73.17847436269125,72.79362014770508,46.96045282716345,0.2728607347515606,0.002653714001837297
2021-11-15,72.59077453613281,72.8389342746678,72.58221550276828,72.82181620793874,6239500,72.90386772155762,73.15862163196911,73.18013916015624,72.78839786529541,41.078150648255196,0.28143836390281607,0.0028086643666257807
2021-11-16,72.5394287109375,72.69345867227186,72.51375813882005,72.59077638380211,5580700,72.90016250610351,73.13687286376953,73.18222401936849,72.78338241577148,40.14960951656872,0.2680340958341491,0.002742222583336197
2021-11-17,72.69343566894531,72.7105537306932,72.4880646283643,72.50518269011219,6589200,72.9084285736084,73.11962821266867,73.18566277821859,72.77976963043213,44.22220690329998,0.2711105678224714,0.002769842879633728
2021-11-18,72.77902221679688,72.80469278407004,72.65066285180248,72.66777438710844,5320700,72.92610015869141,73.10370649857954,73.189857228597,72.77650058746337,46.40483601854542,0.2631940367027842,0.0027550151843473932
2021-11-19,72.93302917480469,73.01859988163626,72.89879958634677,72.95014070472043,5498200,72.94378509521485,73.08872361616655,73.19469820658365,72.77450748443603,50.182473625495696,0.2640496560545133,0.0027547776636490605
2021-11-22,72.57363891601562,72.78756899797877,72.52229778550543,72.74478689876294,7497100,72.94179039001465,73.06999830766158,73.19767627716064,72.77029571533203,42.63101268069819,0.28055203269203793,0.002986404494925844
2021-11-23,72.28268432617188,72.48805534043862,72.28268432617188,72.4709438095109,5779500,72.91798477172851,73.04986031272195,73.19582411448161,72.76479789733887,37.68665277059216,0.2805524852493895,0.0030731383191380953
2021-11-24,72.45381927490234,72.4709373329271,72.2484482789892,72.2912368954248,4757400,72.88949394226074,73.03066309148615,73.19582271575928,72.75956531524658,41.951226754360846,0.2726048824475202,0.0029990418517473975
2021-11-26,72.96726989746094,73.01005852554758,72.77045787696967,72.81323997642828,4402500,72.89137420654296,73.01599287553267,73.19896812438965,72.75727962493896,52.46290125635074,0.2921655880067604,0.0034215684976662644
2021-11-29,72.95873260498047,72.98440317573296,72.71057287332397,72.72768441094918,6133000,72.89197463989258,73.0044243552468,73.20083923339844,72.75592086791993,52.2933381426733,0.29705499067134056,0.0034213747502419827
2021-11-30,73.09564208984375,73.33524278049933,72.941612141761,73.15554226250765,11234800,72.90224342346191,72.99332844127308,73.20257759094238,72.75697536468506,54.815465159267404,0.30194515131339933,0.0034405347272409635
2021-12-01,73.14279174804688,73.15993691323868,72.90281174707837,72.98852449510821,7737300,72.90802421569825,72.97983259721236,73.20485026041666,72.75750667572021,55.68437457592652,0.2781371513279873,0.003418842764125087
2021-12-02,73.15132904052734,73.23703520824567,73.01420047997028,73.21132401182632,8831600,72.92065048217773,72.96773307106712,73.20875053405761,72.75829154968261,55.84992960706053,0.28182952679856144,0.003391255533319114
2021-12-03,73.43415832519531,73.56272083407929,73.06561595384038,73.07418853148887,7440900,72.93073043823242,72.96325766823509,73.21500771840414,72.76175552368164,61.04232154987785,0.3020562962946057,0.0033460728536161147
2021-12-06,73.23704528808594,73.4598865859931,73.20276804745008,73.44274796567518,6865000,72.91982994079589,72.95690460205078,73.22132116953532,72.76524585723877,56.09116995831512,0.29841826935562515,0.0033300780244575755
2021-12-07,73.07420349121094,73.23704326610368,73.06563091180747,73.12562588970736,5351200,72.9089168548584,72.9438681862571,73.22422517140707,72.76800632476807,52.315931703185456,0.2978264009861005,0.0033304068183864248
2021-12-08,72.85135650634766,73.02276884724851,72.80850015164161,73.00563022874309,9064200,72.87659301757813,72.92709045410156,73.2233616511027,72.76986347198486,47.59491060054422,0.3009131322175591,0.0033149880295250287
2021-12-09,72.88565063476562,73.00564059823155,72.82565565303265,72.91993441560768,8096700,72.8707992553711,72.90953993363814,73.22490685780843,72.77505416870117,48.367104118764395,0.3027670617126544,0.0029657046963112426
2021-12-10,72.91136169433594,73.08277405925142,72.89422307342942,72.98850183582171,6869100,72.87228202819824,72.8995918967507,73.2258171081543,72.7772534942627,48.97415870947718,0.2997346159731121,0.0029437216359889007
2021-12-13,73.15989685058594,73.21989181797458,73.04847949371019,73.06561811055221,4955300,72.8857635498047,72.89695490056818,73.22922306060791,72.78116409301758,54.53831512698071,0.29243452556878274,0.0030396285220029586
2021-12-14,73.03994750976562,73.10851509316412,72.91995750830061,73.0656587187989,5165800,72.90822219848633,72.89368730024857,73.23134625752768,72.78451709747314,51.61306169486535,0.28879057931460955,0.0029029477397653695
2021-12-15,72.94566345214844,73.03136965572797,72.82567345934424,72.88566845574634,6036000,72.92853393554688,72.8944448297674,73.23381621042887,72.78853881835937,49.37143834075643,0.2882037933491444,0.002916636954421698
2021-12-16,73.03994750976562,73.1256537195314,72.97995250903311,72.97995250903311,6067700,72.94585952758788,72.89676153009589,73.23544432322184,72.79417224884033,51.63363896113054,0.2613288659732679,0.0028948949201852993
2021-12-17,73.16848754882812,73.2627663122102,73.12563118766805,73.1427698087545,4884200,72.96533279418945,72.90172521417792,73.23786042531331,72.80065944671631,54.611254058223544,0.2576851874043809,0.0029077048556645805
2021-12-20,73.04850006103516,73.21991243356193,73.02278232008956,73.17705607094881,7129100,72.97110633850097,72.90000249689275,73.23885205586751,72.80819358825684,51.428443837916305,0.24364943559966942,0.002903547804084376
2021-12-21,72.97134399414062,73.0142003474027,72.80849769849844,73.0142003474027,6237800,72.99099159240723,72.89780869917436,73.23925736745198,72.81415958404541,49.43333183503826,0.2424263781979842,0.002671703398295208
2021-12-22,73.04850006103516,73.04850006103516,72.92850355351098,73.03992748071997,5110000,73.02928237915039,72.9002802068537,73.23924261728922,72.81983577728272,51.46119058490326,0.23508079100146922,0.002477054240109515
2021-12-23,72.93758392333984,73.02356349355061,72.86019771827564,73.02356349355061,4631200,73.05347061157227,72.90011402476918,73.23610661824544,72.82491519927979,48.45301286783936,0.2130234668957982,0.0024777357260808404
2021-12-27,72.97197723388672,73.02356366416957,72.92038424378313,72.94617745892455,5311700,73.05370597839355,72.90430089777166,73.2319818496704,72.83232013702393,49.43996246515044,0.2020278155988992,0.0019042927134301124
2021-12-28,72.9634017944336,73.10096784129342,72.92040871488949,73.09237447324296,5674800,73.0539394378662,72.911594321511,73.22721862792969,72.83925987243653,49.187085155751184,0.2026810120364329,0.001904294453431707
2021-12-29,72.72262573242188,72.84299843277375,72.67103274668523,72.80000537129658,7757900,73.03528861999511,72.91652929132636,73.22236245473226,72.84503791809082,42.59882217317045,0.2045857054777928,0.0019865322649256093
2021-12-30,72.885986328125,72.90318617697284,72.70542727414461,72.8172066121946,6352100,73.02244834899902,72.91961850253018,73.21908016204834,72.8517594909668,47.71575123966507,0.20585527387988783,0.0020557347515398213
2021-12-31,72.8687973022461,73.00636986179613,72.85160401221269,72.89459051720655,7162600,73.00832176208496,72.91882268732245,73.21756788889567,72.85987300872803,47.238580209346544,0.20282973281543398,0.002054623372281348
2022-01-03,72.37867736816406,72.6022294074256,72.370077446703,72.6022294074256,7244300,72.9555477142334,72.90678558349609,73.20991611480713,72.8652405166626,36.14060977233891,0.2164147136657521,0.0023036938543475063
2022-01-04,72.37010955810547,72.37870948338242,72.22394362750208,72.30992320080873,7384500,72.91220092773438,72.89785447554155,73.20070482889811,72.86955165863037,35.981470348701464,0.2103308932082533,0.0022596379835116034
2022-01-05,72.1207504272461,72.4044888687976,72.10355713979739,72.4044888687976,7076500,72.86452827453613,72.88516637628729,73.18998254140219,72.87181365966796,31.61778104068405,0.2165207273924555,0.0023217282785203204
2022-01-06,72.0433578491211,72.06915105556945,71.94877838559813,72.00896472058379,6011000,72.82412834167481,72.87479955499822,73.17514286041259,72.87313972473144,30.386071807494034,0.21594799698281264,0.0022555084473189256
2022-01-07,71.84562683105469,71.98319939849584,71.7424539652949,71.9745994730755,6345100,72.77212715148926,72.86239069158381,73.15929317474365,72.87373046875,27.444421392260324,0.2215255027957852,0.002292825139445759
2022-01-10,71.78543090820312,71.81122412120644,71.63066507036305,71.69085142064418,5912300,72.71583061218261,72.8507514260032,73.14492607116699,72.87465370178222,26.600158535249193,0.22279919188287575,0.0022790348222095553
2022-01-11,71.93160247802734,71.94879576654019,71.71665029260626,71.76823671796488,6755600,72.65441589355468,72.83897455388849,73.13043053944905,72.87677230834962,32.065234491093975,0.22223798555410518,0.0021641844551253072
2022-01-12,71.90580749511719,72.04338005166395,71.89721413019844,71.99179362286918,6672700,72.59770889282227,72.82610681707209,73.11642894744872,72.87838191986084,31.61784034296481,0.22410722940705746,0.0021583479949048544
2022-01-13,72.02618408203125,72.04338393243638,71.85422493690541,71.92301121888411,5746300,72.5517349243164,72.81278658780185,73.10378475189209,72.88076217651367,36.098658494162216,0.22416841889073322,0.002222286505775061
2022-01-14,71.63066864013672,71.88001397796205,71.62207527525416,71.87141405325897,6843000,72.48127098083496,72.78745991099964,73.08628559112549,72.88001361846923,29.30425552432112,0.24566337506149388,0.00242187784857888
2022-01-18,71.18356323242188,71.4329085432036,71.18356323242188,71.38991548417165,7453100,72.38202476501465,72.75571261319247,73.06449349721272,72.87757987976075,23.841364803180795,0.2647023951551302,0.0026013014884721805
2022-01-19,71.35552978515625,71.46730912636036,71.31254328146431,71.33833649564357,8644100,72.2973762512207,72.72678181041371,73.04519735972086,72.874736328125,29.300535697266866,0.2640864555972818,0.0027339358297424256
2022-01-20,71.4328842163086,71.48447062172303,71.38989117191818,71.45867741901581,4951300,72.2204532623291,72.70028395219283,73.02562465667725,72.87270278930664,31.67313778784394,0.2591708794357501,0.0027800492795735043
2022-01-21,71.699462890625,71.77684910191657,71.604883387836,71.66506974780889,5204500,72.15300140380859,72.67614371559837,73.00681145985921,72.87119804382324,39.24055183707106,0.2726850962946453,0.002946651665337554
2022-01-24,71.58767700195312,71.79402926128384,71.57907707786683,71.75103620067242,10332200,72.08550605773925,72.65230504816229,72.98692461649577,72.86959987640381,37.37141201453929,0.25241597685706757,0.0029470952685936684
2022-01-25,71.49308776855469,71.7080399226635,71.48448784564097,71.62206037298381,5872700,72.01156158447266,72.6206782947887,72.96624952952067,72.86761333465576,35.816762770708095,0.25732927836722397,0.0029294508333688246
2022-01-26,71.09757995605469,71.58767062821796,71.09757995605469,71.553277494755,7382500,71.91827049255372,72.57781510786576,72.94369812011719,72.86271823883057,30.16598237371501,0.2708406314503001,0.0030876681073299587
2022-01-27,71.32971954345703,71.44149229815875,71.26953320479936,71.278133127413,6295600,71.84862518310547,72.54212882302024,72.92599131266276,72.8592375946045,36.49861271877948,0.28312208148287865,0.003209297421940691
2022-01-28,71.41570281982422,71.43290266594977,71.16635752955777,71.17495745262055,5992500,71.77511100769043,72.50427190607245,72.9101369857788,72.85466339111328,38.71536999609561,0.28066788523757885,0.003162636335323548
2022-01-31,71.36414337158203,71.43292966244198,71.25237056880093,71.27816378791798,8033400,71.69987831115722,72.47450131503018,72.89477551778158,72.85080463409423,37.86184612744224,0.2782105518768227,0.0031582087684184365
2022-02-01,71.33573150634766,71.4046315306622,71.21515974913119,71.38740323924958,5013300,71.64773101806641,72.44639268354936,72.87875130971273,72.84701572418213,37.37289531830855,0.27516243099090026,0.00286139562522578
2022-02-02,71.43903350830078,71.60266932840514,71.40459008680274,71.43903350830078,7248800,71.60117721557617,72.42000663063743,72.8635170618693,72.84315071105956,40.38726231008705,0.2837889953188985,0.002899955184886773
2022-02-03,71.13761901855469,71.20651901714413,71.0601114481407,71.14623316104475,6156500,71.5520206451416,72.39358562122692,72.84335765838622,72.83739780426025,35.08145514571909,0.29734349993526316,0.002944122172011219
2022-02-04,70.69841766357422,70.81038184816926,70.62952420844047,70.79315355638474,7746000,71.48477363586426,72.36011269309304,72.81897042592367,72.82927944183349,29.08539201318169,0.3047710716022008,0.003190429061080486
2022-02-07,70.75867462158203,70.81034632968083,70.63809635157682,70.69838220124701,6252200,71.43042602539063,72.32493521950461,72.79572404225668,72.82142009735108,30.832104303925504,0.2851385409157124,0.0031845424616163227
2022-02-08,70.52615356445312,70.62950357296064,70.52615356445312,70.6036677135003,6727000,71.36746215820312,72.28397397128019,72.7706818262736,72.81265197753906,27.969208062535287,0.2814796240007423,0.00323447325015525
2022-02-09,70.57781982421875,70.7414556823653,70.56921225217522,70.64671982456105,5862000,71.29977302551269,72.24115198308772,72.74472192128499,72.80507350921631,29.534898649361736,0.2876482869539844,0.003185384541991926
2022-02-10,69.93190002441406,70.3539076161287,69.93190002441406,70.30222932838174,8869700,71.20107765197754,72.19312036687677,72.71352106730143,72.79409599304199,22.848387605724653,0.3092164951108925,0.0036701848773837103
2022-02-11,70.38838195800781,70.44005369295687,69.88886661793953,70.14723186335303,11100900,71.11918754577637,72.15867850563743,72.68598251342773,72.78569725036621,34.18801426063679,0.33323327308234446,0.004026236176390845
2022-02-14,69.99219512939453,70.15583101598592,69.91468754353555,70.08693100366672,6301600,71.03726387023926,72.11392170299183,72.65634880065917,72.7748095703125,30.058640396490603,0.35110058290018237,0.004034152653371655
2022-02-15,69.84577178955078,70.00079349699716,69.82855007568578,69.9060576440763,6731200,70.9703742980957,72.05716719193892,72.6264887491862,72.7631008529663,28.6798987294803,0.3283972078393325,0.0038614231772749314
2022-02-16,69.94052124023438,69.98358538926738,69.7252136364026,69.96635710138753,7142400,70.89962387084961,72.00229062167081,72.59734732309977,72.75139953613281,30.88898124437945,0.322287165750812,0.003819998937535855
2022-02-17,70.09550476074219,70.1816264411868,69.97493309398713,70.01799721954096,6833600,70.83275489807129,71.9477426702326,72.56772282918294,72.74026123046875,34.46474240036504,0.3204700275051278,0.003860575167950237
2022-02-18,70.21611022949219,70.23333851627262,70.1127667914744,70.19027436998775,4744400,70.75858726501465,71.89453027898615,72.53839365641277,72.72955654144288,37.188248027836025,0.317418217640084,0.003757358275740256
2022-02-22,70.17304229736328,70.17304229736328,70.01802059254932,70.09552815962368,7058800,70.68785552978515,71.84037961092862,72.50948657989503,72.71859409332275,36.603262973496264,0.3180337787409308,0.003756406212587472
2022-02-23,69.81995391845703,70.03526153589037,69.81995391845703,70.0180398175892,7938900,70.60419883728028,71.77466680353338,72.477530225118,72.70671379089356,32.13958005155247,0.324187389944414,0.003863682945744838
2022-02-24,69.97496032714844,70.1730461828597,69.8888386131866,70.09553204082812,8883500,70.54806785583496,71.71535616787997,72.44601249694824,72.69632919311523,35.838693471140346,0.3223424045331699,0.0037918853646043194
2022-02-25,70.03523254394531,70.04384668486348,69.88021086073975,69.93188256492017,5923200,70.48334350585938,71.66010215065695,72.41627667744955,72.68751758575439,37.27056700134179,0.2977381912481353,0.0036934535737960946
2022-02-28,70.55199432373047,70.57783018498509,70.31085085779844,70.32807914574596,6494400,70.44015808105469,71.61829556551847,72.3926243464152,72.68056911468506,47.98804383222513,0.32419159574354744,0.004113496423754618
2022-03-01,70.92204284667969,71.15493889634787,70.75814889033911,70.76677661989109,9319000,70.41805305480958,71.58259360573508,72.37106081644694,72.67462318420411,54.043182713710294,0.3506504182784401,0.00431562383663437
2022-03-02,70.05083465576172,70.65465075573853,70.05083465576172,70.61151868394369,6491500,70.35380821228027,71.53058402321555,72.3400333404541,72.66466037750244,41.72678283973983,0.3975008520645683,0.0050802404929081385
2022-03-03,70.36136627197266,70.41311949265959,70.17159568808046,70.27510871048442,10349100,70.29992485046387,71.47970164905895,72.31308638254801,72.65663173675537,46.414473275457794,0.37724121185693854,0.005195271220657914
2022-03-04,70.61150360107422,70.74951435548378,70.53386720463295,70.6373802062117,8042600,70.27361907958985,71.43554812344638,72.28729960123698,72.65023509979248,49.909892424674595,0.3655955696064948,0.005212603382767978
2022-03-07,70.26647186279297,70.4993744877247,70.19746319014436,70.32685280610319,6425400,70.25202178955078,71.38683554909446,72.25714467366537,72.6409264755249,45.500922094364434,0.36133456935346586,0.005144497910105879
2022-03-08,69.93869018554688,69.98181566996222,69.84380490639222,69.91281357869183,8565900,70.21102256774903,71.33044905229049,72.22482706705729,72.62989421844482,41.729508816834965,0.37922196471699215,0.0052270656065041944
2022-03-09,69.74893951416016,69.86970143460167,69.6885585539394,69.78344386014788,5761500,70.17216186523437,71.26827545166016,72.19206568400065,72.61748924255372,39.67915112533794,0.3786333846271849,0.005212943628653851
2022-03-10,69.37799835205078,69.53326455655744,69.257236479771,69.50738795264441,8261200,70.11217079162597,71.20153905695135,72.15699513753255,72.60229694366456,35.959467512936286,0.3965332298726665,0.005309824225649021
2022-03-11,69.32623291015625,69.4297393075425,69.2917285840184,69.35210950950281,7883400,70.08188743591309,71.13526430996981,72.11978702545166,72.58697311401367,35.45989259518164,0.3965458704436427,0.004937174873065632
2022-03-14,68.68792724609375,68.9553341848468,68.67067836989776,68.94670645623447,15449700,69.99686470031739,71.05598116787998,72.07740198771158,72.5689665222168,29.936973060732456,0.4292219349661873,0.005024180811314361
2022-03-15,68.8000717163086,69.01571887614317,68.71381416858058,68.95533793463065,6265000,69.93725852966308,70.98075367320668,72.03531150817871,72.55156295776368,31.94255670301105,0.4274150243335565,0.0049498838292748645
2022-03-16,68.9035873413086,68.9035873413086,68.45504408461512,68.8087020518298,8156400,69.89014930725098,70.90678294788708,71.9973538716634,72.53470245361328,33.82557604249976,0.43423295235432846,0.004967569411160231
2022-03-17,68.96394348144531,69.14509284603173,68.91219028072209,69.02432440929826,6774600,69.84132041931153,70.83406552401456,71.96117897033692,72.51776161193848,34.95560420544271,0.43979507239714316,0.004958419088310874
2022-03-18,69.162353515625,69.20548557760269,69.0415916393219,69.06746824409703,8895700,69.79466285705567,70.76933330189098,71.92736803690592,72.50249202728271,38.6636402917457,0.418291104905543,0.0049809701829360295
2022-03-21,68.45502471923828,68.86044237213467,68.42052038909519,68.83456576978436,6831300,69.70660858154297,70.68877036354759,71.89029324849447,72.48224243164063,31.721017517635246,0.4282117158992865,0.005381068684635325
2022-03-22,68.28252410888672,68.36015393237635,68.18763882615754,68.27389637926694,6488400,69.61208267211914,70.60538357821378,71.85170987447103,72.46138511657715,30.292423500611022,0.3850815517680561,0.00538598074137002
2022-03-23,68.59304809570312,68.59304809570312,68.26526677049847,68.42916072361544,8919400,69.55073738098145,70.53655395507812,71.81585623423258,72.44140125274659,35.889723303285564,0.3826170152185406,0.00546674559051826
2022-03-24,68.50680541992188,68.52406088243313,68.2394049802737,68.25665386175426,18907400,69.47732963562012,70.46631206165661,71.77721920013428,72.42026428222657,35.04799199962339,0.38015237464127594,0.005418317194981116
2022-03-25,67.9029769897461,68.23075829506728,67.80809171538465,68.23075829506728,21372500,69.37071685791015,70.38962527188387,71.73397731781006,72.39534397125244,29.781453364257246,0.40048618132751657,0.005665392167714085
2022-03-28,68.10136413574219,68.179000528227,67.93747678454704,67.98060226390221,7494000,69.24818534851075,70.31795265891336,71.69388395945231,72.37150043487549,33.326330190427726,0.3900116514760989,0.005376862166607645
2022-03-29,68.40327453613281,68.42915113962617,68.13586761096855,68.213504002477,7308100,69.1222469329834,70.25536443536932,71.65602188110351,72.35010032653808,38.42116393537631,0.39555846378156395,0.005324064124412347
2022-03-30,68.55855560302734,68.58443221213129,68.2135187925719,68.22213994158669,7071800,69.04763298034668,70.19669397527521,71.6211623509725,72.32947662353516,40.921675912858205,0.3869306341508657,0.004781653796063995
2022-03-31,68.61031341552734,68.72244758949644,68.52405585239494,68.59305795428273,8244200,68.96008033752442,70.13630690141157,71.58822943369547,72.31013103485107,41.770432422846,0.39124356369210844,0.004627305262946204
2022-04-01,68.4615478515625,68.57396841126254,68.11565010951355,68.16753905916384,6326900,68.85258255004882,70.07368399880149,71.55498231252035,72.28881015777588,39.99199258545949,0.3797513326746298,0.00448948883317957
2022-04-04,68.51346588134766,68.52210854541545,68.27998200244723,68.49616735830507,9091700,68.76493225097656,70.0098163951527,71.51996053059896,72.26660259246826,40.937109161538565,0.3736323978831158,0.004444939819839644
2022-04-05,67.82166290283203,68.33185712171031,67.77842319726993,68.31456519795715,6956300,68.65908088684083,69.94056174538352,71.47753632863363,72.24220977783203,33.390554630113115,0.394096642696277,0.004814988252808227
2022-04-06,67.61412811279297,67.79572300418262,67.3633523301731,67.45847440625143,8649400,68.55234031677246,69.87566292502663,71.43231474558512,72.21626976013184,31.51372663492195,0.40958271897740517,0.004820116990581897
2022-04-07,67.47574615478516,67.61410789587482,67.37198144641884,67.53627776714914,9157600,68.45722770690918,69.80512140447443,71.38743495941162,72.189892578125,30.29111278123274,0.40962590256431597,0.004740066893159218
2022-04-08,67.11255645751953,67.29415129454907,67.0260836680937,67.15579615095791,8989600,68.34654388427734,69.72656999067827,71.33988463083902,72.16152954101562,27.29777621743203,0.38875657114729023,0.004820214487974845
2022-04-11,66.80125427246094,66.96555720321521,66.74072265546485,66.9309667652958,7858300,68.2522102355957,69.6375116521662,71.29144897460938,72.13228946685791,25.01591105027424,0.3962171360740001,0.004541426212655211
2022-04-12,67.01744842529297,67.23363374279391,66.98285798279854,67.12121975277626,8168200,68.16307907104492,69.554416587136,71.24552675882975,72.10315383911133,29.427974508574778,0.4036884321545945,0.004611075899445198
2022-04-13,67.09528350830078,67.32011812444352,67.07799158280677,67.09528350830078,7790300,68.07266387939453,69.47445650967684,71.20110753377278,72.07423748016357,31.002047852835858,0.4000474738489613,0.004600710913146485
2022-04-14,66.6369400024414,67.10390093871574,66.5937069104875,67.06931050668243,7046100,67.95631370544433,69.3933539650657,71.15158761342367,72.04277465820313,27.16031193121343,0.38658178268403376,0.004728218463856791
2022-04-18,66.4207534790039,66.65423724139727,66.39481230483801,66.6455879841919,7187800,67.81923370361328,69.3041000366211,71.09998111724853,72.01026489257812,25.55195136362559,0.38539616826105927,0.004612778417063857
2022-04-19,66.00569152832031,66.2824084238927,65.97975035021216,66.17863711400885,11568000,67.69676704406739,69.20573619495738,71.04370524088542,71.9750419998169,22.764680291153283,0.39348303432589965,0.004316037890199909
2022-04-20,66.4207534790039,66.50723285615712,66.20456823102126,66.24780791959786,7366100,67.60367851257324,69.1158563787287,70.9886812210083,71.94057624816895,30.883979456334444,0.4028135992028581,0.004674436289426393
2022-04-21,66.06621551513672,66.31699120364671,65.86732217685278,66.30834194612555,7869900,67.47733688354492,69.02004699707031,70.93148581186931,71.90357257843017,28.160766678191052,0.428173568134974,0.004536276992197031
2022-04-22,65.97977447509766,66.12677893642885,65.80682222871955,65.87600312727079,8625100,67.35098533630371,68.92078774192116,70.87342789967855,71.86579650878906,27.523539163543234,0.41569452539893853,0.004535931063555041
2022-04-25,66.39486694335938,66.60240310492499,66.29974482817187,66.29974482817187,6091600,67.27557983398438,68.83455588600852,70.8192995707194,71.83124401092529,35.11622934774964,0.442873245888875,0.004575820328937912
2022-04-26,66.56779479980469,66.723448513189,66.49861390553318,66.68885806605324,8837100,67.1989013671875,68.7594536521218,70.76547139485677,71.79768367767333,38.028908421120214,0.41384030915686765,0.004561634688006867
2022-04-27,66.36024475097656,66.64561096008092,66.29107046183663,66.5764300734885,10802000,67.09674987792968,68.67948219992898,70.71098340352377,71.76423355102538,35.94337127728096,0.4064281609843933,0.004386214732573215
2022-04-28,66.3342514038086,66.3342514038086,66.10077434197694,66.18724708349062,7644000,66.98553466796875,68.60326579700816,70.65349750518799,71.7294203567505,35.67946697039537,0.40766557117192853,0.004305249157605906
2022-04-29,65.88462829589844,66.16998785252663,65.85868711779143,65.96245183021944,7120400,66.8492504119873,68.5179350419478,70.59041061401368,71.69146617889405,31.386638169128915,0.40951569969519347,0.004412970944482802
2022-05-02,65.54761505126953,65.70355068506683,65.47830591868228,65.68622670676136,10166700,66.70355377197265,68.4382207697088,70.52587019602457,71.6521671295166,28.608211444918894,0.41197916934958456,0.004467202770108638
2022-05-03,65.70355224609375,65.97212348882958,65.6515737002597,65.91147964879558,7769000,66.56305809020996,68.35304204767401,70.46091785430909,71.61156429290772,31.62429517999918,0.41141695272294704,0.0045371327880491304
2022-05-04,66.12808990478516,66.12808990478516,65.53030997048323,65.65159769487997,12238000,66.47837944030762,68.28278558904475,70.40363922119141,71.573466796875,39.16017980299626,0.4324962552337591,0.004508220300905445
2022-05-05,65.46965789794922,65.72956390888268,65.20109320041989,65.72956390888268,10540000,66.37115592956543,68.20321988192471,70.34187215169271,71.53326766967774,33.07217982458248,0.4622678749578323,0.004900367344917535
2022-05-06,65.19245147705078,65.42636168372285,65.12314230111579,65.20111677646436,8803000,66.25699119567871,68.11689134077592,70.27772369384766,71.49087459564208,30.89452743343638,0.46848863640598737,0.004935177269322464
2022-05-09,65.48697662353516,65.51297251028909,65.09712424811671,65.1317788207714,7420300,66.17571220397949,68.03309992009943,70.21852537790934,71.45037948608399,35.73620519451836,0.46669186021888925,0.005042578190802196
2022-05-10,65.67756652832031,65.8681633529393,65.61692268500366,65.74687566630598,24792700,66.11952781677246,67.95058094371448,70.1613431930542,71.41104988098145,38.72784163830254,0.4580951031879853,0.005055196712896546
2022-05-11,65.90284729003906,65.92017127741393,65.38304174287342,65.42635501615364,9843600,66.06379776000976,67.87294103449041,70.10475495656331,71.37191127777099,42.155618372754624,0.4569306912157986,0.005063588460437665
2022-05-12,66.03274536132812,66.18002226531759,65.98076683278612,66.04141065264534,6079800,66.01067085266114,67.80408269708806,70.04853598276775,71.33308193206787,44.097591204132534,0.45387485318502946,0.005083510967481002
2022-05-13,65.79021453857422,65.92882624491111,65.74689466239607,65.8941716659056,5024800,65.96833457946778,67.72799641002308,69.98901252746582,71.29367767333984,41.30905584014774,0.4298192866925094,0.004932636894977141
2022-05-16,65.8941650390625,66.05010732406188,65.86817575984334,65.87684105614454,6104400,65.9420051574707,67.65270427357066,69.93335024515788,71.25424045562744,42.97354880277269,0.4249129449537981,0.004915874403019647
2022-05-17,65.50431060791016,65.69490746254216,65.48698001584312,65.56495446077632,5881200,65.9169361114502,67.5609282060103,69.87686379750569,71.21197677612305,38.557076255666075,0.42867326816630474,0.004895517997934657
2022-05-18,65.78156280517578,65.81621739132686,65.44368885231093,65.44368885231093,4963300,65.88497657775879,67.46746493252842,69.82126166025797,71.1710140991211,43.04038421699267,0.4367488488817557,0.004768297407924583
2022-05-19,65.92017364501953,66.1627557447832,65.87686037018365,66.13675984825802,5461400,65.87767448425294,67.39236200506036,69.7625358581543,71.13074447631836,45.193491719483305,0.4300080384239168,0.004657817456718052
2022-05-20,66.11943817138672,66.16275805742316,65.94617184661415,65.94617184661415,6960100,65.88465766906738,67.31523603959518,69.70554173787436,71.09232292175292,48.223533067926375,0.4183124695087364,0.00469919685893744
2022-05-23,65.88549041748047,66.16272034490846,65.84217055613618,66.09341121063075,7332900,65.85918884277343,67.2293085271662,69.64545714060465,71.05447769165039,45.072848007971466,0.41088685173818157,0.0045303698298670035
2022-05-24,66.42265319824219,66.51795165353727,66.11943384488794,66.11943384488794,6587100,65.85193176269532,67.15942091508346,69.58945598602295,71.01999984741211,52.71235557794189,0.41336408757781534,0.004878917252019923
2022-05-25,66.69120788574219,66.70853186887551,66.52660030239527,66.63922271697318,5737200,65.8684799194336,67.10037578235973,69.5356216430664,70.98741828918457,56.00675172398553,0.36756994231124807,0.004908292593274486
2022-05-26,66.62188720703125,66.79515344712433,66.543912772211,66.70852032707779,5328400,65.88286170959472,67.04352028586648,69.47885271708171,70.95423454284668,54.94272367215194,0.3607645907455271,0.004914953097610184
2022-05-27,66.81248474121094,66.89911786217067,66.70852103024919,66.80381944620993,6355300,65.92925453186035,66.99687458385121,69.42531471252441,70.92196125030517,57.34237697075371,0.350863333100316,0.004657658553721249
2022-05-31,66.43128967285156,66.48326822239176,66.24069284495974,66.42262437803376,9067000,65.97343826293945,66.94423925226386,69.36995709737143,70.88633396148681,51.44155720439012,0.3644779878751052,0.004698203432009223
2022-06-01,66.13442993164062,66.5250361882274,66.02158312054166,66.45559301562272,7294600,65.9949821472168,66.8978120283647,69.31398270924886,70.8488816833496,47.35470867281925,0.36207252595690725,0.004815932466083236
2022-06-02,66.19520568847656,66.25596682232418,66.01292228693369,66.22992728245619,5276600,65.99833793640137,66.85045082785867,69.25822900136312,70.81211650848388,48.260976202576465,0.35963463739347645,0.004599629874305414
2022-06-03,66.09971618652344,66.13443777694468,65.96082982483847,65.96082982483847,5549600,66.02984085083008,66.79947135231711,69.20146528879802,70.7749589920044,46.89502986093147,0.35595786344390795,0.003975293404985675
2022-06-06,65.7090835571289,66.04761068414001,65.68304402773794,65.99553162535807,6698000,66.05567245483398,66.74029208096592,69.13937517801921,70.73503936767578,41.69592345581121,0.3671563901080392,0.004095848629973217
2022-06-07,65.93478393554688,66.06498823146622,65.81326169201297,65.83930122670372,6989800,66.07806282043457,66.68160899769177,69.08016548156738,70.69633327484131,45.45843578575659,0.36349350804503394,0.004045432525347834
2022-06-08,65.66571807861328,65.90876263291345,65.66571807861328,65.79592241055049,3778300,66.07747039794921,66.63089433149858,69.01949927012126,70.65619682312011,41.98038132922929,0.3561033164677241,0.00411389006258612
2022-06-09,65.57890319824219,65.70910087952007,65.54418160907942,65.62230021784615,4828500,66.06127319335937,66.58173758766868,68.95732390085855,70.61635013580322,40.8932213025101,0.34065519724152643,0.004041895893545782
2022-06-10,65.02337646484375,65.4660618632129,64.89317215019013,65.32718211739116,14690800,66.01080474853515,66.5168344671076,68.88944797515869,70.5743221282959,34.70053909448299,0.3723085283592716,0.004400009482391607
2022-06-13,63.97307586669922,64.45048954938537,63.68663427955504,64.41576795223843,11255300,65.91994781494141,66.43440302068537,68.81381944020589,70.52700004577636,26.52270034922978,0.4448936995390166,0.005565334523637762
2022-06-14,63.62586975097656,64.24216316695461,63.53906245149944,64.15536248994465,9530100,65.80653305053711,66.35663743452592,68.73594048817952,70.47687717437744,24.469698345839944,0.44993937663890043,0.005589391408837687
2022-06-15,64.35498046875,64.39838410303302,63.799448386744245,64.10325395933101,9098600,65.7490665435791,66.28852136785333,68.66349449157715,70.42997402191162,35.72163448786894,0.48469906816912456,0.0062200766196295965
2022-06-16,64.49388122558594,64.51123870970255,63.72134404430419,63.790780603236925,8477600,65.6846824645996,66.21744148947975,68.5931303024292,70.38423397064209,37.62793760233741,0.5231743532037696,0.006147454146631562
2022-06-17,64.52860260009766,64.65880692253067,64.26820057769855,64.57200624839764,4913600,65.61510391235352,66.14416961669922,68.52276884714762,70.33860340118409,38.121953254629254,0.5312726167532483,0.006116053284691382
2022-06-21,64.23348999023438,64.47653456844037,64.18141090132397,64.32897273488217,7069900,65.5208065032959,66.06459100896662,68.45001958211263,70.29098541259765,35.54501038175535,0.5152297455048546,0.006085708753771642
2022-06-22,64.7629623413086,64.88448459201811,64.70220121595383,64.78900187753692,8407600,65.46468009948731,65.99734399968928,68.38368905385336,70.24678256988526,42.99086118614778,0.5257684265118543,0.006431094438945963
2022-06-23,65.07544708251953,65.38793474808114,64.9973218548963,65.01468595990842,8542600,65.39731979370117,65.93483456698331,68.31860122680663,70.2052084350586,46.89029780459738,0.553048988753429,0.006225970739160467
2022-06-24,64.95396423339844,65.21436636432931,64.91056056700845,64.98000378424456,6979000,65.31045761108399,65.88269459117542,68.25264428456624,70.16242992401124,45.5848814432808,0.5580082697307697,0.006112961422299942
2022-06-27,64.64144897460938,64.86713602371552,64.57200578681258,64.70221010831486,6238900,65.2114356994629,65.8286458795721,68.18816738128662,70.11676651000977,42.320800807217886,0.5555287188593664,0.006162449253762262
2022-06-28,64.6761474609375,64.6761474609375,64.50253955347235,64.60670429795144,5578800,65.10461883544922,65.7777440851385,68.12405103047689,70.07217224121094,42.81044516178351,0.5425075212256409,0.0060976656627362786
2022-06-29,65.04940795898438,65.04940795898438,64.67615916845041,64.67615916845041,3896400,65.03552474975587,65.74023229425603,68.0651231765747,70.02888969421387,47.93110659602782,0.5499499955908753,0.006230139586459125
2022-06-30,65.32717895507812,65.49209823135396,65.24905372108117,65.24905372108117,4387100,64.99516220092774,65.71343092484908,68.00915501912435,69.98610027313232,51.41729299689482,0.5697907814429425,0.006282651285539729
2022-07-01,65.84815216064453,66.14386782890172,65.69159836817978,65.761179306076,5801800,64.97780952453613,65.69217099276456,67.9591760635376,69.94625701904297,57.204670428793605,0.5791449118551947,0.006563953895218628
2022-07-05,65.96122741699219,66.07429811918881,65.83946407278397,65.96992669460838,6253900,64.97088508605957,65.6715517911044,67.91064103444417,69.90766162872315,58.36399755802603,0.5004371876492039,0.006571566341263971
2022-07-06,65.56112670898438,66.14385868883625,65.54373479471535,66.12646013896467,5312000,64.96348724365234,65.65199154940518,67.85755373636881,69.86753494262695,52.90295025925989,0.49308170041104155,0.00657893061478322
2022-07-07,65.37850952148438,65.63073551694644,65.31762784227666,65.62203623831523,7536700,64.93567352294922,65.63304165926847,67.80315958658854,69.82547145843506,50.57679229877731,0.46026693774056426,0.006550389153845832
2022-07-08,65.16108703613281,65.26545849376384,65.09150606437879,65.23936728825775,4187100,64.91044197082519,65.61768521395597,67.74595044453939,69.78240623474122,47.87756854867328,0.42434613714822284,0.006530219114284447
2022-07-11,65.40455627441406,65.5698092780782,65.36107318201881,65.39586363729552,4128600,64.90172462463379,65.59920890114525,67.69406617482504,69.74017436981201,51.02929342447255,0.4256401297991701,0.006588911605783338
2022-07-12,65.5176773071289,65.76990332518882,65.5176773071289,65.64813995586417,6013700,64.92643966674805,65.58923547918147,67.64685045878092,69.70047023773193,52.4674259664686,0.42693694065638965,0.006296130930077872
2022-07-13,65.72640991210938,65.77859231446195,65.10019454145623,65.11759309931081,6382700,65.01410636901855,65.5846288507635,67.59994112650553,69.66257762908936,55.088342792887644,0.428894310029388,0.004964869005506941
2022-07-14,65.5176773071289,65.60465019441709,65.18717104558546,65.31763369432072,5598000,65.10869674682617,65.56867994828657,67.5506477355957,69.62406768798829,52.00050720114678,0.42277048572591475,0.004826350274037645
2022-07-15,65.75249481201172,65.83946768613296,65.54375858699973,65.54375858699973,5276400,65.17857246398925,65.55385631214489,67.50108966827392,69.58831016540528,55.05277216509038,0.4240550987032857,0.004256713096669962
2022-07-18,65.55243682861328,65.63940967482401,65.42197424149578,65.62201112422017,3438000,65.23150024414062,65.53916889537464,67.45079600016275,69.55150970458985,52.01784653399184,0.42038096469829206,0.004345522141360992
2022-07-19,65.50027465820312,65.60464609779514,65.38721057534926,65.56115633906374,3493400,65.2800838470459,65.52400568181818,67.40085589090982,69.51453365325928,51.22491703553477,0.4235115086254869,0.004360340154642292
2022-07-20,65.43939208984375,65.71770928937568,65.40460161045158,65.70901664623172,3966900,65.34037895202637,65.51591047807173,67.35370432535807,69.4760143661499,50.26188012984112,0.41921487868814566,0.004199056346060978
2022-07-21,65.9786376953125,66.01342817635422,65.6046483186212,65.6046483186212,6832900,65.40116271972656,65.52374725341797,67.30911197662354,69.4404475402832,57.82491298460092,0.4285967225553518,0.0041988228591186925
2022-07-22,66.51787567138672,66.66573022904794,66.3439232780159,66.4222035139341,6617000,65.47328414916993,65.53855313387784,67.26829675038655,69.40847408294678,63.75936896019001,0.4193398411204835,0.004422682087757638
2022-07-25,66.2742919921875,66.33517362473265,66.17861990738794,66.22210963160602,4256200,65.53930053710937,65.54121135364879,67.22588132222494,69.37511192321777,59.674605776886,0.42679853523433614,0.0045036643682616045
2022-07-26,66.2917251586914,66.5961334804023,66.26563396477385,66.54395109256721,6964100,65.62181434631347,65.55615803111684,67.18384793599446,69.34286205291748,59.8727471085695,0.40753965105630385,0.00429623800861372
2022-07-27,66.47438049316406,66.70051526830221,66.3961002636296,66.40479954149005,5919600,65.7117259979248,65.5794658314098,67.142475827535,69.31242263793945,61.980610035365174,0.4143741106949485,0.004304942139535351
2022-07-28,66.93535614013672,67.03102830901801,66.8048934884253,66.93535614013672,5140200,65.80602340698242,65.60580000443892,67.10745697021484,69.28484340667724,66.73046140308558,0.4336344220341175,0.00437468371444809
2022-07-29,66.88314819335938,67.11797556828267,66.75268559146707,66.79617533729903,6601700,65.88382186889649,65.627719671076,67.07566305796306,69.25567874908447,65.72890687226356,0.4305321173819903,0.004348342729950024
2022-08-01,67.17333984375,67.22562625134567,66.94675432945031,67.01647397213192,5370800,65.95008125305176,65.65081953568892,67.04578526814778,69.22698261260986,68.55409607321474,0.4288986178971003,0.004119585858346395
2022-08-02,66.49360656738281,67.26050288204559,66.44131349788728,67.18206660221867,10808300,65.9767002105713,65.65919883034447,67.01218070983887,69.19424705505371,56.75245199663746,0.438955161550857,0.004805026351502548
2022-08-03,66.82475280761719,66.83346942575085,66.20600589675786,66.43259142641233,5747700,66.03988151550293,65.67800861705433,66.98090515136718,69.16406421661377,60.33492831317181,0.44525692315579085,0.004653590925551433
2022-08-04,66.99037170410156,66.99908167813585,66.78992927111547,66.85964895640065,9869900,66.12047462463379,65.69793964732777,66.95639241536459,69.13492309570313,62.02906284965407,0.4372113537283856,0.004578545495589895
2022-08-05,66.23216247558594,66.31930872802408,66.11015639240597,66.27573892622145,8946400,66.17402839660645,65.71117331764914,66.92175725301107,69.10301624298096,51.23940663394378,0.47647526381264627,0.005290425018358318
2022-08-08,66.52847290039062,66.62433578977837,66.45875987533648,66.49361971228058,8534700,66.23022422790527,65.7247535011985,66.8928929011027,69.07301803588867,54.56554462180663,0.48895653465168565,0.005314270618407471
2022-08-09,66.38034057617188,66.4587768915876,66.3106208844325,66.37163060133126,6888800,66.27335739135742,65.733120172674,66.86401430765788,69.04279178619385,52.63262454688744,0.4821525587255451,0.005353904320801152
2022-08-10,66.56332397460938,66.86834584550711,66.50232093019646,66.6679034716743,4305000,66.31520309448243,65.74119082364169,66.835870997111,69.01271175384521,54.76431016648865,0.4760075003558849,0.0053441292802805015
2022-08-11,66.18856048583984,66.8160238994179,66.16241728507914,66.72887768060546,5179500,66.34874725341797,65.74670118852096,66.80331312815348,68.98058689117431,49.81925304356932,0.47361564897040764,0.005463370832798867
2022-08-12,66.49360656738281,66.49360656738281,66.24087778612477,66.4151702875559,4376800,66.38580284118652,65.74799124977805,66.77229226430258,68.94926094055175,53.49987075770596,0.4711721002235641,0.005498274408324331
2022-08-15,66.56332397460938,66.70276330402928,66.54589738284848,66.64176025961636,3922300,66.43634719848633,65.74566608775746,66.74221127827963,68.91695938110351,54.32444149243535,0.46250475886770814,0.005432311690253715
2022-08-16,66.47616577148438,66.48488239021492,66.25829684504463,66.46744915275383,4104000,66.48514175415039,65.74301660711114,66.71434637705485,68.88469188690186,53.057740153640964,0.45509311743584696,0.005441358020666819
2022-08-17,66.0840072631836,66.24087316305675,65.97942778032407,66.17115350781707,4131100,66.51737251281739,65.72977156205611,66.68192176818847,68.85037830352783,47.67161008466372,0.45081384424344356,0.0056323960295598784
2022-08-18,66.20602416992188,66.37160671600532,66.17988095713677,66.26702721603156,4026800,66.52874183654785,65.7256758256392,66.65001169840495,68.81695709228515,49.393009504364315,0.44526452110102355,0.0053443384014925455
2022-08-19,65.78772735595703,65.84873041554656,65.6744378592436,65.82258719698459,5115800,66.49223442077637,65.71937214244495,66.6103094736735,68.78075984954835,44.04392428960709,0.458772253436165,0.005184387251031659
2022-08-22,65.49140167236328,65.67441077566039,65.43910860796976,65.64826756787967,4158600,66.45308990478516,65.70657570578835,66.5650541305542,68.74372283935547,40.68273056391073,0.42516006513823407,0.005214427854019207
2022-08-23,65.46528625488281,65.75286831138263,65.36942335310457,65.46528625488281,6294800,66.41176795959473,65.69504061612216,66.52684122721354,68.70488647460938,40.39018351302679,0.4077301672300249,0.005210888150699564
2022-08-24,65.29966735839844,65.36938700252838,65.22123109654444,65.33452718046341,3808600,66.35303230285645,65.68759668523614,66.48466040293376,68.66410953521728,38.4994191656434,0.4102232208955954,0.005164830305142626
2022-08-25,65.65696716308594,65.70926021921633,65.29094901432835,65.34324207045874,3688400,66.2891128540039,65.6825454711914,66.44337259928385,68.6259320449829,44.53210662176421,0.3772300704093376,0.00505760064870488
2022-08-26,65.52626037597656,65.68312626880446,65.40425430920286,65.56112020203075,4276600,66.22126846313476,65.680009876598,66.40387083689372,68.58607418060302,42.875237548352594,0.36913711650999254,0.005062682926194765
2022-08-29,65.22996520996094,65.32582808414374,65.17767878725505,65.31711146408175,3263800,66.12409973144531,65.67366554953836,66.36463146209717,68.5472163772583,39.30517522166812,0.37847494313594865,0.004956363769488689
2022-08-30,65.2822265625,65.43037578740667,65.09921087428614,65.29965314532382,6878700,66.06353073120117,65.67837191495029,66.32740885416666,68.50921897888183,40.25020702941373,0.36727206054918426,0.004535292671483626
2022-08-31,65.0120849609375,65.30839015209466,64.93365534049792,65.22995388282324,5155600,65.97289733886718,65.69726298939098,66.29102624257406,68.46982807159424,37.03980810862132,0.3473526460676116,0.004367313708301216
2022-09-01,64.6592788696289,64.72040974121806,64.40602049796946,64.64180909902326,6160700,65.85634269714356,65.71605224609375,66.252134958903,68.43017059326172,33.303752433139536,0.36885395902654494,0.004358880234105169
2022-09-02,64.82520294189453,65.04352841680453,64.78153518180663,64.84266604827084,3600600,65.78599472045899,65.72460174560547,66.21994558970134,68.3915994644165,36.54539952065252,0.3813605883500567,0.0038300871992828374
2022-09-06,64.2400894165039,64.58067664454781,64.2226263090916,64.57194842222421,6869800,65.67157554626465,65.7199873490767,66.18194573720297,68.3493327331543,30.850988201055586,0.40261412429564153,0.003988673719422495
2022-09-07,64.70296478271484,64.70296478271484,64.43224319939954,64.44971297670445,4208300,65.5877067565918,65.72315757057883,66.14694054921468,68.30895244598389,38.95458435683444,0.40019536537068695,0.00445820056866411
2022-09-08,64.50208282470703,64.72914319821301,64.48461305448687,64.58941168751237,3580300,65.48464469909668,65.72804107666016,66.1097583770752,68.2667977142334,36.93178124213012,0.3971189861495737,0.004371420769119163
2022-09-09,64.47590637207031,64.70296015866462,64.44097348272487,64.58069837733926,3831700,65.39901199340821,65.72282187721946,66.07070465087891,68.22630905151367,36.66460576061821,0.3778618693825361,0.0042704873933183925
2022-09-12,64.39728546142578,64.68547671085439,64.31869148218087,64.62434583940879,4008200,65.29419593811035,65.71049166592685,66.03689015706381,68.18688205718995,35.826285258827525,0.3791594751458395,0.004038526426904048
2022-09-13,64.0741958618164,64.12659187076635,63.94319917667339,63.99559518562332,9481200,65.1697395324707,65.69449587735262,66.00182075500489,68.14498394012452,32.534188177721134,0.3842052841797202,0.004057454036748217
2022-09-14,64.15275573730469,64.24008459333989,63.99556113133548,64.0130309002013,4332200,65.05356903076172,65.68561054576527,65.96481831868489,68.10091136932373,34.11941279266857,0.3842387344415802,0.004115934224813168
2022-09-15,63.960628509521484,64.09162512547508,63.9169674127134,64.02175937526454,4967200,64.94740009307861,65.67260111028497,65.92693351109823,68.05592084884644,32.13101050526478,0.3712013858489591,0.004012484078415822
2022-09-16,63.89076614379883,64.02175609026658,63.76849775582173,63.82090039717315,5050000,64.83163719177246,65.65153489546343,65.89349842071533,68.00989646911621,31.414097678674736,0.36937184119490546,0.003931706869613694
2022-09-19,63.84709930419922,63.9082301676843,63.67244159788882,63.74230068275433,6374900,64.73460578918457,65.62462435635653,65.85804621378581,67.96341800689697,30.949276799266002,0.36131519698590303,0.0037879729559424434
2022-09-20,63.5327262878418,63.64625315958853,63.419199416095054,63.49779340512754,4750500,64.6366720199585,65.58252570412375,65.81745831171672,67.91532499313354,27.764170535869027,0.3682248380561625,0.0038066657881541057
2022-09-21,63.707366943359375,63.74229981669971,63.26198779948982,63.59384010207653,6360300,64.54877605438233,65.54154642278498,65.77703173955281,67.86669103622437,31.953676932036544,0.3757660670285305,0.003918456537379593
2022-09-22,63.05241394042969,63.305672368986706,62.97381994334309,63.29694414448828,5216100,64.43641338348388,65.4959334633567,65.73071591059367,67.81576787948609,25.889370336809804,0.3848719625319771,0.004395269313735057
2022-09-23,62.877750396728516,63.09607591893938,62.659424874517654,63.09607591893938,6885400,64.29745254516601,65.45046511563388,65.68418426513672,67.76478561401368,24.551204533726647,0.38861492662098385,0.004056837255283237
2022-09-26,62.07430648803711,62.71181320383491,62.056836717246135,62.67688032501833,8658900,64.12485485076904,65.39434183294122,65.6305246035258,67.71090036392212,19.546344221535975,0.4042104299552299,0.004700263797192871
2022-09-27,61.803585052490234,62.18784009842316,61.71625617735078,62.10924610962748,9946100,63.953535842895505,65.32886962890625,65.58037395477295,67.65549003601075,18.200039837481597,0.40483246958819,0.004697110260522853
2022-09-28,62.76420974731445,62.79040773818682,62.257693047899494,62.37995478048038,11649700,63.82763500213623,65.27880658236417,65.53995796839396,67.60475427627563,35.24409343008482,0.45785336544322214,0.006191690288418849
2022-09-29,62.44107437133789,62.5633360818411,62.24021203964631,62.388678399054655,6100300,63.69908447265625,65.2190732088956,65.49800237019856,67.55116016387939,32.77055300932,0.47656843913810726,0.006214590203979137
2022-09-30,62.292633056640625,62.76421693464005,62.222767297803934,62.615750531420716,8919100,63.58075218200683,65.1604360407049,65.45783634185791,67.49742359161377,31.670918658232097,0.48904446829257814,0.006163212929544401
2022-10-03,62.81427001953125,63.173111902565154,62.647983465508304,62.75300514649746,6762600,63.48020553588867,65.10701377175072,65.4246114730835,67.44676662445069,39.37017990992068,0.5195010798048736,0.006509093656589892
2022-10-04,62.971797943115234,63.22561142234363,62.91053308105108,63.04181683615117,6124400,63.41679096221924,65.06009306474165,65.39089771906535,67.39642587661743,41.51343309717817,0.5314166470054431,0.006320476773124815
2022-10-05,62.63923263549805,62.7004975116641,62.38541909784704,62.647986668484826,7252400,63.3136043548584,65.00807411887429,65.353763961792,67.34377960205079,38.42521750864684,0.5564588270537933,0.006081828207660647
2022-10-06,62.40291213989258,62.66547296994635,62.35039463198655,62.60420810853023,7108400,63.208645820617676,64.95286539251154,65.31848039627076,67.29055166244507,36.35555799296575,0.5608745415905751,0.006092341378679971
2022-10-07,62.07907485961914,62.245368046321815,62.026564033236646,62.14909374637485,5023200,63.08880424499512,64.88196425004439,65.28229974110921,67.23609031677246,33.678570412202845,0.5709145085091788,0.006135281676124381
2022-10-10,61.79902267456055,62.07909161982827,61.66773889579154,62.07909161982827,4950700,62.95889110565186,64.79616692282937,65.24724416732788,67.17984292984009,31.51724297365763,0.5697325682186479,0.0061608835656178805
2022-10-11,61.816490173339844,62.09655896506864,61.72896992793085,61.89526306836463,9225500,62.846005821228026,64.7151159806685,65.20887530644735,67.12423746109009,31.811181507496386,0.5616809267849264,0.006139992361689169
2022-10-12,61.886539459228516,61.982813779709396,61.71149888237419,61.74650833321905,5442000,62.73269500732422,64.63502169522373,65.17404467264811,67.0688102722168,33.05217480240286,0.5286643480219924,0.006137638025640793
2022-10-13,61.667720794677734,61.87777077263069,61.08132765598452,61.15134654109164,6668900,62.61804962158203,64.54762788252397,65.13811089197795,67.01233186721802,31.1453333377834,0.5549901165092973,0.006144467538365357
2022-10-14,61.370147705078125,61.99155025752855,61.34388561635365,61.98279622795373,6544400,62.492018699645996,64.44644227461382,65.09623823165893,66.9555694770813,28.718859003485818,0.54261518520162,0.006178261485307946
2022-10-17,61.50144958496094,61.86029149131468,61.50144958496094,61.746515770392435,19605200,62.37473621368408,64.34859320900657,65.05401868820191,66.89864679336547,31.263531565071105,0.5439408898562041,0.006241662066272085
2022-10-18,61.641475677490234,61.737749991250205,61.387662184611195,61.6677310944485,7008000,62.2801736831665,64.24801386052911,65.01469561258952,66.8425101852417,33.970708316845005,0.4984598270663772,0.006262741996899475
2022-10-19,61.13387680053711,61.34392691015185,61.072611907008955,61.256406587593425,6483600,62.15149917602539,64.15056422840465,64.97135915756226,66.78628618240356,29.443638070639892,0.501664545838744,0.006352290178330556
2022-10-20,60.722511291503906,61.13386406695764,60.68750183429814,61.01133430542306,6260900,62.0350040435791,64.03961438265713,64.92834151585897,66.72804819107056,26.375940820313588,0.4948734979389481,0.006156427753805023
2022-10-21,60.827518463134766,60.89753735314287,60.46867665986986,60.512440135467145,6984400,61.93249244689942,63.92756250554865,64.88900737762451,66.67158203125,28.425934314615105,0.46261505846384005,0.006203558715206224
2022-10-24,60.739990234375,60.99380366938656,60.59120512062036,60.81000911521294,7259400,61.86577663421631,63.82770482843573,64.84764436086019,66.61506519317626,27.732764330724095,0.4619905688891127,0.00562284116897929
2022-10-25,61.31764602661133,61.44892979463604,61.18636893595643,61.21262435408741,7780900,61.84147968292236,63.732962521639735,64.80755732854207,66.56242528915405,38.40752887547455,0.4707449056743158,0.006035972356666816
2022-10-26,61.56269454956055,61.67647691105074,61.41390942170111,61.457672895715596,7001000,61.78140392303467,63.64536895751953,64.77499930063884,66.51131160736084,42.3011329485848,0.473870087565717,0.004873264428939371
2022-10-27,61.886539459228516,62.017823230554264,61.59771649778588,61.73775430116534,5493300,61.753677177429196,63.56033651178534,64.74745003382365,66.46108629226684,47.06376346582309,0.47949727144698734,0.004956913659404738
2022-10-28,61.763999938964844,61.886529658832984,61.59770674312855,61.615214804463385,4828800,61.72724552154541,63.47988995638761,64.7164252281189,66.41037725448608,45.53224426507907,0.4707458423086471,0.004949508700193504
2022-10-31,61.57147216796875,61.6152356587491,61.317658611659354,61.58022620159906,6785000,61.66510562896728,63.390396603670986,64.68220777511597,66.35810369491577,43.156063338694146,0.47637100589205417,0.004524331722803574
2022-11-01,61.6354866027832,61.94252226470729,61.49512361854622,61.91620587838172,7019000,61.598290061950685,63.30079956054688,64.6466464360555,66.30812778472901,44.19879660583469,0.48894841652247323,0.004476264723834115
2022-11-02,61.539005279541016,62.0478111949657,61.407416619637765,61.7144523641605,10223800,61.54327869415283,63.21103300614791,64.6091986020406,66.2599049949646,42.920865124919196,0.4771757573856123,0.004367742138830844
2022-11-03,61.30213928222656,61.38986951015653,61.030194315698466,61.06528506829511,6408200,61.48824005126953,63.12408995194868,64.57179797490438,66.20963804244995,39.87284062231928,0.46725763757615874,0.004370437941594791
2022-11-04,61.319671630859375,61.49511865411651,61.179308657953726,61.345988015060456,8780400,61.450269889831546,63.035247178511185,64.53367719650268,66.15907197952271,40.2112880707109,0.4548052239994606,0.0042563095717034665
2022-11-07,61.08283233642578,61.34600965703151,61.08283233642578,61.328467625667194,6246100,61.41446037292481,62.94970363270153,64.49683154424032,66.10598882675171,37.16770832204214,0.4485973321399404,0.004227356012975185
2022-11-08,61.354793548583984,61.46883350235757,61.21443050435958,61.2319792313268,6358100,61.39137554168701,62.87449257590554,64.45994180043539,66.05482440948487,42.54543963295505,0.43553571752926246,0.0043721764878515736
2022-11-09,61.44249725341797,61.53022078127659,61.22318508733333,61.28459222612198,7269400,61.36917343139648,62.80135095769709,64.42262783050538,66.00457145690918,44.20393931376958,0.42558291236528334,0.004378020163542147
2022-11-10,62.714508056640625,62.714508056640625,62.188160172130345,62.19693453318719,7014100,61.42151279449463,62.75434806130149,64.39425341288249,65.96265609741211,61.542952277294994,0.48580792021882907,0.00635733704957067
2022-11-11,62.714508056640625,62.749598807991504,62.50397024141181,62.57415174411357,4525300,61.48873081207275,62.700848804820666,64.36782855987549,65.91958003997803,61.542952277294994,0.47459577863407887,0.006220256748279863
2022-11-14,62.51276779174805,62.62680775628449,62.46890266306844,62.53908419180423,6914500,61.53929672241211,62.64605803056197,64.33524618148803,65.87506536483765,58.215363864803415,0.4415004810134465,0.006288187188840982
2022-11-15,62.951385498046875,62.9601531685313,62.758389661337844,62.863661943055014,11948800,61.60479221343994,62.604629308527166,64.30408099492391,65.83300157546996,62.91081018630521,0.4478258018951493,0.006433047362367612
2022-11-16,63.31101608276367,63.36365553846772,63.07416195715522,63.135569078081424,8856700,61.71364917755127,62.568789117986505,64.27649040222168,65.79287799835205,66.25874245467836,0.4447644704256583,0.006119462864979807
2022-11-17,63.04785919189453,63.07417557899288,62.86363778933046,62.98645205770651,6260600,61.8299165725708,62.53307592218572,64.24511852264405,65.75092212677002,61.858548190690996,0.45608915452088994,0.005956315789610184
2022-11-18,62.94260787963867,63.1970108609735,62.92506584669877,63.100512947609324,8564600,61.935671043396,62.50186372236772,64.21604617436726,65.70994707107543,60.138353314507626,0.4436322750186927,0.00600961007673967
2022-11-21,62.94260787963867,63.1970108609735,62.91629148378988,63.153145739306915,6834600,62.04580192565918,62.4676347212358,64.18944765726725,65.67116802215577,60.138353314507626,0.43172661294887454,0.00597823701863313
2022-11-22,63.267173767089844,63.328580903632094,63.10049438524262,63.10926874557035,9534200,62.14327831268311,62.4499453457919,64.1650473912557,65.6337105178833,63.744146247612086,0.41355364499640906,0.005757888278852001
2022-11-23,63.653202056884766,63.653202056884766,63.36371489725646,63.36371489725646,4855000,62.247803688049316,62.430858750776814,64.1446597735087,65.59934576034546,67.50870059664348,0.40478345399300714,0.005823223677922091
2022-11-25,63.653202056884766,63.653202056884766,63.51284566022869,63.51284566022869,2536400,62.33613681793213,62.415424554998225,64.12752742767334,65.56472267150879,67.50870059664348,0.3922510540282421,0.005771902802154426
2022-11-28,63.57422637939453,63.74967347541451,63.50404486383546,63.69704068518406,5852100,62.42664813995361,62.39903037331321,64.1078561147054,65.5329343032837,65.88551210412214,0.3909975748120509,0.005751283847853603
2022-11-29,63.33736801147461,63.49527308146054,63.30228394514704,63.33736801147461,5437600,62.5149429321289,62.37975914695046,64.08845319747925,65.49767923355103,61.13765094927365,0.3828505225488869,0.005778325611667233
2022-11-30,63.828609466552734,63.837377133607596,63.17067302215457,63.293487289678836,5479900,62.624599075317384,62.37529393976385,64.07386741638183,65.46686130523682,66.52547567050102,0.4085411237995845,0.005947109603074439
2022-12-01,64.36056518554688,64.36056518554688,63.885780014223954,63.947326737031716,7462500,62.76567707061768,62.37907229336825,64.06834398905436,65.4394352722168,71.18432222092794,0.3556800463546906,0.006065992251568732
2022-12-02,64.62435150146484,64.63314580850597,64.00008986336036,64.1407652355645,6828300,62.93178768157959,62.39113998413086,64.07377128601074,65.41285442352294,73.1778361159063,0.38335343053797033,0.005902761180708453
2022-12-05,64.1143798828125,64.33419057087049,64.03525125499475,64.32540297317286,7552900,63.071523094177245,62.395205688476565,64.07784220377604,65.3829487991333,63.96466781477428,0.4078887771735355,0.0063425863379318985
2022-12-06,64.32537841796875,64.39571271315002,64.18469641143166,64.25503741470021,7584100,63.2336503982544,62.40390167236328,64.07759552001953,65.35349514007568,65.87879970228016,0.39602788099884023,0.006179360909379146
2022-12-07,64.88809967041016,64.91447587231411,64.57157183138665,64.60674233662127,7472500,63.410315704345706,62.42854482477362,64.0808806737264,65.32707042694092,70.39530460501655,0.40865841056487745,0.006319915972836057
2022-12-08,64.7034683227539,64.83535607191898,64.5979634898935,64.69468072540859,5378100,63.5733642578125,62.446655758944424,64.08233788808187,65.3014879989624,67.2499683865685,0.3974268310708377,0.006440637751478689
2022-12-09,64.32537841796875,64.58914711809487,64.32537841796875,64.55397661646059,12079600,63.653907775878906,62.469800567626955,64.08310362497966,65.2732400894165,61.21777508448182,0.40500860896443974,0.0051143154949592744
2022-12-12,64.32537841796875,64.63311192215953,64.22866121549633,64.58914711809487,7533500,63.73445129394531,62.49612107710405,64.07945709228515,65.24469081878662,61.21777508448182,0.4138465610701237,0.0051143154949592744
2022-12-13,64.76502990722656,65.19585701452733,64.7210650826061,65.19585701452733,12563900,63.84706439971924,62.54504332108931,64.07687028249104,65.2157559967041,65.40287654007962,0.44845410196763524,0.005142829761698603
2022-12-14,64.92328643798828,64.97604556855083,64.56280037094434,64.80898728660173,9833900,63.945659446716306,62.601765164462,64.07661463419596,65.18576221466064,66.7920396677397,0.4503981668113184,0.00499755174070475
2022-12-15,64.95841979980469,65.02876079492651,64.80895021623569,64.95841979980469,7800400,64.02802963256836,62.6416598926891,64.07925605773926,65.16030014038085,67.10779377688235,0.45607346552808636,0.004904027670573234
2022-12-16,64.79139709472656,64.9144905368111,64.54521021055747,64.5891683209651,6541900,64.11520652770996,62.68439303311435,64.08021647135416,65.13245029449463,63.99265480895689,0.4680435353615268,0.004823393881318235
2022-12-19,64.40453338623047,64.54521545037029,64.3166104501881,64.5276268383078,6300000,64.18830280303955,62.72279122092507,64.07484251658121,65.10141544342041,57.351872731442924,0.48253240752516796,0.005056596511887813
2022-12-20,63.98249816894531,64.09680403070459,63.91216384027478,64.00888108879856,6130500,64.24029731750488,62.7440317327326,64.06363684336344,65.06999557495118,51.119529866321024,0.4700799385610723,0.005340121120665012
2022-12-21,64.1319580078125,64.27263333696028,64.03524078423457,64.21988092704096,8169000,64.28353652954101,62.76512555209073,64.04933522542318,65.0409619140625,53.064726834678034,0.4528070420625601,0.005256525362376715
2022-12-22,64.12315368652344,64.2462470958321,64.0616069818691,64.14073558438709,6833800,64.30703411102294,62.79210593483665,64.03401794433594,65.01283298492432,52.93109953829916,0.42077733983523047,0.005101446159168192
2022-12-23,63.92221450805664,64.00153689879436,63.85170721049999,63.89577595245939,4693400,64.32048473358154,62.81972961425781,64.02036034266153,64.98555406570435,49.84597455080668,0.3980877848033271,0.005161507104241879
2022-12-27,63.42865753173828,63.65780281695107,63.419842441245194,63.56966535990804,6959600,64.31320629119872,62.844267481023614,64.00411157608032,64.95606618881226,43.187466470443006,0.413876301694322,0.005453424987433597
2022-12-28,63.34053039550781,63.61373770081259,63.33171530451415,63.56086060273923,7868200,64.3133644104004,62.87229489413175,63.98894027074178,64.92932920455932,42.10591547831681,0.3919423689766849,0.005396408487654303
2022-12-29,63.57852554321289,63.60496410949967,63.41107232479835,63.42870251828867,7391000,64.3008602142334,62.90433190085671,63.97372334798177,64.90322147369385,46.03629223400163,0.39010647851062785,0.005163625822606716
2022-12-30,63.314125061035156,63.52564703464515,63.278878122715376,63.43751624094859,7051900,64.24853820800782,62.93028800270774,63.955360412597656,64.87527416229248,42.577982444930484,0.38450344391865343,0.004823425822709119
2023-01-03,63.649017333984375,63.878162725788414,63.5168178108687,63.85171744200763,8634800,64.19977149963378,62.96631157614968,63.93804880777995,64.84869953155517,47.915057523282776,0.3959025123536577,0.00489401648130667
2023-01-04,64.01033782958984,64.12491385579138,63.886953435176814,64.07203002679636,5257100,64.19456939697265,63.01431503295898,63.92548764546712,64.822939453125,52.99164708801166,0.3677180784428304,0.004791118692538264
2023-01-05,63.93987274169922,63.97511968199266,63.64903505466133,63.754789323439525,5632400,64.17529411315918,63.05864999944514,63.910382461547854,64.8003636932373,51.92864782833802,0.3640079053944036,0.004729198340161781
2023-01-06,64.64490509033203,64.6801587432507,63.95747566828493,64.02798297412227,5627200,64.16313438415527,63.11325780695135,63.90281969706218,64.78217559814453,60.47235271208515,0.4011847213130219,0.004979207571547263
2023-01-09,64.82115173339844,64.90928247432512,64.57437624528137,64.60962988644096,7398200,64.1690185546875,63.18029916936701,63.897160339355466,64.763316116333,62.27727874118971,0.39559162415563165,0.00497786305800922
2023-01-10,64.56560516357422,64.67135942417987,64.41577542113554,64.60966719751043,4827900,64.18102989196777,63.250173603404654,63.889878781636554,64.74361011505127,58.13241112487683,0.39063374327880546,0.004875442061375884
2023-01-11,64.90931701660156,64.9445706765218,64.73304871700036,64.75067890893453,8453200,64.21022682189941,63.324388122558595,63.88096777598063,64.72864181518554,61.81368341777164,0.38253345520679816,0.005007606444941956
2023-01-12,65.41165161132812,65.41165161132812,64.8740452147941,65.11199894777734,5927600,64.2425579071045,63.409327420321375,63.87174924214681,64.71519325256348,66.45584365358178,0.4002099715295882,0.0050718235376498305
2023-01-13,65.19131469726562,65.41164494473566,65.12962249693183,65.27063035886098,6331600,64.25595932006836,63.47975775978782,63.862724431355794,64.69913345336914,62.84693948765602,0.40716632870339503,0.005121412459337386
2023-01-17,65.10319519042969,65.21776451828694,64.98861913862572,65.00624932687866,6815100,64.26319808959961,63.54413049871271,63.852820014953615,64.68185665130615,61.41060680940858,0.4041448218203786,0.005132612867644614
2023-01-18,65.70248413085938,65.79942998009014,65.46452369222179,65.74654614708972,5112800,64.30875244140626,63.61351131092418,63.84638754526774,64.66731750488282,66.94376605977988,0.4179921591667361,0.0054714809105225965
2023-01-19,65.57028198242188,65.63197418180592,65.4468975836538,65.53502833649594,4765200,64.36703987121582,63.682716438987036,63.835011927286786,64.65286117553711,64.73853048088785,0.4161038842315316,0.005285411510279775
2023-01-20,65.27946472167969,65.38522569230588,65.15608028458955,65.33234184501902,4714300,64.43188819885253,63.750134485418144,63.82164789835612,64.63669116973877,60.05212782945564,0.42680159736299367,0.0051474358652223145
2023-01-23,65.12081909179688,65.27064207321884,65.0855654390011,65.11200399761125,6116700,64.48133125305176,63.81350416703658,63.804543558756514,64.62318695068359,57.602442618506394,0.41924815894735595,0.005193258613344817
2023-01-24,65.41165161132812,65.4380901678878,65.02386818459637,65.17369115439865,3907700,64.54575614929199,63.88391591852361,63.79552726745605,64.61217456817627,60.76241768201346,0.40854703884293947,0.005252226546233635
2023-01-25,65.49095916748047,65.53502790558449,65.2882591096709,65.40282841521781,4414400,64.62419338226319,63.960076280073686,63.78441232045491,64.60225063323975,61.60284119399416,0.3921807727076952,0.00516095257369525
2023-01-26,65.3675765991211,65.5262146472122,65.26182238302407,65.44689898513944,3866800,64.72113933563233,64.0336745522239,63.77088902791341,64.59352573394776,59.46877033792911,0.3852585933690967,0.004779304228928129
2023-01-27,65.29708862304688,65.33234228015708,65.17370418513497,65.21777293750961,4474100,64.81896724700928,64.11029739379883,63.763096745808916,64.58600490570069,58.227735675037806,0.3462290514001428,0.00476984353411089
2023-01-30,65.11197662353516,65.29705317994386,65.09435316651982,65.18248389948435,6258700,64.8956398010254,64.1786098133434,63.751292610168456,64.57647754669189,54.982659396803705,0.3367882819346641,0.004835369043313366
2023-01-31,65.41165161132812,65.41165161132812,65.09437548471963,65.32352084814715,5502300,65.00051612854004,64.2507762562145,63.74322020212809,64.56805938720703,58.96927871713039,0.33049541153077755,0.0047194945770175885
2023-02-01,65.83216857910156,65.88517813129178,65.30212023671186,65.51414496561202,7473900,65.1096736907959,64.3074609929865,63.73712724049886,64.56403553009034,63.81217456917755,0.3450734387902301,0.004772426944430185
2023-02-02,65.87632751464844,66.13251895046727,65.85866216111181,66.07951614992851,4273500,65.20297317504883,64.36494861949573,63.73452529907227,64.56131340026856,64.28884653562115,0.3281265798496357,0.00468323544167821
2023-02-03,65.29327392578125,65.46111836754142,65.18726158893647,65.39044347631156,5332900,65.27064323425293,64.41550327647816,63.724522527058916,64.55775131225586,54.147215369675635,0.35720063780075556,0.0051976090841011225
2023-02-06,64.88691711425781,64.99292948450254,64.86925175584905,64.93992666934554,5282300,65.28274383544922,64.45069476040926,63.71055246988932,64.55008213043213,48.41484221559829,0.37112040853439715,0.004878261559414632
2023-02-07,64.79859924316406,65.10779367168601,64.77209782642404,64.83393671212843,4674500,65.2816162109375,64.47774172696201,63.69657274881999,64.54374404907226,47.24417796975255,0.34536762679164823,0.004852320187291701
2023-02-08,64.9134292602539,65.01059884738356,64.7014045067043,64.83391829269003,4308200,65.29900741577148,64.51166118275036,63.6868179321289,64.53841232299804,48.97182643492181,0.34919675489691065,0.004775992587118923
2023-02-09,64.64837646484375,65.0989204654369,64.61303901970619,65.09008441917038,4268100,65.2859603881836,64.5426751570268,63.67383753458659,64.52967987060546,45.28540578131489,0.35431673688965254,0.004715925820049948
2023-02-10,64.3745346069336,64.61305399197163,64.33919715360757,64.59538863527365,3606100,65.23410453796387,64.56871018843218,63.66206092834473,64.51871356964111,41.7856489684355,0.36255102464376626,0.004406149542508233
2023-02-13,64.55121612548828,64.55121612548828,64.3745355960735,64.39220095304292,3805800,65.202099609375,64.59205641313032,63.654226048787436,64.50966842651367,44.752321508440936,0.34558384859114205,0.004429804147814775
2023-02-14,64.33036804199219,64.56005814341358,64.14485144697403,64.4717178705379,4328000,65.16345825195313,64.60436852195046,63.644768397013344,64.49964900970458,41.87937872610672,0.3576151272001401,0.004475083078317191
2023-02-15,64.18901062011719,64.3038522752186,64.08299827238021,64.24201342402102,4370800,65.08778457641601,64.61411049582742,63.63551292419434,64.49117092132569,40.10471330244844,0.35639923473041485,0.0038436317844720703
2023-02-16,63.941654205322266,64.1006693712127,63.87098604042753,63.98582770582012,5912000,65.00635318756103,64.62079100175337,63.62121864954631,64.48314111709595,37.138958620734925,0.36526724656638115,0.0038869910428914753
2023-02-17,64.0829849243164,64.09182096976964,63.77379073273162,63.78262003825699,5165700,64.94652919769287,64.63434767289596,63.6091913541158,64.47503828048706,39.874821106006394,0.37350258803145053,0.003884382724420592
2023-02-21,63.52643585205078,63.73845376501075,63.50876376101282,63.67661492623376,16093200,64.86681003570557,64.62885360717773,63.59499527613322,64.46203001022339,33.661814764761544,0.3918558049382429,0.004247408475882345
2023-02-22,63.667808532714844,63.82682372647493,63.64130712374334,63.69430994168635,4375600,64.7796178817749,64.61625803167169,63.581541792551675,64.45302076339722,36.373790584671596,0.37166508921283026,0.00411679979927857
2023-02-23,63.89746856689453,63.91513391791669,63.694279960536235,63.72078135703343,4789200,64.6999433517456,64.60304197831587,63.57225332260132,64.44654584884644,40.62059886136173,0.3678775902011258,0.00422832250910225
2023-02-24,63.54411697387695,63.632457231207695,63.429275313339936,63.570618377083214,4345900,64.6087703704834,64.59267356178977,63.56296030680338,64.43683155059814,36.57554991683842,0.3521009707613132,0.004335585521067373
2023-02-27,63.65009307861328,63.76493467374928,63.579418217025385,63.65009307861328,3340500,64.52642059326172,64.58039564652877,63.553167724609374,64.42669418334961,38.551933613273995,0.33758636575703654,0.004389610411989308
2023-02-28,63.667808532714844,63.68547389205216,63.393951653434556,63.43811842174337,5032400,64.4542121887207,64.55820853493431,63.54839871724447,64.41551898956298,38.89471901457818,0.334431108139582,0.004386295295541864
2023-03-01,63.29057693481445,63.60047626767843,63.25515890315874,63.46766033779421,4427800,64.34815845489501,64.53251960060813,63.536628818511964,64.40180814743042,34.483434509575204,0.34182077163078567,0.004295207069259216
2023-03-02,63.15778732299805,63.17549296855451,63.01611513733991,63.051533183754444,4966600,64.21443939208984,64.51129067160866,63.52542635599772,64.38864601135253,33.061945340149094,0.3267193681839165,0.0038527476951790056
2023-03-03,63.644752502441406,63.644752502441406,63.33485312691507,63.46766907508343,4008600,64.1028606414795,64.49891565496272,63.518500073750815,64.37739894866944,42.43368026165348,0.3394183587701437,0.004398656588411188
2023-03-06,63.494239807128906,63.77757738376788,63.48538360793062,63.77757738376788,4538700,64.01290893554688,64.47581038041548,63.51097469329834,64.36734859466553,40.544228293219184,0.3476692342903271,0.004071612076962232
2023-03-07,63.42341613769531,63.618212026379915,63.31716874772335,63.60050637981859,4253100,63.93973388671875,64.44854001131925,63.50555152893067,64.35555786132812,39.6495772104207,0.339514704448685,0.003909306352298104
2023-03-08,63.370296478271484,63.66249032990595,63.255192880037804,63.55623617786548,4774500,63.868318748474124,64.41966504183682,63.49903103510539,64.34280847549438,38.95526884122055,0.35093811018126836,0.00390944957704194
2023-03-09,63.58277893066406,63.71559489199923,63.41455168458656,63.4499697246293,4597800,63.801786231994626,64.3976901661266,63.49588228861491,64.33012517929077,43.2371123612925,0.35288624118398915,0.003985951311867407
2023-03-10,64.34426879882812,64.48594100060288,64.11406160389772,64.20260335235575,4779500,63.786580848693845,64.39659444635565,63.49966147740682,64.32241907119752,55.32987474377983,0.3946813721054743,0.004859804044000353
2023-03-13,64.85782623291016,65.36252167536368,64.67188651782759,64.92866234017103,7270500,63.81074542999268,64.4125095020641,63.50808420181274,64.31459493637085,61.31547705336029,0.4263979230506152,0.005091373634178502
2023-03-14,64.45050811767578,64.80468178530163,64.33540454670023,64.63644777323667,5432500,63.805710029602054,64.41830132224344,63.51573238372803,64.30339143753052,55.01854277946449,0.4422574810353136,0.005268217548949496
2023-03-15,65.11459350585938,65.38907494132776,64.82239966824986,65.17657340274909,6677200,63.84492130279541,64.43632750077681,63.52745927174886,64.29585496902466,61.89032216904114,0.4916318694960375,0.005685411278549519
2023-03-16,64.8047103881836,65.41565331030695,64.70731241771539,65.37138580437838,6964800,63.87570629119873,64.45237288041548,63.54206174214681,64.28581609725953,57.4777282894194,0.5087852722843925,0.005780318129154231
2023-03-17,65.27395629882812,65.4510397475977,65.0703042529726,65.0703042529726,4352700,63.942321395874025,64.48592376708984,63.562030124664304,64.2800294303894,61.906738085599535,0.5391789622516627,0.00587282340140028
2023-03-20,64.99060821533203,65.38019309066954,64.9551901802469,65.32706941569157,6924500,63.98770256042481,64.51592518199574,63.58633263905843,64.27431032180786,57.97965342455975,0.5487132959520221,0.0059861873464185185
2023-03-21,64.81354522705078,64.96407362812916,64.75156532847815,64.81354522705078,3997700,64.0520580291748,64.53838008533825,63.6114156405131,64.26740201950074,55.6058485958931,0.5363128143304345,0.005631146793094444
2023-03-22,65.3890609741211,65.4510408577718,64.69842605478449,64.81352962290703,5220500,64.13812065124512,64.5761061928489,63.633289400736494,64.26384874343871,61.17058219160675,0.5704666004384892,0.005896532818613306
2023-03-23,65.53959655761719,65.61928885661713,65.2385532743559,65.34480742125511,5392100,64.22022705078125,64.6104803605513,63.659110418955485,64.26300130844116,62.49485102016867,0.5628787720683377,0.005877443812718868
2023-03-24,65.67239379882812,65.89375147518008,65.54843404049504,65.73437367799467,4638000,64.3266408920288,64.64069955999202,63.687275091807045,64.26168935775758,63.67189473022292,0.5673045679058834,0.005654897998367609
2023-03-27,64.99060821533203,65.28280193830976,64.99060821533203,65.16769163545823,5769800,64.39366664886475,64.65980384133078,63.70541124343872,64.25831380844116,54.257268805827145,0.5945004468229926,0.00626355446823258
2023-03-28,64.87550354003906,64.96405201308266,64.81352366208857,64.86665409697474,3473300,64.45405139923096,64.66399654041638,63.72127545674642,64.25479681015014,52.83683205777742,0.5780566684926579,0.006293728605463062
2023-03-29,64.94637298583984,65.00835289563565,64.76928945936712,64.7781456622818,4231300,64.53684120178222,64.66627329046077,63.7405016263326,64.25441179275512,53.64154990716679,0.5704684558170001,0.006081805107407263
2023-03-30,65.03489685058594,65.09687674332403,64.91979326558709,64.91979326558709,3455300,64.63069667816163,64.67480586658824,63.762434832255046,64.25972089767455,54.68171001193471,0.5186056992311521,0.006028746519272165
2023-03-31,65.3713607788086,65.40677882317495,65.0526051348126,65.15885251261044,4549200,64.71702709197999,64.68320666226474,63.78987054824829,64.26844835281372,58.49367091925162,0.47243634894925585,0.005916470771113588
2023-04-03,65.64918518066406,65.67581302600793,65.25862539005574,65.3118878528303,5346200,64.82477436065673,64.68752545443448,63.82195523579915,64.27491937637329,61.382214042498425,0.4649196310737033,0.005882318577865484
2023-04-04,65.91548919677734,65.96874489717531,65.43616757693152,65.47167363455951,4126700,64.94937801361084,64.70069226351652,63.856113560994466,64.28202741622925,63.9705140178254,0.43592038083026097,0.005866313962442578
2023-04-05,66.09298706054688,66.4835467707811,66.02197497285239,66.08410885656372,4345900,65.08551254272462,64.71868847933682,63.89116729100545,64.2898493385315,65.6242984708412,0.4259001437882749,0.0058311831490322685
2023-04-06,66.07526397705078,66.21728143742413,66.05750756194902,66.13739788573065,4381700,65.21013679504395,64.72546629472212,63.92789681752523,64.29905820846558,65.30198529477826,0.39114618064977486,0.005847135905801747
2023-04-10,65.63146209716797,65.7291020843275,65.51606569120332,65.71134566552236,4224300,65.27449645996094,64.72657866044479,63.96340777079264,64.30340070724488,57.66440578568369,0.40073156460869086,0.005649186477092913
2023-04-11,65.6580581665039,65.7113138529577,65.51603397317875,65.70243564785332,4401600,65.31450805664062,64.73346217762341,63.998046175638834,64.3063137626648,57.98156855266725,0.3976056355319102,0.005405590773462716
2023-04-12,65.72908020019531,65.91548190305039,65.55154993169955,65.91548190305039,4134800,65.3784366607666,64.74452147050337,64.03210954666137,64.31018934249877,58.86774337297842,0.369842576129305,0.005155338186426327
2023-04-13,65.69357299804688,65.94210859750875,65.64031053238563,65.87109649135188,5012700,65.40738563537597,64.74964731389827,64.07010701497396,64.31544996261597,58.20680440401339,0.364204182048011,0.004672442035504952
2023-04-14,65.4006576538086,65.50717582039684,65.33852374965403,65.46279155796316,4349600,65.43718299865722,64.74800546819513,64.10909156799316,64.31907251358032,52.927511045510705,0.364268062821579,0.004655266004019876
2023-04-17,65.04557800292969,65.22310820997559,65.02782836826756,65.19647359985498,5085500,65.4257640838623,64.74215094826438,64.14424206415812,64.31905336380005,47.324096941937576,0.34219975582478873,0.004545907307184166
2023-04-18,65.14322662353516,65.23198835286959,65.05446489420073,65.07221453123327,3728400,65.43339500427246,64.73935345736417,64.18093570073445,64.31813360214234,48.925499033312015,0.34286588416024905,0.004450171569716531
2023-04-19,65.05447387695312,65.08110172222166,64.9302060843088,65.05447387695312,4611000,65.44544143676758,64.73830795288086,64.21207593282064,64.31416521072387,47.51169474061043,0.34100567722866515,0.004414522935561011
2023-04-20,65.3385238647461,65.3385238647461,65.23200569797024,65.24088390489014,3605400,65.44291458129882,64.73697835748845,64.24354117711385,64.31105169296265,52.26592487699915,0.348646142232667,0.004047289737699759
2023-04-21,65.22313690185547,65.4805439641576,65.17875263754796,65.44504467921712,3371600,65.42709159851074,64.72590505426581,64.2713461558024,64.309361743927,50.27384652517492,0.34363966751985536,0.004026038893737421
2023-04-24,65.48053741455078,65.50717203372395,65.34739817912121,65.34739817912121,2993000,65.41749877929688,64.71870887062767,64.3023173014323,64.30987188339233,54.4450440460097,0.3341287743710189,0.004104907952137527
2023-04-25,65.90663146972656,65.94213753838801,65.73797933660724,65.73797933660724,3508100,65.4632999420166,64.72986082597212,64.33844362894693,64.3135996055603,60.37113454482503,0.3290589746276932,0.00359186817540449
2023-04-26,65.67581939697266,65.93323321374554,65.59593585319183,65.87109931122018,5819900,65.50331573486328,64.74420450383967,64.37211306889851,64.3149559211731,56.11286798228758,0.3125761022384036,0.003674605700507084
2023-04-27,65.39178466796875,65.53380890142601,65.35627860960443,65.51605248619977,3078100,65.52558631896973,64.75498969338157,64.40421956380209,64.3143264579773,51.31603894988514,0.3239880245164833,0.00383411618987355
2023-04-28,65.75570678710938,65.7734564275751,65.58705472829278,65.71132252781433,4469100,65.5616268157959,64.77030383023349,64.44133262634277,64.3144729423523,56.45263428872722,0.311307558356404,0.004004001244698692
2023-05-01,65.07945251464844,65.54214862675458,65.00826745300424,65.48875643623087,4546500,65.54703140258789,64.77814157659357,64.47266413370768,64.31228181838989,46.611058053924964,0.35074751937970305,0.004524444653901484
2023-05-02,65.7201156616211,65.72901549298446,65.23962659673387,65.24852642809722,4825100,65.55057792663574,64.8026066866788,64.51130816141765,64.31211992263793,54.67303407359729,0.3711497341643591,0.004966305899017892
2023-05-03,65.99592590332031,66.0048257315236,65.72009232623753,65.86245563459063,4205600,65.55459976196289,64.82887413718484,64.54998426437378,64.31433736801148,57.63871639765664,0.3699308298902833,0.00497233368141309
2023-05-04,65.90695190429688,66.1827854977742,65.75568875874997,65.77348162763421,11535800,65.5452980041504,64.85753929831765,64.5871880531311,64.31637075424194,56.35768858892888,0.37507707922109695,0.004942275158776204
2023-05-05,65.66673278808594,65.72011820116445,65.55995517334638,65.67562583121067,3143200,65.52487144470214,64.8844069740989,64.61178992589315,64.31750745773316,52.9368580879439,0.37323189675034435,0.005004550358365877
2023-05-08,65.3553237915039,65.49769399680635,65.32863107515595,65.39981617780717,9895900,65.51106452941895,64.91011005748402,64.63379672368367,64.3143908882141,48.80144113579357,0.3840669941067785,0.0048894278235886955
2023-05-09,65.28413391113281,65.39980459100904,65.27523407773192,65.33751933437048,3827700,65.49236831665038,64.93194912997158,64.65689144134521,64.30822217941284,47.88058376149908,0.37774913511040403,0.004891120239681145
2023-05-10,65.68452453613281,65.73790994829552,65.53326134261685,65.5599540486982,5291800,65.49014053344726,64.9711871060458,64.67966759999594,64.30527334213257,53.22636481531438,0.3898724243511,0.005091149530534457
2023-05-11,65.89806365966797,66.05822666210189,65.86247112706249,66.0048412574844,4745900,65.50036506652832,65.01173719926314,64.70122632980346,64.30330503463745,55.82851220109304,0.3950089100196306,0.005141157032661005
2023-05-12,65.5510482788086,65.89806700359428,65.5510482788086,65.85358142701615,2970500,65.50788459777831,65.0418022849343,64.72208623886108,64.29868837356567,50.875229651261144,0.39950773808514534,0.005182389783641118
2023-05-15,65.38198852539062,65.42647409945081,65.337496162749,65.41757426920621,3268600,65.52470512390137,65.07521813132546,64.74241441090902,64.29092153549195,48.612357981811364,0.3817900232438853,0.00505926325207401
2023-05-16,65.22180938720703,65.23960225471265,65.09723894892849,65.19510990307899,3818500,65.52863426208496,65.10379479148172,64.76140775680543,64.28261484146118,46.50190959764353,0.37803661009448725,0.005085733494736393
2023-05-17,65.10615539550781,65.30191095134678,65.06166981646034,65.29301112010442,4574400,65.53121833801269,65.12994655262341,64.77673260370891,64.27227891921997,44.983392756616055,0.37237234920293155,0.005092659226988823
2023-05-18,64.83921813964844,64.96378861615028,64.80362560513622,64.96378861615028,3530000,65.50625305175781,65.15810366543856,64.78661607106527,64.2640069770813,41.60631308677233,0.3667193514004491,0.005066975634570857
2023-05-19,64.66124725341797,64.90149513371222,64.6078618527219,64.705739613052,4166800,65.47815856933593,65.18543930053711,64.79501644770305,64.2531894493103,39.478310684656506,0.3343046333208193,0.005085847582535712
2023-05-22,64.64344787597656,64.84809641709975,64.60785534956813,64.69683327129908,5294900,65.43630409240723,65.20359739823775,64.80392662684123,64.24145483016967,39.26202582541805,0.3050673539776483,0.004981612922422011
2023-05-23,64.68795776367188,64.75914284325263,64.49220897769902,64.56338726869696,4561100,65.3753704071045,65.22530136108398,64.81518154144287,64.2337338066101,40.14511292975188,0.30379595828247324,0.004705001630901088
2023-05-24,64.510009765625,64.74135790834653,64.50110993244012,64.72355824197675,4245100,65.31707992553712,65.24505760886453,64.82085987726848,64.22364149093627,37.78013015787463,0.2904496180597716,0.004686283110209615
2023-05-25,64.26973724365234,64.50107848500001,64.24303775711498,64.47438578704299,4012300,65.26097755432129,65.26141107732599,64.82010297775268,64.21308847427368,34.79914663630137,0.2847335664568809,0.004664966518837659
2023-05-26,64.34982299804688,64.35872282795215,64.1273747704833,64.2074596624684,3783100,65.19068336486816,65.2753573330966,64.8178152402242,64.20202096939087,36.59493810396924,0.2771083053525142,0.004447004770096679
2023-05-30,64.77696228027344,64.77696228027344,64.52781442568966,64.55451393011946,3533000,65.17555885314941,65.2832244873047,64.82333676020305,64.19496297836304,45.25543067270047,0.29872036027747434,0.004204950679526208
2023-05-31,64.990478515625,65.07055662338584,64.74133757337145,64.78582314815584,4898400,65.1390769958496,65.28563634699042,64.82887926101685,64.18744733810425,49.00508801782896,0.2898234326240226,0.0035896060945366935
2023-06-01,65.16622924804688,65.29111948677763,65.09486145276999,65.16622924804688,3984000,65.09759216308593,65.2986494584517,64.83119700749715,64.18046186447144,51.92405569358776,0.2846047787085624,0.003500087318688649
2023-06-02,64.80046081542969,65.13944756291018,64.80046081542969,65.13053169487559,4595500,65.04226760864258,65.29293795498934,64.83200527826945,64.17208333969116,46.020091943706866,0.28594404355366976,0.0036720462987009147
2023-06-05,64.80937194824219,64.98778456124845,64.60419131788055,64.66663641303323,4674600,64.9993995666504,65.29302271062677,64.8360385576884,64.16571016311646,46.18064734614829,0.2980898383614061,0.003616964893393054
2023-06-06,64.89859771728516,64.90752039241278,64.70233970051919,64.84507527853333,5001900,64.97656326293945,65.28619800914417,64.8408153851827,64.15917303085327,47.85313549832379,0.29240634660651005,0.0035098627495135774
2023-06-07,64.53284454345703,64.9075220422644,64.48824477869917,64.853992796145,4326500,64.93899879455566,65.2778750332919,64.83888050715129,64.15289861679076,42.080338428433436,0.3051946415121378,0.0037025646545792977
2023-06-08,64.85399627685547,64.88968017418118,64.60421580158294,64.61313847741624,3567600,64.8974723815918,65.27861050692472,64.83830308914185,64.14971158981324,48.01089046559984,0.3090736301087489,0.003599945931814426
2023-06-09,64.72016906738281,64.80937537860764,64.6309559501527,64.71124639445874,12690400,64.83857765197754,65.26644883589312,64.83631766637167,64.14598600387573,45.90169576859145,0.3040312762310669,0.0034929598626411867
2023-06-12,64.85399627685547,64.86291895268877,64.59529993175713,64.79155115803734,4632800,64.80372505187988,65.2539833762429,64.83683932622274,64.14375764846801,48.34551796030326,0.3059868443310683,0.003393548783041743
2023-06-13,64.56855010986328,65.05027265057467,64.50610497343826,64.99675019249877,4302500,64.76305313110352,65.233913490989,64.838206132253,64.1383155632019,43.80055789843811,0.3257892594441257,0.0034749784488693905
2023-06-14,64.6220474243164,64.77369885122678,64.40794408584827,64.6755698559304,5986200,64.73306503295899,65.2272123856978,64.8435357093811,64.1337944984436,44.84704785895345,0.3347540301207041,0.003461415901843217
2023-06-15,65.02348327636719,65.04132862534114,64.82722527369252,64.90751573206236,5061200,64.72893142700195,65.2299029263583,64.85096508661906,64.13276208877564,52.06082146721425,0.3456332581574689,0.003750003971732933
2023-06-16,64.88078308105469,64.96998944718183,64.71128622120649,64.83617649498639,3905300,64.73100967407227,65.22871038263494,64.85727866490681,64.13075487136841,49.57837916148191,0.3514081865640293,0.0036651213498736855
2023-06-20,64.9699478149414,65.07699266329668,64.91641858475866,64.92534125745664,4921700,64.74644470214844,65.22752949107777,64.86600977579752,64.13054418563843,51.14593173661365,0.3349132079937028,0.0036158935084128515
2023-06-21,65.07701873779297,65.11270263687729,64.74695458177682,64.8450836027567,3678700,64.76812324523925,65.22217781760476,64.87974611918132,64.13263288497924,53.03414338707327,0.33752242264270854,0.0036269040820403092
2023-06-22,64.7647933959961,64.97888998537901,64.70234827384242,64.8807677700014,3975500,64.77196502685547,65.20609796697443,64.89161497751871,64.13233083724975,47.2938287245761,0.3428102435568456,0.003802426351540506
2023-06-23,64.95211791992188,65.1126920366562,64.84507304610348,65.10377616784248,4163100,64.79407043457032,65.18858212557706,64.90306158065796,64.13589097976684,50.73887928572017,0.34153382984562547,0.003791745484461317
2023-06-26,65.03240966796875,65.10377745593085,64.96996455500363,65.04133234296573,6287800,64.83220405578614,65.16929890025746,64.91738061904907,64.13753820419312,52.181625357233514,0.3249671364628455,0.0036716411579195683
2023-06-27,64.90754699707031,65.1484048761846,64.82725650002571,65.05027582757995,4816100,64.8600902557373,65.14806768243963,64.92786836624146,64.13956552505493,49.74182806372485,0.3332505424817955,0.003710207616210876
2023-06-28,65.11270141601562,65.12162409212137,64.88968215542617,64.99673385067189,5517200,64.87687721252442,65.13863567005504,64.93705472946166,64.14274950027466,53.58203949626362,0.31986944770536396,0.0034786532916135015
2023-06-29,64.6220474243164,64.6844925298681,64.51499575508234,64.6577313140611,5803000,64.85845565795898,65.11979911110618,64.94273951848348,64.1438733100891,44.771046802471574,0.3370744498631595,0.003809244471084742
2023-06-30,64.84505462646484,64.86289316503185,64.61311278906494,64.67555788305667,5612300,64.84239692687989,65.10372591885654,64.94440743128459,64.14772760391236,48.88520038138761,0.3389844533820262,0.003843510113216164
2023-07-03,64.66082763671875,64.97384547977552,64.64293700381423,64.83074770964829,3146500,64.83541526794434,65.08494873046875,64.94307139714559,64.15026796340942,45.84682122969409,0.34350512874128675,0.0036863361703543276
2023-07-05,64.39253997802734,64.651899638399,64.33888171149496,64.63400900070216,4415700,64.8145736694336,65.06661931818182,64.94162918726603,64.15242752075196,41.774791144500824,0.3276321464618133,0.003794739685802451
2023-07-06,63.98115158081055,64.06163899012854,63.811224618988284,64.01692603715628,5613400,64.76870136260986,65.04726611050692,64.9338944753011,64.15287944793701,36.43143573424345,0.34302933172328104,0.004003965734105068
2023-07-07,63.94538497924805,64.13319578067313,63.90961051850793,63.98115943998817,5726600,64.73932838439941,65.02548717151988,64.92167558670045,64.15337087631225,36.00029784619064,0.3290510503761718,0.0038320884877084795
2023-07-10,64.16896057128906,64.24050948198703,63.99009511782382,63.99903361420131,4450800,64.7050765991211,65.00938692959872,64.91315596898397,64.15655204772949,40.72266721699749,0.32783158234604975,0.0037348235091192155
2023-07-11,64.30311584472656,64.35677411842306,64.18684715401085,64.24945074775009,5709100,64.68422393798828,64.99056132923474,64.90648864110311,64.15953079223632,43.420465140505414,0.32723186555262174,0.0037601380569895274
2023-07-12,64.81290435791016,64.85761732152798,64.59826439201274,64.64297735563056,6397500,64.68216934204102,64.98310255570846,64.89907547632853,64.16833324432373,52.30372220914454,0.3407142528169754,0.004162501434279906
2023-07-13,65.2064208984375,65.24218854235059,65.01860323984317,65.06332302965743,5868400,64.71406288146973,64.97811861905184,64.89604330062866,64.17997659683228,57.810245551480904,0.34461523285196705,0.004240786905743999
2023-07-14,64.90234375,65.15275820638593,64.89339842704845,65.08120926933789,7410000,64.7280776977539,64.95985884232955,64.89290062586467,64.19411678314209,52.74309207166382,0.3421240779040343,0.00439345804823083
2023-07-17,64.9738540649414,65.00962851220018,64.84864691117475,64.91125048805807,5942700,64.72559623718261,64.94709583629262,64.89167591730754,64.20996812820435,53.76935533873413,0.3427899396909235,0.004169887806468902
2023-07-18,65.05432891845703,65.22425580437337,65.0453904258233,65.17953604809745,7748100,64.73427352905273,64.94096027721058,64.88869822820028,64.22141872406006,54.95489815507399,0.33773660849614323,0.004146686776935168
2023-07-19,65.2064208984375,65.2690245102083,65.08120685161397,65.17064643124249,11522100,64.74609718322753,64.93097326105291,64.88632707595825,64.23524545669555,57.189344711089426,0.3365047267144341,0.00416730902504678
2023-07-20,64.90234375,65.0007218326205,64.77713652180704,64.99177650966895,5262100,64.73736343383788,64.92775310169567,64.88245013554891,64.24829401016235,51.670740620850715,0.32447463497851814,0.004288288794027755
2023-07-21,64.947021484375,65.0632833143299,64.92018553289824,65.01856355181306,5170600,64.74647483825683,64.91369684392755,64.8795329093933,64.25895776748658,52.39757463020749,0.3181288627187315,0.00414683024994812
2023-07-24,64.83970642089844,65.07223693375347,64.83076110259823,65.02751716553105,3553400,64.74085426330566,64.89267467151988,64.877263991038,64.26829730987549,50.435499403994505,0.31174081666115633,0.004112949926809948
2023-07-25,64.76815032958984,64.83075390418293,64.67871762635372,64.70554675499676,4200800,64.72764129638672,64.8719691883434,64.87190148035685,64.27894189834595,49.114848940343826,0.3002438787555088,0.004106856835051562
2023-07-26,64.9827880859375,65.0006718948189,64.76814143969911,64.92017769666026,4478200,64.73140335083008,64.85953383012252,64.86482330958049,64.29184127807618,53.08331840838829,0.2753306713327035,0.004157632860955157
2023-07-27,64.42830657958984,64.90230607161355,64.36570300183725,64.85758630609959,5342600,64.69718360900879,64.84267897172408,64.852756468455,64.30358743667603,43.61928711146133,0.3034378014709215,0.004507069808339352
2023-07-28,64.65189361572266,64.66977742847446,64.49091200784274,64.54457026937656,5273200,64.6986759185791,64.8311836936257,64.84741163253784,64.31785179138184,47.670706582437866,0.29960539762418087,0.004270937546459919
2023-07-31,64.76815032958984,64.83075390418293,64.66083381501764,64.66083381501764,4607900,64.69483070373535,64.81452234441583,64.84642190933228,64.33261009216308,49.6948675780071,0.298965879147486,0.004216946474502525
2023-08-01,64.36731719970703,64.55562979251525,64.29557711439598,64.50182814928749,11078000,64.68015518188477,64.78669059059837,64.84282789230346,64.34501398086547,43.45380869976355,0.2931138604612319,0.004396159218125197
2023-08-02,64.16105651855469,64.18795733325574,63.96377475540125,64.16105651855469,6546700,64.66858100891113,64.7614180131392,64.83655811945597,64.35748065948486,40.626375571418365,0.2912751647373279,0.004356596876929017
2023-08-03,63.766517639160156,63.847220114456256,63.69477754455564,63.784449242055295,5395200,64.65784931182861,64.73204581520774,64.82920929590861,64.36946250915527,35.82458022067735,0.3022220577808992,0.00433889528634272
2023-08-04,64.29557800292969,64.3224856664265,63.981723677245355,63.99966211957657,6925000,64.6753589630127,64.71520524458451,64.82855132420858,64.38343315124511,45.18131434857039,0.3304353739409649,0.004730166290893229
2023-08-07,64.19693756103516,64.26867764785882,64.14313591667303,64.23280760444699,4987400,64.6767578125,64.69867401123047,64.82559900283813,64.39621046066284,43.896271322852975,0.32343825585701425,0.004683867159700625
2023-08-08,64.4300765991211,64.5466559273849,64.37627496546695,64.44801503801239,4338200,64.68310585021973,64.69123507412998,64.82642990748087,64.41269145965576,47.68366780577418,0.3330827397569059,0.004731937633623537
2023-08-09,64.4480209350586,64.52872339292415,64.40318167523739,64.43008249452592,4937800,64.66486167907715,64.68735823197798,64.82858832677205,64.43131900787354,47.97477976524511,0.31138683554664126,0.004361345699580963
2023-08-10,64.08932495117188,64.58252258295374,64.08035573124559,64.50182012814788,5195800,64.60900688171387,64.67728326970881,64.8298189163208,64.44762804031372,42.84280552637717,0.33576021321651695,0.00424504637407136
2023-08-11,63.883094787597656,64.08934586414249,63.86516318340407,63.901033233303714,4577400,64.55804443359375,64.66264939741654,64.82815316518148,64.46334356307983,40.181423889633656,0.33452498818674364,0.0041887293427076665
2023-08-14,63.80238723754883,63.95482980637686,63.70374631853965,63.81135645968928,7992400,64.49947109222413,64.64978353326971,64.83045276006062,64.47576726913452,39.15629722264629,0.3409603234219212,0.004166047632743429
2023-08-15,63.658878326416016,63.84719085732717,63.64094673173779,63.694748357281306,5028100,64.42969856262206,64.63867700750177,64.8303783416748,64.4862481880188,37.332451469361494,0.3390827284554635,0.004144714680915503
2023-08-16,63.47955322265625,63.77547593104846,63.45265240216801,63.65889658691837,5149700,64.34335517883301,64.62285392067649,64.82689571380615,64.49421325683593,35.130452370325216,0.3180640459397632,0.004081071203113771
2023-08-17,63.416786193847656,63.50645788139836,63.291244462974426,63.488526280492714,7357800,64.26907730102539,64.59812344637784,64.82583462397257,64.50247718811035,34.36637125028193,0.31618851519257163,0.00400527013650427
2023-08-18,63.551300048828125,63.64097174047485,63.42575831222039,63.45265913556326,5094400,64.19929122924805,64.57195656516335,64.82501134872436,64.51237632751464,37.50349457572764,0.3194260336330664,0.004052406127075168
2023-08-21,63.24638366699219,63.34502454217026,63.174643604770154,63.31812372921422,4280100,64.11962509155273,64.53705028187144,64.82149947484335,64.5204308128357,33.584760016055625,0.3125748356947885,0.004136057419875444
2023-08-22,63.32712936401367,63.389900244177504,63.20158760368602,63.26435848384985,4301900,64.04757404327393,64.51026243730026,64.82180407842,64.52937143325806,35.50658054075113,0.2972012782794816,0.0041741117910359315
2023-08-23,63.90104293823242,63.91000532093413,63.64099016809901,63.64995939231424,5205800,63.99348678588867,64.49374736439098,64.82799787521363,64.54236595153809,47.20108604785166,0.30552963420243984,0.004664371436995045
2023-08-24,63.74856948852539,63.89204965588842,63.73063788836048,63.802377972041995,4186400,63.95949993133545,64.47283776023171,64.82886301676432,64.55451044082642,44.873076702365786,0.27798942153141126,0.004319810175592018
2023-08-25,63.74856948852539,63.86514883488559,63.5423252998297,63.67683624635481,4853100,63.914333724975585,64.45857821377841,64.83098243077596,64.56783912658692,44.873076702365786,0.29015952501707076,0.004219570949736964
2023-08-28,63.86514663696289,63.892047457039936,63.76650573567327,63.892047457039936,3969000,63.86918354034424,64.44059912941673,64.83466351826986,64.5803908920288,47.18298709172642,0.275428068028842,0.004220525011583131
2023-08-29,64.25971984863281,64.27765145086128,63.766515268453055,63.78444687068154,6214600,63.863803672790525,64.43222732543946,64.84207537968953,64.59447700500488,54.18101533537491,0.3029705297946614,0.004278558103098034
2023-08-30,64.23279571533203,64.3583374232808,64.22383333727139,64.32247422801827,4721500,63.867390632629395,64.42093276977539,64.84749218622844,64.60206844329834,53.658571295844446,0.2767089036733229,0.004216209354297909
2023-08-31,64.34041595458984,64.43905686086549,64.27764509073361,64.31351513315303,4747100,63.896085548400876,64.41678487604315,64.84746007919311,64.61019798278808,55.50544178973609,0.2754287940158261,0.003964839068000299
2023-09-01,64.03109741210938,64.35480524031051,63.95916081467545,64.33682452107779,3940700,63.88286151885986,64.40604033036665,64.84057067235311,64.61778963088989,49.410332644426724,0.28575457528710146,0.0036728499650797164
2023-09-05,63.6804084777832,63.89621138747675,63.67141468897282,63.887224458917174,4634300,63.857035064697264,64.38162078857422,64.834153175354,64.62143474578858,43.56885332089022,0.2967144751119,0.0038497925661547558
2023-09-06,63.608463287353516,63.76133023545779,63.536533567348435,63.75233644786345,7800400,63.81595439910889,64.35848770141601,64.82160209019979,64.62292198181153,42.459812515089006,0.2897125564853934,0.0037330144071046328
2023-09-07,63.82429122924805,63.83327815915536,63.67142423754984,63.74336083831937,4742800,63.78476791381836,64.33765758167614,64.813431930542,64.62680414199829,46.83212585578354,0.2903983745838156,0.003836649075797873
2023-09-08,63.842254638671875,63.99511472867067,63.82427392348083,63.92317814740654,4270600,63.77241439819336,64.31520732532849,64.80150108337402,64.63130237579345,47.19179830010111,0.2865880359097187,0.0036467303206661732
2023-09-11,63.743343353271484,63.79729235892429,63.68939434761868,63.752337140963604,4215800,63.765426826477054,64.29663550636985,64.79110720952352,64.63530605316163,45.3717409415762,0.2706025964093775,0.003592419907148593
2023-09-12,63.788330078125,63.80631080020671,63.70739967812582,63.77933628695785,4246300,63.76472396850586,64.27547572742809,64.78256374994913,64.6379118347168,46.384559477065906,0.26421677366576396,0.00358593283494802
2023-09-13,63.887237548828125,63.9501803628956,63.71638982767975,63.71638982767975,6142500,63.77614192962646,64.254654416171,64.77004855473837,64.63908201217652,48.63919082290122,0.23928210068686337,0.0035613408641927457
2023-09-14,63.77931213378906,63.968140515274555,63.76133141851664,63.9321722244797,5227300,63.7911298751831,64.23414105502042,64.75537951787312,64.63971256256103,46.34883077421769,0.24188238975014695,0.003519997796261885
2023-09-15,63.65343475341797,63.77032656838543,63.635447175576275,63.752345850794626,4946100,63.80296230316162,64.20760893388228,64.73855485916138,64.64010860443115,43.76056431588126,0.22909963426135402,0.0035449147026611486
2023-09-18,63.716365814208984,63.73434652848644,63.54551815744979,63.54551815744979,5882500,63.81121559143067,64.19114199551669,64.72793617248536,64.64200359344483,45.40209211737955,0.23233894872721855,0.0035214495924402664
2023-09-19,63.58149337768555,63.716372760344264,63.554518873203875,63.67141067937457,4200900,63.82797107696533,64.1681681546298,64.71715275446574,64.64076801300048,42.536515449046625,0.2073902133509442,0.00337159429370797
2023-09-20,63.500579833984375,63.770331781403144,63.500579833984375,63.69839518465756,5518400,63.836643600463866,64.14707274003463,64.70510447820028,64.63646808624267,40.869947781810026,0.2170507748801838,0.0033796976552628016
2023-09-21,63.104949951171875,63.20386107942278,63.095956159443695,63.18587349596641,9127100,63.79683895111084,64.12366201227361,64.68902158737183,64.62887107849122,33.880226002497636,0.23121952695212805,0.0029590601593368158
2023-09-22,63.365718841552734,63.401687150376404,63.14991584886419,63.19487108970368,8149800,63.777696418762204,64.11247232610529,64.67230790456136,64.62512777328492,41.03802066753985,0.2241547250642328,0.0031097276907752856
2023-09-25,62.89811325073242,63.10492923105565,62.88912632220807,63.041986430131324,22744300,63.73517360687256,64.09343102195047,64.64938230514527,64.61799144744873,33.94228335492092,0.23250542479338318,0.003487532624010294
2023-09-26,62.83518600463867,63.024014454156074,62.808211491886546,63.01502752340702,7329100,63.683675575256345,64.0691805752841,64.62371311187744,64.60772687911987,33.11253338198608,0.2318630172333955,0.0034380657446020963
2023-09-27,62.61038589477539,63.04199865642784,62.48450026851262,63.03300486590847,7701800,63.60120887756348,64.03840366710315,64.59469143549602,64.59726146697999,30.266075393595713,0.25562612552720815,0.003066887443469939
2023-09-28,62.772239685058594,62.79022726605785,62.38558901659972,62.5024877123386,9004600,63.528181076049805,64.00130067305132,64.56716623306275,64.58949577331543,34.62364290861012,0.2723259429749432,0.003183388705714226
2023-09-29,62.74525451660156,63.059968528113785,62.66433099660597,62.99702572581134,7650600,63.44842300415039,63.95655219338157,64.54311450322469,64.58159515380859,34.23948114677154,0.2896671744359876,0.0031193945886072625
2023-10-02,62.31425857543945,62.54869411594219,62.27819104004065,62.50360797689894,6719800,63.36258106231689,63.90949609929865,64.51524950663249,64.56934129714966,28.752327605729633,0.31596377118456026,0.0032733931467127833
2023-10-03,61.809322357177734,62.269167922022014,61.791285151196504,62.197039735632515,8099500,63.26902675628662,63.851959159157495,64.48258485794068,64.55377147674561,23.916548365778056,0.3366196918293528,0.0034928479166407116
2023-10-04,62.21506881713867,62.242117746390626,61.908505113378666,62.06178696525867,7915900,63.19935703277588,63.80033624822443,64.45359732309977,64.54005472183228,33.5831657527912,0.35276156986185114,0.00393028498729386
2023-10-05,62.26017761230469,62.35034303568739,62.188042521926185,62.33230582350234,6845000,63.12115135192871,63.746768188476565,64.42742665608723,64.52739862442017,34.57833531541711,0.3540783952581665,0.003813311258596774
2023-10-06,62.0167236328125,62.16099381410628,61.75523908860318,61.80032524005271,8385100,63.02987480163574,63.69430236816406,64.40218620300293,64.51545957565308,31.808215509267683,0.3766576918770847,0.0038407920501387274
2023-10-09,62.64787292480469,62.64787292480469,62.26916727410253,62.34130233891993,3561600,62.9751012802124,63.65249966708097,64.38139158884684,64.50878644943238,44.272419866675456,0.4101787922236418,0.004636296389272266
2023-10-10,62.58477783203125,62.720022525769245,62.34132362494133,62.42247732036489,11555900,62.914923667907715,63.6115009654652,64.36081078847249,64.50105054855347,43.41804022898094,0.41796071746715213,0.004621722971195406
2023-10-11,62.8733024597168,62.882314185243544,62.68394615677852,62.78313017101103,18074400,62.86422691345215,63.577049186012964,64.34026727676391,64.49480129241944,48.328691333241565,0.4103116230865531,0.004757212711104854
2023-10-12,62.33229064941406,62.765094207143115,62.27819278439012,62.74705699934902,6144000,62.7918758392334,63.52885832353072,64.3161768913269,64.48685167312622,41.121887877674276,0.43162394280956357,0.005067323209713185
2023-10-13,62.620811462402344,62.71999544777685,62.53064607911037,62.69294652070704,5570100,62.740244674682614,63.49599477594549,64.29234584172566,64.48281244277955,45.76660746664777,0.42527481988228694,0.005222473406679221
2023-10-16,62.29622268676758,62.449511435251885,62.26917375444068,62.449511435251885,4914800,62.669237518310545,63.45316439541904,64.26225910186767,64.47759090423584,41.774032681861165,0.43497730171743954,0.005292820979879172
2023-10-17,61.89047622680664,62.00769056238002,61.78227361607633,61.926543763716744,5851900,62.5846866607666,63.4008430480957,64.23071457544962,64.46915065765381,37.383744181862,0.43186663620144117,0.005426311504347336
2023-10-18,61.619991302490234,61.809347646877185,61.52081414572838,61.76426149265528,5885900,62.49065723419189,63.3508916681463,64.19928296407063,64.46067998886109,34.761022485989145,0.42936833846002187,0.005468546535860337
2023-10-19,61.349483489990234,61.68310308268934,61.31341594922438,61.556863250418864,9433800,62.40288391113281,63.299772158536044,64.16256443659465,64.44918231964111,32.31900470447978,0.42751473859981814,0.005399592759651803
2023-10-20,61.57489013671875,61.6560369304518,61.48472473951129,61.511773670755645,5197700,62.31334247589111,63.259924385764386,64.1333597501119,64.43700508117676,36.33269914632169,0.4160497360212934,0.005375824609492796
2023-10-23,61.809322357177734,61.89948774954847,61.30438377738037,61.38553744593897,9587100,62.25890293121338,63.2147197376598,64.1007698059082,64.42635232925414,40.29821895737754,0.42120191801594686,0.0053044813162867405
2023-10-24,62.0167236328125,62.02574223893858,61.74622736165798,61.84540451232136,9462100,62.21797981262207,63.17507948441939,64.0676097869873,64.41321142196655,43.642583185842554,0.41025331002078297,0.005387164559668631
2023-10-25,61.547855377197266,61.78228408807934,61.493750623071804,61.76425375615781,7392400,62.16485328674317,63.122675462202594,64.03128398259481,64.39684494018555,38.4049235008948,0.43601563116217534,0.005571853510209328
2023-10-26,61.96263122558594,61.97164983250834,61.61999295434942,61.629011561271824,11426600,62.12437286376953,63.077486558394,64.00041646957398,64.3838300704956,44.724746107828345,0.43021962627714466,0.005779817971389265
2023-10-27,61.96263122558594,61.96263122558594,61.78229348304528,61.917545070155406,5325500,62.08524169921875,63.038819399746984,63.97214403152466,64.36909664154052,44.72474610782834,0.39801880131632117,0.005781412183345862
2023-10-30,61.809322357177734,61.89046914655785,61.66505222604178,61.76423622140313,5905300,62.05999488830567,63.001114446466616,63.94318726857503,64.35108499526977,42.84050424830506,0.3922245226531957,0.005612100412449186
2023-10-31,61.79127883911133,61.989646809570395,61.7732485141504,61.890462824340865,9248200,62.05909271240235,62.9645488392223,63.91074355443319,64.334084815979,42.61295831765089,0.38642894709660275,0.005310926592634482
2023-11-01,62.3908576965332,62.399903092641914,61.90250980089778,61.9296459892239,9330800,62.06788215637207,62.94149391867898,63.88151683807373,64.32052312850952,51.778621525491644,0.3873942741111677,0.005555884710853685
2023-11-02,62.752628326416016,62.85210703340243,62.59889101548029,62.7888030289219,8409100,62.09250469207764,62.9282771023837,63.85819667180379,64.30577384948731,56.31258564240951,0.3926474554330563,0.00569726823629916
2023-11-03,63.12337112426758,63.45797482162093,63.11432572985917,63.33136689836058,7995700,62.14783706665039,62.92294228293679,63.83937486012777,64.29353929519654,60.419741504506625,0.4179123688075741,0.005728385042072392
2023-11-06,62.852088928222656,63.00582619487281,62.79783033990308,62.96965150278742,7822000,62.15804786682129,62.91022935347124,63.81962718963623,64.28140241622924,56.25239946336832,0.40445463406994925,0.005399601347047516
2023-11-07,63.16861343383789,63.29522141549665,62.9877468599304,63.01487615605477,7986100,62.18723964691162,62.908815349232064,63.80348100662231,64.27164138793945,59.74146392353615,0.4097025202267872,0.005498062602906833
2023-11-08,63.367576599121094,63.439925995146595,63.18671000867549,63.19574850846506,6543700,62.21195335388184,62.90955075350675,63.79121732711792,64.26142101287842,61.80364457068726,0.40267576507276864,0.005449790709964794
2023-11-09,62.897308349609375,63.34043624861503,62.87017215612103,63.304261556914184,6979700,62.2402042388916,62.8913010337136,63.77651783625285,64.24845275878906,54.67488066086574,0.4163079795398045,0.005352356193075434
2023-11-10,63.01486587524414,63.18669392215496,62.96060729184763,63.177648525050074,4381800,62.259906959533694,62.877960968017575,63.76294631958008,64.23668920516968,56.03992888345102,0.3944709509953392,0.005274365649098033
2023-11-13,62.996822357177734,63.01490626336162,62.72551546707376,62.77977408524623,6058600,62.294936943054196,62.86429283835671,63.74885352452596,64.22518787384033,55.76233782268035,0.39517637378157183,0.005116398849843541
2023-11-14,63.7654914855957,63.81975008289761,63.66601279079676,63.74740068674962,8237100,62.388687705993654,62.86248092651367,63.742649205525716,64.21845544815064,63.9539362069905,0.4166017106372278,0.005452764388128656
2023-11-15,63.41279983520508,63.521317034996315,63.33140503574315,63.503233134903944,6793500,62.47832813262939,62.84708238081499,63.735508060455324,64.20846118927003,58.592751169641716,0.41733685310447605,0.0055243235075448476
2023-11-16,63.7926139831543,63.855917973130246,63.67505140166109,63.67505140166109,5623900,62.600484657287595,62.83907907659357,63.730864651997884,64.19826341629029,62.26166025735632,0.43610688134622677,0.0054336755095719886
2023-11-17,63.88304901123047,63.93730760422757,63.73835713003231,63.85591971473191,5657300,62.71589260101318,62.83076331398704,63.72341537475586,64.18829702377319,63.10003229245521,0.4290619866784482,0.0054198037008860445
2023-11-20,63.97346496582031,64.00059425496819,63.765469149276136,63.828773123826416,6959100,62.824099731445315,62.82971545132724,63.71494026184082,64.18169797897339,63.96203248040016,0.4303996159835956,0.005400828544608852
2023-11-21,64.06392669677734,64.10010139825424,63.91018939021465,64.03679739557438,5737800,62.926459884643556,62.836688509854405,63.70575440724691,64.17758302688598,64.84684287275763,0.4004915984485246,0.005387620001612131
2023-11-22,64.11819458007812,64.23575718953006,63.97349576879659,64.19054398571889,4949100,63.054976844787596,62.8459563515403,63.70006885528564,64.17418100357055,65.39572905932448,0.38627817586739915,0.004941596319831148
2023-11-24,63.810707092285156,63.93731509051442,63.80166859213909,63.892101890928785,3534800,63.147380638122556,62.84570936723189,63.691746648152666,64.16866739273071,59.70703329716473,0.3585052824912651,0.005038828342851125
2023-11-27,64.1995620727539,64.1995620727539,63.93730073541338,63.98252082446471,5257000,63.259227180480956,62.85220586603338,63.68592135111491,64.16642332077026,63.974922590755135,0.3630277250701402,0.005127917450061059
2023-11-28,64.47088623046875,64.48897013120614,64.11819151933008,64.16340472098297,7051400,63.39230537414551,62.865433918346056,63.685405031840006,64.16690507888794,66.63084051165109,0.3578595911131452,0.0050531836182142196
2023-11-29,64.80549621582031,64.84166401683466,64.6246227126553,64.70601751398422,7615800,63.543016242980954,62.88392784812233,63.685000864664715,64.16817647933959,69.6067641537241,0.36496425004580246,0.005064005123144573
2023-11-30,64.59748077392578,64.67886865971293,64.47991819458302,64.66983016103701,9880000,63.653347396850585,62.89684136130593,63.68397846221924,64.16951204299927,65.68497776072462,0.3526909342056044,0.00490403088811607
2023-12-01,65.1244125366211,65.15161839854764,64.57120361381462,64.58934546782565,7643500,63.77193660736084,62.92129773226651,63.68623193105062,64.17418905258178,70.25656579384031,0.37347873507613577,0.005033157425621061
2023-12-04,64.86138916015625,64.99742534306051,64.7616366730533,64.90673686082023,11164600,63.85883750915527,62.94326053966176,63.68867225646973,64.17878772735595,65.56135215126524,0.3787205255961312,0.005103950948312472
2023-12-05,65.27854919433594,65.33296088366,65.06995952011768,65.14251305194017,8393500,63.980160522460935,62.971663873845884,63.69414310455322,64.18476554870605,69.08965111618927,0.35362366829497865,0.005040198490885472
2023-12-06,65.4690170288086,65.57784044070553,65.34205176887033,65.4327402518137,9365200,64.09518070220948,63.005982485684484,63.697855885823564,64.19447845458984,70.5721080040648,0.3439954394747673,0.0049930392018097385
2023-12-07,65.45085906982422,65.62317198836264,65.38737645548154,65.39644737726937,9876000,64.19934482574463,63.0414421081543,63.702606519063316,64.2033937072754,70.22632140742547,0.3291866819716195,0.0050031452312939
2023-12-08,65.13345336914062,65.25134768938003,65.03369397544311,65.17880106412561,7349900,64.31115207672119,63.078323988481,63.70396906534831,64.20957363128662,64.29583542315328,0.34477344055632286,0.004786620478830681
2023-12-11,65.14252471923828,65.18786549543384,64.94300593053458,65.10624794682971,12895800,64.4175350189209,63.11062954989347,63.70451494852702,64.21756567001343,64.38839551874916,0.345468759071123,0.004800138304571138
2023-12-12,65.3329849243164,65.35111985440236,65.10626024325718,65.1788138017773,8052300,64.53434314727784,63.15489994395863,63.709249877929686,64.22598012924195,66.36024922491055,0.34939358786437885,0.004784831622398623
2023-12-13,66.16732025146484,66.2126679485691,65.4508695355578,65.48714630942378,7172600,64.6544345855713,63.21548420299183,63.71937656402588,64.2384776878357,73.32758267437116,0.39349513097289496,0.004850936798456378
2023-12-14,66.66613006591797,66.77495348936002,66.47568215580591,66.53009386752694,9105500,64.81710109710693,63.289225006103514,63.73299090067545,64.2553554534912,76.46585923854437,0.4142885059697617,0.004679949178695765
2023-12-15,66.5663833618164,66.68427773275798,66.48475885955702,66.5663833618164,7996700,64.95578956604004,63.35820943659002,63.74681453704834,64.2723984336853,74.57622614478666,0.40076449830777655,0.00468678489926344
2023-12-18,66.43034362792969,66.48475534716817,66.38499591583799,66.47569134002138,6144200,65.083154296875,63.42521105679599,63.75779488881429,64.28632638931275,71.96419536728415,0.3872365578865161,0.0047779139462508285
2023-12-19,66.55728912353516,66.62984267366735,66.51194142493068,66.53008327200742,6924100,65.21234550476075,63.50235706676136,63.77392190297444,64.30164163589478,72.91743880800328,0.3750023621273562,0.0047761831678616315
2023-12-20,66.77494812011719,66.81122489804375,66.56636529589935,66.66612470542542,7496100,65.34789657592773,63.592641171542084,63.790004348754884,64.31839929580688,74.51729289050348,0.3698850587895919,0.0047823819594365255
2023-12-21,66.76587677001953,66.9472537206111,66.66611737146802,66.91097694667535,6912600,65.4802806854248,63.675383134321734,63.80754642486572,64.33537719726563,74.32024229729261,0.34850802767602473,0.00480079167124019
2023-12-22,66.7213134765625,66.88502471821448,66.64855138272269,66.8759277217407,5890700,65.62581100463868,63.756494695490055,63.826952870686846,64.35106986999511,73.29486368649235,0.33948641852773925,0.004575037703051995
2023-12-26,66.78497314453125,66.83045118422771,66.68492700837874,66.71221105660676,6394600,65.75508155822754,63.84319014115767,63.85031805038452,64.36327339172364,73.84990108325752,0.31619730798097023,0.004490897626175502
2023-12-27,67.21244049072266,67.23062754287913,66.97596717884144,67.03053527428538,7467700,65.89215927124023,63.926182278719814,63.87754351298015,64.3750464630127,77.26665737723013,0.3266518188365625,0.004573555968293106
2023-12-28,67.0487289428711,67.20334317186811,66.97596685664621,67.13058108564324,8166600,66.00432090759277,64.00734502618963,63.90154158274333,64.38803756713867,73.31573141210797,0.3267002546362302,0.004619526421291412
2023-12-29,66.89411163330078,67.0396288600748,66.8304465455295,66.89411163330078,6939800,66.11915245056153,64.08045064752753,63.92313321431478,64.39693515777589,69.69122917494917,0.3124943477048368,0.004573021222007668
2024-01-02,66.61217498779297,66.7213181361749,66.56670388019892,66.63036898201113,8334200,66.19354057312012,64.15826672640713,63.93812713623047,64.40597248077393,63.52429705550399,0.31839064686216595,0.004498030783590882
2024-01-03,66.66673278808594,66.71220388391887,66.28473533704084,66.40297545194899,6477200,66.2838077545166,64.23182893232865,63.95029640197754,64.41293636322021,64.18476068681011,0.33143414227165585,0.004331770369158914
2024-01-04,66.36661529541016,66.43937739840747,66.28475619479416,66.35751829779147,5056900,66.33821105957031,64.30583607066761,63.96249866485596,64.41981639862061,57.96685516999533,0.29588368291730455,0.0043508922834412074
2024-01-05,66.16651153564453,66.54850210183655,66.1119434373242,66.17560853168953,6223400,66.3730857849121,64.38358216719193,63.97243747711182,64.42658123016358,54.19690750693222,0.2836640705328171,0.004403410544497152
2024-01-08,66.45756530761719,66.55761146577852,66.20290488283422,66.23928593479981,7937500,66.42342109680176,64.47153805819424,63.98413111368815,64.43192375183105,58.43159714721072,0.29734843174231934,0.004481230296430585
2024-01-09,66.44847869873047,66.5212408140376,66.34843252492747,66.37572352240058,5649400,66.48917236328126,64.56424706198952,63.99448159535726,64.43646816253663,58.25052987789642,0.2967356348231555,0.00428983738392106
2024-01-10,66.33021545410156,66.61215984962777,66.33021545410156,66.5666887523674,6578400,66.54855690002441,64.65070752230558,64.00638052622477,64.43975727081299,55.82581913270547,0.30262458837948003,0.004331565217496613
2024-01-11,66.67584991455078,66.72132796782188,66.3393373006608,66.43028646822629,7537300,66.61570014953614,64.73918984153055,64.02078742980957,64.44818347930908,60.942792693731754,0.3124229268946032,0.004416802334807316
2024-01-12,66.81226348876953,66.97597473253954,66.71221734318922,66.83954753956866,4461200,66.64794731140137,64.82638147527521,64.03722540537517,64.45786727905273,62.77552278583345,0.3137792460978659,0.0034643516068545038
2024-01-16,66.33932495117188,66.63945645436893,66.25746585831784,66.58488835178318,5724700,66.63160705566406,64.91349910389293,64.05031852722168,64.4648320388794,53.41697589401401,0.3365166957378583,0.0034410400643851186
2024-01-17,66.18470001220703,66.24836510794162,66.05736982073785,66.17560995494138,12370300,66.61252288818359,64.9902639909224,64.06033445994059,64.4705810546875,50.75294736671624,0.34626176392250485,0.0034620720238269197
2024-01-18,66.09375,66.23927418204217,66.02098790897891,66.21199013265299,6086200,66.5956932067871,65.0653752413663,64.07421315511068,64.47419300079346,49.19869665402542,0.33002118354503146,0.003447345266657245
2024-01-19,66.09375,66.10284699612137,65.87547066591168,66.01189785183247,7883100,66.57251625061035,65.14327392578124,64.08622862497965,64.47641582489014,49.19869665402541,0.32937137612597767,0.0034106353395627273
2024-01-22,66.20288848876953,66.33931566511248,66.17560444129582,66.29383762667335,10321400,66.54391326904297,65.22348501032049,64.09818477630616,64.4778528213501,51.275299873658994,0.3313201809667551,0.003338798454187163
2024-01-23,66.04829406738281,66.10286217869442,65.98462895786042,66.10286217869442,6840400,66.50803413391114,65.28998385342685,64.11219291687011,64.47762935638428,48.26564074810765,0.3235238793815581,0.0033648964471812114
2024-01-24,65.91187286376953,66.33024461294167,65.89367886568802,66.33024461294167,7483800,66.46756210327149,65.3474246631969,64.12678305308025,64.47681240081788,45.7156047430989,0.32417367940838815,0.003382273911647271
2024-01-25,66.2210922241211,66.23018922189566,66.08467195238363,66.16652411542611,8361100,66.43936805725097,65.40374686501242,64.14723784128824,64.47976055145264,51.9167453246328,0.3196265197536984,0.003570906113686568
2024-01-26,66.12103271484375,66.2301758491725,66.07556161310453,66.2301758491725,9120500,66.38479766845703,65.46318220658736,64.16244996388754,64.48207542419433,49.92915372491053,0.29948763200767153,0.0031941556111931197
2024-01-29,66.3847885131836,66.44845360529068,66.2210772850547,66.30293636860645,7677600,66.35160064697266,65.52165811712092,64.18068205515543,64.48535396575927,54.837406270075505,0.29493912917288156,0.0033420522292759557
2024-01-30,66.5030288696289,66.55759696620154,66.27565254861004,66.53940991366888,6688100,66.33204650878906,65.57866634022106,64.19795665740966,64.4894012451172,56.878146770840104,0.30273456692155165,0.003350250285946942
2024-01-31,66.78497314453125,66.9304903814056,66.64854596441648,66.75768909630322,9916600,66.34068641662597,65.64935115467418,64.21743125915528,64.4963228225708,61.36157809282227,0.3131286466537294,0.003362035460400041
2024-02-01,67.18816375732422,67.34322572101807,66.95100566286578,67.05134151209556,12060800,66.36675796508788,65.72522929798473,64.24325491587321,64.50703575134277,66.69445399368294,0.3250672225656227,0.0036111613061645662
2024-02-02,66.58612060546875,66.71381945812387,66.46754508773631,66.6134836511712,7820000,66.37773323059082,65.79048926613548,64.26578013102214,64.51425022125244,54.58060092033968,0.35510249767984753,0.004041434467133975
2024-02-05,66.05707550048828,66.23038406075598,65.99322607708416,66.2030210163064,7577100,66.37226142883301,65.8321544300426,64.28456919987997,64.51926322937011,46.57498001795429,0.35782370467505487,0.004382119290531996
2024-02-06,66.36721801757812,66.43106745231103,66.13005999182745,66.15742304113205,8310500,66.36774406433105,65.88587112426758,64.30713869730631,64.52440670013428,51.10284615690048,0.36439776334567753,0.004398503438611817
2024-02-07,66.23954010009766,66.45845152284403,66.2304167610882,66.26690315805737,9257500,66.35729713439942,65.93036069003018,64.33013858795167,64.52948871612548,49.252239849858874,0.36509408396657606,0.0044182770892679845
2024-02-08,66.06622314453125,66.18479870046527,66.0297367521513,66.13007259142923,7987500,66.3440975189209,65.9700547651811,64.35221722920735,64.5324171447754,46.775949821072246,0.3638388709477667,0.004438455668905446
2024-02-09,66.01148986816406,66.03885291971109,65.93851709132731,65.9750034797457,5940700,66.31087951660156,66.00710976340554,64.37271881103516,64.53294143676757,45.989574292104415,0.35542032724001366,0.004253252750672232
2024-02-12,66.02974700927734,66.12095952486239,65.95677421318176,66.0844731268146,6063000,66.27175369262696,66.04285195090554,64.3959135055542,64.5347110748291,46.313791542559485,0.35155788300940777,0.0042159238450836835
2024-02-13,65.455078125,65.67398947471045,65.43683145306876,65.65574976184556,12938800,66.22754135131837,66.06715892444957,64.41364641189575,64.53502754211426,38.48312930567403,0.36272572650618834,0.004360872214850421
2024-02-14,65.70136260986328,65.75608871592574,65.50069094221107,65.51893761694349,6915700,66.20337448120117,66.10153447931464,64.42864907582602,64.53475582122803,42.93613635540772,0.36148960027758953,0.004450067252605604
2024-02-15,65.88378143310547,65.98411028787152,65.77432228372521,65.95674724029296,6733900,66.19287605285645,66.13215664950285,64.44644250869752,64.53877746582032,46.05114094937952,0.37064198898760836,0.00449667392722533
2024-02-16,65.67398834228516,65.68311167809345,65.54628947723378,65.59189919720909,5029200,66.1718879699707,66.15403123335405,64.46248766581218,64.53854682922363,43.13484260816821,0.3713613508036622,0.004547193133390841
2024-02-20,65.75608825683594,65.86554742726405,65.71960882576059,65.78345826874347,7605000,66.14954795837403,66.17131472500888,64.47824551264445,64.53734764099121,44.6130494833184,0.364905255617047,0.0045389701077200246
2024-02-21,65.57365417480469,65.82905191133081,65.5462911257578,65.82905191133081,6625600,66.12581596374511,66.18906333229758,64.48919496536254,64.53568115234376,42.00034786791426,0.35456948945964023,0.004550238058114299
2024-02-22,65.60103607177734,65.69224858116216,65.52806328064214,65.61015941043634,11884200,66.1102741241455,66.19772921475497,64.50059696833293,64.5353526687622,42.54422876104202,0.3264218268905828,0.004534836673062692
2024-02-23,65.83817291259766,65.90202234446494,65.61013823320505,65.61013823320505,6147200,66.09112815856933,66.21548891934482,64.51307827631632,64.53776691436768,47.16505711751264,0.2964480842548462,0.004479439227979779
2024-02-26,65.71959686279297,65.85641210208937,65.61013771228976,65.85641210208937,5255800,66.0710563659668,66.22350796786222,64.52714910507203,64.53994422912598,45.207219769983034,0.27168950292734756,0.004484099928485711
2024-02-27,65.61924743652344,65.77430931493892,65.59188439434008,65.6922132293242,5534300,66.03277931213378,66.22623942982067,64.54330609639486,64.53961784362792,43.559286578206944,0.25800614355421103,0.004375056090419218
2024-02-28,65.76522064208984,65.79258369869463,65.6375217385553,65.67400813371778,5255300,65.99588890075684,66.23195509477095,64.56127907435099,64.53895362854004,46.608227942031874,0.25409910786959344,0.004388703316326278
2024-02-29,65.87466430664062,66.00236318008763,65.82905458366669,65.85641763382438,6002900,65.9503734588623,66.24543165727096,64.5783655166626,64.5405717086792,48.839701828681704,0.2560519071589807,0.004277186997223461
2024-03-01,66.15089416503906,66.19663181159213,65.68439668882101,65.80331177842497,6366800,65.89850997924805,66.2637656471946,64.59760417938233,64.54441623687744,54.05868151669722,0.28351826927092205,0.004142596376914059
2024-03-04,65.99540710449219,66.06858455837852,65.9496694511667,65.97710925172755,26404700,65.86897430419921,66.27580968683417,64.61637137730916,64.54828422546387,50.91044229156453,0.2861639408560462,0.003694106072960135
2024-03-05,66.35211944580078,66.42529687870714,66.21491350374738,66.2697930891351,6208600,65.88372650146485,66.27916967218573,64.63773628870646,64.55451404571534,57.085175308754586,0.27451924214221585,0.003465458024850105
2024-03-06,66.47105407714844,66.59911114656592,66.41617446985148,66.42532339726327,28955300,65.88891830444337,66.27562283602627,64.65926809310913,64.56267322540283,58.93967320828981,0.27066074998788686,0.003326555734582098
2024-03-07,66.580810546875,66.63569014615734,66.46190242223463,66.62654122008166,7495500,65.90598182678222,66.27588514848189,64.68261391321818,64.57227104187012,60.63044872401318,0.2628778961246354,0.003309025102687521
2024-03-08,66.64483642578125,66.74545367286063,66.59909877580495,66.69057407575755,7187700,65.93491249084472,66.27978501753374,64.70754226048787,64.58227798461914,61.623204358702424,0.2505315511327747,0.003241226504477359
2024-03-11,66.6174087524414,66.69058621428847,66.55338021797193,66.68143728691088,5626200,65.9652084350586,66.28087810169566,64.73171761830648,64.59192523956298,60.9145716516384,0.24664918765689237,0.003233964324472275
2024-03-12,66.41615295410156,66.51677018727526,66.36127336458304,66.5076212628273,4699400,65.98452873229981,66.27435455322265,64.75533978144328,64.60145595550537,55.84035289185393,0.24474737353441814,0.0033266485925461365
2024-03-13,66.306396484375,66.42531158381907,66.28810561139126,66.35213413471281,6123200,66.02709465026855,66.26600036621093,64.7787215868632,64.61163925170898,53.23588572099367,0.24282027867068884,0.002621534276966124
2024-03-14,65.91310119628906,66.13263362613303,65.90395924565343,66.13263362613303,5214000,66.03768157958984,66.25130559747869,64.80212284723918,64.61945564270019,45.11560860054092,0.25006677624454454,0.002897338982508584
2024-03-15,65.8764877319336,65.95881410687181,65.83075706015516,65.88563665772354,4783900,66.03731689453124,66.23478768088601,64.82304592132569,64.6249532699585,44.43607825883834,0.24162268031004736,0.0028343775359974026
2024-03-18,65.79418182373047,65.89479909228999,65.76674201932097,65.86735928788049,5284200,66.04332656860352,66.20900115966796,64.84717982610067,64.62897178649902,42.87279144236749,0.23773926262220307,0.002751850821641086
2024-03-19,65.96797180175781,66.03200033362742,65.87649648886988,65.9039432698882,4560100,66.05392074584961,66.18935102982955,64.87328637441,64.63298049926757,47.10435853227834,0.2423451374597576,0.002799756386347326
2024-03-20,66.08686065673828,66.21491768311509,65.88562619283628,66.01368321921309,5287200,66.07958106994629,66.17467373934659,64.90225699742635,64.63941249847412,49.84153958170092,0.2489272054798306,0.00273313910240709
2024-03-21,66.14175415039062,66.2606692560144,66.07772562374167,66.22408052955986,5492900,66.10661697387695,66.166120633212,64.93033628463745,64.64607440948487,51.0997665226998,0.22540638472994548,0.0027348912379654916
2024-03-22,66.36128234863281,66.42531087126753,66.30639577309907,66.41616194558097,4169400,66.13277244567871,66.1605669888583,64.96046984990438,64.6533878326416,55.86765324399503,0.23128724237312678,0.0027174161102870133
2024-03-25,66.23323059082031,66.31554999281418,66.18749293732185,66.31554999281418,7950500,66.15845413208008,66.15814181241122,64.99312795003256,64.66188976287842,52.6433321693278,0.21299435930855587,0.0027230425364242767
2024-03-26,66.28811645507812,66.30640733105396,66.1509104602056,66.26067665182097,7603100,66.19189758300782,66.16035281094638,65.03045123418173,64.66906036376953,53.87218640016728,0.20645901431450092,0.0026863314515184226
2024-03-27,66.51676940917969,66.54420920361797,66.33382581528362,66.37956345840378,7825200,66.2294750213623,66.16142924915661,65.0662987391154,64.67804336547852,58.68231022128876,0.21233794464429576,0.0027408687579207206
2024-03-28,66.43445587158203,66.5442220491086,66.37957627211169,66.44360479768905,5326400,66.25746459960938,66.16117428866299,65.10108439127605,64.68594566345215,56.402135800791854,0.21233813400224374,0.0027567583495357903
2024-04-01,65.98126220703125,66.22897109401445,65.92621889854762,66.19227322189089,6157500,66.24898300170898,66.1548296841708,65.13412221272786,64.69300922393799,45.84096899128356,0.23884034662494916,0.003049435647266893
2024-04-02,65.90787506103516,65.91705128011402,65.66934936021937,65.76109055279501,9043000,66.24460639953614,66.14086650501598,65.16128889719646,64.69943836212158,44.391409192849586,0.24282445083591447,0.0030142178375423987
2024-04-03,65.95374298095703,65.96291919917661,65.650990774344,65.73356273951286,5419200,66.22468757629395,66.12525704123757,65.18936360677084,64.70408966064453,45.550323648180374,0.25530462600768644,0.002735735228623262
2024-04-04,66.09133911132812,66.10968454304931,65.93537844379227,66.10968454304931,12412900,66.20570182800293,66.12074820778587,65.2161805788676,64.71014244079589,48.98502533744536,0.23900954461736237,0.002748307147429515
2024-04-05,65.76107788085938,65.99043431780443,65.76107788085938,65.84364283844616,11531700,66.16471519470215,66.11304598721591,65.24475380579631,64.71409809112549,42.11760750661849,0.25345270059965536,0.002899948756543039
2024-04-08,65.70601654052734,65.77940526065943,65.66014246596886,65.69684032573544,13873100,66.11777420043946,66.10599628795276,65.27046384811402,64.71724308013916,41.08348665194782,0.2528245378654808,0.0028762678693669327
2024-04-09,65.9445571899414,65.99043127497634,65.88033767053409,65.8895138874216,8886200,66.08413162231446,66.10328369140625,65.30086663564046,64.72314189910888,47.13890384540863,0.25615283961919844,0.003035575584675409
2024-04-10,65.1739273071289,65.50420114309738,65.14640565403205,65.4858487080974,8196500,66.02202033996582,66.08457530628552,65.32822872797648,64.72425094604492,34.72270383595435,0.28964284287852343,0.003907104535677758
2024-04-11,65.1739273071289,65.34824044261313,65.0546644772415,65.3115425720163,16574100,65.96539688110352,66.06867772882634,65.35784486134847,64.72495853424073,34.72270383595435,0.2975451523855881,0.003908634078941206
2024-04-12,65.32071685791016,65.45833213347419,65.31154763910192,65.37576716777797,12479100,65.93577766418457,66.05792943781073,65.3909384727478,64.72702438354492,38.312150571110934,0.29760573134761514,0.00377516309471179
2024-04-15,64.8895263671875,65.00878919488395,64.79777819267932,64.99961297755253,8079200,65.88642959594726,66.03371914950284,65.41856044133505,64.72590850830078,32.635253023655935,0.32254496377046343,0.004018703344413829
2024-04-16,64.72437286376953,64.77941615484478,64.60510306723822,64.6968442188307,14378900,65.83293914794922,66.00832533402877,65.44285252888997,64.72642013549805,30.755500713617536,0.3317539944205287,0.004037632895191348
2024-04-17,65.03633117675781,65.0822052783514,64.82532710799978,64.92623753257634,6568500,65.78635711669922,65.98380792791193,65.46801592508952,64.72737651824951,38.017799147671155,0.3390211134235303,0.004163114962466568
2024-04-18,64.86200714111328,65.0363202987269,64.80696382793172,65.02714408006197,6349500,65.72511444091796,65.95397116921164,65.49563385645548,64.72838241577148,35.76075094509953,0.34364408283990044,0.004141773414218918
2024-04-19,64.94456481933594,65.02712977093998,64.88952151826658,64.9996081204053,8338300,65.66525497436524,65.92050919966265,65.52048330307007,64.73114253997802,37.6486746280655,0.3191359154679207,0.00415281415111291
2024-04-22,64.97207641601562,65.02711970856753,64.880335261962,64.91703312346372,5938300,65.59579467773438,65.88021670254794,65.54556201299032,64.73609716415405,38.29942763052427,0.30734102973889527,0.00404693993502654
2024-04-23,65.09134674072266,65.23813820369826,64.87116654566145,64.93538606086273,6044400,65.5387004852295,65.8530389959162,65.57291221618652,64.74182697296142,41.16623442827249,0.3112726892534801,0.004091179848226689
2024-04-24,64.92621612548828,64.9904356469021,64.79777708266063,64.9904356469021,4616600,65.47060546875,65.83247791637073,65.599036693573,64.74561325073242,38.49912995099992,0.3197915148824078,0.004087229170407999
2024-04-25,64.74272918701172,64.76107462065627,64.55924685295663,64.63263558693724,5367500,65.3819034576416,65.80294175581498,65.61863562266032,64.74781131744385,35.72910748122115,0.32241351788690054,0.003964329220629854
2024-04-26,64.8895263671875,64.9812675422927,64.86199771519324,64.86199771519324,4256600,65.30465698242188,65.77839605158026,65.63644310633342,64.74819442749023,39.480763888037266,0.3309332007862155,0.004045877825656471
2024-04-29,65.08216857910156,65.11886643980179,64.97207499700086,64.99959664267573,4799500,65.25970230102538,65.76050415039063,65.65276641845703,64.74757316589356,44.0928215350316,0.3269992963694506,0.003916022782083889
2024-04-30,64.83446502685547,64.99042569792788,64.7794217310421,64.88951532207064,6605800,65.2060317993164,65.73910369873047,65.66928621927897,64.74723377227784,39.88395662546139,0.29161324723731497,0.003977568888265103
2024-05-01,65.06820678710938,65.2706546036484,64.87496305877548,64.96698287883987,8119200,65.16175498962403,65.72162114923651,65.68511616388956,64.74770553588867,45.19975338265695,0.3017999337674076,0.004087344989500703
2024-05-02,65.32583618164062,65.35344141337704,65.01296752774908,65.04977684361735,6014800,65.12347984313965,65.71927129572089,65.7014349937439,64.74906307220459,50.405199032976796,0.3058048665733131,0.004174304151746014
2024-05-03,65.65713500976562,65.84118165079293,65.50070063038854,65.74915481994853,7256900,65.11828269958497,65.71846715753729,65.7244335492452,64.75131664276122,56.170841479649795,0.30526249542484657,0.004219700401036477
2024-05-06,65.72154998779297,65.7675634035014,65.64793133092408,65.70314883390651,5584300,65.11905937194824,65.71551749489524,65.7469892501831,64.75541267395019,57.21239403557037,0.2934916934697063,0.004221900743855762
2024-05-07,65.85037994384766,66.00682134680004,65.80437354823006,65.92399860162976,4635400,65.11435050964356,65.71872461492364,65.77076889673869,64.75992946624756,59.29579112720161,0.28830876092864954,0.004162839431951792
2024-05-08,65.69395446777344,65.76757313553613,65.69395446777344,65.7215597130188,6774500,65.14035186767578,65.71759490966797,65.78683942159017,64.76420070648193,55.7464588296731,0.28309862716065887,0.003205074150404259
2024-05-09,65.8687973022461,65.90560663626921,65.66634947545023,65.70315880947335,4525200,65.17509536743164,65.72296114834872,65.80730606714884,64.76970394134521,58.720725378484644,0.28839395080296476,0.0032425233593179705
2024-05-10,65.68475341796875,65.77678026726092,65.65714817144625,65.75837208913732,5562000,65.19329719543457,65.72448328191584,65.8230738957723,64.77321376800538,54.5636001159388,0.2930271425311304,0.003297765195786914
2024-05-13,65.73998260498047,65.8872129527981,65.73077851428432,65.8872129527981,5600500,65.23582000732422,65.72269800359553,65.83854834238689,64.77977214813232,55.579880092252324,0.28127627658774046,0.002872550398420227
2024-05-14,65.9332275390625,65.97923395201978,65.8320036016265,65.91481935734816,4272500,65.29626274108887,65.72658219770952,65.8548796971639,64.78617881774902,59.03267816131532,0.27739639722897536,0.002812111156190382
2024-05-15,66.35650634765625,66.40251976872524,66.20007194908145,66.27368359386453,4208200,65.36227149963379,65.73998690518467,65.8739845275879,64.79412059783935,65.38038398750166,0.2847051798811963,0.002948083890871005
2024-05-16,66.24607849121094,66.40251991078279,66.22767733514138,66.3749076456849,4359500,65.43147506713868,65.74872977516868,65.891716893514,64.80351440429688,62.65293017709208,0.2801554813355125,0.0028893117406423078
2024-05-17,66.0804443359375,66.24608283407161,66.07124726763098,66.19087234158118,4373500,65.48826904296875,65.7524712302468,65.91063137054444,64.8131113433838,58.69757032557919,0.2762623023231084,0.0029959147182762086
2024-05-20,66.01602935791016,66.07124687073171,66.00683228965889,66.04363460398955,3699600,65.54046669006348,65.75001914284447,65.92576859792074,64.82435890197753,57.18556717553716,0.2598955307673338,0.0030231148022428953
2024-05-21,66.15406036376953,66.1908696975137,66.11725103002536,66.1908696975137,4612300,65.59360237121582,65.75290374755859,65.93979504903157,64.83365131378174,59.58782318659502,0.2412277281109496,0.00302824231134766
2024-05-22,66.07125091552734,66.14486256935785,65.99763224103361,66.01603339932544,4306200,65.65085411071777,65.74779704700816,65.95034300486246,64.8430228805542,57.503285855995976,0.22808160219008958,0.002966390337956882
2024-05-23,65.87798309326172,66.11724021312467,65.80437145847893,66.08963497249844,3589900,65.70761680603027,65.73701393821023,65.9610138575236,64.85026241302491,52.855887780371866,0.21361897972533533,0.002972977045513443
2024-05-24,65.95159912109375,65.97000729455209,65.82276998952985,65.85957931578541,4025200,65.76072044372559,65.72557373046875,65.96790707906088,64.85778030395508,54.36867484869813,0.21559078204283008,0.002955674461828447
2024-05-28,65.63874053955078,66.0160239059154,65.62033236324292,66.0160239059154,4743400,65.78854904174804,65.70728107799184,65.9743850072225,64.86552738189697,47.40644851162183,0.2234779380189309,0.0031563633510995124
2024-05-29,65.39946746826172,65.52829658839968,65.30744767111467,65.51909250248683,4877500,65.81679916381836,65.68513669100675,65.9753926595052,64.8731092453003,42.88351502253905,0.23596846604478014,0.0031451949069690424
2024-05-30,65.68475341796875,65.72156275355303,65.57433243187879,65.62954292492377,3723200,65.84762649536133,65.67183851762252,65.97719046274821,64.8825210762024,49.11694648079519,0.24188547493566098,0.0031895499447990626
2024-05-31,65.92401885986328,65.96082820006572,65.83199901968906,65.84120310990562,4193000,65.87753562927246,65.66488619717684,65.98113346099854,64.89384677886963,53.68251592573298,0.24648730717117015,0.0031720846661856157
2024-06-03,66.29228973388672,66.30152204404776,66.02460907673104,66.06153127518589,4798900,65.90929336547852,65.67178053422408,65.99079043070475,64.90791046142579,59.679342297186444,0.258990424982251,0.0032132906367198528
2024-06-04,66.54151153564453,66.58766604825908,66.37537219148793,66.42151966191257,5298400,65.95029144287109,65.68387187610973,66.0024486541748,64.92353408813477,63.15588805079323,0.26299935122032586,0.003294826135967591
2024-06-05,66.72612762451172,66.73535993617557,66.45844692378363,66.62459332278071,5506400,65.9940788269043,65.70081634521485,66.01405817667643,64.93940822601319,65.52707948671537,0.249257978558126,0.0033171432035385157
2024-06-06,66.73534393310547,66.76303381926657,66.61534503682238,66.61534503682238,4119700,66.0461483001709,65.7147685657848,66.01879170735677,64.95685302734375,65.64594303791493,0.2473184219011821,0.003242623282429401
2024-06-07,66.19998931884766,66.30152360644382,66.19075700846906,66.30152360644382,3826500,66.06270790100098,65.71682545055043,66.01490720113118,64.97121732711793,53.99869965792113,0.27372923320088,0.0037574951625443387
2024-06-10,66.09846496582031,66.13538717069461,66.0338528678379,66.10769727758651,3925100,66.08339347839356,65.71603837446733,66.01100788116455,64.98220443725586,52.11047504238446,0.2803381192531051,0.00371393493829499
2024-06-11,66.36614990234375,66.39383979721792,66.14462370115949,66.16308128367861,4073200,66.11470184326171,65.71612687544389,66.01047293345134,64.99529233932495,56.435978853031415,0.2889477258098237,0.0038057760388007923
2024-06-12,66.67072296142578,66.99378332720948,66.66149065320687,66.84609456445818,4495700,66.15157661437988,65.72408128218217,66.01141821543375,65.00990310668945,60.77697581183383,0.32260524739052493,0.0038790412126611367
2024-06-13,66.96611785888672,67.04918753657857,66.81842904229183,66.8830411390045,4339600,66.1820571899414,65.73640858043323,66.01301129659016,65.02540796279908,64.47439886041701,0.32729066314102795,0.0037441380439915046
2024-06-14,67.06761932373047,67.13223138880936,67.01223252352933,67.06761932373047,3527000,66.22313423156739,65.74642403342507,66.0155258178711,65.03944746017456,65.67186244251022,0.32863896491962763,0.0037164228367352436
2024-06-17,66.81842041015625,66.8368850309404,66.72611843280393,66.79996283156157,4019000,66.26003303527833,65.7534052068537,66.0163350423177,65.05237558364868,60.29804818381493,0.32476820408063184,0.0037795794724335345
2024-06-18,67.04920196533203,67.14150397447172,66.89228784557537,66.90152015914691,8491900,66.31169166564942,65.77282229336825,66.01853694915772,65.0659195137024,63.293650439204946,0.3241818252148718,0.003814360107601104
2024-06-20,66.91996765136719,66.94765754571377,66.78151113744343,66.8276656561483,4227800,66.3499870300293,65.79122397682883,66.01609967549642,65.08036386489869,60.538985027731066,0.3202957925432496,0.0038475668225428053
2024-06-21,66.93839263916016,67.08608139334882,66.85532299656958,67.04915920480165,4115300,66.39334411621094,65.80912669788708,66.01518020629882,65.09665378570557,60.80092308507401,0.31705890787769725,0.003824327018854925
2024-06-24,66.975341796875,66.9938064196775,66.88303980943326,66.95688421626275,31937200,66.44821205139161,65.82519947398792,66.01585712432862,65.11348817825318,61.354919034807814,0.2980062954533947,0.0037306985776717283
2024-06-25,67.01226043701172,67.02149274792205,66.9015008748472,66.9845705464706,5958500,66.5012451171875,65.84794824773616,66.01919116973878,65.129428024292,61.933808982934195,0.28547883536071544,0.003730574525269178
2024-06-26,66.69842529296875,66.75380506824307,66.6707354053316,66.735347490548,5910600,66.55422935485839,65.86599204323508,66.01945527394612,65.14370887756348,54.46487136473618,0.2900939795955852,0.0037258594218063873
2024-06-27,66.81842041015625,66.88303249852181,66.7907305211695,66.82765272054831,5514800,66.62517700195312,65.8818804654208,66.02322031656901,65.1590842628479,56.61902669446091,0.2927310098176475,0.0035794018340992383
2024-06-28,66.50460052490234,66.96611751107879,66.50460052490234,66.96611751107879,4824500,66.66616935729981,65.90607452392578,66.02603772481282,65.17266561508178,49.96211452466437,0.2867974427847934,0.0037128630366241658
2024-07-01,66.15367889404297,66.44070456986658,66.1073894432598,66.2740470065632,4960000,66.67765235900879,65.9238881891424,66.02350533803305,65.18399782180786,43.76547244685853,0.3033027735442774,0.003864156460277632
2024-07-02,66.34812927246094,66.42219381839399,66.26479694548217,66.37590436016802,6080100,66.6804443359375,65.94256841486151,66.02266909281413,65.19684190750122,47.6406631172773,0.3013842087552356,0.0037115999754672264
2024-07-03,66.72772216796875,66.7554972507879,66.48699301044232,66.53328952437842,4438600,66.68975486755372,65.9759901566939,66.02598164876302,65.21221334457397,54.26620271295322,0.2856509625738945,0.0038385803453841343
2024-07-05,67.03326416015625,67.07955361158504,66.86660659452838,66.9036423939853,4201700,66.70511169433594,66.01796999844638,66.02896010080973,65.22879783630371,58.78684827488344,0.2837485960355731,0.003923853991452795
2024-07-08,67.03326416015625,67.07955361158504,66.93141747761386,67.0240034443279,4742300,66.72000770568847,66.0542778708718,66.03080177307129,65.24605669021607,58.78684827488344,0.2824644963247544,0.003924158653015995
2024-07-09,67.00548553466797,67.05177498364993,66.85734234467107,67.00548553466797,8533200,66.76028251647949,66.09325020530007,66.03635311126709,65.26358121871948,58.180461707647986,0.27195962118563494,0.0034182598346495533
2024-07-10,67.06103515625,67.0980709534495,66.95918847991541,67.05177444098612,5591500,66.80841102600098,66.13173148415305,66.04365590413411,65.28336164474487,59.08924825664656,0.258802400415536,0.003380884832893554
2024-07-11,67.39435577392578,67.53323825880783,67.37583434188464,67.43139157415143,4978100,66.85982131958008,66.17577292702414,66.0544942855835,65.30350482940673,64.12678995126424,0.2734104200347665,0.0034343278743341724
2024-07-12,67.57027435302734,67.57027435302734,67.4036167832151,67.4499062358061,4656800,66.90479888916016,66.22084433815697,66.06679865519206,65.3268656349182,66.47321818669047,0.2694932902006469,0.003346008514351138
2024-07-15,67.3573226928711,67.50546589975416,67.33880832393916,67.41287286352379,4557200,66.92435913085937,66.26504627574573,66.07641894022623,65.34947631835938,61.25045471779347,0.27811467726092837,0.0033276571367083095
2024-07-16,67.61656951904297,67.62583023588633,67.41287613163236,67.42213684847573,4636600,66.951806640625,66.31729791814631,66.0894879023234,65.37450723648071,64.86920588554489,0.288722939399527,0.0034124610572881615
2024-07-17,67.68138122558594,67.71841702954887,67.48694855267351,67.53324507359152,8365100,66.99495468139648,66.36805891557174,66.10423380533854,65.39905294418335,65.73083492251124,0.2808617569134729,0.0032719751602435405
2024-07-18,67.5054702758789,67.69064223262983,67.46843447175725,67.57028116712746,7673700,67.01776809692383,66.41211894642223,66.11493695576986,65.42285402297973,61.333833850600456,0.2835475108648668,0.0032786092780925334
2024-07-19,67.32952880859375,67.57951157059057,67.31100738097625,67.57951157059057,5593100,67.03824615478516,66.45748374245383,66.12500775655111,65.44793037414551,57.21160964543041,0.2697608825390004,0.003306759747356914
2024-07-22,67.3017578125,67.44989392314899,67.21842551087747,67.43137955826363,5055700,67.05641441345215,66.4980937610973,66.13264916737874,65.47539255142212,56.56537520420627,0.2579221204410708,0.003310716844080317
2024-07-23,67.31102752685547,67.43139565083005,67.30177387413207,67.33880967659678,6981700,67.07319869995118,66.53418814919212,66.1393824895223,65.5008723449707,56.74102261802268,0.2480023285824302,0.0033101946335100615
2024-07-24,67.11660766601562,67.44066216958225,67.11660766601562,67.39437270556324,5080200,67.07841606140137,66.5607240156694,66.14214611053467,65.52515449523926,51.99203074960379,0.24205136609954941,0.0033825667475309777
2024-07-25,67.26473236083984,67.41286849426479,67.19066076219914,67.19066076219914,4567700,67.10673141479492,66.58878187699752,66.14278418223063,65.55139453887939,55.07695814424226,0.23808203643046863,0.0032184546515072153
2024-07-26,67.53324127197266,67.55175564098325,67.44064823534895,67.48694475366081,3692700,67.14247245788575,66.6193793556907,66.1506768544515,65.57582138061524,60.084136472324914,0.24800254687134174,0.0033038436190893543
2024-07-29,67.61656951904297,67.71841621274827,67.55175862885389,67.6350909527297,5185000,67.19807090759278,66.6543359929865,66.16367263793946,65.6009803390503,61.51765610523277,0.24734128271396624,0.003067007806280589
2024-07-30,67.69989776611328,67.74618721982813,67.5610152772551,67.71841213482786,4282400,67.27538185119629,66.68762872869318,66.17477830251057,65.62511331558227,62.95058345698816,0.25064767335960575,0.0027089099933005176
2024-07-31,68.07024383544922,68.07024383544922,67.76471082678565,67.94062205871751,6041400,67.3614875793457,66.73100128173829,66.19003416697184,65.65380308151245,68.55482504660705,0.24337217098661362,0.002851795974274604
2024-08-01,68.32469940185547,68.42685732855749,68.20397052731839,68.25969045626725,8733700,67.44133644104004,66.77799613259056,66.20885480244955,65.68232252120971,71.72003972007059,0.2562789505585213,0.0027209398643121977
2024-08-02,69.10482788085938,69.13268785099672,68.72405606112866,68.84478496020554,6476300,67.5449146270752,66.8356615933505,66.23463261922201,65.71636554718017,78.77428240630451,0.29745912341945463,0.0034905794701992426
2024-08-05,69.03981018066406,69.46701999734029,68.90051033331848,69.4577309790356,8354200,67.64524192810059,66.88444893576882,66.25971647898356,65.75211221694946,77.04927753096288,0.3187449892056386,0.0035184946663334832
2024-08-06,68.61259460449219,68.9840773272401,68.61259460449219,68.96550637955232,6484400,67.7255973815918,66.92747650146484,66.28602911631266,65.78707523345948,66.71192139292425,0.33272692486967514,0.0038985668543540975
2024-08-07,68.44544219970703,68.61260910600271,68.34328425222384,68.54760014719024,5907200,67.79481773376465,66.97047646262429,66.30889644622803,65.82255502700805,63.14238259219203,0.3360924315058388,0.0039820843478829086
2024-08-08,68.3432846069336,68.38043359579711,68.23184472578816,68.25970469607452,4357500,67.84226417541504,67.01279019442471,66.32939230600992,65.85639699935913,60.99434950372114,0.3321705232418779,0.003906992919609321
2024-08-09,68.58473205566406,68.66831903071812,68.54758307624485,68.63117005129891,6093100,67.89298706054687,67.05698422518644,66.35364850362141,65.89027404785156,64.10262396054094,0.3388538097785211,0.003935991172383754
2024-08-12,68.70548248291016,68.74262438470996,68.48258855944238,68.54759751575928,4822900,67.96039505004883,67.1048793445934,66.3782267888387,65.92371784210205,65.5798773225091,0.34816795170263,0.003831411809718796
2024-08-13,68.96552276611328,68.9748046994408,68.85407579717545,68.9005138055942,4049000,68.02784271240235,67.16101642955434,66.40649236043295,65.96080617904663,68.57871439113715,0.3442585026286307,0.0038289326653414995
2024-08-14,69.09555053710938,69.16984852699285,68.96553259753644,69.01196352712888,6333600,68.09855117797852,67.2181791825728,66.43561331431071,65.99647077560425,69.98681198453417,0.3376917121022314,0.0038340723027600926
2024-08-15,68.80764770507812,68.80764770507812,68.64048785574882,68.68691878541375,5108300,68.16366004943848,67.27579567649148,66.46035893758138,66.0306958580017,63.2302156743284,0.3496945264748855,0.003927305286689776
2024-08-16,68.95623016357422,68.95623016357422,68.7704923104429,68.92837019414901,4647700,68.2449951171875,67.34046408913352,66.48733088175456,66.06643039703368,65.10266596728519,0.34973473450029297,0.0038430093689367745
2024-08-19,69.03981018066406,69.11410815621166,68.91908128448291,68.94694125395203,4964700,68.3318977355957,67.40146512118253,66.51583557128906,66.10267305374146,66.14699193855145,0.350438658011415,0.0038242262233971025
2024-08-20,69.24412536621094,69.26270340263129,69.10482552028259,69.17911640962943,4444000,68.42855262756348,67.46183069402521,66.54482644399008,66.13693939208984,68.61923005123808,0.3399063117707927,0.0038318077686675814
2024-08-21,69.39270782470703,69.50414767978397,69.18839197647468,69.32769888076433,4541800,68.54235763549805,67.51820193204013,66.57414347330729,66.1701397895813,70.31690223275339,0.33698789821372294,0.0036966040941990522
2024-08-22,69.11409759521484,69.2626935236038,69.03051769957894,69.24411548983326,3999700,68.6348258972168,67.56497622403232,66.59883683522543,66.20009342193603,63.39163708327741,0.3051451607842119,0.003905426174385734
2024-08-23,69.42057800292969,69.44843797079821,69.16983120666855,69.2627001280451,4292000,68.72919273376465,67.61396623091264,66.62737992604573,66.23293586730956,67.2165509574761,0.2885616401814661,0.003922315717903884
2024-08-26,69.34628295898438,69.51344985869665,69.34628295898438,69.51344985869665,4427200,68.81567840576172,67.66143784956499,66.6523312886556,66.2638242149353,65.4318223740029,0.2699867347200658,0.003960681557568791
2024-08-27,69.34628295898438,69.37414292802895,69.1791160592721,69.19769409559838,3715900,68.89799766540527,67.71864318847656,66.67629152933756,66.29371774673461,65.4318223740029,0.26467973578992093,0.003970890751456651
2024-08-28,69.2998275756836,69.40198548308105,69.28124954591551,69.34625847921914,5179900,68.959476852417,67.77684978138316,66.69895000457764,66.32573034286499,64.1957391020217,0.2580467688789686,0.003859944399842125
2024-08-29,69.19767761230469,69.24410852117059,69.11409063963706,69.19767761230469,3840800,69.00312576293945,67.82833210338245,66.720223681132,66.3566444015503,61.446922892390255,0.24809694832625492,0.003834289646335506
2024-08-30,69.05838012695312,69.31841592546111,69.0212311435314,69.2348360268453,5037400,69.00080337524415,67.87174405184659,66.74056510925293,66.38695219039917,57.811590217334775,0.25075044523069323,0.002913139377583277
2024-09-03,69.35272979736328,69.4551991448444,69.24095022341524,69.31547467740934,6220100,69.01644935607911,67.91513699618253,66.76503658294678,66.41488838195801,62.81754621856544,0.25985735961359574,0.003056293742592007
2024-09-04,69.6601333618164,69.68807825350703,69.37136000495649,69.38998756373603,7338600,69.0688262939453,67.96227361505682,66.7929843902588,66.44612504959106,67.19537683516619,0.2692161235610371,0.0027937553192216988
2024-09-05,69.82783508300781,69.85577998480902,69.61358609783512,69.7998901812066,9994300,69.13794593811035,68.0169902454723,66.8256071726481,66.47630115509033,69.31774849262989,0.2540112096762753,0.002710663985402813
2024-09-06,69.91166687011719,70.20044029004642,69.74399037630958,69.86508730243122,22536000,69.21636505126953,68.06903506192295,66.8592336654663,66.50644424438477,70.35041683649007,0.27334778543381233,0.0026462562197552375
2024-09-09,70.00482177734375,70.06071157522997,69.80920037769745,69.8930350745268,5040900,69.28736953735351,68.12512331875888,66.89432233174642,66.53660102844238,71.49837219463785,0.2773823801340823,0.002586534240454133
2024-09-10,70.23771667480469,70.25634424140578,69.99551566671676,70.03277790696457,5653900,69.36398124694824,68.18511102849787,66.92990353902181,66.56746997833253,74.18898054027396,0.28009204818563965,0.0026331594661429722
2024-09-11,70.20044708251953,70.34017869205341,70.07935014468076,70.1259226098288,6471000,69.42572746276855,68.24374930641868,66.96418342590331,66.59788124084473,73.00132388112918,0.27616867990445115,0.0025783959626232383
2024-09-12,70.12593078613281,70.22840017126872,70.04209607486474,70.17251036375667,5685400,69.47724647521973,68.30036149458452,66.99738489786783,66.62945735931396,70.56886265678295,0.2636053921384424,0.002602662858280282
2024-09-13,70.27495574951172,70.3494730983977,70.20043129358245,70.29358330997239,4786700,69.55061187744141,68.36538932106711,67.02999884287516,66.65983432769775,72.53953966112493,0.25569124475855076,0.002345443058040349
2024-09-16,70.46127319335938,70.48921809289085,70.2749691251198,70.33085892418275,4734900,69.62586402893066,68.43162300803445,67.06523253122965,66.6897862625122,74.81048838200024,0.25905520502046947,0.0023601304649505665
2024-09-17,70.36812591552734,70.4799126282537,70.33086367795188,70.46127795594342,5398400,69.69227981567383,68.50186892422762,67.09923261006674,66.71759941101074,71.62156099626611,0.25577106798796784,0.002420082302886821
2024-09-18,70.15386962890625,70.48922265909697,70.14455939982241,70.25633900518925,5695700,69.73776702880859,68.57459966486151,67.12954177856446,66.74538135528564,64.7811972019945,0.2717658767100407,0.0025284750232838064
2024-09-19,70.15386962890625,70.19113186637689,70.02345535128154,70.07003492488111,5135600,69.77582511901855,68.6437949440696,67.16053689320883,66.77052864074707,64.7811972019945,0.2704758466420988,0.0025073649812548276
2024-09-20,70.14456176757812,70.22839647443313,69.99551281266433,70.07003729012123,4265000,69.82734832763671,68.70591930042613,67.19523105621337,66.79694450378418,64.47096613023967,0.26588290948774734,0.002274978817681633
2024-09-23,70.09796142578125,70.20043077516645,69.9116573943772,70.0327543040855,6632500,69.8612174987793,68.76164106889205,67.23014844258627,66.82104156494141,62.84821051372891,0.25816536398045997,0.002119909255981709
2024-09-24,70.18180084228516,70.20975284522032,69.93028967221835,69.97686923673325,5017900,69.90299339294434,68.8188871903853,67.26538225809733,66.8446054840088,64.57577067976632,0.2541735580417616,0.0020926414117917735
2024-09-25,69.92098999023438,70.07935628534014,69.92098999023438,70.07935628534014,4793100,69.93172874450684,68.87189636230468,67.29729601542155,66.86695613861085,55.87195983702835,0.25550334126153934,0.0023032136964944504
2024-09-26,69.92098999023438,70.02345937240172,69.79057570512057,69.99551446945526,4919700,69.96278686523438,68.9238955411044,67.33196194966634,66.8908938217163,55.87195983702834,0.2395343236575615,0.002291442656240436
2024-09-27,70.12593078613281,70.17251036375667,70.0048338341748,70.07935831555467,3927900,70.00919952392579,68.97356054132635,67.36879456837973,66.91581085205078,60.6993431254544,0.2395349790854025,0.0023085398113888455
2024-09-30,69.9675521850586,70.10728377212403,69.8930277243512,70.09796643777467,5661900,70.05465812683106,69.01714741099964,67.40231952667236,66.9389836883545,55.63419961400237,0.23754029959201567,0.0023241481518388846
2024-10-01,70.17404174804688,70.31418571361418,70.11798701302723,70.19272428371403,6267100,70.09572372436523,69.0683604847301,67.44398714701335,66.9590172958374,60.28711819067201,0.24366922681936792,0.0022338312791575134
2024-10-02,70.04324340820312,70.07127077603062,69.85638240932275,69.9311268088749,6902500,70.11487922668456,69.1124818281694,67.48456478118896,66.97590286254882,56.261978627254145,0.2530517441279504,0.0021038807481097203
2024-10-03,69.73490905761719,69.93110770683522,69.73490905761719,69.91242517605954,7733800,70.11023292541503,69.14981869784269,67.52134971618652,66.99174549102783,48.10786330185413,0.25910831829374004,0.002284130775155483
2024-10-04,69.2771224975586,69.4172664472456,69.2397503024409,69.29580503110874,5218300,70.07850570678711,69.18203055641868,67.55791301727295,67.00597938537598,39.05705862702663,0.2791723477078228,0.0026829961563680374
2024-10-07,69.07157897949219,69.1556610724831,69.03420678437934,69.08092381027475,7044200,70.03184356689454,69.21370419588956,67.59413973490398,67.01855083465576,35.800316162273006,0.28587711648478276,0.0027046188434670677
2024-10-08,69.17434692382812,69.17434692382812,68.9688034260377,69.02485815161073,8642400,69.9786750793457,69.24775127064098,67.6286231994629,67.03054782867432,38.55887109825223,0.2759399906644881,0.00259053511916811
2024-10-09,68.98749542236328,69.08092948182507,68.95013035220012,69.08092948182507,4997800,69.91802749633788,69.27823250510475,67.6630022684733,67.04165592193604,35.566512507527804,0.2799785661311063,0.002625679147036883
2024-10-10,68.95947265625,68.99684485692434,68.78196361306989,68.94079011992204,4579000,69.85970458984374,69.31173914129084,67.69645983378092,67.05284671783447,35.12624148542331,0.27869267913722445,0.0026272232470197134
2024-10-11,68.96880340576172,69.06223032436164,68.8847213174269,68.97814823602681,8508000,69.79439697265624,69.34272225119851,67.72976589202881,67.06376586914062,35.41293283939342,0.27074522386190225,0.0025456346132765703
2024-10-14,68.92208862304688,68.92208862304688,68.74457961034149,68.76326214346203,3380100,69.71743774414062,69.36797402121805,67.76168874104818,67.07231410980225,34.58878832885128,0.26679955403463496,0.0024037148572452513
2024-10-15,69.19303131103516,69.22105867457293,68.99683263825355,69.12763175344129,4456200,69.65868301391602,69.39663696289062,67.79724553426107,67.08303562164306,42.89033263909004,0.26952521114001166,0.002652433017041736
2024-10-16,69.28646850585938,69.36120576934754,69.23975147916397,69.26777884397421,7437800,69.61531295776368,69.42548370361328,67.8351100285848,67.09499740600586,45.460971868481,0.2649031247850999,0.0026420544627991237
2024-10-17,68.95014190673828,69.1276509678228,68.9127697022944,69.1276509678228,4250400,69.55512657165528,69.44148185036399,67.86894849141439,67.10668724060059,38.7071605747049,0.27363015550243425,0.002800451798326473
2024-10-18,68.98749542236328,69.11830168000618,68.98749542236328,69.04355728364395,3930300,69.49727325439453,69.45353268710049,67.9014928817749,67.11829105377197,39.77726372047936,0.26900563489431206,0.00281371575126758
2024-10-21,68.5203628540039,68.80999564686248,68.50168031640928,68.80999564686248,5259900,69.41839332580567,69.44290605024858,67.93220869700114,67.12905979156494,32.20490371802593,0.27894717613705616,0.0031107575393370434
2024-10-22,68.54838562011719,68.66049508253482,68.46429639528625,68.62312288572305,4633000,69.33672256469727,69.43397105823864,67.96121018727621,67.1409691619873,33.028551584962756,0.2702714153173734,0.003084613118679672
2024-10-23,68.38021850585938,68.54838983785099,68.27744674030794,68.53904500606865,6429400,69.25968399047852,69.42974603826349,67.98666337331136,67.15058242797852,30.624072552610585,0.267600611528596,0.003042431172581547
2024-10-24,68.49230194091797,68.61376332386605,68.36150285775499,68.46427458424239,6219500,69.1882495880127,69.43059803355824,68.01028976440429,67.16080154418945,34.069196700820115,0.2502507337382229,0.0030954942695054564
2024-10-25,68.35218811035156,68.65115856197838,68.3241536162465,68.65115856197838,4641400,69.09956245422363,69.43075991543857,68.03221174875895,67.1709114074707,31.93429600594557,0.256257107491981,0.0029575200318398007
2024-10-28,68.26809692382812,68.46429560882292,68.15598033468069,68.42692341244044,4582800,69.01458969116212,69.42500291304155,68.05235939025879,67.17887264251709,30.691257381395914,0.26359794865996683,0.0029484648692124243
2024-10-29,68.32415771484375,68.33350254677268,68.00650470944284,68.10927647660625,5543800,68.92209548950196,69.41806973544034,68.07427775065104,67.18643211364746,32.57550680893999,0.2709394676386694,0.00282560241969777
2024-10-30,68.25875854492188,68.60444604812287,68.22138634500676,68.45495724846245,4610300,68.83287124633789,69.40521947687323,68.09419409434001,67.1960292816162,31.49965161566604,0.2829522147287875,0.0028238765184868063
2024-10-31,68.24939727783203,68.35216901011202,68.04385381327205,68.15596324629325,6115700,68.75859565734864,69.38983487215908,68.11556612650553,67.20635276794434,31.34009674878132,0.29229551400773246,0.002735820236669836
2024-11-01,67.98511505126953,68.49120857079772,67.95699993635148,68.45371936746218,6409800,68.69399528503418,69.37487973299893,68.13427556355795,67.21580959320069,27.15778288612833,0.31443728822387634,0.0025081126847530445
2024-11-04,68.25690460205078,68.42560243741846,68.13506290685876,68.24753051388196,6860100,68.65326156616212,69.36216472278942,68.15363953908285,67.22662536621094,36.53737217298612,0.3245456692683675,0.002688570521664334
2024-11-05,68.42560577392578,68.44434680084304,68.04134679394363,68.04134679394363,6236900,68.61582450866699,69.35099736993963,68.17088203430175,67.23773895263672,41.56692564131294,0.34131892273886927,0.00273713647523183
2024-11-06,67.86327362060547,68.03196429300547,67.69457579787178,67.72269090993845,6382500,68.5596134185791,69.32589097456498,68.18435866038004,67.24681385040283,32.36058165529066,0.36684257791665686,0.003204463331714186
2024-11-07,68.369384765625,68.44436319191902,67.94764363080967,67.94764363080967,6590200,68.53010902404785,69.3072851007635,68.20343316396078,67.2591014099121,44.31469940698101,0.39633756349134636,0.0037013755492684027
2024-11-08,68.50057983398438,68.6411625677854,68.37874527820208,68.37874527820208,5398500,68.50669784545899,69.29613023237748,68.2241377512614,67.27049884796142,46.9328792937373,0.38104918464894616,0.0037368544685849837
2024-11-11,68.369384765625,68.41624806964283,68.27566530792562,68.41624806964283,4372000,68.47906265258788,69.27701762806285,68.24259878794352,67.28174060821533,44.67100075838707,0.38310031599253086,0.0037530591033151485
2024-11-12,67.95700073242188,68.24753312375769,67.91013744011987,68.17255471620828,7197800,68.41726112365723,69.25175795121626,68.25831336975098,67.28960166931152,38.40551572369679,0.3965506179898221,0.003809279769233266
2024-11-13,67.92889404296875,68.34126103497084,67.86328971580919,68.34126103497084,5458100,68.3493824005127,69.22598724365234,68.27540429433186,67.29673099517822,38.01416422763163,0.4126728217791497,0.0037748459531668625
2024-11-14,67.91012573242188,68.15380193978044,67.86326959853237,68.04133434784573,6643300,68.29738159179688,69.20071993741122,68.29172534942627,67.30235675811768,37.737630445677205,0.4100676357445922,0.003664895800526197
2024-11-15,67.92889404296875,68.09759190571268,67.66646958399511,67.79767823831423,18467300,68.24445152282715,69.17765114524148,68.31080996195475,67.30606040954589,38.2216066835543,0.418839567714259,0.0036604381545452943
2024-11-18,67.99447631835938,68.05070653759248,67.7882893140606,67.85389361994358,4964800,68.21815719604493,69.15830743963068,68.33243503570557,67.31310218811035,39.97734418396838,0.41422666672868963,0.0033913766412409165
2024-11-19,68.11634826660156,68.21006773359056,68.09760723333856,68.19132670032755,4900500,68.19655532836914,69.13582777543502,68.35269832611084,67.32339855194091,43.20744684630393,0.40226464616548135,0.0034222758665396293
2024-11-20,68.04135131835938,68.12570382093247,67.94763187687208,67.95700596612133,6557800,68.17961196899414,69.10639537464489,68.37034276326497,67.33176921844482,41.71957503752279,0.39296155668122573,0.003390928762096996
2024-11-21,68.00386810302734,68.17256597270125,67.94763786324793,68.04135731299218,5115500,68.1551902770996,69.07323233864524,68.38460591634114,67.34059085845948,40.96038779739976,0.3708700906103023,0.0033621938713949877
2024-11-22,68.03196716308594,68.10694556531597,67.96636284871815,68.06008942667269,10409500,68.13917922973633,69.03905598033558,68.39702637990315,67.35041957855225,41.81517574330833,0.34944832849950863,0.0033419126470272246
2024-11-25,68.65991973876953,68.6692866786709,68.42561753519092,68.42561753519092,10207100,68.1587703704834,69.01460321599787,68.41314131418864,67.36366172790527,56.8504383538356,0.36618543626276284,0.0039417647570247
2024-11-26,68.53807067871094,68.58493397454359,68.36000588528393,68.58493397454359,5537900,68.16946601867676,68.98370056152343,68.42816403706868,67.37620334625244,53.93787650569783,0.33539142750787726,0.003966139645268816
2024-11-27,68.72551727294922,68.80986262573475,68.61304965223341,68.61304965223341,5366600,68.19280395507812,68.95688365589488,68.44921010335287,67.39255554199218,57.541550709963275,0.3132987400586101,0.0039970230641590224
2024-11-29,68.97856140136719,69.00667651933723,68.88484195802195,68.88484195802195,3870800,68.22926216125488,68.9360223943537,68.47321090698242,67.40894153594971,61.87751916758213,0.3139688432177254,0.0040632846422402604
2024-12-02,69.01895904541016,69.07536732265835,68.78394487772184,68.89675426015499,6212800,68.28095436096191,68.91318609064275,68.49531764984131,67.42461742401123,62.53531114587782,0.3187194088518512,0.003928581405709876
2024-12-03,68.85916900634766,69.14118894960242,68.8121632917835,69.12238379495072,6249200,68.31106758117676,68.88405692360618,68.51355470021566,67.44054332733154,58.253681090538116,0.3094178611599787,0.003908494365774674
2024-12-04,69.09417724609375,69.14118295658355,68.70875050185793,68.81215732728391,6769700,68.34449615478516,68.86089422052557,68.53128852844239,67.45723377227783,62.33787807489376,0.306165085128833,0.0039397055375457474
2024-12-05,69.10359191894531,69.15059046559757,68.95317935670035,68.98137991910485,6146200,68.40651206970215,68.84179826216264,68.54825496673584,67.47488346099854,62.49617442134929,0.2995135685323445,0.0033689499148690785
2024-12-06,69.29158020019531,69.36678645933982,69.15997283272424,69.31038535101325,4880500,68.45262184143067,68.82612027254972,68.56886463165283,67.49333618164063,65.60483778840526,0.2875187270092689,0.003034375262613988
2024-12-09,69.08477783203125,69.23519037483236,69.06597985021351,69.23519037483236,5432900,68.48183174133301,68.8068514737216,68.58582776387533,67.5095692062378,59.7385641285865,0.28488895032712136,0.00312527018753027
2024-12-10,69.00958251953125,69.06598364014422,68.92497366654659,68.98137478715958,5751900,68.51384162902832,68.78706276633523,68.60324122111003,67.52601913452149,57.717617731927774,0.28090414677379777,0.003097974091549155
2024-12-11,68.85916900634766,69.17878491477565,68.8309684464352,69.17878491477565,4642900,68.5589500427246,68.76301491477273,68.61924769083659,67.54221874237061,53.79713174313483,0.2930287556509451,0.002775385606645336
2024-12-12,68.58654022216797,68.82155441173354,68.55833966695033,68.63354592890664,6880600,68.59183235168457,68.73875219171697,68.6326743443807,67.556325340271,47.499335856367246,0.29845027207551716,0.0029552077798976413
2024-12-13,68.3139419555664,68.53956080436436,68.28574139248313,68.53956080436436,5171400,68.6120231628418,68.7095331365412,68.64352169036866,67.56852172851562,42.18201521021441,0.3098942801531613,0.003116703985818168
2024-12-16,68.38914489746094,68.52075230013067,68.29514063442049,68.38914489746094,7871100,68.63503570556641,68.67795521129261,68.6576110204061,67.57971298217774,44.04305530587066,0.28048657659067644,0.00312180825075215
2024-12-17,68.39855194091797,68.47375105302052,68.35154622029611,68.37974678384282,6084800,68.65523948669434,68.64942793412642,68.67077878316243,67.59172870635986,44.284640724624566,0.26779307510773365,0.003118597767927868
2024-12-18,67.86270904541016,68.45494230295593,67.8533064683512,68.39854118473201,7962700,68.64255752563477,68.6074037031694,68.68209635416666,67.59928165435791,35.012013141467676,0.29135335279208413,0.0035843833462270557
2024-12-19,67.67471313476562,67.7969251560398,67.571306273103,67.72171886172754,7669100,68.62422561645508,68.56433951637962,68.69477163950602,67.605299949646,32.4451917723549,0.2920850332148796,0.0036261379514733725
2024-12-20,67.88153076171875,68.06954650831153,67.86273277309317,67.96613964070235,6696400,68.61810874938965,68.53064172918147,68.70754998524984,67.61180355072021,37.84385762412206,0.2994715281155505,0.003700054803373578
2024-12-23,67.6653060913086,67.88151518519334,67.6277029506187,67.80630890381354,7605400,68.59977569580079,68.50133597634056,68.71536318461101,67.61690589904785,34.71986112690874,0.2941002533499173,0.0037616110905502316
2024-12-24,67.76244354248047,67.76244354248047,67.54553229914912,67.57382444433517,4185300,68.55490188598633,68.47753351384944,68.7214396794637,67.62263107299805,37.226865528974464,0.2787058811074701,0.003065623157346684
2024-12-26,67.80960083007812,67.82845986144805,67.5549571367619,67.5549571367619,8714400,68.51847839355469,68.45271994850852,68.72790915171305,67.62959831237794,38.46241816120296,0.28414099652096475,0.003067829967593214
2024-12-27,67.66812896728516,67.83788902114976,67.65869585447133,67.80016376525131,9018700,68.46560897827149,68.4287314675071,68.73343118031819,67.63640697479248,36.16280152802499,0.2781408983983878,0.002986138694478876
2024-12-30,67.93219757080078,67.97935593882413,67.80959588743953,67.80959588743953,8054500,68.41329078674316,68.41005373868076,68.74069086710612,67.64650245666503,43.011914129479855,0.2842570856524712,0.0030037945643602714
2024-12-31,67.81903839111328,68.06424179178946,67.79073904916659,67.98879127064706,8724200,68.35329475402833,68.3891489202326,68.74422988891601,67.65621520996093,40.98274059696819,0.2923784125909147,0.002992889767241103
2025-01-02,67.84730529785156,68.08308269219177,67.76242169430446,68.08308269219177,8053300,68.30270156860351,68.36960740522905,68.74653848012288,67.66648082733154,41.722355389281624,0.29043873612997523,0.0029859052379166678
2025-01-03,67.76244354248047,67.96049575414024,67.74358451080889,67.87561931858207,6857000,68.23611488342286,68.34359671852805,68.74991448720296,67.67545318603516,40.09768862008491,0.28444458641097725,0.0028225065729251837
2025-01-06,67.69641876220703,67.79072830100345,67.62096825302726,67.69641876220703,5375700,68.16575622558594,68.31468672318893,68.75057989756266,67.6835009765625,38.83076322010506,0.2750846734317887,0.002810519777372852
2025-01-07,67.46062469482422,67.68696897123432,67.37574828942849,67.63981781113274,7875900,68.07420845031739,68.2876045920632,68.74874025980631,67.69009532928467,34.623382689298765,0.28187458822238654,0.002716221053778017
2025-01-08,67.53609466552734,67.58325303458611,67.38519364082482,67.41349297947421,5844300,67.99677429199218,68.26121548739347,68.74899546305339,67.69596939086914,36.97713102859908,0.28729277115359203,0.002739896988406811
2025-01-10,67.18714141845703,67.65869632744887,67.13055713189222,67.65869632744887,9602400,67.90565223693848,68.23697509765626,68.74780890146891,67.70073894500733,31.355865288394682,0.28204301122158676,0.002884640401716114
2025-01-13,67.12113952636719,67.19659005612327,67.05512211167024,67.18715694106412,11856300,67.81875076293946,68.21102516867897,68.74630374908448,67.70490406036377,30.41408523414431,0.2713333806605779,0.002878570219393219
2025-01-14,67.16827392578125,67.19656606549924,67.06453128324463,67.10225653465395,5166000,67.74783744812012,68.18898981267756,68.74511413574218,67.70816158294677,31.985173441006395,0.25256205271119925,0.0028380934416908916
2025-01-15,67.70584869384766,67.79072511616994,67.52665554180341,67.52665554180341,5867900,67.71743278503418,68.17469066273082,68.75002447764079,67.7145185470581,46.75149253130089,0.27889229408895894,0.0033954162321167
2025-01-16,67.83788299560547,67.93219252929634,67.56438031115258,67.62096459229586,8494100,67.6898696899414,68.16533966064453,68.7548007329305,67.72380165100098,49.64323149706621,0.28967093514698866,0.003420934795706337
2025-01-17,67.85673522949219,67.99820311354098,67.81901717607762,67.99820311354098,5600200,67.66277885437012,68.15786035711115,68.75749651590984,67.73354595184327,50.0602532532865,0.2829340217739319,0.0034222371306607572
2025-01-21,68.05479431152344,68.10194547578034,67.9699107032923,68.10194547578034,8491600,67.67238311767578,68.15296284068714,68.7611483891805,67.74405120849609,54.33851649764942,0.2876495274603406,0.0030115339523853956
2025-01-22,67.9133529663086,68.09253897307345,67.87562770294802,68.04538779039143,6616600,67.68431510925294,68.14668273925781,68.76292718251547,67.753161277771,50.97971113543551,0.2809126916450871,0.0029800850088463294
2025-01-23,67.80960083007812,67.90391037764229,67.71529128251396,67.90391037764229,7529700,67.6807186126709,68.13868644020774,68.7607551574707,67.76340389251709,48.60628957653182,0.2755240445859276,0.0029229887331381206
2025-01-24,67.94163513183594,67.98878630758968,67.78130818263024,67.90390987401862,5555700,67.69453506469726,68.13789589621804,68.75756295522054,67.77458198547363,51.68876792650107,0.26743955366250866,0.002857712243249793
2025-01-27,68.30001831054688,68.31888453824524,68.14912446574802,68.22456779046863,8621200,67.72141380310059,68.13867978182707,68.75085620880127,67.78635929107666,58.895310564546314,0.2788922795966481,0.0030659047768666287
2025-01-28,68.26227569580078,68.27170880725173,68.10194877791355,68.27170880725173,4424300,67.74404754638672,68.13571014404297,68.74437675476074,67.80180103302001,57.915498691721815,0.2809143856435859,0.0030722586297034877
2025-01-29,68.22456359863281,68.36603151624807,68.06423664983552,68.30944722734485,5780200,67.7718692779541,68.14227905273438,68.74114316304525,67.81705421447754,56.89694411079271,0.2795661280460148,0.0030273935905537827
2025-01-30,68.31886291503906,68.40373932674513,68.262271445213,68.33772194141085,5622300,67.79120254516602,68.14136047363282,68.74008833567301,67.83204494476318,58.845956338244676,0.278217294785374,0.0029252750309013646
2025-01-31,68.22456359863281,68.4131898872389,68.09252879428715,68.35660559833566,6738300,67.811478805542,68.13634199662643,68.73909899393718,67.84872013092041,56.113468127096674,0.26339743031359575,0.002915921787358502
2025-02-03,68.28606414794922,68.53207388888998,68.18198338135149,68.34284006897093,7163800,67.83341674804687,68.13482707630504,68.73661009470622,67.8665285873413,57.49955448181089,0.2782990419625579,0.0029189368092518587
2025-02-04,68.38066864013672,68.3995963499759,68.09681796180479,68.16305050862952,7296200,67.86432800292968,68.14253012917258,68.73390331268311,67.88325027465821,59.61266249566206,0.2904950138137364,0.002903448364505432
2025-02-05,68.73075866699219,68.8443032689196,68.5982935741466,68.61721406506476,8981700,67.91604499816894,68.15710948597301,68.73194694519043,67.9025940322876,66.29174936969187,0.27915097369903613,0.0030607092038555037
2025-02-06,68.65508270263672,68.74024298413394,68.57939349762711,68.65508270263672,5722100,67.97576789855957,68.17065415815874,68.72827637990316,67.9211466217041,63.83427657936326,0.2643679214392551,0.0029303568828062906
2025-02-07,68.4469223022461,68.54154644302032,68.38068973498918,68.49423437263322,6415300,68.02130928039551,68.18007285378197,68.72527033487955,67.93852085113525,57.518043116536894,0.2711684235952682,0.0030569563319379173
2025-02-10,68.46585083007812,68.60777982411464,68.42800261708115,68.55100389521493,5439200,68.08524475097656,68.18864329944958,68.72118384043375,67.95539337158203,57.92572766684213,0.26649463507707843,0.0027348588713800785
2025-02-11,68.35231018066406,68.41854275257249,68.29554146725938,68.41854275257249,6870800,68.14680328369141,68.19293351606889,68.71545467376708,67.9725238418579,54.54438629116327,0.2631659274123156,0.002763976250868904
2025-02-12,68.002197265625,68.11573464308509,67.88865266935912,68.05896595435505,5279600,68.1884994506836,68.192221624201,68.70510527292888,67.98882118225097,45.68792214865058,0.2821370579487663,0.003076504884667586
2025-02-13,68.40907287597656,68.47530543506925,68.19144748535348,68.27660775779121,6452900,68.22366065979004,68.19958898370916,68.69690831502278,68.00641891479492,54.86074322709428,0.30111063255482406,0.002845914296828339
2025-02-14,68.6266860961914,68.76861506080873,68.56045354187759,68.56045354187759,6131500,68.26310081481934,68.21040205522017,68.69284655253092,68.02414150238037,58.86251689990134,0.29984583101359974,0.0028914032321639108
2025-02-18,68.37120819091797,68.55097811152713,68.36174433652619,68.45636122402665,7151700,68.28882446289063,68.20515275435014,68.6841018040975,68.04182521820069,52.929830696772726,0.304622418658735,0.003047719372295342
2025-02-19,68.46585083007812,68.49423518512373,68.3239218360416,68.39961826203555,4720700,68.30937728881835,68.20383966619318,68.67676486968995,68.05881343841553,54.749345502789794,0.2952308817065616,0.0029994314112549545
2025-02-20,68.5510025024414,68.59831457242849,68.5226181479725,68.5604663602005,6199000,68.341259765625,68.20066667036576,68.67013753255209,68.07493927001953,56.38298707422506,0.29189431129499405,0.0029520866789368074
2025-02-21,68.8537826538086,68.93894293809208,68.62670059373349,68.63616445172244,4460600,68.39346885681152,68.1983979658647,68.66642049153646,68.09092250823974,61.680485245540794,0.2966999786306315,0.0030382080181043914
2025-02-24,68.94841003417969,68.99571488872901,68.77809667642262,68.78755331604715,5580100,68.44380760192871,68.1971152565696,68.66434326171876,68.10705680847168,63.18539061367697,0.2872376718283383,0.003029201474201343
2025-02-25,69.38363647460938,69.38363647460938,69.11870625463165,69.17547495353914,4835300,68.49798851013183,68.20665102871982,68.66705373128255,68.12472309112549,69.18050930021158,0.29669824698966557,0.0031185116698786027
2025-02-26,69.48772430419922,69.52557251359025,69.2700989049028,69.36471581897644,5825400,68.55926094055175,68.21380642977628,68.66817868550619,68.14369194030762,70.42110123758887,0.2818296026971347,0.003105683730949922
2025-02-27,69.40255737304688,69.46878992842788,69.27955611842705,69.36470916728528,14908500,68.61816062927247,68.2192421653054,68.66603221893311,68.16136074066162,68.00883863326465,0.28520950978751564,0.0031257753262264997
2025-02-28,69.69587707519531,69.72426142396445,69.45933121037666,69.56340474959451,8363500,68.68701133728027,68.22659301757812,68.664932568868,68.18141635894776,71.61515055347385,0.28858887287823215,0.003214184908083852
2025-03-03,69.85626220703125,69.87523912225642,69.48615081730206,69.51461981030678,7549300,68.76859626770019,68.24062000621448,68.66447086334229,68.20199775695801,73.38206375256742,0.303539665586865,0.0031756902079722892
2025-03-04,69.656982421875,69.98913279044059,69.5810602689643,69.85627264301436,7693100,68.83714218139649,68.25239091352982,68.66157220204671,68.22061653137207,67.73976437568246,0.3205227483481191,0.0033019132631479133
2025-03-05,69.41023254394531,69.77085187599216,69.40074046563677,69.56207683554462,7758400,68.88862037658691,68.26241025057706,68.65467650095621,68.23588516235351,61.44037510466581,0.31384088399457966,0.003452045017541974
2025-03-06,69.353271484375,69.46714742485928,69.18245033331667,69.38174046949607,7196400,68.91974601745605,68.27635081898083,68.64761670430501,68.25142112731933,60.0520586813593,0.30038294985874864,0.003309166408674305
2025-03-07,69.2773666381836,69.62850110300685,69.22991349092806,69.59054003326918,5036100,68.9508602142334,68.29386763139205,68.64054533640544,68.26740573883056,58.165895974830725,0.30317190894779394,0.0033090037002121465
2025-03-10,69.60004425048828,69.72341957157286,69.5336141700334,69.56209041051613,8167000,69.00851631164551,68.31588398326527,68.63492107391357,68.28532581329345,63.42508300812571,0.31610842135665457,0.003329026201358542
2025-03-11,69.33430480957031,69.68543927534034,69.31532789481717,69.46716493384358,8359200,69.05193901062012,68.33289767178623,68.62552967071534,68.30122703552246,57.062798626313345,0.33037970931672944,0.0034876898913323035
2025-03-12,69.19195556640625,69.33430051908073,69.17297141249412,69.19195556640625,6193000,69.09392127990722,68.3570657903498,68.61572825113932,68.31683055877686,53.94133993270441,0.33244182751143114,0.003502443702159079
2025-03-13,69.4007339477539,69.41971810258806,69.05909156407571,69.20144376399723,4711400,69.16384811401367,68.38844798694957,68.60945212046305,68.33444431304932,57.60437140890748,0.33049083485869346,0.0032654066218198953
2025-03-14,69.22991943359375,69.34380265258248,69.22043459559545,69.29634950125359,5094900,69.20489044189453,68.41296414462003,68.60175253550211,68.35083591461182,53.83216762781326,0.32782520199098386,0.0031336266209621476
2025-03-17,69.3248291015625,69.5051351566295,69.28686802672347,69.40074401090585,4772900,69.23979759216309,68.443137290261,68.59492142995198,68.36926635742188,55.573000406005455,0.3163958650342745,0.0030808899673413887
2025-03-18,69.4007339477539,69.48614816384028,69.24889691074895,69.25838898816603,4196100,69.29127388000488,68.4729243885387,68.58911120096842,68.38927268981934,56.97042493492896,0.31509426820598,0.0029164200330985463
2025-03-19,69.60951232910156,69.63798131943236,69.2773620413535,69.34379209890311,4201600,69.34845695495605,68.50565005215732,68.58434213002523,68.408896484375,60.63784726849328,0.3259836319421723,0.002957285409964901
2025-03-20,69.63799285888672,69.9132052115776,69.60952386383842,69.89422829499023,3760700,69.40280647277832,68.54146575927734,68.58198382059733,68.42746635437011,61.12460837095539,0.32469711991063427,0.0029570701491274678
2025-03-21,69.5810546875,69.77085281421705,69.56207777096206,69.69493790773089,7078500,69.4391700744629,68.57144497958096,68.57915102640787,68.44391017913819,59.53941686771548,0.31181760121782226,0.002848938961951238
2025-03-24,69.2773666381836,69.48614890157398,69.25838972348161,69.45767990935416,5637000,69.45561790466309,68.59796003861861,68.5720796585083,68.45758945465087,51.82019445186073,0.3057170613993999,0.0030418300489576796
2025-03-25,69.3627700805664,69.43869221617328,69.2678710312245,69.27736310825871,6133700,69.45457458496094,68.62551394375888,68.56703980763753,68.47077266693115,53.64048300460175,0.2914820452989275,0.00270134842800146
2025-03-26,69.21092987060547,69.33429790504992,69.1729688045457,69.29633683899016,4856900,69.44073486328125,68.6518500588157,68.55901387532552,68.48315059661866,50.02195483768499,0.2847037727616483,0.0027185906688872814
2025-03-27,69.1824722290039,69.20144914498002,69.10655008443103,69.16348807269358,5567900,69.4297306060791,68.67886921275746,68.55184078216553,68.49806301116944,49.35002573071826,0.26368892805419364,0.002708437116224868
2025-03-28,69.5810546875,69.60952368247412,69.34380340893647,69.42921763419324,4850500,69.42398948669434,68.71742248535156,68.55055866241455,68.51547595977783,57.88338797942332,0.26233167948854685,0.002856817874352176
2025-03-31,69.70442962646484,69.80882077856417,69.5336083994237,69.7518827829955,7106000,69.41639785766601,68.7568467573686,68.55411955515544,68.53216735839844,60.12292233867914,0.25555317938978256,0.0028360292042595124
2025-04-01,69.92341613769531,70.0567118247321,69.70442621523765,69.71394941118888,4667900,69.42971954345703,68.8065972068093,68.56121819814047,68.54843082427979,63.8021923986254,0.2691926231339445,0.0028470849783684463
2025-04-02,69.86627960205078,70.09479270533585,69.67585928004955,70.0852695100149,5313100,69.4525218963623,68.85650884454901,68.56698430379232,68.5629316329956,62.189915859367375,0.2733574007606551,0.0027212474344070485
2025-04-03,70.22808837890625,70.45659421810655,70.09479270070027,70.22808837890625,7426200,69.49626274108887,68.91214183460582,68.57732257843017,68.57873397827149,67.74783999795712,0.3026442053247485,0.002911607856431193
2025-04-04,70.28522491455078,70.7803221939307,70.18049154051585,70.64702649317184,12678000,69.54665565490723,68.95903958407315,68.58837051391602,68.59606800079345,68.53445057200501,0.32583098606611266,0.0028832175309736387
2025-04-07,69.43783569335938,70.16144604906135,69.3616646529549,70.12336052885911,14283000,69.53854522705078,68.98812963312322,68.59227911631267,68.6080111694336,49.32159870400389,0.374853058102152,0.003919734674810601
2025-04-08,69.03793334960938,69.55207686245693,68.99032464387459,69.42829713317391,12629200,69.52372665405274,69.0096059625799,68.59324448903402,68.6186009979248,43.17083497414378,0.38921969670954376,0.00403862354992489
2025-04-09,69.19979858398438,69.21883770983386,68.0572621672111,68.06677809810117,20862000,69.52411880493165,69.03042422207919,68.59330088297526,68.62990802764892,46.10077502379441,0.45049702957716625,0.004052480186184032
2025-04-10,68.6475601196289,69.13314129922611,68.60947460906556,68.95223694006731,8058500,69.4864601135254,69.04377344304865,68.58797664642334,68.6382691192627,38.758762555561,0.47775052469601115,0.004358053798934296
2025-04-11,68.5714111328125,68.69519089793509,67.99062688628392,68.25721828182378,7260400,69.45353469848632,69.057624539462,68.58482055664062,68.6460648727417,37.86329983216244,0.505029028098353,0.0043370596068781474
2025-04-14,68.9617691040039,69.05697926076265,68.7427792057964,68.76182559558974,5409300,69.4353816986084,69.07617242986505,68.5846061706543,68.65738159179688,44.89201215999122,0.5275109525984506,0.00453661938328659
2025-04-15,69.1331558227539,69.25692831003569,68.88560358412045,68.89512677977902,5667500,69.4220027923584,69.09132038463245,68.58971277872722,68.66895526885986,47.68978765062155,0.5404769133052036,0.0045688937269512805
2025-04-16,69.32357025146484,69.3616557667878,69.03793978264656,69.18075864909035,33963000,69.40770568847657,69.1106166492809,68.5961726506551,68.68305011749267,50.685371279458614,0.5561437845885473,0.004559900119361547
2025-04-17,69.17122650146484,69.3426076662018,69.12361779745576,69.30452215580821,7613800,69.38436737060547,69.12782870205966,68.60276438395182,68.69813785552978,48.30211584704301,0.5412822428225346,0.004578910720226558
2025-04-21,68.7903823852539,69.1617070516059,68.7903823852539,69.01888819591619,6092900,69.34483375549317,69.1364017833363,68.60524838765463,68.71034912109376,42.8746639763555,0.5488273668989966,0.004723122427964113
2025-04-22,68.91415405273438,69.05697290676626,68.9046381227826,69.01888739475318,5408200,69.3266731262207,69.14893979159268,68.60993143717448,68.72128128051757,45.03621328154346,0.5427062891859892,0.004662559115001777
2025-04-23,69.05697631835938,69.62824449864037,69.02841399895567,69.33309084604348,5283000,69.31138343811035,69.16295637650923,68.6165054321289,68.73139984130859,47.504620554743035,0.5637889335159676,0.004680383275635659
2025-04-24,69.44734954833984,69.45686547905778,69.26644516772953,69.31405387759621,3751500,69.32320442199708,69.1823505748402,68.62586536407471,68.74347026824951,53.63390137705433,0.5501871152761565,0.004831928492100342
2025-04-25,69.67585754394531,69.68538073902899,69.51399954787028,69.59016331633123,4021800,69.34787368774414,69.1995341907848,68.6376745223999,68.7568221282959,56.8126150115754,0.5243442965100341,0.004878690787559085
2025-04-28,69.84725189208984,69.87581421865161,69.59017642489228,69.59969962176982,4685400,69.36118354797364,69.2212099942294,68.65098997751872,68.77075321197509,59.0787190717501,0.47877840595028076,0.004740450126342666
2025-04-29,70.02812957763672,70.03764550681049,69.77105420858331,69.78057740182516,3790700,69.37736854553222,69.24995921741832,68.66801509857177,68.78392208099365,61.38169464680267,0.45769548306776947,0.004758178826211508
2025-04-30,69.98052978515625,70.0567008126527,69.85675731352626,69.98052978515625,8020700,69.38022422790527,69.27749883478339,68.68237864176432,68.7959733581543,60.418061676221654,0.3890074799608903,0.0047121353230537
2025-05-01,69.78567504882812,70.08178676570918,69.68060432468786,70.05312515119651,6295400,69.37619400024414,69.30356001420455,68.6937125523885,68.80811511993409,56.50724464093631,0.37549737039678327,0.0047515879439464235
2025-05-02,69.44181823730469,69.58509717998218,69.35585524418003,69.45137211014179,6960800,69.33688049316406,69.32973494096235,68.706867090861,68.8172413635254,50.31752054218199,0.35587278418227747,0.004703746164539771
2025-05-05,69.3462905883789,69.4322608556054,69.23167328203506,69.37494491496487,7575000,69.28993377685546,69.34677526300604,68.71500797271729,68.82556591033935,48.720839873694636,0.33619970041938324,0.004695754836200252
2025-05-06,69.49913024902344,69.50867683384988,69.25078058161863,69.3080892404546,6994000,69.29299850463867,69.36263788396661,68.72332922617595,68.83553421020508,51.37919291749475,0.32809766658481215,0.0038876112749660937
2025-05-07,69.63285827636719,69.69972081034607,69.5277875390476,69.53734141175018,4357400,69.32274475097657,69.38557697642933,68.73385817209879,68.84705085754395,53.64359009542113,0.31930299352633945,0.003655936468208622
2025-05-08,69.26033782958984,69.65195916317181,69.26033782958984,69.59465050154266,4283200,69.32577171325684,69.40002219460227,68.74471931457519,68.85684375762939,47.067550774889774,0.3316338124431916,0.003844447892888175
2025-05-09,69.31765747070312,69.48003689601872,69.30810359642842,69.35586568033106,3730700,69.35927658081054,69.4139613758434,68.75629234313965,68.86687690734863,48.12138659608202,0.32012345174447276,0.0033485403110960566
2025-05-12,69.0788345336914,69.20300570067963,69.05973408010398,69.05973408010398,6982800,69.3846477508545,69.4180532282049,68.76603158315022,68.87668804168702,44.175123841708235,0.31950437096495776,0.003446611323723335
2025-05-13,69.0501937866211,69.1839188504308,68.96422350990375,69.05974765902734,5610300,69.38906898498536,69.41990384188566,68.77537574768067,68.88561534881592,43.71216416631269,0.28419043486646195,0.003213260593986406
2025-05-14,68.81140899658203,69.05020483265257,68.78275466224886,69.00244275045023,6426700,69.37298164367675,69.40949970592152,68.78218351999918,68.89200618743897,39.95275874592344,0.27473050698826895,0.003252625286860553
2025-05-15,69.18392181396484,69.20302227212609,68.93557213305027,69.01198854063472,5659000,69.36599922180176,69.4039760242809,68.79107996622722,68.89984294891357,47.53359942074638,0.28570065590647736,0.003430451695312153
2025-05-16,69.23167419433594,69.42270789907211,69.20301257990367,69.365399245145,5310000,69.36902160644532,69.40086905739524,68.80099932352702,68.90750183105469,48.43235194283691,0.2823541052884723,0.0033979256568107807
2025-05-19,69.21257019042969,69.23167793441678,68.83049547284796,68.93556620236966,5787700,69.3901309967041,69.39208165949042,68.81107184092204,68.91321346282959,48.077526280873684,0.2919677598128751,0.0031393294099468453
2025-05-20,69.08838653564453,69.14569518232481,68.96420808454687,69.0597322123044,5810300,69.3988426208496,69.37812028364702,68.81987533569335,68.91703189849854,45.73208180562859,0.2954262317240445,0.0031524540722379416
2025-05-21,68.6585464477539,68.96420469413498,68.58213735175921,68.91644992007171,10880400,69.37892112731933,69.35996690229936,68.81986389160156,68.91480049133301,38.695377623381965,0.30293099907147286,0.003417968625067937
2025-05-22,68.84960174560547,68.85914832992592,68.54394343556544,68.64901416284191,7067200,69.34903373718262,69.34977361505682,68.82245998382568,68.91384944915771,42.90085029561843,0.2947442197652147,0.0032094841401234743
2025-05-23,68.95467376708984,69.05019062436968,68.85914962234092,69.03108288043225,4272600,69.31297454833984,69.34252638383346,68.82436962127686,68.9155598449707,45.13014799881554,0.2940616428719705,0.0031250622468460085
2025-05-27,69.27943420410156,69.34629673455105,69.07884661275313,69.12660868627529,6148800,69.28458366394042,69.34256397594105,68.82687689463297,68.91972980499267,51.4407541145669,0.30361355110268157,0.003274715300463095
2025-05-28,69.12660217285156,69.21256515212853,69.0501857774041,69.1648103705753,5214700,69.23950729370117,69.33395593816584,68.82777392069498,68.92364639282226,48.607555520664285,0.30566054148659866,0.00321916241955824
2025-05-29,69.37495422363281,69.44181675712781,69.23168257147894,69.23168257147894,4685800,69.209228515625,69.33469501842151,68.83207213083902,68.92759750366211,53.12553319291928,0.3002029165361902,0.0033554518633299602
2025-05-30,69.50867462158203,69.51822849357373,69.28898657805661,69.37494956357462,5995600,69.1953784942627,69.34045354669745,68.83552627563476,68.93161346435546,55.399076590606306,0.3008845486139222,0.003346782973053626
2025-06-02,69.35533142089844,69.50866260030745,69.23074206907307,69.33616045373375,6888000,69.19105415344238,69.33962804620916,68.8376241048177,68.93356250762939,52.268267679553304,0.30231377446462304,0.0031961280620429423
2025-06-03,69.27867889404297,69.47993022834886,69.24992974793976,69.42243193614244,7436800,69.18767356872559,69.3405145818537,68.8375165939331,68.93447814941406,50.72506391595479,0.30304985588476946,0.003190825353755635
2025-06-04,69.70992279052734,69.77700656100937,69.48950782105035,69.51825696388799,8343000,69.19821319580078,69.34751628528942,68.84272613525391,68.9389895248413,58.201973268642824,0.3195411056392479,0.003455590857610282
2025-06-05,69.57575988769531,69.79618218344895,69.55659622838692,69.7290984084949,6620600,69.19535827636719,69.35069857510653,68.84744427998861,68.94208717346191,55.38623638938158,0.3086820113191026,0.0034591704263888146
2025-06-06,69.2020034790039,69.47033856756072,69.18283982049962,69.3553419933694,14677200,69.19244155883788,69.34328932328658,68.85030123392741,68.94289813995361,48.36623036103529,0.3196915814682758,0.003460964926984781
2025-06-09,69.30741119384766,69.37449495564383,69.19240732580495,69.19240732580495,10147300,69.19192924499512,69.3372787475586,68.85630849202474,68.9432145690918,50.28019317753479,0.30404195063042244,0.0034735767796652494
2025-06-10,69.44159698486328,69.53742991098467,69.36492771933273,69.48951710371577,9257000,69.2100673675537,69.3347431529652,68.86570561726889,68.94345901489258,52.68466872220279,0.30273170857715065,0.0034004408381951225
2025-06-11,69.66201782226562,69.69076696833574,69.49909380856256,69.56617758658732,8034900,69.24065856933593,69.3417368108576,68.87631289164226,68.94619861602783,56.41350787861161,0.28436890854766056,0.0034567797789164267
2025-06-12,69.92076110839844,69.93034659341379,69.7865935645146,69.86326282147188,5950100,69.29612617492675,69.35188210227273,68.88899796803793,68.94869953155518,60.362441108099745,0.2810206140324953,0.003401951001815318
2025-06-13,69.67159271240234,69.81534574756016,69.52784698882762,69.77701111741254,5656200,69.32050971984863,69.3602577903054,68.9040719985962,68.95032608032227,55.17799528468602,0.29475813123296746,0.003353843812340082
2025-06-16,69.53742980957031,69.75785211975328,69.52785163508065,69.62368456106228,6415500,69.33579750061035,69.36671156449752,68.91959463755289,68.9512818145752,52.56030882005237,0.2832136681766408,0.0033909506780049215
2025-06-17,69.75784301757812,69.78659216046299,69.57575536386378,69.66201010410101,5123400,69.36306114196778,69.36992589777167,68.93523057301839,68.95357189178466,56.23381093592777,0.2846360913334414,0.0034511130827537193
2025-06-18,69.79617309570312,69.97825342596616,69.72908932948367,69.8345077209117,5176900,69.3984504699707,69.37159396084873,68.95298779805502,68.95656436920166,56.85943158766895,0.27991819934817286,0.0034123256580490006
2025-06-20,69.8440933227539,69.92076258132626,69.64284200268867,69.68117663197485,5396600,69.45772781372071,69.37015172784979,68.97033487955729,68.96049293518067,57.67402917328419,0.28339524671392063,0.0030217886495502388
2025-06-23,70.01658630371094,70.16992480071822,69.93992436678926,70.00700813133446,5391900,69.51607704162598,69.37288457697088,68.9887264251709,68.9638122177124,60.56086372503199,0.2868165985321604,0.0030121056217129356
2025-06-24,70.2274169921875,70.2657516131155,69.94949647414556,69.94949647414556,8789700,69.57971420288087,69.37287236993963,69.01005382537842,68.96664863586426,63.809881273137634,0.2929776455722199,0.0030478700685766
2025-06-25,70.24661254882812,70.25619072372704,70.05493937709144,70.14119413226892,5346300,69.6280731201172,69.3721703269265,69.02934061686197,68.96874252319336,64.09986412784815,0.27175790840573405,0.002916073976525684
2025-06-26,70.4478530883789,70.45743126180848,70.24660177261636,70.31368554453721,5373300,69.69413566589355,69.39053427956321,69.05124740600586,68.97142345428466,67.07814754381941,0.2697038751293123,0.002870425027530187
2025-06-27,70.28492736816406,70.48618599058038,70.26576371019148,70.32326199569181,6928700,69.73963432312011,69.4132068980824,69.07156092325846,68.97282398223876,62.55354225803983,0.25738260464311324,0.002888062039546878
2025-06-30,70.5628433227539,70.60117794777648,70.3903411659434,70.44784675926832,6986700,69.7923427581787,69.43798952969638,69.09489758809407,68.97444961547852,66.68199350145905,0.2669656724840804,0.002969438837904367
2025-07-01,70.50997161865234,70.6157275540384,70.40422301825973,70.55804516564362,6286300,69.8500747680664,69.47185155695135,69.11834386189778,68.97599723815918,65.20907416168258,0.2656432309584846,0.0029102030516280153
2025-07-02,70.43307495117188,70.43307495117188,70.31770282179845,70.34654402039317,6342300,69.90779457092285,69.50569999001243,69.14311428070069,68.97753295898437,63.02847382446584,0.26157886048573026,0.002909692626820686
2025-07-03,70.26002502441406,70.34654862586277,70.22156764543851,70.30809124688722,6428400,69.93529968261718,69.52930464311079,69.16581370035807,68.97745830535888,58.30338079338019,0.25752018438467317,0.002702854589995273
2025-07-07,70.0292739868164,70.20232850799447,69.9812077689857,70.14464611259989,8191000,69.95797538757324,69.5455977006392,69.18949813842774,68.97529830932618,52.63681304963023,0.2493704083744979,0.0027802991336478822
2025-07-08,69.99081420898438,69.99081420898438,69.89466711671089,69.93312448662162,5934200,69.99741592407227,69.55772940895774,69.21341209411621,68.97341175079346,51.73430158193888,0.24255657876256112,0.0024493056644168793
2025-07-09,70.2696304321289,70.27924661015138,70.07735088164758,70.07735088164758,6720200,70.04552688598633,69.57770038951527,69.2392567316691,68.97399055480957,57.43249619741311,0.24536158235358435,0.002559047310193672
2025-07-10,70.27922821044922,70.28884438595409,70.15424726885689,70.26000319443223,6650900,70.08740844726563,69.60477031360973,69.26070156097413,68.97461734771728,57.617984976407186,0.23717822668320668,0.0025446249203929816
2025-07-11,69.99081420898438,70.08695396626455,69.96196568030635,70.07733779003853,4962400,70.10384826660156,69.62434595281428,69.27864265441895,68.97384860992432,50.497067889769106,0.23998836607644083,0.0026746227615812583
2025-07-14,69.981201171875,70.04849973848923,69.89467025194605,69.9619688185603,5624700,70.10687026977538,69.64115004106002,69.29634653727213,68.97326480865479,50.274044378316646,0.22770250954635937,0.002546823590877454
2025-07-15,69.76969909667969,70.06773459998332,69.75047407565786,70.06773459998332,5908400,70.11177558898926,69.64701094193892,69.31063741048177,68.97120429992675,45.51144739227203,0.22777432278603982,0.0025090377134472422
2025-07-16,69.90428161621094,69.97158017819216,69.72161094726485,69.89466544021559,7874900,70.13011817932129,69.6511641068892,69.3272284825643,68.97112075805664,48.833054099444205,0.2312541716640187,0.0024954118103097944
2025-07-17,69.92351531982422,70.01003890047552,69.87544177391132,69.91389914364298,6857300,70.13840179443359,69.65255071466619,69.3448444366455,68.97113338470459,49.30864743973519,0.2258090029048816,0.002400270039687045
2025-07-18,70.03888702392578,70.08696057459527,70.00042965038901,70.06772822032987,5206800,70.15053749084473,69.65274630459872,69.36232153574626,68.97069816589355,52.17994007395344,0.22173921536074914,0.002423106556282238
2025-07-21,70.24076843261719,70.35614052973759,70.22154341726004,70.27922579832399,5338500,70.1703712463379,69.65747791637074,69.37849445343018,68.97206424713134,56.79194725050308,0.22181085294641992,0.0024960889777119024
2025-07-22,70.35614776611328,70.41383015311006,70.26000800945422,70.27923302678873,5507300,70.18734931945801,69.66785014759411,69.39594338734945,68.97297477722168,59.213072369180544,0.21906493756886242,0.0024646636365780895
2025-07-23,70.21195220947266,70.29848314683152,70.18311100868475,70.26002576744925,5269400,70.18657608032227,69.6818525834517,69.41250495910644,68.97381832122802,55.06064211881084,0.2176912204670509,0.00242517006380971
2025-07-24,70.12541198730469,70.22155174547753,70.01003987650125,70.02926489413846,6139200,70.18051605224609,69.69601842706854,69.42755953470866,68.97577083587646,52.67323989501119,0.21769154641297309,0.0024393041998276993
2025-07-25,70.29847717285156,70.29847717285156,70.11580647005803,70.13503149061785,4845900,70.17304725646973,69.71055200750178,69.44484214782715,68.98087760925293,56.7152349395411,0.21082393551048487,0.002415558548588546
2025-07-28,70.18309020996094,70.23116375369096,70.14463284197551,70.20231522645719,5806600,70.16795539855957,69.72055622447621,69.46065069834391,68.98643516540527,53.438260681572096,0.21219803985123775,0.002387745893850967
2025-07-29,70.54843139648438,70.55804757320944,70.26001210967567,70.26001210967567,7397900,70.1672348022461,69.74397610751065,69.47871538798015,68.99330558776856,61.10179978305203,0.21837839428563047,0.002511910239263215
2025-07-30,70.36576843261719,70.51959058608908,70.30807870694571,70.36576843261719,5554600,70.16002464294434,69.76303267045455,69.49234046936036,69.00019695281982,56.127705427780235,0.22593236374573525,0.002573455583582034
2025-07-31,70.3753890991211,70.5292186134337,70.35616407732951,70.51960243504041,6463200,70.15714035034179,69.78660638982599,69.50667635599773,69.00727653503418,56.329351146045475,0.21563179274297234,0.0025631841318815274
2025-08-01,70.98501586914062,71.0043120190082,70.78245045148043,70.89820527271121,10782300,70.19338989257812,69.82178497314453,69.52782713572184,69.01735759735108,66.75619617894822,0.24956703798182442,0.0031496889520119843
2025-08-04,71.03323364257812,71.04288171544168,70.89819005978154,71.02358556971457,6834400,70.24358787536622,69.86218178488991,69.54922199249268,69.02791332244873,67.41880630999752,0.23724069022001565,0.00301987070104846
2025-08-05,71.06217193603516,71.09110879588653,70.93677642357139,70.95606521036449,8145300,70.29715576171876,69.89633178710938,69.57180417378744,69.03725902557373,67.83319296663858,0.23040948603343228,0.003006317509037064
2025-08-06,71.00431060791016,71.0428955475536,70.74386410514809,70.96572566826671,8082200,70.33388977050781,69.92856154008345,69.59682178497314,69.04584823608398,66.02498958441387,0.24353167919935106,0.002926252828371713
2025-08-07,70.97535705566406,71.09110448805573,70.92712405261886,71.09110448805573,4193100,70.36869621276855,69.96061221036044,69.61820748647054,69.0559743118286,65.08997738559418,0.24356990638976686,0.00293257302859672
2025-08-08,70.82102966308594,70.90784761181743,70.80174087410354,70.89819953766408,5566300,70.41020698547364,69.99211481267756,69.63649368286133,69.06514198303222,60.19662047100758,0.2333100975146749,0.0028020868946946518
2025-08-11,70.86927032470703,70.9464402076155,70.84033345844763,70.8885591157716,8668100,70.45461044311523,70.03230979225852,69.65731086730958,69.07688652038574,61.17907745687789,0.2299064420887242,0.002796823303596015
2025-08-12,70.87890625,70.87890625,70.73421458418062,70.79208830677884,5493400,70.51007080078125,70.06920623779297,69.67741966247559,69.08853912353516,61.38411079821752,0.22788179268807035,0.0026655754749602637
2025-08-13,71.13934326171875,71.16828012216394,71.06217339431583,71.08146954082837,6208900,70.57182388305664,70.10892750133168,69.6989891688029,69.10233474731446,66.52946477232705,0.23344336434433188,0.0027324811637640697
2025-08-14,70.93678283691406,71.13934823351093,70.88854982658542,71.13934823351093,6818100,70.62248725891114,70.13906111283735,69.7163475036621,69.11455715179443,59.84988533240876,0.23830962892518773,0.002855282199405565
2025-08-15,70.84033203125,70.9850163596321,70.79209901557267,70.92714262827926,4309100,70.66255950927734,70.17021983753551,69.73211352030437,69.12699787139893,56.91945265302038,0.2411005584382855,0.0028830567385863862
2025-08-18,70.76314544677734,71.03323260843842,70.71491244248506,70.8692521687618,6941600,70.68867835998535,70.19545967795632,69.74360942840576,69.13947311401367,54.61483084897244,0.23705504434577612,0.002852239979197225
2025-08-19,70.898193359375,70.90784143268759,70.84031963814684,70.84031963814684,5098500,70.71578063964844,70.2207236550071,69.75536333719889,69.15234329223632,57.831854050311335,0.23022242265803175,0.0028590720496698666
2025-08-20,70.94642639160156,70.99465203953413,70.85960845040508,70.88854531102936,5512500,70.75250434875488,70.24965265447443,69.76822891235352,69.16578163146973,58.950993632972256,0.22750735501695069,0.0028011716799157017
2025-08-21,70.77279663085938,70.86925528436132,70.69562676432842,70.84031842424308,5695500,70.78487358093261,70.27681843150745,69.77720324198405,69.17839862823486,53.45148589171651,0.20049854840166756,0.0028539416971523103
2025-08-22,71.12969970703125,71.19722150546727,70.87890866102548,70.89819744943973,5828700,70.8264347076416,70.30263255726207,69.78781522115072,69.19412155151367,61.418910816290875,0.22047949261222147,0.003003305108058353
2025-08-25,71.03323364257812,71.11040350683997,70.98500063758364,71.02358556971457,5361700,70.86894187927246,70.32913208007812,69.79928398132324,69.2080031967163,58.50411891704599,0.2197913995502552,0.0029928008678804354
2025-08-26,71.12004852294922,71.14898538097287,70.98499758663385,71.04287866200416,4648300,70.8975227355957,70.36400562633168,69.81353244781494,69.22147541046142,60.328792387694975,0.20876853979682355,0.0027967493594151216
2025-08-27,71.18756866455078,71.19720937745363,70.98499594442566,71.05252509068258,6053900,70.93861274719238,70.39819030761718,69.82881825764974,69.23809688568116,61.73798970660308,0.21221375391047356,0.0027077214235435776
2025-08-28,71.2743911743164,71.30332803651723,71.14899565167147,71.17793251387229,5857300,70.98356285095215,70.43151383833451,69.84546012878418,69.25262191772461,63.53187038367955,0.2108363398594193,0.00270912921651463
2025-08-29,71.18756866455078,71.25509045148488,71.1489837349709,71.2068574496793,7736300,70.99369049072266,70.45925112637606,69.85868949890137,69.26605686187744,60.478286003115436,0.21083611806055863,0.0019685219993072997
2025-09-02,71.0356216430664,71.06465409390546,70.94851690691473,70.9775493577538,6222400,70.99380989074707,70.47952131791548,69.8728671391805,69.27938804626464,55.45483425787481,0.21757612461889206,0.0020279274866002784
2025-09-03,71.26789093017578,71.34531572399811,71.0743363292547,71.08400889075644,6005100,71.0040958404541,70.508544921875,69.89016660054524,69.29594249725342,60.81314015351733,0.21902756810230425,0.0021549478742323184
2025-09-04,71.53887939453125,71.54855934089493,71.34532476907154,71.42274957270969,8842600,71.03082427978515,70.54493491432883,69.90798447926839,69.31399242401123,65.95812496741158,0.22116113980184945,0.002289642176851952
2025-09-05,71.87760925292969,71.97439395679807,71.85825674233776,71.89696914715786,6321800,71.07593688964843,70.58347611860795,69.93004856109619,69.33382984161376,71.07099236818944,0.238489512530949,0.0024778375412629976
2025-09-08,72.1098861694336,72.11955873324511,72.01310884586293,72.03246135712246,6414400,71.14037971496582,70.62554362903941,69.95325736999511,69.3547348022461,73.95928514162526,0.23303446355681043,0.0024499761189610498
2025-09-09,71.97438049316406,72.11954275453986,71.9066356433104,72.07115779529288,6613200,71.19563522338868,70.66427612304688,69.9747044245402,69.37463432312012,69.59397182921217,0.2379066867938978,0.002527938616183183
2025-09-10,72.1001968383789,72.21633404173072,72.04213192852076,72.0905168921907,5680700,71.25669975280762,70.70215995094993,69.99546012878417,69.39455356597901,71.28847813338531,0.24554311246801216,0.0025321212432348876
2025-09-11,72.25505065917969,72.3518279758024,72.16794590567407,72.16794590567407,6437200,71.31248512268067,70.73902601762252,70.01726894378662,69.4156220626831,73.26343937860125,0.24560250605017991,0.0024648559260498732
2025-09-12,72.1679458618164,72.17762580856358,72.03245614189976,72.13891340521083,5493000,71.37404327392578,70.77395935058594,70.03882637023926,69.43644245147705,70.33278235381239,0.23118605195532535,0.002362873516135796
2025-09-15,72.30342864990234,72.32278854154065,72.24536374225796,72.25504368807712,7193600,71.4471981048584,70.80769708806818,70.06404355367025,69.45779975891114,72.19579140541154,0.2319105955465131,0.0023129222547182663
2025-09-16,72.3131103515625,72.36149531456256,72.24536549645406,72.30343040550831,7012200,71.52469635009766,70.84457314231179,70.08862972259521,69.4760657119751,72.32951473347357,0.22849216867290473,0.0022698225197673384
2025-09-17,72.1872787475586,72.50665045067059,72.1292138501324,72.3905206558182,8872000,71.58915061950684,70.87410833185369,70.11343262990316,69.49431175231933,67.76765609225731,0.2402938234950633,0.002345627622291685
2025-09-18,72.00341796875,72.08084276930853,71.89696071389085,71.99373802277134,7641400,71.64200019836426,70.90126190185546,70.1369405110677,69.51070125579834,61.649252343645834,0.25000708412520517,0.002469559121457611
2025-09-19,72.0324478149414,72.05180032256264,71.94534307155804,72.01309530732017,5295700,71.70498275756836,70.93034140846946,70.15736878712973,69.5259706878662,62.229099233988606,0.24865349924371166,0.0023553857499878355
2025-09-22,71.89695739746094,72.01309459294161,71.87759750639664,71.99373470187732,7813900,71.74334564208985,70.96010381525213,70.17563985188802,69.54036067962646,57.83397580579184,0.2426391100229058,0.0022168697768564965
2025-09-23,72.04212951660156,72.0518020788304,71.91631237127382,71.97438466282327,6492000,71.79379043579101,70.99670118852096,70.19329579671223,69.55627548217774,61.011395419226616,0.2315784386256031,0.0021933594687349907
2025-09-24,71.89695739746094,71.98405475634517,71.86792494449952,71.97438219444805,5158400,71.8326358795166,71.03135833740234,70.210218111674,69.57028938293458,56.43186444399171,0.2239738787243815,0.0022714545625005457
2025-09-25,71.81954956054688,71.82922950836493,71.68405982564124,71.80019704854755,7402700,71.8642349243164,71.05953868519177,70.22348028818766,69.58386917114258,54.10004938347194,0.20807266512101563,0.002297538223370112
2025-09-26,71.81954956054688,71.93568678345318,71.76148464091212,71.82922950836493,5531400,71.89149284362793,71.08754452792081,70.2362663269043,69.59650901794434,54.10004938347194,0.20323356956570393,0.0022920618565516232
2025-09-29,72.00341796875,72.04213036902927,71.89696071389085,71.9163132222128,5534500,71.93228530883789,71.12413732355292,70.25764617919921,69.61110221862793,58.790926979262466,0.2039245479409126,0.0023087452884643827
2025-09-30,71.97438049316406,72.13890264514654,71.94534065725404,72.03244539771438,8840700,71.97922325134277,71.16037694757635,70.28211657206218,69.6259262084961,57.78653107836612,0.2004680078927592,0.0022331307761955126
2025-10-01,72.15592956542969,72.19476572333059,72.04913198301212,72.15592956542969,8762900,72.02362518310547,71.20376295609908,70.30675099690755,69.6424100112915,62.1414354829373,0.19823615737440495,0.0021930385224823577
2025-10-02,72.23360443115234,72.25301880716827,72.08797068569284,72.1268068449647,7155600,72.05836143493653,71.2461142800071,70.33663469950358,69.66064533233643,63.859324149388016,0.19412570053122685,0.0020659798945774034
2025-10-03,72.14622497558594,72.28214783649112,72.12681059855964,72.2530225673315,8372400,72.07179222106933,71.28652718283914,70.36642481486003,69.67980674743653,60.531750970996484,0.19416102611745803,0.0018374004958813617
2025-10-06,71.98117065429688,72.1170935035111,71.97145976299879,72.01029592095139,8688800,72.0653564453125,71.32184143066407,70.3915864944458,69.6977668762207,54.73033928293053,0.1983492685802182,0.0017694666259897547
2025-10-07,72.11711120605469,72.18507264734426,72.02973538464306,72.05886065844693,7229500,72.07249298095704,71.35595675381747,70.41645278930665,69.71635967254639,58.277098936772575,0.18595393947373193,0.001769281297668229
2025-10-08,72.11711120605469,72.24333060219357,72.09769682593263,72.23361970851175,6298400,72.07333869934082,71.38797427090732,70.43973229726156,69.7376316833496,58.27709893677258,0.1756193496589599,0.0017262639450295577
2025-10-09,72.06857299804688,72.0976982724351,72.02002593590537,72.07827648468181,9071000,72.06401481628419,71.42173101251775,70.46387685139975,69.75960098266602,56.445795972189956,0.17494992245501148,0.0016565053082740384
2025-10-10,72.35011291503906,72.40837086353622,72.19477566927506,72.26273710315445,7202600,72.07312316894532,71.46218012029475,70.49354127248128,69.78194389343261,63.59233849368172,0.1881604622367671,0.0018630063385801222
2025-10-13,72.46662139892578,72.46662139892578,72.28215147530776,72.36953469442604,4358400,72.08128280639649,71.50160092440518,70.52314516703288,69.8059504699707,66.0732454331123,0.19027655096880686,0.0018507258436347618
2025-10-14,72.57343292236328,72.60255819857805,72.39867385783245,72.456924410262,6550100,72.09429893493652,71.54506170099432,70.55244897206624,69.83000541687012,68.2118393640817,0.19239653444334692,0.0018755607667743559
2025-10-15,72.5248794555664,72.68993501828467,72.48605069553548,72.5928408964828,6264800,72.11117897033691,71.58099712025036,70.57809505462646,69.85358180999756,66.1699434725422,0.19175273093831077,0.0018326088179596025
2025-10-16,72.79671478271484,72.8161291579715,72.49573641193889,72.49573641193889,8485100,72.15084381103516,71.62519614479758,70.60410219828287,69.8792247390747,71.34227022281954,0.20219491690199273,0.0018698876385461094
2025-10-17,72.69962310791016,72.73845926695765,72.63166168138703,72.72875578262573,20337500,72.1842025756836,71.66745494495738,70.62787195841472,69.90306186676025,67.37973351736898,0.19808579496238007,0.0019167961060076364
2025-10-20,72.79671478271484,72.80641826672331,72.72875335845698,72.7675821089703,6287200,72.22919044494628,71.7003949252042,70.65094350179037,69.92795024871826,69.22079564989727,0.19188816431385497,0.0018433235572165687
2025-10-21,72.88410186767578,72.96177419520868,72.86468748941297,72.9132271386904,6179900,72.2712890625,71.73404707475142,70.67513993581136,69.95313423156739,70.81725207086734,0.1879363201943767,0.001819639542174164
2025-10-22,72.88410186767578,72.89381276042761,72.78701516188009,72.84526570390933,7164500,72.32064628601074,71.76717307350852,70.70096015930176,69.97874252319336,70.81725207086734,0.18377556855666807,0.0017213605746432266
2025-10-23,72.73847198486328,72.8355586958371,72.71905760556503,72.80643342326907,6041700,72.36659240722656,71.79870328036222,70.72843227386474,70.00395278930664,64.36485495862685,0.1844689274266165,0.0017822060967138897
2025-10-24,72.83556365966797,72.86469634146265,72.72877345538777,72.85498544753109,6912300,72.41739311218262,71.83252521861684,70.75750954945882,70.03082748413085,66.55290191120702,0.18169447553288315,0.0017820735270374156
2025-10-27,72.8743896484375,72.8743896484375,72.709341510865,72.77730294440902,7706600,72.460941696167,71.86985903653232,70.7856367111206,70.05751895904541,67.41454442466338,0.17891920014182006,0.0017277758688824894
2025-10-28,72.91321563720703,72.93263741964705,72.825839837946,72.85496510436636,7399700,72.50788345336915,71.90702167857776,70.81297302246094,70.08614933013916,68.29415943114003,0.17614518624468495,0.001711692168405307
2025-10-29,72.55400848388672,72.89381567136189,72.53458669760748,72.88410477822227,8938700,72.527787399292,71.93747808283025,70.84042027791341,70.11331367492676,53.81930897894447,0.19625544834827277,0.00205808876996554
2025-10-30,72.42778778076172,72.54429627459993,72.33070107285039,72.34041196581383,7109500,72.53749656677246,71.96090434681285,70.86633803049723,70.13961124420166,49.823241591475025,0.18793470160162887,0.0020964998047144
2025-10-31,72.40838623046875,72.50547295558066,72.36955005897552,72.48605857345521,7106700,72.5506046295166,71.9876607721502,70.89408429463704,70.16312393188477,49.21830223913009,0.18446705681499406,0.0020751437267550795
2025-11-03,72.32460021972656,72.3635638591062,72.24667294096729,72.31485745199306,7085100,72.56777610778809,72.01464746648615,70.92137101491292,70.18555751800537,46.58760995928301,0.18145483886898411,0.002018917931485389
2025-11-04,72.36356353759766,72.44149081601071,72.31485713070093,72.33434266608134,11476200,72.58009872436523,72.04374597722834,70.95097230275472,70.2080916595459,47.98006858116862,0.17593693619474088,0.001983150492061154
2025-11-05,72.15901947021484,72.33435215386469,72.12005582589762,72.31486661592844,10862500,72.58219413757324,72.06667008833452,70.97576478322347,70.22861278533935,41.816854070757664,0.17044514802812824,0.002093725851571354
2025-11-06,72.44149017333984,72.47071104459692,72.35382012801436,72.3733056632219,6461200,72.6008399963379,72.09385306618431,71.00251324971516,70.25125347137451,51.14917252949715,0.18091932467486163,0.002257419475472316
2025-11-07,72.40251922607422,72.49992459761701,72.33433472283892,72.33433472283892,7073200,72.60346031188965,72.1234843860973,71.02909615834554,70.2742180633545,49.958602711567394,0.1851189472437856,0.00209233111539326
2025-11-10,72.38304901123047,72.44149819176852,72.35382813673897,72.39279177991266,7235100,72.59928169250489,72.14627255526456,71.05655167897542,70.29642513275147,49.340677619839795,0.17959113599633675,0.002059963794986054
2025-11-11,72.58759307861328,72.59733584602229,72.49018769918537,72.52915133726735,5229400,72.59998970031738,72.17453363591974,71.08929373423258,70.3178630065918,55.55946430795261,0.1872689385852157,0.0021336611237511805
2025-11-12,72.5583724975586,72.607078903244,72.50967352342731,72.54863716166481,7129700,72.60166435241699,72.20068498091264,71.12020015716553,70.33934349060058,54.529634370073964,0.18243758984992553,0.0021300140955611414
2025-11-13,72.34407043457031,72.48044687330446,72.34407043457031,72.43174047150272,7105100,72.57903213500977,72.2217122858221,71.14844512939453,70.35994102478027,47.56613536085258,0.18803610248659705,0.0020386968848888315
2025-11-14,72.2369384765625,72.49019098825497,72.2369384765625,72.47071288410726,6473000,72.55589790344239,72.23921314586292,71.1730909983317,70.37953140258789,44.50632809490896,0.19433641492373763,0.0020428472265505166
2025-11-17,72.27590942382812,72.35383671941929,72.26617408554618,72.28565219366601,6908300,72.52985763549805,72.25900115966797,71.19933522542318,70.39978813171386,45.87040110630643,0.19505789072057667,0.0020165372234738285
2025-11-18,72.33434295654297,72.45122644307759,72.256415677817,72.40252746753961,8009200,72.5023696899414,72.28261427445845,71.22399679819743,70.42002952575683,47.9368764999565,0.18192802112493617,0.002002460426093621
2025-11-19,72.30512237548828,72.4414913980296,72.27589407218284,72.41226309472415,7527500,72.47342071533203,72.30147302800958,71.24730052947999,70.43965179443359,46.971185162827005,0.1778058721828241,0.002000498236545081
2025-11-20,72.41226959228516,72.47071877258635,72.3635706121817,72.38304871791208,8461100,72.45711059570313,72.31735284978693,71.27277501424153,70.45805934906006,50.87882126143738,0.17992540793231931,0.0020052246072234446
2025-11-21,72.58759307861328,72.61682138084034,72.47070959592142,72.61682138084034,6818400,72.4447120666504,72.33026164661754,71.30034929911295,70.47772190093994,56.524206647633456,0.18298530072187041,0.0020635061497473292
2025-11-24,72.71422576904297,72.7434466393176,72.61682039094288,72.68500489876834,5734400,72.43670387268067,72.34124963933772,71.32538515726725,70.49905841827393,60.091815293409034,0.18507243467862264,0.0021025952305723152
2025-11-25,72.87982177734375,72.94800629089715,72.76293085487166,72.76293085487166,7446200,72.4350341796875,72.35771220814098,71.35291900634766,70.52112827301025,64.22596613859452,0.18437763540391927,0.0021658112648716954
2025-11-26,72.9577407836914,72.9577407836914,72.74344449924328,72.84084987447777,7327100,72.45522079467773,72.37330391623757,71.38421681722005,70.54415542602538,66.01019766729019,0.17742082898006523,0.001841727002665354
2025-11-28,72.84085845947266,72.9382638461873,72.77267394561694,72.91878574146622,4812100,72.47587432861329,72.383954967152,71.41366221110026,70.56834873199463,61.08831183015151,0.17881204064409165,0.0018340282794094753
2025-12-01,72.5564956665039,72.60535824169821,72.51740709742491,72.57603622335229,6891500,72.48327980041503,72.3910195090554,71.43961970011394,70.58908584594727,51.10465625828318,0.1956535625739631,0.002058318526896313
2025-12-02,72.6249008178711,72.66398938803695,72.52718312014768,72.55649768392647,6756900,72.49829483032227,72.39686445756392,71.46431039174398,70.60907691955566,53.09071022022709,0.19011923636663802,0.002044101496633857
2025-12-03,72.73237609863281,72.77146465997227,72.64442497177384,72.71283554565346,9774000,72.51673545837403,72.40448747114702,71.4877405166626,70.63088275909423,56.10732629284056,0.19363055510124383,0.002062834297176858
2025-12-04,72.59558868408203,72.67376582703056,72.566274119322,72.66399182031633,7337500,72.53856391906739,72.41191128817472,71.51210714975993,70.65153144836425,51.562499075658074,0.19018769198142443,0.001998264617280388
2025-12-05,72.50762176513672,72.63466145864459,72.45876665295614,72.6151134494675,7270500,72.54187049865723,72.42107862992721,71.53685874938965,70.67131454467773,48.82354329104065,0.1846621415525657,0.0018326109687233387
2025-12-08,72.40013122558594,72.51739691635944,72.2926469949367,72.50762291161637,8585700,72.54175109863282,72.42776378284802,71.5588778177897,70.68904628753663,45.63367979126267,0.19236583287870498,0.0018604429456331101
2025-12-09,72.35128021240234,72.51740102554213,72.32196565189315,72.51740102554213,6665200,72.5401626586914,72.43602419766513,71.58017037709554,70.70606063842773,44.21968924124402,0.19241044776359015,0.0018657357306184356
2025-12-10,72.56626892089844,72.57603547153033,72.312196952208,72.32197095822205,8771100,72.53909645080566,72.44555400501598,71.60285517374675,70.72197380065919,51.36235479503824,0.1994276758689882,0.0018776717222264902
2025-12-11,72.56626892089844,72.73238974622666,72.54672090887031,72.7128491895807,8924600,72.53949127197265,72.45772330544212,71.62410252888998,70.73736652374268,51.36235479503823,0.20086142160172216,0.0018754325200839549
2025-12-12,72.34150695800781,72.40013607963475,72.32196640259274,72.36105496880458,8117600,72.53936309814453,72.4672134399414,71.64171994527182,70.75206127166749,44.4596134443012,0.2037007594410452,0.0018876182158770783
2025-12-15,72.42945098876953,72.54670922051757,72.3903624263932,72.47830610020422,10495500,72.54898872375489,72.47830255681818,71.65991026560465,70.76572914123535,47.436285275060165,0.20722566671286252,0.0018725258914077077
2025-12-16,72.56626892089844,72.57603547153033,72.37082607752804,72.42946265823024,6999300,72.56350669860839,72.4885362104936,71.67756373087565,70.77927917480469,51.767257098831045,0.20518487186629894,0.0019117803105821061
2025-12-17,72.5467300415039,72.57604460785423,72.4783269015588,72.48810090880328,10071300,72.57412605285644,72.49894256591797,71.69641208648682,70.79372791290284,51.119477850509654,0.19685783056967768,0.0019089794281798463
2025-12-18,72.7006607055664,72.74967891410678,72.64182838294013,72.7006607055664,6940500,72.59390296936036,72.50884676846592,71.71422723134359,70.81018005371094,55.81082864703831,0.19813511875027853,0.001953545269268048
2025-12-19,72.59280395507812,72.68104121105308,72.57319068912642,72.62221637373645,7540400,72.6029296875,72.51537766890092,71.73158416748046,70.82637771606446,52.041866233995904,0.18413645120686692,0.001969565261455044
2025-12-22,72.57318878173828,72.5928020471745,72.52417057868581,72.58299541445639,9855300,72.60220947265626,72.52314064719461,71.74941844940186,70.84285682678222,51.362538542991146,0.1792669589570843,0.0018950543431625728
2025-12-23,72.56338500976562,72.57318416159086,72.40650881733904,72.41631544943284,10188700,72.59466743469238,72.53372636274858,71.76861311594645,70.85767353057861,51.00417983798513,0.18070382483551736,0.0018496179175524125
2025-12-24,72.73987579345703,72.74967494646874,72.60261284859826,72.63202526817236,5341700,72.58767013549804,72.5450493552468,71.79120146433512,70.87470138549804,56.84194778920763,0.1821458217921109,0.0018603974995116078
2025-12-26,72.73987579345703,72.82811305217933,72.69085010732056,72.79870063260523,6730500,72.57677688598633,72.55637234774503,71.8141103108724,70.8924409866333,56.84194778920763,0.17938640316142035,0.0018404562576515592
2025-12-29,72.84772491455078,72.84772491455078,72.75948017725999,72.80850586245147,9105700,72.57712020874024,72.57053874622692,71.83559443155924,70.90967594146728,60.20247777839529,0.17103634599506382,0.0018414351997058753
2025-12-30,72.81830596923828,72.83791923567955,72.73006871106087,72.7790943968946,7743200,72.59021072387695,72.57905134721236,71.85675341288248,70.92761787414551,58.85620408276674,0.16548069098370227,0.0016008668715990718
2025-12-31,72.62222290039062,72.79870490847044,72.61241626653344,72.72026679815276,8846700,72.59007682800294,72.58188046542081,71.87868181864421,70.94410484313966,50.71557401983987,0.1613414897967382,0.0017123772522706297
2026-01-02,72.59280395507812,72.71046110998064,72.57319068912642,72.68104121105308,7453500,72.58309822082519,72.58223266601563,71.9004451751709,70.96006519317626,49.60696073784596,0.1578844600465865,0.0016781446454631305
2026-01-05,72.73006439208984,72.7594768097357,72.63202050651398,72.66143292415984,11059100,72.58982200622559,72.58596330122514,71.92511488596598,70.97566795349121,54.59412572629114,0.15233948407172043,0.001678792381034027
2026-01-06,72.73006439208984,72.73987102472813,72.58299482359156,72.68103870916742,9079000,72.60094413757324,72.58475147594105,71.94866307576497,70.99112831115723,54.59412572629114,0.1488876225450641,0.0016508259011808332
2026-01-07,72.80850982666016,72.8673346678773,72.74967750517327,72.84772888089483,11576600,72.62136306762696,72.58673123446378,71.97270469665527,71.00726558685302,57.38920713825265,0.14403482838686138,0.001616132207314744
2026-01-08,72.6810531616211,72.73007885429216,72.65164073812664,72.67125400730326,9906800,72.63785171508789,72.58462829589844,71.99472274780274,71.02428401947022,51.80880431125042,0.14825992711815314,0.0016667812462691617
2026-01-09,72.83792877197266,72.9065602529638,72.68105254098123,72.73007823323366,10536800,72.6514347076416,72.58378878506747,72.0163657506307,71.04165981292725,57.31091959605597,0.1498712727881316,0.0016051413078074846
2026-01-12,72.769287109375,72.84772521389594,72.71046227111897,72.75948047624254,9851000,72.66158561706543,72.58170124400746,72.03647524515787,71.05945159912109,54.385026990219934,0.15057076752648765,0.0016246661365641065
2026-01-13,72.82810974121094,72.86732879228322,72.76928490473708,72.85752215944787,11835200,72.68591575622558,72.5833310213956,72.05827655792237,71.07767978668213,56.43748955565684,0.15267151832318962,0.0014390686459248632
2026-01-14,72.97517395019531,73.00458636627091,72.86732343773905,72.86732343773905,8765900,72.71320190429688,72.58586939031427,72.08202457427979,71.09465038299561,61.14471640942512,0.15337127979895676,0.001475672089889359
2026-01-15,72.8673324584961,73.01440203734946,72.8673324584961,72.99478877069194,9959500,72.72825508117675,72.58574107776988,72.10343170166016,71.11046489715577,56.337299027007596,0.15056982566683125,0.0014860407172651376
2026-01-16,72.74966430664062,72.87712807984578,72.73005852321512,72.86732144799883,16105100,72.7384017944336,72.58276741721413,72.12481981913248,71.12459613800048,51.57265847660322,0.15127029793625116,0.0015383285634048306
2026-01-20,72.48495483398438,72.58299872482996,72.45554241475763,72.46534904792301,12982700,72.7276165008545,72.58151189630682,72.14095751444499,71.13768951416016,42.80265000911643,0.16457549584976863,0.0016805896273086587
2026-01-21,72.69084167480469,72.71045493909183,72.50455306541988,72.5633853780127,11453200,72.73251838684082,72.58629469438033,72.16033312479655,71.15000328063965,49.9339342816201,0.17227863167959306,0.0017750979850895585
2026-01-22,72.72026062011719,72.75947967194412,72.60261094490565,72.64182251646331,13512400,72.73987197875977,72.59196513782848,72.17987372080485,71.16217845916748,50.87639927172187,0.16877713341770978,0.0017747257322116238
2026-01-23,72.7987060546875,72.8085126886991,72.6712497336169,72.74968036489956,8079700,72.75163803100585,72.60058524391867,72.1949878056844,71.17898281097412,53.39566145419194,0.16877660014827914,0.0017868781391795242
2026-01-26,72.88693237304688,72.92615142293289,72.8575199556996,72.88693237304688,7137300,72.75899085998535,72.61010104092685,72.21043529510499,71.19822780609131,56.12120446087539,0.1659746368331229,0.0017250954254009023
2026-01-27,72.82810974121094,72.92615362875708,72.79869732297401,72.85752215944787,9827900,72.76340255737304,72.62226631858132,72.22515144348145,71.21636936187744,53.85957930547208,0.16387321573644442,0.0017370143900262475
2026-01-28,72.7987060546875,72.8085126886991,72.70066215538166,72.7888994206759,9328300,72.76095161437988,72.62876115278765,72.24010473887125,71.23712509155274,52.71596953574799,0.16317159502514553,0.0017067672546319933
2026-01-29,72.80850982666016,72.8673346678773,72.69085266395612,72.70065929758222,16397300,72.76046180725098,72.63614280007103,72.2553810119629,71.25831058502197,53.073742010169475,0.1645725175528361,0.0017048435619965504
2026-01-30,72.77908325195312,72.84771471344891,72.72025094190796,72.79868903512266,8977500,72.7683048248291,72.64334342262961,72.27169812520346,71.27739715576172,51.806647184783216,0.15756937894986273,0.001587753325833795
2026-02-02,72.705322265625,72.83320065468054,72.68564404882216,72.82336154627912,8636400,72.77393074035645,72.64548395330256,72.28699855804443,71.29525798797607,48.67002191918811,0.15830464059853508,0.001603869342273344
2026-02-03,72.72499084472656,72.73482995283945,72.6364538817916,72.65613209801737,11287100,72.77367706298828,72.64851337779652,72.30238259633383,71.31226509094239,49.54721113153893,0.15832836799151448,0.001547445257006999
2026-02-04,72.69548034667969,72.75449998472494,72.64629231161503,72.68564123865866,11709600,72.77194786071777,72.65490264892578,72.31535040537516,71.32988636016846,48.215836895805026,0.15345201428079594,0.0015500707682699689
2026-02-05,73.01026153564453,73.02993224591268,72.80368530514835,72.85286583333878,12216700,72.78203544616699,72.66896306818182,72.33262939453125,71.3509857559204,60.43000397267493,0.16683646573648353,0.0018188629516062908
2026-02-06,73.02009582519531,73.03976653416551,72.9217197652253,73.02009582519531,8257200,72.7989875793457,72.68249373002486,72.35079409281413,71.37151546478272,60.74154767169769,0.16476340947287987,0.0017637470033828725
2026-02-09,73.0397720336914,73.05944274414271,72.93156436360864,72.96107418180571,9429800,72.80907974243163,72.69531971324574,72.36976598103841,71.39142944335937,61.3964304027714,0.15288887294795675,0.0017048772218436184
2026-02-10,73.25619506835938,73.30537560217346,73.2168461382835,73.23651685080092,8288400,72.83342514038085,72.71261194402521,72.38941599527995,71.41047367095948,67.76577011263174,0.1557534060461419,0.001795653309405496
2026-02-11,73.10862731933594,73.26602301566152,73.07911750253486,73.09878821205562,7968800,72.8474510192871,72.72527299360796,72.4074343363444,71.42763751983642,60.442846404449874,0.15789889076672686,0.0018660465210003612
2026-02-12,73.4430923461914,73.4627630564955,73.21683789997336,73.24634771794959,9884300,72.87084693908692,72.74082752574574,72.42968680063883,71.44561672210693,68.69897778993654,0.17338980377225358,0.00207358021985777
2026-02-13,73.65950012207031,73.6791783373992,73.5906413784996,73.62015119645274,8307900,72.91045532226562,72.75801433216442,72.45076847076416,71.4637735748291,72.67316026546642,0.18114984826956768,0.002107236442249205
2026-02-17,73.64966583251953,73.68901475670155,73.6103169083375,73.66933654209059,9689000,72.95545539855956,72.77201149680398,72.472572072347,71.48211925506592,72.22438598994037,0.1776671013110668,0.0020527327904574532
2026-02-18,73.57096862792969,73.6398273695908,73.55129041314653,73.57096862792969,6972500,73.00975608825684,72.78316109397194,72.49299640655518,71.50104572296142,68.57499264142761,0.1755905179927615,0.0018419253064879287
2026-02-19,73.60047912597656,73.62998894338435,73.50211056627062,73.50211056627062,8147900,73.05523796081543,72.79697237881747,72.51310399373372,71.52183902740478,69.20340034676884,0.17211883036365805,0.0017754664779101692
2026-02-20,73.59064483642578,73.62015465576555,73.47260555906671,73.62015465576555,9131300,73.09875717163087,72.81577509099787,72.53240610758463,71.54306079864502,68.71029573236784,0.17355349644636472,0.0017830223627885394
2026-02-23,73.74803924560547,73.79721977529086,73.62015335733462,73.62015335733462,6286900,73.14622383117675,72.83619578968396,72.55374336242676,71.56430534362794,72.13274358814724,0.17776909166112834,0.001813602790225684
2026-02-24,73.70869445800781,73.74804338699003,73.6693455290256,73.72836516997852,9854400,73.1873119354248,72.85394703258167,72.57601896921794,71.58468452453613,70.06951623219547,0.17636350501231238,0.0018270638123927803
2026-02-25,73.68901824951172,73.7480378860623,73.64966932346456,73.65950092619617,7002000,73.23035736083985,72.87382757013495,72.5961950302124,71.60682792663575,69.00649123791052,0.17566071140429987,0.0018096676547027148
2026-02-26,73.79721069335938,73.80704980010175,73.70868124779642,73.70868124779642,14876200,73.28028259277343,72.89727464155717,72.61501445770264,71.62922569274902,71.56133183639122,0.1602021150726602,0.001804003791676183
2026-02-27,73.94477081298828,74.00379795122781,73.9054218891752,73.92510010360165,8500900,73.33709564208985,72.92535899769176,72.63224080403646,71.65355537414551,74.63265067914789,0.166526435710391,0.0018222773662425046
2026-03-02,73.64678955078125,73.74545737820914,73.55799076445795,73.72572682387263,8732600,73.38048095703125,72.94891371293501,72.64504833221436,71.6765383529663,60.43785004001226,0.1850194119958378,0.0021043792269466086
2026-03-03,73.56785583496094,73.66653119503283,73.32118249052732,73.34092057369092,8939900,73.42360763549804,72.96712438409979,72.658327293396,71.7003205871582,57.32741547550829,0.19071549314037078,0.0021067632700662794
2026-03-04,73.51852416992188,73.60732295871159,73.50865512854317,73.57772336244835,11305400,73.46328430175781,72.98443811590022,72.67014668782552,71.72199359893798,55.40815610383773,0.18441280150049671,0.0021247530281840277
2026-03-05,73.35077667236328,73.38038379492296,73.25210884744848,73.2915774829889,10025800,73.496049118042,73.00278847434303,72.67927773793538,71.74258911132813,49.357041396043805,0.1781470575943414,0.0022086778066959484
2026-03-06,73.25211334228516,73.42971844917885,73.08437727685026,73.13371495627133,10878000,73.50814170837403,73.01774597167969,72.6883124669393,71.7627868270874,46.16369071575366,0.18595099910297005,0.002042392712597674
2026-03-09,73.45932006835938,73.50865774913895,73.1238479282525,73.16331656730152,8201800,73.53010292053223,73.03398326526988,72.69794489542643,71.78464149475097,53.03589840352914,0.20781613999742632,0.0021272013590845594
2026-03-10,73.23239135742188,73.45932664242126,73.22252231480812,73.40012744248644,8622900,73.53973388671875,73.04644983465022,72.70560557047526,71.80751071929932,46.09598047857032,0.2177039191574366,0.0022584349295067608
2026-03-11,72.90676879882812,73.11397349264436,72.86730016269085,73.10410445164189,9003400,73.52226257324219,73.0501972545277,72.7116013209025,71.82779655456542,38.34282885810109,0.2346476918443859,0.0023746835480141044
2026-03-12,72.64036560058594,72.84757029635851,72.5811588818847,72.79823261875293,12383500,73.49884948730468,73.05106201171876,72.71690921783447,71.8462250137329,33.39409069786973,0.24736632186185606,0.0024658498102862088
2026-03-13,72.57129669189453,72.81797002187668,72.53182805575267,72.75876330372758,7060100,73.45525970458985,73.05102761008523,72.72139962514241,71.86268432617187,32.23255412630439,0.25304968095177977,0.0021819522671469855
2026-03-16,72.84757232666016,72.89690247776791,72.75876601006958,72.84757232666016,7716600,73.41466331481934,73.05619465221058,72.72932141621908,71.88128917694092,41.06323578399138,0.27068596151670477,0.002262439138453035
2026-03-17,72.99557495117188,73.02517454624142,72.9462372741409,72.9462372741409,5948100,73.38195877075195,73.06084372780539,72.7372667948405,71.89939228057861,45.18412533249382,0.27634550844409894,0.0023341643416469548
2026-03-18,72.69956970214844,72.9659736067447,72.68970066038615,72.91664345367964,9210900,73.3383888244629,73.06011088978161,72.74395523071288,71.91534675598145,39.27012139973464,0.28976284702950544,0.0024679644876367964
2026-03-19,72.77850341796875,72.87717124714223,72.52196103981942,72.54169159450498,8861500,73.2972900390625,73.05885231711648,72.75194651285807,71.9324626159668,41.470114030310164,0.3003787719905325,0.00248714793709532
2026-03-20,72.19634246826172,72.5515526364199,72.18648095594266,72.53182208390977,12983200,73.22757492065429,73.04754388982599,72.7550864537557,71.94705093383789,32.20406301650176,0.31503894438308727,0.0029878827454642844
2026-03-23,72.47262573242188,72.63050028656299,72.26542102601647,72.32462774775593,14898800,73.16380424499512,73.04482394131747,72.75899651845296,71.96086444854737,39.15266175996324,0.32138245251135594,0.0031014623007362733
2026-03-24,72.28515625,72.43316175668471,72.14701978452702,72.20621897605179,11800800,73.09262733459472,73.03923034667969,72.7615863164266,71.97441143035888,36.42463012674542,0.3375923180632441,0.0031237339520647184
2026-03-25,72.56143188476562,72.64036916165523,72.47262556629654,72.59103148163096,9313300,73.03624801635742,73.03616430109197,72.76496550242106,71.99120857238769,42.75491169202885,0.3439350030048039,0.003300953911457459
2026-03-26,72.13715362548828,72.45289520602351,72.12728458388226,72.35422737358246,8602900,72.95324516296387,73.02538410533558,72.7641617457072,72.0053572845459,36.70974386181313,0.35027829790157383,0.003442666685872908
2026-03-27,72.13715362548828,72.23582145792933,71.96941755755118,72.00888619610221,13021800,72.86286430358886,73.01317762895064,72.76408615112305,72.01883506774902,36.70974386181313,0.34182073215098135,0.0033753356098749072
2026-03-30,72.50223541259766,72.62063380450341,72.44302868877143,72.50223541259766,10353800,72.80563659667969,73.00992639715021,72.76842835744222,72.03303615570069,44.535814201683465,0.359440435822552,0.003584273096310839
2026-03-31,72.66010284423828,72.79823932080397,72.59103460595543,72.6897024423776,10948300,72.76024894714355,73.00669319846413,72.77295328776042,72.04673286437988,47.55571134857588,0.3545056296422158,0.00364334569271954
2026-04-01,72.68980407714844,72.82841111144785,72.66010364887241,72.69970673774607,9624800,72.71881294250488,73.00524805242365,72.77772572835286,72.06182392120361,48.12795306312209,0.3432697975183692,0.0036504549834422057
2026-04-02,72.84820556640625,72.91750907321845,72.61058706860808,72.63039238684912,7975600,72.69368438720703,73.00561343106357,72.78422266642252,72.07837779998779,51.187000925792375,0.34475408598168095,0.0036759325038485365
2026-04-06,72.73930358886719,72.82840486605443,72.68979784364126,72.71949826937033,9844300,72.66804389953613,73.00132487903942,72.78746592203775,72.09328510284423,49.045523741726306,0.33281136718822474,0.003678246421042565
2026-04-07,72.84820556640625,72.86800333113158,72.52148579707055,72.759096741353,7270000,72.63748817443847,73.00097711736505,72.7906457901001,72.10854526519775,51.24227984015397,0.344876746793922,0.003629511413254231
2026-04-08,72.98681640625,73.21452470334918,72.93731066156785,73.20462959722565,5760200,72.62520942687988,73.00528897372159,72.79409065246583,72.12425888061523,53.96281516645373,0.3491942358051513,0.003607243505007483
2026-04-09,73.01651763916016,73.15512466158371,72.84821019100531,72.94721412794838,5646600,72.63069686889648,73.01495375199751,72.79818763732911,72.13925853729248,54.548043743857384,0.34574454032340796,0.0034642463538218727
2026-04-10,72.90760803222656,73.03631238958694,72.89770537288625,73.00661196508192,6334300,72.64405899047851,73.01889495849609,72.7991117477417,72.15265949249267,51.940684734953315,0.3133577228001648,0.0033741131799164253
2026-04-13,73.06603240966797,73.08583017809556,72.86801695780629,72.90762004817863,6438100,72.66879577636719,73.02518171830611,72.80216515858969,72.16675659179687,55.28864279085226,0.297904537227879,0.0033908297380379994
2026-04-14,73.2442398071289,73.25413491421499,73.04622436265443,73.10562521923833,5600100,72.68862915039062,73.03328233198685,72.80589453379314,72.18073852539062,58.76819368200814,0.2894977232040006,0.0033305882375326543
2026-04-15,73.14522552490234,73.19473127251645,73.08582467057867,73.16503084535461,6724300,72.69611167907715,73.03797857111151,72.80807056427003,72.19504001617432,56.15339557521849,0.27544073926792934,0.0033226831822698575
2026-04-16,73.03632354736328,73.22443633598763,72.9868253501317,73.21453367513449,7582500,72.71294937133788,73.04176427667791,72.80933907826741,72.20740741729736,53.3422105249886,0.26140243105168437,0.003200782134903925
2026-04-17,73.32342529296875,73.41253411539455,73.2739271058571,73.32342529296875,5806900,72.7401954650879,73.05130462646484,72.8142136891683,72.22147468566895,59.14858762541902,0.2692457644554785,0.0033021607899139925
2026-04-20,73.27393341064453,73.32343160201522,73.19472724023204,73.31353649585077,7609600,72.79407501220703,73.05976687344638,72.81786677042643,72.2356789779663,57.812948838044065,0.2439046346531961,0.0026698003508578414
2026-04-21,73.04621124267578,73.24422665158433,73.03630858385148,73.2046235698026,5852600,72.82275428771973,73.06462374600497,72.81929861704508,72.24960990905761,51.99509216823967,0.23973470026653437,0.0026985679493429495
2026-04-22,73.12541961669922,73.24422886563575,73.11551695757558,73.22442354738845,5936800,72.8647674560547,73.07226187966087,72.82106698354086,72.26509063720704,53.738922052501245,0.24185679710584854,0.0026082228124571687
2026-04-23,72.99671936035156,73.19472723284665,72.88781276442442,73.12542372212175,6181500,72.88653182983398,73.07720239812677,72.82475624084472,72.28012016296387,50.52720868260665,0.24185625880669498,0.002540976626346069
2026-04-24,73.12541961669922,73.15512004055442,72.92741175532073,73.01651302688633,5118200,72.93594512939453,73.08501947576349,72.83056983947753,72.29439910888672,53.51884905631653,0.2468062989830305,0.0021038696132755046
2026-04-27,73.00662231445312,73.11552892208732,72.96701922499369,73.06603072540076,6095200,72.97941856384277,73.08495330810547,72.8355551401774,72.30803607940673,50.48418796777777,0.23336936024335234,0.002162168059232791
2026-04-28,72.98681640625,72.98681640625,72.86800715112253,72.91751289580468,7242000,73.00364761352539,73.08434822776101,72.84107360839843,72.32301609039307,49.975404935403695,0.21710479069961405,0.0018956651537030101
2026-04-29,72.66010284423828,72.8185151979787,72.59079932785605,72.8185151979787,7207000,73.00364761352539,73.07744515158913,72.8435447692871,72.33641059875488,42.386755314737464,0.2234692626864389,0.0021252369930961456
2026-04-30,72.76899719238281,72.84820335591212,72.71949145179812,72.79869761532743,7829100,73.0076072692871,73.06858700838956,72.84862791697184,72.3514070892334,45.36462031456638,0.2270045123273781,0.0021500415388880294
2026-05-01,72.87032318115234,73.0391866136521,72.77099219606238,72.81072610579204,6933100,73.00871315002442,73.06425420587713,72.85220152537028,72.3662372970581,48.055076806579216,0.23074566954023673,0.0021160946539360687
2026-05-04,72.62199401855469,72.79085745591273,72.49286449206947,72.77099428971061,7912200,73.00284767150879,73.04932514537464,72.85403048197428,72.37972969055176,42.52774067600234,0.24285625079183046,0.0022282989331821905
2026-05-05,72.75112915039062,72.82066160515826,72.69153206872384,72.7014674418247,8336200,72.99799385070801,73.03280930952592,72.85709781646729,72.39329090118409,46.00571043149795,0.2457314257956408,0.002239614026621094
2026-05-06,73.05905151367188,73.07891467771364,72.97958370056928,73.00938223586581,7658300,73.0016056060791,73.02207086736506,72.86102663675943,72.40738231658935,53.26785298120162,0.2521724644718607,0.0024020137842615374
2026-05-07,72.87032318115234,73.15838834284109,72.83058927142268,73.15838834284109,9777000,72.99429588317871,73.00933185924183,72.86362622578939,72.41995319366455,48.92451135875294,0.24871450042808516,0.002470844139081679
2026-05-08,73.05905151367188,73.11864858426493,73.02924539990757,73.06897930645887,7382800,73.00186805725097,72.9994877208363,72.86958440144856,72.43418869018555,53.047413285836775,0.257258860523043,0.0025177330403189494
2026-05-11,72.88026428222656,73.00939381514738,72.87032890939605,72.97959527512481,9494200,72.99257965087891,72.98657171075995,72.8749454498291,72.44796295166016,49.01123621603928,0.2537658446289553,0.002530100957073427
2026-05-12,72.66172790527344,72.74119572699266,72.64185716060933,72.72132498232855,7431700,72.96345405578613,72.96682059548118,72.87816060384115,72.45977920532226,44.5493425023521,0.25665080881875973,0.0025323184234145968
2026-05-13,72.6915283203125,72.70146369290103,72.5425280453597,72.64185903583864,10761000,72.94076919555664,72.9483266657049,72.88113714853922,72.47232139587402,45.28089551375538,0.24608089304155303,0.0025279645101798495
2026-05-14,72.67166137695312,72.89018651326279,72.66172600488092,72.73125845244954,6262500,72.92253608703614,72.92982926802202,72.8841916402181,72.48293754577637,44.856028178801495,0.24613462326642324,0.0025126464972836738
2026-05-15,72.25445556640625,72.35378654684735,72.2147216585362,72.33392338214634,12189900,72.86908760070801,72.90177917480469,72.88287652333578,72.49238098144531,37.00386373213888,0.26745886088866555,0.0025955530020143687
2026-05-18,72.20479583740234,72.37365926661083,72.1054572757802,72.2941914487004,8771700,72.8156307220459,72.87014326615767,72.87968654632569,72.50152801513671,36.191750036656714,0.2767150628529537,0.0025955405201941
2026-05-19,71.96640014648438,72.0657387188219,71.85713377968834,71.9862708923395,13221200,72.76164016723632,72.83959073153409,72.87345466613769,72.50643493652343,32.50381823426841,0.2732611328043859,0.002605225008484446
2026-05-20,72.36372375488281,72.41339303559788,71.97632761640358,71.99619836007689,11123000,72.7235553741455,72.81769742098722,72.86915384928385,72.51308738708497,42.93987981278068,0.2917534454786477,0.002936647268253505
2026-05-21,72.44319915771484,72.45313453059177,72.09553689171247,72.16506934491295,10364600,72.69587936401368,72.7981460571289,72.86486600240072,72.51999252319337,44.779100955411145,0.297996889593648,0.0029426345805248573
2026-05-22,72.51272583007812,72.56239511203404,72.33392702489262,72.55245973994917,6817600,72.66524467468261,72.78290876908736,72.86213156382243,72.5275345993042,46.40658263568692,0.28735470374068733,0.0029172664403208106
2026-05-26,72.72132873535156,72.79086118832718,72.64186090953115,72.77099802110658,7374200,72.65097999572754,72.77325813987038,72.86350517272949,72.53626445770264,51.066444083735355,0.2930309731439361,0.002991849989669557
2026-05-27,72.79085540771484,72.85045248311282,72.75112149796006,72.80079077977064,7349100,72.64118194580078,72.76110423694958,72.86488812764486,72.54611358642578,52.54738416085269,0.2788408460323818,0.0030026951881380135
2026-05-28,72.92992401123047,72.98952866812783,72.75112519747593,72.80079448181226,7239100,72.6546730041504,72.75560483065519,72.86653436024984,72.5564168548584,55.45157654373393,0.2724554459776312,0.0028519851156002685
2026-05-29,72.96965789794922,73.05906109403017,72.89019007442587,72.97959327050683,9177400,72.66470603942871,72.75674826882103,72.86965160369873,72.56687061309815,56.27497850043249,0.2667801328698961,0.002836870201830899
2026-06-01,72.936767578125,72.94673646965936,72.69756740955427,72.75736555068788,7268300,72.66802825927735,72.76213739568537,72.87322781880697,72.57585773468017,55.36278036789951,0.27273498173554805,0.0028240036467268967
2026-06-02,72.95669555664062,73.05636926090531,72.91683519977798,73.02646258720429,7682700,72.68476333618165,72.76914464777167,72.87786585489908,72.58595729827881,55.82995740953232,0.26567262027198424,0.0027042406461077577
2026-06-03,72.8171615600586,72.87696730347763,72.73743324222661,72.7972313816096,9330700,72.68806495666504,72.76859172474255,72.88174819946289,72.59584144592286,51.746162046386075,0.2699816679057473,0.002719164265564294
2026-06-04,72.91683197021484,72.98659899768846,72.88692529783842,72.94673103855558,6815000,72.68095397949219,72.76716003417968,72.8846695582072,72.60660987854004,54.31670570476418,0.26576573428060407,0.002557879736448853
2026-06-05,72.58792877197266,72.70752504823798,72.5779598809386,72.69756376123979,8487200,72.66683425903321,72.76513019908558,72.88485005696614,72.61505855560303,45.67066973836192,0.25733233219912777,0.002689510889844925
2026-06-08,72.5679931640625,72.76733297053678,72.55803187676587,72.73743390057466,14019000,72.64228134155273,72.76130273992365,72.8867374420166,72.62316638946533,45.20101589407739,0.253125125266291,0.0026086990605898993
2026-06-09,72.72746276855469,72.75736183759562,72.59788999732943,72.67762591746254,8703500,72.63464126586913,72.77095947265624,72.88922087351482,72.63293972015381,49.66048014798858,0.24181845496765675,0.002617397150648721
2026-06-10,72.66766357421875,72.79722873952485,72.5978889420896,72.72746171143145,5252500,72.6349380493164,72.77450561523438,72.89006582895915,72.64062953948975,48.080395652443094,0.22412894841921066,0.002534550826424417
2026-06-11,73.08626556396484,73.11616463249804,72.68759357410549,72.73743042435132,9058700,72.65467491149903,72.78907123912464,72.89456195831299,72.65089469909668,58.1246646333788,0.23062204980492446,0.002842927066950204
2026-06-12,72.99656677246094,73.0464036268155,72.86700159678996,72.96666770146274,7379300,72.67092018127441,72.79698278253728,72.89702784220377,72.66027729034424,55.640677420062175,0.22996461266445728,0.0028605534836670947
2026-06-15,73.05636596679688,73.18593113084845,73.0463970760127,73.13609428096325,7738300,72.71101570129395,72.81369573419744,72.9008908589681,72.66962127685547,56.9611900944993,0.22362382696006072,0.002492677478243633
2026-06-16,73.16600036621094,73.23576739306898,73.07629555794452,73.09622573531726,5902800,72.75907592773437,72.83240203857422,72.90583095550537,72.67907932281494,59.3503783369861,0.22721508971083587,0.0024832830803636534
2026-06-17,72.89689636230469,73.22580133193159,72.8769661841618,73.17596448052052,8531600,72.80560073852538,72.83957769220525,72.90861021677652,72.68762596130371,51.75574699488427,0.23510306664782782,0.002516125198914308
2026-06-18,73.09622955322266,73.25570139667653,73.07629937480894,73.07629937480894,6312500,72.84222602844238,72.84750726873224,72.91157983144124,72.69792900085449,56.22423963164172,0.24866978198836673,0.0022997995914921746
2026-06-22,72.89689636230469,72.97663228294805,72.8669972930724,72.92679543153696,7359400,72.86491088867187,72.85127258300781,72.91288833618164,72.70607402801514,51.12470058789448,0.2456084799708884,0.002404644886830249
2026-06-23,72.97663116455078,73.05636708397215,72.93676320484009,72.93676320484009,7081800,72.8881061553955,72.85360759388317,72.91396255493164,72.71326278686523,52.96252622478698,0.2470325271523259,0.002406722811001295
2026-06-24,73.30553436279297,73.3553636082038,73.21582955459647,73.2357673359893,7819400,72.91731643676758,72.86390269886364,72.9180227915446,72.72040241241456,59.69505297549144,0.25842325066939814,0.0025226267151674383
2026-06-25,73.3553695678711,73.48494234534462,73.34540067636476,73.40520642136649,7638100,72.94554214477539,72.87312386252664,72.92413234710693,72.72662982940673,60.614906788026666,0.25913543244952564,0.002520195189223569
2026-06-26,73.42513275146484,73.47496960234783,73.31549776275094,73.32546665373471,5965100,72.97030258178711,72.88109325062145,72.93106842041016,72.73388359069824,61.92492096685464,0.24632112890099986,0.002498755426666035
2026-06-29,73.46500396728516,73.48494175013631,73.39523693537845,73.44507378847017,7224800,72.99506988525391,72.88924754749645,72.93719291687012,72.74070762634277,62.688759698318286,0.2377785375429247,0.0024987477282255176
2026-06-30,73.16600036621094,73.37530144678506,73.15603147550675,73.37530144678506,11653200,73.0065315246582,72.89394558993253,72.94082571665446,72.74526237487792,53.9481965160193,0.24632166741758763,0.0026833642209270325
2026-07-01,73.05999755859375,73.13999938964844,72.98999786376953,73.02999877929688,20719000,73.01169662475586,72.89383586536755,72.9429214477539,72.74972263336181,51.22155447721967,0.24465471777516967,0.002707073681040197
2026-07-02,73.11000061035156,73.16999816894531,73.04000091552734,73.05999755859375,7627600,73.02633857727051,72.89139515269886,72.94649600982666,72.75375549316406,52.4426034790762,0.22190444599936093,0.002668771568328403
2026-07-06,73.13999938964844,73.13999938964844,73.02999877929688,73.08999633789062,10191800,73.0374969482422,72.89130013205788,72.94901326497396,72.7578899383545,53.19951865399576,0.21409992051198096,0.00265532805661372
2026-07-07,72.8499984741211,73.04000091552734,72.80000305175781,73.01000213623047,8412400,73.05060043334962,72.88791240345348,72.94968585968017,72.76120353698731,45.637593928957706,0.2248593476193465,0.002607221911801632
2026-07-08,72.69999694824219,72.73999786376953,72.58999633789062,72.7300033569336,8944900,73.0572006225586,72.87657734264027,72.9486182530721,72.76468643188477,42.28921027318646,0.23061654118780087,0.002653837429033444
2026-07-09,72.83000183105469,72.91999816894531,72.75,72.75,8250700,73.0623275756836,72.868505859375,72.9474084854126,72.76867420196533,45.987934323617,0.22141411782589618,0.0026382974687703
2026-07-10,72.7699966430664,72.8499984741211,72.69999694824219,72.83000183105469,7170500,73.06744422912598,72.86348377574573,72.94659735361735,72.77303939819336,44.56811526200694,0.2064995815049723,0.0026383273586902322
