Date,Close,High,Low,Open,Volume,MA20,MA55,MA120,MA200,RSI14,ATR14,Volatility20
2010-01-04,109.80000305175781,110.13999938964844,109.30999755859375,109.81999969482422,16224100,,,,,,,
2010-01-05,109.69999694824219,110.38999938964844,109.26000213623047,109.87999725341797,14213100,,,,,0.0,,
2010-01-06,111.51000213623047,111.7699966430664,110.41000366210938,110.70999908447266,24981900,,,,,58.19794183664708,,
2010-01-07,110.81999969482422,111.29000091552734,110.62000274658203,111.06999969482422,13609800,,,,,46.974516205433055,,
2010-01-08,111.37000274658203,111.58000183105469,110.26000213623047,111.5199966430664,15894600,,,,,54.5058592419864,,
2010-01-11,112.8499984741211,113.58999633789062,112.5199966430664,113.33999633789062,17253000,,,,,67.77106065539365,,
2010-01-12,110.48999786376953,113.05000305175781,110.13999938964844,112.37999725341797,29182600,,,,,45.15903840217948,,
2010-01-13,111.54000091552734,111.56999969482422,109.56999969482422,110.91999816894531,20014000,,,,,52.7178792108095,,
2010-01-14,112.02999877929688,112.37000274658203,110.79000091552734,111.51000213623047,18305300,,,,,55.780889454080764,,
2010-01-15,110.86000061035156,112.01000213623047,110.37999725341797,111.3499984741211,18002700,,,,,47.81567503716485,,
2010-01-19,111.5199966430664,111.75,110.83000183105469,110.94999694824219,10468200,,,,,51.981150784742916,,
2010-01-20,108.94000244140625,110.05000305175781,108.45999908447266,109.97000122070312,17535000,,,,,38.90698007726901,,
2010-01-21,107.37000274658203,108.77999877929688,106.61000061035156,108.4800033569336,25748400,,,,,33.4014503955398,,
2010-01-22,107.16999816894531,107.68000030517578,106.01000213623047,106.93000030517578,24210100,,,,,32.765370426757286,1.755713871547154,
2010-01-25,107.4800033569336,107.72000122070312,107.06999969482422,107.44000244140625,13200500,,,,,34.83676456265195,1.742856706891741,
2010-01-26,107.55999755859375,107.98999786376953,106.75,106.87000274658203,12297100,,,,,35.389916273255494,1.750713893345424,
2010-01-27,106.52999877929688,108.80000305175781,106.16000366210938,107.52999877929688,19005100,,,,,31.66294679346244,1.7914281572614397,
2010-01-28,106.4800033569336,107.2300033569336,105.18000030517578,107.18000030517578,16793900,,,,,31.489597678707298,1.8742855616978236,
2010-01-29,105.95999908447266,106.30000305175781,105.2699966430664,105.87999725341797,20278800,,,,,29.670103336189285,1.8664289202008928,
2010-02-01,108.3499984741211,108.4800033569336,106.37000274658203,106.63999938964844,14901900,109.41650009155273,,,,45.31092983626083,1.8878582545689173,
2010-02-02,109.12999725341797,109.5999984741211,108.61000061035156,109.16000366210938,14292200,109.38299980163575,,,,49.27568798925068,1.7692865644182478,0.011775425666584913
2010-02-03,108.69999694824219,109.54000091552734,108.43000030517578,109.0999984741211,13393200,109.33299980163574,,,,47.24236075668779,1.7057151794433594,0.01180395848817698
2010-02-04,104.37000274658203,106.80000305175781,103.75,106.79000091552734,39991900,108.97599983215332,,,,32.63756321486015,1.9464291163853236,0.014065804761353986
2010-02-05,104.68000030517578,104.68000030517578,102.27999877929688,103.76000213623047,32656700,108.6689998626709,,,,34.20578435965969,2.000000544956752,0.014112687569928188
2010-02-08,104.04000091552734,105.13999938964844,104.0,104.41000366210938,17176600,108.30249977111816,,,,32.52241921896166,2.0157149178641185,0.01401103798624453
2010-02-09,105.41000366210938,106.1500015258789,104.87000274658203,105.18000030517578,25959200,107.93050003051758,,,,39.397756946724755,1.9478579929896764,0.014003522558880923
2010-02-10,105.12000274658203,105.5,104.11000061035156,105.12999725341797,16215200,107.6620002746582,,,,38.5034294970613,1.8807149614606584,0.013376816587006356
2010-02-11,107.12999725341797,107.55999755859375,105.2699966430664,105.58000183105469,19350100,107.44150009155274,,,,47.413471492461234,1.9357147216796875,0.013986322204210618
2010-02-12,107.04000091552734,107.0999984741211,105.56999969482422,106.08000183105469,14464200,107.19200019836425,,,,47.08452767921983,2.000714438302176,0.013910724729468634
2010-02-16,109.62000274658203,109.87000274658203,109.0999984741211,109.44999694824219,20895700,107.13000030517578,,,,56.41912828969602,2.114286150251116,0.014937938576518732
2010-02-17,109.25,110.01000213623047,108.87000274658203,109.66000366210938,19593400,107.01650047302246,,,,54.922771610972426,2.007143293108259,0.014872789449982488
2010-02-18,109.9800033569336,110.11000061035156,109.19000244140625,109.61000061035156,19177400,107.06850051879883,,,,57.327475908772435,1.9264286586216517,0.01399765878606401
2010-02-19,109.47000122070312,110.38999938964844,108.80999755859375,109.31999969482422,21928700,107.17350044250489,,,,55.115354784191545,1.9528568812779017,0.013612429695222594
2010-02-22,109.06999969482422,109.97000122070312,108.66000366210938,109.86000061035156,10742800,107.26850051879883,,,,53.37569640528451,1.8664278302873885,0.013638522555090756
2010-02-23,107.88999938964844,108.91000366210938,107.6500015258789,108.83999633789062,13629600,107.28900032043457,,,,48.511193365928385,1.878570556640625,0.013879178587008899
2010-02-24,107.36000061035156,108.16000366210938,107.0999984741211,107.33000183105469,17207400,107.27900047302246,,,,46.46296092613071,1.8749994550432478,0.013926827118019545
2010-02-25,108.30999755859375,108.69999694824219,106.5999984741211,106.69999694824219,23400400,107.36800041198731,,,,50.49752158306293,1.6714281354631697,0.013869339596532491
2010-02-26,109.43000030517578,109.5999984741211,108.41000366210938,108.88999938964844,13033900,107.51550025939942,,,,54.8203347941043,1.5921423775809151,0.014022108918531232
2010-03-01,109.43000030517578,109.9000015258789,108.97000122070312,109.4800033569336,12830900,107.68900032043457,,,,54.8203347941043,1.5771424429757255,0.013948129384107704
2010-03-02,111.0199966430664,111.44999694824219,109.86000061035156,109.86000061035156,20102200,107.82250022888184,,,,60.49954596802631,1.5707135881696428,0.013422229852912287
2010-03-03,111.62999725341797,112.18000030517578,111.18000030517578,111.45999908447266,16222100,107.94750022888184,,,,62.449735575570344,1.5542853219168526,0.013388202181844203
2010-03-04,110.83000183105469,111.37000274658203,110.22000122070312,111.25,12944800,108.05400047302246,,,,58.378996278009545,1.4807139805385046,0.013472805934533885
2010-03-05,110.80999755859375,111.75,110.80000305175781,111.12999725341797,11091400,108.37600021362304,,,,58.27670052969936,1.4371425083705358,0.009457838675518604
2010-03-08,109.87999725341797,111.30000305175781,109.5199966430664,111.22000122070312,12753800,108.63600006103516,,,,53.576460946445586,1.362142835344587,0.009797475346489169
2010-03-09,109.72000122070312,110.16000366210938,109.04000091552734,109.16000366210938,12650800,108.92000007629395,,,,52.78765850676297,1.3607145036969865,0.00963667773167779
2010-03-10,108.47000122070312,110.5,108.0199966430664,109.94000244140625,21982100,109.07299995422363,,,,46.96937968236637,1.4721434456961495,0.009796777142639239
2010-03-11,108.5999984741211,108.6500015258789,107.86000061035156,108.27999877929688,9513300,109.24699974060059,,,,47.61602984115807,1.4157148088727678,0.009746738256636984
2010-03-12,107.94999694824219,108.7699966430664,107.44999694824219,108.55999755859375,11849000,109.28799972534179,,,,44.68215441652847,1.4164292471749442,0.008967079532667656
2010-03-15,108.36000061035156,108.55999755859375,107.81999969482422,108.16000366210938,7698600,109.353999710083,,,,46.90446390610723,1.3678577968052454,0.008992735258293269
2010-03-16,110.4000015258789,110.56999969482422,109.69999694824219,110.0199966430664,17749300,109.39299964904785,,,,56.30937777863431,1.450000217982701,0.00832073641834
2010-03-17,109.58999633789062,110.45999908447266,109.55000305175781,110.18000030517578,13784300,109.40999946594238,,,,52.34466815438934,1.3650000435965401,0.008460999111121368
2010-03-18,110.33999633789062,110.61000061035156,109.5,110.0999984741211,13848400,109.42799911499023,,,,55.47097760535432,1.3521428789411272,0.008467606030416472
2010-03-19,108.27999877929688,110.29000091552734,107.8499984741211,108.27999877929688,24329100,109.36849899291992,,,,46.45621292229076,1.463571275983538,0.009417363637080615
2010-03-22,107.75,108.0,106.94999694824219,107.30999755859375,11579400,109.30249900817871,,,,44.454520469641274,1.4142859322684151,0.009443255179943794
2010-03-23,108.31999969482422,108.5,107.33999633789062,107.5,11274400,109.3239990234375,108.83109075372869,,,47.09472146553754,1.4142859322684151,0.009206792772722553
2010-03-24,106.30000305175781,107.06999969482422,106.23999786376953,106.94000244140625,14236700,109.27099914550782,108.76745439009233,,,39.86332040839369,1.4621434892926897,0.010082040111290384
2010-03-25,106.77999877929688,107.25,106.4800033569336,107.0,16866700,109.19449920654297,108.71436351429332,,,42.13696628028964,1.4621434892926897,0.009916956836455559
2010-03-26,108.58999633789062,108.69999694824219,106.81999969482422,107.16000366210938,17433600,109.15249900817871,108.66127249977805,,,49.83853031633503,1.4721429007393974,0.01040133807529348
2010-03-29,108.75,109.16999816894531,108.4000015258789,108.87000274658203,11527000,109.11849899291992,108.62363614169034,,,50.46617836669246,1.4471424647739954,0.01040904249644064
2010-03-30,107.97000122070312,108.66000366210938,107.87000274658203,108.56999969482422,9817700,108.96599922180175,108.5618179321289,,,47.35543323934849,1.3328563145228796,0.009905081922449505
2010-03-31,108.94999694824219,109.5,108.8499984741211,109.44000244140625,14006800,108.83199920654297,108.49090881347657,,,51.408116712146295,1.3857133047921317,0.01006633928522945
2010-04-01,110.26000213623047,110.47000122070312,109.91999816894531,109.97000122070312,11370500,108.80349922180176,108.48672707297585,,,56.25588929276567,1.3999993460518974,0.010374191120804975
2010-04-05,110.88999938964844,110.9800033569336,110.2699966430664,110.55999755859375,8207900,108.8074993133545,108.47490886341441,,,58.40505256503103,1.3985710144042969,0.010458353816203438
2010-04-06,111.02999877929688,111.51000213623047,110.83000183105469,110.88999938964844,10322300,108.86499938964843,108.4567270452326,,,58.88842964491842,1.289285387311663,0.010267372770093037
2010-04-07,112.48999786376953,112.93000030517578,111.7699966430664,111.8499984741211,19139500,109.00349922180176,108.48636335893111,,,63.634615902658375,1.3600000653948103,0.0106286857953022
2010-04-08,112.6500015258789,112.9800033569336,112.12999725341797,112.47000122070312,12445400,109.21249923706054,108.50690890225498,,,64.12344102329627,1.3414290291922433,0.010200831567668153
2010-04-09,113.63999938964844,114.06999969482422,112.73999786376953,113.08999633789062,16427800,109.46449928283691,108.592363392223,,,67.07268482826494,1.265000479561942,0.010312288322109104
2010-04-12,113.01000213623047,114.12999725341797,112.9800033569336,113.63999938964844,11118900,109.71749954223633,108.69490883567117,,,63.49557373883185,1.2521427699497767,0.010294027913180518
2010-04-13,112.69000244140625,113.16000366210938,112.05999755859375,113.12000274658203,11261100,109.93399963378906,108.7952725497159,,,61.69571939387697,1.2478572300502233,0.010351304454454145
2010-04-14,113.02999877929688,113.66000366210938,112.77999877929688,113.2300033569336,10572100,110.06549949645996,108.89618155739524,,,62.89905894980268,1.1685714721679688,0.009574190838014402
2010-04-15,113.6500015258789,113.70999908447266,112.8499984741211,112.9000015258789,10952100,110.26849975585938,109.00690890225498,,,65.0549677526616,1.1621431623186385,0.009398625145420041
2010-04-16,111.23999786376953,113.06999969482422,110.54000091552734,112.5,24572600,110.31349983215333,109.09254524924539,,,52.32650488118426,1.247143336704799,0.010628504831014842
2010-04-19,111.1500015258789,111.36000061035156,110.66999816894531,110.87999725341797,7993700,110.45699996948242,109.17745430686257,,,51.91799251837438,1.2414294651576452,0.009641065515902731
2010-04-20,111.45999908447266,112.20999908447266,111.33000183105469,111.7300033569336,7019800,110.64249992370605,109.27745430686257,,,53.271266120023995,1.254286629813058,0.009531461177147779
2010-04-21,112.30999755859375,112.63999938964844,111.4800033569336,111.81999969482422,6842900,110.84199981689453,109.34945429021661,,,56.85684648293476,1.2292867388044084,0.009591412234402366
2010-04-22,111.83999633789062,112.01000213623047,110.76000213623047,111.79000091552734,9598900,111.11899948120117,109.3987270008434,,,54.37245565234724,1.231428963797433,0.00844038758455169
2010-04-23,113.19000244140625,113.30000305175781,111.08999633789062,111.26000213623047,12505800,111.43949966430664,109.48036346435546,,,59.805301189125,1.337857927594866,0.008696881437244343
2010-04-26,112.75,113.19999694824219,112.62999725341797,112.87999725341797,8335400,111.6474998474121,109.63272705078126,,,57.406122936702666,1.330000741141183,0.008163814921176439
2010-04-27,114.62999725341797,114.81999969482422,112.33999633789062,112.43000030517578,25057100,111.94149971008301,109.81363608620383,,,64.04337829837216,1.371429443359375,0.008803244611249138
2010-04-28,114.30999755859375,114.98999786376953,113.62999725341797,114.02999877929688,26891900,112.25849952697754,110.00036329789596,,,62.26484779757388,1.4078576224190849,0.008597469878929927
2010-04-29,114.27999877929688,114.5199966430664,113.83999633789062,113.8499984741211,10374300,112.52499961853027,110.16163593639027,,,62.090766223149465,1.3550006321498327,0.008496932648515292
2010-04-30,115.36000061035156,115.69999694824219,115.20999908447266,115.26000213623047,13403100,112.77999954223633,110.34781771573154,,,65.79813090073509,1.3742866516113281,0.008362347899173742
2010-05-03,115.7300033569336,116.27999877929688,115.52999877929688,115.91000366210938,13570800,113.02199974060059,110.50418146306818,,,66.98921199783422,1.361428941999163,0.008327150410332516
2010-05-04,114.87000274658203,116.43000030517578,114.16999816894531,116.38999938964844,21512100,113.21399993896485,110.64654513272372,,,61.61793981377243,1.4535718645368303,0.00859953832522038
2010-05-05,115.08999633789062,115.23999786376953,113.30999755859375,113.58000183105469,21616700,113.3439998626709,110.7459995616566,,,62.44742375244505,1.5300004141671317,0.008171051011739957
2010-05-06,118.48999786376953,118.62000274658203,115.56999969482422,115.62000274658203,50546300,113.63599967956543,110.91399952281606,,,72.38160200876432,1.5600008283342635,0.010345745693255557
2010-05-07,118.2699966430664,118.87999725341797,116.73999786376953,117.63999938964844,34272700,113.86749954223633,111.06472667347302,,,71.0714607733974,1.663572038922991,0.010283227098183776
2010-05-10,117.56999969482422,117.9000015258789,116.80999755859375,117.5,28433800,114.09549942016602,111.21199937300248,,,66.92089406076833,1.6921435764857702,0.010298123961488518
2010-05-11,120.66000366210938,120.87000274658203,118.97000122070312,119.45999908447266,36731800,114.49399948120117,111.42272671786222,,,74.10892338892745,1.8435723440987724,0.011555666198462333
2010-05-12,121.4000015258789,122.23999786376953,120.7699966430664,121.27999877929688,32703600,114.91249961853028,111.66836312033914,,,75.48290583708017,1.845715114048549,0.011570011590664434
2010-05-13,120.55999755859375,121.70999908447266,120.0999984741211,121.29000091552734,22340400,115.25799942016602,111.90836306485262,,,70.88439447916204,1.8028575352260046,0.011796238482299031
2010-05-14,120.37000274658203,122.0199966430664,119.12000274658203,121.87999725341797,34643200,115.71449966430664,112.12763588645241,,,69.84789976127615,1.9692856924874442,0.01040953330950662
2010-05-17,119.36000061035156,121.12000274658203,119.29000091552734,120.55000305175781,27898000,116.12499961853027,112.30818134654652,,,64.45252485341872,1.9228570120675224,0.010727193820114047
2010-05-18,119.48999786376953,120.31999969482422,118.5,118.86000061035156,26595300,116.52649955749511,112.4910903930664,,,64.82909714444756,1.9557140895298548,0.010740879963999167
2010-05-19,116.62999725341797,118.43000030517578,116.08000183105469,118.19000244140625,34412400,116.74249954223633,112.5930904041637,,,51.822238927527856,2.150713784354074,0.012312279716087803
2010-05-20,115.83999633789062,116.94999694824219,115.18000030517578,116.13999938964844,28908200,116.94249954223633,112.66963584206322,,,48.903542637294365,2.175713675362723,0.012393623104439437
2010-05-21,115.22000122070312,116.23999786376953,114.51000213623047,115.05000305175781,20098300,117.04399948120117,112.74945401278408,,,46.68144868688289,2.2335706438337053,0.012247457531437923
2010-05-24,116.83999633789062,117.16999816894531,116.04000091552734,116.33999633789062,14300500,117.24849929809571,112.85909035422586,,,52.72588274080655,2.2114274161202565,0.012527895378358096
2010-05-25,117.36000061035156,117.5199966430664,116.81999969482422,117.16000366210938,21232700,117.38499946594239,112.995090415261,,,54.50860800234214,2.123570033482143,0.012056302283026976
2010-05-26,118.47000122070312,119.08000183105469,118.31999969482422,118.58000183105469,13153500,117.59299964904785,113.15418132435192,,,58.137600708271165,1.994283948625837,0.012151162491327512
2010-05-27,118.69000244140625,119.04000091552734,118.13999938964844,118.16000366210938,10418500,117.81349983215333,113.3399995283647,,,58.83846667245957,1.905712672642299,0.012140928576114967
2010-05-28,118.87999725341797,118.9000015258789,117.62999725341797,118.4800033569336,11579400,117.98949966430663,113.52690859707918,,,59.46955988469518,1.892141614641462,0.012012391798838288
2010-06-01,119.91000366210938,120.25,119.62999725341797,119.87999725341797,12207800,118.19849967956543,113.74436326460405,,,62.79948019910343,1.754284449986049,0.012113040317639052
2010-06-02,119.77999877929688,119.87999725341797,118.72000122070312,119.3499984741211,10339300,118.44399948120117,113.9519995949485,,,62.10591087333379,1.7264278956821986,0.011939121603171426
2010-06-03,117.95999908447266,119.38999938964844,117.4800033569336,119.16000366210938,13855200,118.58749961853027,114.08945409601385,,,53.24096512034263,1.7757132393973214,0.012554870633391028
2010-06-04,119.19000244140625,119.38999938964844,117.05000305175781,117.95999908447266,16532500,118.62249984741212,114.26399966153231,,,57.64148087451861,1.7357134137834822,0.010912457560970841
2010-06-07,121.48999786376953,121.80000305175781,118.62000274658203,118.7300033569336,20238600,118.78349990844727,114.46672696200284,,,64.39009001331226,1.8321418762207031,0.011685007737376215
2010-06-08,121.0,122.44999694824219,120.66000366210938,121.61000061035156,23404800,118.95499992370605,114.69799971147017,,,62.119426189042954,1.829998561314174,0.011630259133047544
2010-06-09,120.55999755859375,120.98999786376953,119.51000213623047,120.4800033569336,12884600,118.94999961853027,114.93090875799005,,,60.07089083211722,1.6928558349609375,0.010098573630614232
2010-06-10,118.97000122070312,120.04000091552734,118.83000183105469,119.36000061035156,13687900,118.82849960327148,115.12454514936967,,,53.23857167521848,1.6899986267089844,0.010401347539880673
2010-06-11,120.01000213623047,120.41000366210938,119.33000183105469,119.87999725341797,7829400,118.80099983215332,115.37381785999645,,,56.70708363398401,1.6692848205566406,0.010517872125516907
2010-06-14,119.5999984741211,120.26000213623047,118.95999908447266,119.62999725341797,11002800,118.76249961853027,115.60690876353871,,,54.97580981699825,1.622856685093471,0.010538796473632385
2010-06-15,120.98999786376953,121.02999877929688,119.4800033569336,119.70999908447266,15073000,118.84399948120117,115.8323633367365,,,59.49114480168011,1.6835708618164062,0.010676152472785572
2010-06-16,120.33000183105469,120.88999938964844,120.04000091552734,120.68000030517578,10500500,118.88599967956543,116.04290882457386,,,56.58920082048008,1.628570556640625,0.010764569501117332
2010-06-17,121.9000015258789,122.41000366210938,121.48999786376953,121.63999938964844,19792200,119.14949989318848,116.29618155739524,,,61.4113358697119,1.7128562927246094,0.009460763172800719
2010-06-18,122.83000183105469,123.5,122.80999755859375,123.04000091552734,19429900,119.49900016784667,116.54854528253729,,,63.96483826753524,1.7364273071289062,0.009283888246440126
2010-06-21,120.38999938964844,123.11000061035156,120.36000061035156,123.08999633789062,20041700,119.75750007629395,116.73272705078125,,,53.889247924149295,1.834998539515904,0.010461460518905561
2010-06-22,121.44999694824219,121.58999633789062,120.87000274658203,121.16000366210938,12940900,119.98800010681153,116.92472700639205,,,57.05407811356966,1.8357124328613281,0.010212217466228656
2010-06-23,120.94999694824219,121.0199966430664,119.7699966430664,120.88999938964844,14120400,120.16749992370606,117.10509060946377,,,55.131868515664046,1.7914270673479353,0.010282856894262844
2010-06-24,121.30000305175781,122.16000366210938,120.66999816894531,120.76000213623047,13137700,120.30900001525879,117.26527252197266,112.72758312225342,,56.243215676008425,1.7307134355817522,0.010120911224712877
2010-06-25,122.76000213623047,123.12999725341797,122.48999786376953,122.75,9986700,120.5125,117.44909071488814,112.83558311462403,,60.62448232698308,1.634284428187779,0.010406046489614603
2010-06-28,121.08999633789062,123.55999755859375,120.80999755859375,122.79000091552734,19650700,120.62299995422363,117.58454520485618,112.93049977620443,,53.968055844632346,1.7028563363211495,0.010957444259646652
2010-06-29,121.2699966430664,121.81999969482422,120.0199966430664,121.05000305175781,17334700,120.69099960327148,117.73472692316228,113.01183306376139,,54.547340917714926,1.7249995640345983,0.010809005209979907
2010-06-30,121.68000030517578,122.08999633789062,120.87999725341797,121.06999969482422,12016300,120.78599967956544,117.89818142977627,113.10233306884766,,55.90843368122106,1.687856946672712,0.010818070502675246
2010-07-01,117.04000091552734,121.02999877929688,116.9800033569336,120.91000366210938,33248900,120.73999977111816,117.97109055952592,113.14958305358887,,40.95980937329417,1.9207136971609933,0.013493036876694958
2010-07-02,118.48999786376953,118.5,117.41000366210938,118.20999908447266,14732800,120.70499954223632,118.05909049294212,113.1965830485026,,45.83381471724923,1.9321419852120536,0.01358198448549606
2010-07-06,116.51000213623047,117.72000122070312,116.30000305175781,117.66999816894531,16846900,120.45599975585938,118.1549087524414,113.2467497507731,,40.87194452488215,1.977856227329799,0.01324295147334012
2010-07-07,117.7300033569336,117.77999877929688,116.5,116.56999969482422,10930100,120.29249992370606,118.27454514936967,113.2983331044515,,44.83477490515411,2.001427786690848,0.013520357478617738
2010-07-08,117.20999908447266,117.41000366210938,116.0999984741211,117.38999938964844,11315100,120.125,118.37909060391513,113.3414997736613,,43.49664290595013,1.969285147530692,0.013528637870043906
2010-07-09,118.36000061035156,118.7300033569336,118.0,118.13999938964844,9596800,120.09449996948243,118.48909065940164,113.4039997736613,,47.246473495754664,1.963571275983538,0.013443963878789586
2010-07-12,117.33999633789062,118.19999694824219,116.97000122070312,117.83000183105469,7506700,119.96099967956543,118.58909065940163,113.45249977111817,,44.43002257686387,1.8664283752441406,0.013398620716444754
2010-07-13,118.36000061035156,119.0999984741211,118.36000061035156,118.9800033569336,8423700,119.89899978637695,118.68309062610973,113.53099975585937,,47.7822656146791,1.9064287458147322,0.013558138085381992
2010-07-14,118.30000305175781,119.12999725341797,117.58999633789062,118.26000213623047,9574800,119.76450004577637,118.78399977250533,113.62208309173585,,47.60037014690848,1.8964287894112724,0.013258507811008806
2010-07-15,118.2300033569336,118.69999694824219,117.7300033569336,118.58999633789062,8586900,119.65950012207031,118.84945442893289,113.71424980163575,,47.37378030675013,1.8592850821358817,0.013217791754128967
2010-07-16,116.66999816894531,116.79000091552734,115.94999694824219,116.69000244140625,17494400,119.39799995422364,118.89236353093928,113.79083309173583,,42.51640944395032,1.8914288112095423,0.013072966617116181
2010-07-19,115.7300033569336,115.80000305175781,115.11000061035156,115.56999969482422,15723900,119.04300003051758,118.91872725053267,113.85891647338867,,39.864070848059214,1.8064286368233817,0.012927771660605877
2010-07-20,116.6500015258789,116.73999786376953,115.4800033569336,115.75,9263100,118.8560001373291,118.94218181263317,113.9432498296102,,43.574258285056025,1.7678565979003906,0.01249466428690802
2010-07-21,115.8499984741211,117.0,115.70999908447266,116.80000305175781,9396200,118.57600021362305,118.94436354203658,114.02133312225342,,41.19420171163682,1.7735710144042969,0.012304089274577172
2010-07-22,116.86000061035156,117.5,115.91000366210938,115.94999694824219,8161000,118.37150039672852,118.98054532137785,114.1121664683024,,45.25940373114623,1.5557141985212053,0.012536038790250994
2010-07-23,116.08999633789062,117.47000122070312,115.79000091552734,117.12000274658203,8337000,118.11100006103516,118.99872713955966,114.17666645050049,,42.8285920942683,1.5714285714285714,0.012534747241880575
2010-07-26,115.5199966430664,116.47000122070312,115.30000305175781,116.37999725341797,11219000,117.74899978637696,118.94472711736506,114.22991644541422,,41.070123333978394,1.4985716683523995,0.012092623443167623
2010-07-27,113.51000213623047,114.98999786376953,113.20999908447266,114.94999694824219,29524800,117.37000007629395,118.85818176269531,114.26999982198079,,35.530203448074474,1.5721430097307478,0.012296456737736479
2010-07-28,113.77999877929688,113.93000030517578,113.08000183105469,113.4800033569336,16071500,116.99550018310546,118.78927265514027,114.34841645558676,,36.76412956253118,1.5164282662527901,0.012315780178624582
2010-07-29,114.29000091552734,114.3499984741211,113.33999633789062,113.54000091552734,9476300,116.62600021362304,118.67345442338423,114.42849979400634,,39.133901931550014,1.4799995422363281,0.012348749804100695
2010-07-30,115.48999786376953,115.7300033569336,114.08000183105469,114.36000061035156,10093200,116.54850006103516,118.56599981134588,114.5239164352417,,44.41243903853534,1.4985711233956474,0.00954854514684089
2010-08-02,115.54000091552734,116.38999938964844,115.19999694824219,116.12000274658203,8473400,116.40100021362305,118.4747271451083,114.60833307902018,,44.62793043021816,1.4578568594796317,0.009052416470468571
2010-08-03,115.98999786376953,116.44000244140625,115.80999755859375,115.87999725341797,5579400,116.375,118.39509069269354,114.69891637166342,,46.63297059788447,1.412142617361886,0.008341383715770371
2010-08-04,116.72000122070312,117.6500015258789,116.6500015258789,117.41000366210938,10323200,116.32449989318847,118.34709070379084,114.77883307139079,,49.80813094293117,1.4614290509905135,0.008109431185871017
2010-08-05,116.9800033569336,117.0999984741211,116.3499984741211,117.01000213623047,7023000,116.31300010681153,118.30145444003018,114.86166642506917,,50.927989635952,1.3521428789411272,0.008072199022537693
2010-08-06,117.83999633789062,118.41999816894531,117.48999786376953,117.98999786376953,10001700,116.28699989318848,118.32345442338423,114.93016637166342,,54.54087054149485,1.3435712541852678,0.007931270992753045
2010-08-09,117.4000015258789,117.8499984741211,117.2300033569336,117.76000213623047,6751400,116.2900001525879,118.35181815407493,114.99808305104574,,52.41464290285436,1.2978570120675224,0.007730785219127289
2010-08-10,117.7300033569336,118.08999633789062,116.4000015258789,116.58999633789062,10444900,116.258500289917,118.39745455655185,115.06266638437907,,53.86725763037311,1.326428004673549,0.007493082679316908
2010-08-11,117.33999633789062,118.13999938964844,116.58000183105469,117.73999786376953,12436900,116.21049995422364,118.40654546564275,115.1282496770223,,51.85265737148566,1.3199991498674666,0.007524542116035308
2010-08-12,118.7699966430664,118.86000061035156,118.45999908447266,118.55999755859375,12327000,116.23749961853028,118.43218175714667,115.20908298492432,,58.04799689004181,1.3085708618164062,0.008031123890251167
2010-08-13,118.73999786376953,118.88999938964844,118.36000061035156,118.81999969482422,10213200,116.34099960327148,118.4370907870206,115.29949963887533,,57.87974052552696,1.2628566196986608,0.007385535631304789
2010-08-16,119.7300033569336,119.81999969482422,119.45999908447266,119.69999694824219,8948300,116.54099960327149,118.45599989457564,115.40258299509684,,61.8135412307692,1.174999782017299,0.007246935605808572
2010-08-17,119.75,119.97000122070312,119.5999984741211,119.75,9145400,116.69599952697754,118.47181812633167,115.49791634877523,,61.89096128721331,1.140714372907366,0.007102646333862709
2010-08-18,120.22000122070312,120.51000213623047,119.0,119.2300033569336,12102500,116.91449966430665,118.47745444557883,115.58783302307128,,63.75118218870897,1.1764286586216517,0.006852745844238051
2010-08-19,120.38999938964844,120.98999786376953,120.11000061035156,120.6500015258789,10014500,117.09099960327148,118.48854536576705,115.67916634877523,,64.42754589399188,1.1214283534458704,0.006660822115477552
2010-08-20,119.97000122070312,120.06999969482422,119.44999694824219,119.97000122070312,10682100,117.28499984741211,118.52509085915305,115.75374972025553,,61.38032814091309,1.1035712105887276,0.006496449112320616
2010-08-23,119.77999877929688,120.06999969482422,119.41999816894531,119.91000366210938,4857800,117.49799995422363,118.53581806529652,115.82166639963786,,59.99783200460061,1.0857140677315849,0.0063604133183086334
2010-08-24,120.36000061035156,120.80000305175781,118.70999908447266,118.7699966430664,14811400,117.84049987792969,118.51527266068892,115.901083056132,,62.755557681069234,1.1164283752441406,0.0044905532152159505
2010-08-25,121.36000061035156,121.37999725341797,120.66999816894531,121.12000274658203,13987100,118.21949996948243,118.52181812633168,115.98899974822999,,66.98198851722707,1.135713849748884,0.004644405278025949
2010-08-26,120.95999908447266,122.94999694824219,120.5,121.08999633789062,8886600,118.5529998779297,118.52909088134766,116.0813330968221,,63.86029993484298,1.2078568594796317,0.004855774268049452
2010-08-27,121.01000213623047,121.44999694824219,120.41999816894531,121.19999694824219,11155400,118.82900009155273,118.56618180708452,116.17541643778483,,64.08563010100349,1.237142835344587,0.004532638961345625
2010-08-30,120.91000366210938,121.05999755859375,120.58000183105469,120.8499984741211,4390900,119.09750022888184,118.58254547119141,116.27908312479654,,63.23648084784451,1.150714329310826,0.004569226062911398
2010-08-31,122.08000183105469,122.19000244140625,121.45999908447266,121.7699966430664,12249700,119.4020004272461,118.62763644131748,116.39141648610433,,68.49620261592301,1.1307144165039062,0.00485074024659465
2010-09-01,121.69000244140625,122.20999908447266,121.43000030517578,122.1500015258789,11873500,119.65050048828125,118.6403637972745,116.5059165318807,,65.15021026062752,1.0778568812779017,0.004931026320900519
2010-09-02,122.29000091552734,122.4800033569336,121.88999938964844,122.37999725341797,7002100,119.91600036621094,118.67600014426492,116.62199986775717,,67.75954898596004,1.096428462437221,0.004971620704383259
2010-09-03,121.86000061035156,122.38999938964844,121.1500015258789,121.38999938964844,9074500,120.11700057983398,118.67527285489169,116.71749986012777,,64.05781086321679,1.1078567504882812,0.004976724693577414
2010-09-07,122.69999694824219,123.05999755859375,122.62999725341797,122.91000366210938,8777500,120.38200035095215,118.67290912974964,116.82674986521403,,67.76279136812616,1.167142050606864,0.004934240081342367
2010-09-08,122.70999908447266,123.41999816894531,122.5999984741211,122.81999969482422,9788900,120.6310001373291,118.71509094238282,116.92983322143554,,67.80534779884232,1.117856161934989,0.0049547886153574455
2010-09-09,121.55999755859375,122.87999725341797,121.37999725341797,122.44000244140625,13745000,120.84200019836426,118.71709095348011,117.04049987792969,,58.27930620541519,1.162142072405134,0.005461525114311021
2010-09-10,121.7300033569336,122.30000305175781,121.38999938964844,121.4000015258789,12510000,120.99000053405761,118.7312728881836,117.15699990590413,,59.19203852030006,1.1599993024553572,0.004881820405322946
2010-09-13,121.62000274658203,122.11000061035156,121.38999938964844,121.62999725341797,9693300,121.13400077819824,118.73709106445312,117.26783326466878,,58.30324541020078,1.164999280657087,0.0048944718456511846
2010-09-14,124.0199966430664,124.58999633789062,121.55000305175781,122.91999816894531,26588900,121.34850044250489,118.7600000554865,117.41549987792969,,69.1776012954503,1.2328556605747767,0.00624491023999159
2010-09-15,123.94000244140625,124.29000091552734,123.43000030517578,123.97000122070312,11689100,121.5580005645752,118.8118183482777,117.55849990844726,,68.53601776121047,1.2214273725237166,0.006258574713296667
2010-09-16,124.62999725341797,124.7699966430664,124.19000244140625,124.5,12672800,121.77850036621093,118.8729092684659,117.69216658274333,,71.03166525089269,1.105712890625,0.006299397068356752
2010-09-17,124.54000091552734,125.02999877929688,124.2699966430664,125.02999877929688,13819200,121.98600044250489,118.92490927956321,117.82374992370606,,70.24900473598476,1.0864274161202567,0.006324730545288798
2010-09-20,124.87000274658203,125.44999694824219,124.77999877929688,125.08999633789062,8475800,122.23100051879882,119.06727294921875,117.96458326975504,,71.48952010964379,1.1171417236328125,0.0062067696684834665
2010-09-21,126.01000213623047,126.16999816894531,124.16000366210938,124.7699966430664,20408400,122.54250068664551,119.20400029962713,118.10674997965495,,75.31821050324508,1.1692842755998885,0.006340085650305315
2010-09-22,126.19999694824219,126.62999725341797,125.69999694824219,126.58000183105469,11046900,122.83450050354004,119.3801820234819,118.23958326975504,,75.8991094884323,1.1799986703055245,0.006320653704036937
2010-09-23,126.30000305175781,126.66000366210938,125.80999755859375,126.19999694824219,9325200,123.08150062561035,119.53600019975143,118.3679999669393,,76.2164100421859,1.1842847551618303,0.006171980055567671
2010-09-24,126.69000244140625,127.0,126.30000305175781,126.91000366210938,14945000,123.36800079345703,119.7083638971502,118.49849999745688,,77.46254401494339,1.1457132611955916,0.006046666348770231
2010-09-27,126.72000122070312,126.91000366210938,126.4800033569336,126.9000015258789,6679700,123.65350074768067,119.86036390824752,118.61708335876465,,77.55993879995518,1.0907135009765625,0.006049746907121164
2010-09-28,127.8499984741211,128.02999877929688,126.11000061035156,126.41999816894531,19857200,124.00050048828125,120.05145485617898,118.74375,,80.90699881486148,1.1692848205566406,0.006173645307323015
2010-09-29,127.94999694824219,128.24000549316406,127.5199966430664,127.93000030517578,12328900,124.29400024414062,120.2258184259588,118.86299997965494,,81.17459775912728,1.1135711669921875,0.00597016305428844
2010-09-30,127.91000366210938,128.27999877929688,126.61000061035156,128.14999389648438,19213400,124.60500030517578,120.40054570978339,118.98716665903727,,80.68752371822956,1.1678564889090401,0.005862651664038182
2010-10-01,128.91000366210938,129.07000732421875,127.91000366210938,127.91000366210938,17211900,124.93600044250488,120.59472753351385,119.12233333587646,,83.37387857002061,1.1992852347237724,0.005960092294885886
2010-10-04,128.4600067138672,128.6199951171875,128.22000122070312,128.52000427246094,8368000,125.26600074768066,120.8090913252397,119.25091673533122,,78.10863215788831,1.0314287458147322,0.005958707620083531
2010-10-05,130.99000549316406,131.1199951171875,129.8699951171875,130.11000061035156,17489600,125.68050117492676,121.0865459095348,119.39541676839193,,84.16388990806873,1.1599993024553572,0.007029091039654242
2010-10-06,131.80999755859375,131.86000061035156,131.33999633789062,131.4499969482422,16142200,126.13550109863282,121.3621822010387,119.56683343251547,,85.55818744820608,1.1628565107073103,0.007016065847902372
2010-10-07,130.3699951171875,132.6699981689453,129.50999450683594,132.60000610351562,38676800,126.5760009765625,121.62618214000355,119.72700004577636,,73.34532060637828,1.3342851911272322,0.007174089866740158
2010-10-08,131.66000366210938,131.8800048828125,130.47000122070312,130.77999877929688,18693300,127.07250099182129,121.89527310458097,119.89533341725668,,76.57167015786027,1.377143314906529,0.007291898605788475
2010-10-11,132.2899932861328,132.3300018310547,130.97999572753906,131.27999877929688,10621300,127.60600051879882,122.18981850363991,120.06183338165283,,77.97384490418645,1.3300012860979353,0.007202863582467424
2010-10-12,131.9600067138672,132.2100067138672,131.36000061035156,132.05999755859375,13289200,128.00300102233888,122.48872777765447,120.22950013478597,,75.42738173777845,1.330000741141183,0.006350536091345834
2010-10-13,134.07000732421875,134.30999755859375,132.6300048828125,132.72999572753906,18398500,128.5095012664795,122.86254605379972,120.40350017547607,,79.93882764253067,1.4371425083705358,0.006896423532074788
2010-10-14,134.75,134.85000610351562,133.89999389648438,134.05999755859375,26890500,129.0155014038086,123.24381880326705,120.5868335088094,,81.14053839782974,1.455000741141183,0.006891230318703083
2010-10-15,133.67999267578125,134.4600067138672,133.07000732421875,134.24000549316406,26168600,129.47250099182128,123.59636410799894,120.74558347066244,,73.66297517957028,1.5442859104701452,0.007323396434667272
2010-10-18,134.27999877929688,134.33999633789062,133.16000366210938,133.4600067138672,12289500,129.94300079345703,123.93800048828125,120.91200014750163,116.39354999542236,75.05139885137653,1.4914283752441406,0.007322740655168015
2010-10-19,130.11000061035156,131.58999633789062,129.75,130.4600067138672,25327200,130.1480007171631,124.20290957364169,121.04391682942709,116.49509998321533,53.81701087114843,1.7635705130440849,0.010547252943167957
2010-10-20,131.32000732421875,131.64999389648438,130.32000732421875,130.36000061035156,12556600,130.4040012359619,124.48163701837713,121.17691688537597,116.60320003509521,57.568517846221226,1.754284449986049,0.010684533142401366
2010-10-21,129.47000122070312,131.58999633789062,128.72000122070312,131.0800018310547,21804200,130.56250114440917,124.71345520019531,121.29141686757406,116.69300003051758,50.777083085028764,1.8764266967773438,0.01127795730166185
2010-10-22,129.72999572753906,129.75,128.97000122070312,129.47000122070312,11885300,130.71450080871583,124.94527324329724,121.41525014241536,116.78755001068116,51.64052622963752,1.882855006626674,0.011271536205318062
2010-10-25,130.85000610351562,131.3800048828125,130.2100067138672,131.16000366210938,12154900,130.92100105285644,125.1818188753995,121.54658355712891,116.88495002746582,55.27978424290144,1.810713631766183,0.011387701147790969
2010-10-26,130.8800048828125,131.13999938964844,129.72999572753906,129.99000549316406,10710900,131.072501373291,125.42690984552557,121.64983361562093,116.97510005950927,55.37664763965522,1.849285670689174,0.011261578380748998
2010-10-27,129.52000427246094,130.0,128.7899932861328,129.92999267578125,16132100,131.15100173950196,125.64127349853516,121.74358367919922,117.07025009155274,50.08067004623157,1.772857666015625,0.011558330936847537
2010-10-28,131.24000549316406,131.5,129.83999633789062,130.36000061035156,15889600,131.3175018310547,125.89400093772194,121.85750039418538,117.16875011444091,55.83356165554068,1.8064280918666296,0.011892070186649478
2010-10-29,132.6199951171875,132.82000732421875,131.05999755859375,131.47999572753906,14334900,131.50300140380858,126.14581909179688,121.95716698964436,117.27170009613037,59.83316401844643,1.8357140677315849,0.01198416806119486
2010-11-01,131.9199981689453,133.07000732421875,131.75999450683594,132.85000610351562,12403600,131.6760009765625,126.38545546098189,122.04483362833659,117.37700008392333,57.012820717768584,1.8628583635602678,0.01202983160654374
2010-11-02,132.49000549316406,132.58999633789062,131.8800048828125,132.44000244140625,9396900,131.7510009765625,126.61745549982244,122.14425036112468,117.48185012817383,58.71920571373106,1.745715550013951,0.011266157171231823
2010-11-03,131.57000732421875,132.52000427246094,129.47999572753906,132.27999877929688,31702100,131.73900146484374,126.83236472389915,122.23758373260497,117.59500015258789,54.92925963793243,1.895001002720424,0.011305695543591131
2010-11-04,136.02999877929688,136.1300048828125,134.24000549316406,134.63999938964844,23464700,132.02200164794922,127.11981922496449,122.37650038401286,117.73830013275146,66.28876201981315,2.1007156372070312,0.013299238939003585
2010-11-05,136.3800048828125,136.61000061035156,134.9499969482422,135.13999938964844,20342500,132.25800170898438,127.41054659756747,122.51725044250489,117.8843501663208,66.99185380455577,2.1350021362304688,0.013176804006997394
2010-11-08,137.77999877929688,137.7899932861328,135.52999877929688,135.9199981689453,17367400,132.5325019836426,127.73436473499645,122.69350045522054,118.03585014343261,69.7128672685431,1.9728589739118303,0.01329758953173809
2010-11-09,135.58999633789062,139.14999389648438,135.0500030517578,138.6999969482422,39445200,132.71400146484376,128.0218192360618,122.85808378855387,118.1760001373291,61.21224008341726,2.1557159423828125,0.01386767166478163
2010-11-10,137.24000549316406,137.27999877929688,135.14999389648438,137.02999877929688,28484700,132.87250137329102,128.32872841574928,123.04158382415771,118.32955017089844,64.70433347600266,2.1028594970703125,0.013681900582940543
2010-11-11,137.66000366210938,137.75,136.4499969482422,137.6199951171875,15447500,133.01800155639648,128.62509210759944,123.21508388519287,118.48545017242432,65.55443384540717,2.140002659388951,0.013659764057839108
2010-11-12,133.69000244140625,136.30999755859375,132.82000732421875,135.88999938964844,35885900,133.01850204467775,128.85654671408912,123.35116723378499,118.62410018920899,52.64675021612133,2.36785888671875,0.01511426543848856
2010-11-15,132.4199981689453,134.49000549316406,132.38999938964844,133.86000061035156,15096800,132.92550201416014,129.0640011874112,123.46741720835368,118.7444501876831,49.302387183641265,2.417144775390625,0.01522436113490796
2010-11-16,130.97000122070312,132.3800048828125,129.8300018310547,132.24000549316406,32478100,132.96850204467773,129.24691023393112,123.56975053151449,118.85365020751954,45.730525540775865,2.4528579711914062,0.013693543204682529
2010-11-17,130.3800048828125,131.3699951171875,130.1300048828125,130.77000427246094,16432100,132.92150192260743,129.3978193803267,123.6655839284261,118.96205024719238,44.323419430847636,2.400000435965402,0.013569660184464287
2010-11-18,132.08999633789062,132.77999877929688,131.5500030517578,131.82000732421875,16009400,133.0525016784668,129.5869101784446,123.76708386739095,119.10065021514893,49.20203173201092,2.445713588169643,0.013474961783623134
2010-11-19,132.1999969482422,132.35000610351562,131.00999450683594,131.47999572753906,14146400,133.17600173950194,129.76709192449397,123.87058385213216,119.23825019836426,49.50852970533361,2.4478563581194197,0.013473301918822784
2010-11-22,133.47999572753906,133.60000610351562,131.69000244140625,132.1300048828125,13093400,133.30750122070313,129.97836456298828,123.99991715749105,119.38545017242431,53.05783627150936,2.533571515764509,0.013506458288939318
2010-11-23,134.41000366210938,135.07000732421875,133.4600067138672,133.60000610351562,18215200,133.48400115966797,130.1912737759677,124.1267505009969,119.53045017242431,55.505189406046114,2.4314280918666293,0.013567966773676726
2010-11-24,134.17999267578125,134.6999969482422,133.74000549316406,134.36000061035156,8858100,133.71700057983398,130.39981911399147,124.23250045776368,119.67575012207031,54.744995179219806,2.1742847987583707,0.013306621333442304
2010-11-26,133.11000061035156,133.16000366210938,131.92999267578125,132.3800048828125,7822400,133.81050033569335,130.609819169478,124.3334171295166,119.80565013885499,51.22994500921034,2.2164273943219865,0.013194236046654968
2010-11-29,133.50999450683594,133.75,132.3300018310547,133.19000244140625,13983800,133.8550003051758,130.82400082674894,124.44133377075195,119.93800010681153,52.45883888884811,2.156427655901228,0.013008463890823297
2010-11-30,135.4199981689453,135.75,134.77999877929688,135.2100067138672,17473100,134.03000030517578,131.07490983442827,124.57841707865397,120.06700008392335,57.912407026107836,2.023571559361049,0.013291404135557952
2010-12-01,135.3800048828125,136.13999938964844,134.9600067138672,135.7100067138672,16831100,134.17450027465821,131.28145543878728,124.7065004348755,120.1976501083374,57.76299064845559,1.9557135445731026,0.013277975348298216
2010-12-02,135.1999969482422,136.58999633789062,135.14999389648438,135.6199951171875,17583800,134.3559997558594,131.48618261163884,124.83650042215983,120.32375007629395,57.04953344628429,1.9657135009765625,0.013156352051116718
2010-12-03,138.07000732421875,138.11000061035156,136.47999572753906,136.6199951171875,16517200,134.45800018310547,131.73054643110797,124.97883383433025,120.46675010681152,64.5645895176879,1.8278568812779017,0.011740158260309858
2010-12-06,139.11000061035156,139.4600067138672,137.72999572753906,138.13999938964844,15640800,134.59449996948243,131.99545551646838,125.13533382415771,120.61695011138916,66.82948568613901,1.8014286586216517,0.0118313687108819
2010-12-07,136.5,139.5399932861328,136.4600067138672,139.4600067138672,26490400,134.53050003051757,132.2069100119851,125.25700047810872,120.76000011444091,56.985519803433704,1.836427961077009,0.012408805600294467
2010-12-08,134.7899932861328,136.2899932861328,133.8800048828125,135.91000366210938,23483300,134.4904998779297,132.36654621471058,125.3566670735677,120.89715007781983,51.62055876629669,1.934999738420759,0.012208628475120099
2010-12-09,135.3699951171875,136.16000366210938,134.8800048828125,135.69000244140625,14157600,134.39699935913086,132.53327345414596,125.4815003712972,121.03245006561279,53.22896329405294,1.8614294869559151,0.011911428673837649
2010-12-10,135.41000366210938,135.47999572753906,133.9499969482422,134.94000244140625,11937900,134.28449935913085,132.6989098288796,125.59783376057943,121.16235008239747,53.34418870352614,1.875,0.011882500450564675
2010-12-13,136.0500030517578,136.63999938964844,135.86000061035156,136.25999450683594,13352400,134.40249938964843,132.86909165815874,125.72366714477539,121.29545009613037,55.24367921359951,1.826428004673549,0.009914800587802858
2010-12-14,136.17999267578125,137.2100067138672,135.86000061035156,136.27000427246094,17430800,134.59049911499022,133.04109150279652,125.84766705830891,121.42125007629394,55.63872660437423,1.8078569684709822,0.009607256485906155
2010-12-15,134.6999969482422,135.92999267578125,134.67999267578125,135.33999633789062,15089500,134.7769989013672,133.16563692959872,125.94716701507568,121.53660007476806,50.20522053743053,1.8464290073939733,0.009601701257504015
2010-12-16,133.80999755859375,134.22999572753906,132.86000061035156,134.2100067138672,23463000,134.94849853515626,133.2721823952415,126.05316702524821,121.65150005340575,47.21892360740219,1.8171430315290178,0.00968149204849581
2010-12-17,134.1999969482422,134.6300048828125,133.22000122070312,133.97000122070312,17213000,135.05399856567382,133.3865459095348,126.16091702779134,121.768450050354,48.660038315981645,1.8164291381835938,0.00928945501445294
2010-12-20,135.11000061035156,135.44000244140625,134.3300018310547,135.1300048828125,13142300,135.1994987487793,133.49927312677556,126.27283369700113,121.89460006713867,51.95629267217235,1.7450005667550224,0.009384159874398225
2010-12-21,135.32000732421875,135.77999877929688,134.7899932861328,135.1699981689453,10235600,135.29149932861327,133.62400041060013,126.42516708374023,122.02260009765625,52.710865675140276,1.7314300537109375,0.009167848170496635
2010-12-22,135.0500030517578,135.6999969482422,134.97000122070312,135.60000610351562,7300600,135.3234992980957,133.69781854802912,126.56316712697347,122.15550010681153,51.58899206152828,1.6807152884347099,0.009065114228605618
2010-12-23,134.66000366210938,134.89999389648438,133.92999267578125,134.25999450683594,8700800,135.3474998474121,133.7496368408203,126.71441713968913,122.28580013275146,49.93576145850633,1.552858625139509,0.009082493840340183
2010-12-27,135.02000427246094,135.05999755859375,134.49000549316406,134.9600067138672,3436400,135.44300003051757,133.8341824618253,126.85850048065186,122.42115016937255,51.48140244360823,1.4700001307896204,0.008886994454103113
2010-12-28,137.22000122070312,137.33999633789062,136.6199951171875,136.85000610351562,10111800,135.62850036621094,133.93527332652698,127.02525049845377,122.56545017242432,59.674753537265524,1.4157148088727678,0.009537430286496855
2010-12-29,137.7100067138672,138.0500030517578,137.19000244140625,137.3800048828125,8442300,135.74300079345704,134.03381902521306,127.1865005493164,122.70200019836426,61.24457194723419,1.2900009155273438,0.009064056781576277
2010-12-30,137.02999877929688,137.7100067138672,136.94000244140625,137.5800018310547,5749400,135.82550048828125,134.12600069912997,127.35058390299479,122.83920021057129,57.87729873159877,1.247143336704799,0.009154678179491001
2010-12-31,138.72000122070312,138.77000427246094,137.72000122070312,137.77999877929688,9219800,136.0015007019043,134.21054604270242,127.52025057474772,122.98110023498535,63.280656187459556,1.262143816266741,0.009502673159561293
2011-01-03,138.0,139.0,137.8800048828125,138.6699981689453,11510200,135.99800033569335,134.26963695179333,127.68441721598307,123.12970024108887,59.76332838012964,1.254286629813058,0.00835824172170924
2011-01-04,134.75,136.27999877929688,134.16000366210938,136.24000549316406,26154300,135.78000030517578,134.28909163041547,127.8220838546753,123.26470024108886,47.050528991062514,1.432143075125558,0.009672059927491016
2011-01-05,134.3699951171875,134.67999267578125,133.10000610351562,133.5,16700900,135.67350006103516,134.29072792746803,127.96958382924397,123.39495021820068,45.823141269648104,1.442856924874442,0.008795798329801522
2011-01-06,133.8300018310547,134.3800048828125,133.13999938964844,134.0500030517578,15965300,135.62550048828126,134.358364313299,128.12041714986165,123.53260021209717,44.06406102883824,1.4000004359654017,0.00839265208502833
2011-01-07,133.5800018310547,134.61000061035156,133.17999267578125,133.3800048828125,16761400,135.5360008239746,134.3994551225142,128.2615004857381,123.66660022735596,43.23652313919021,1.4014293125697546,0.008326779043010733
2011-01-10,134.1199951171875,134.1999969482422,133.24000549316406,133.85000610351562,8429900,135.47150039672852,134.48400046608666,128.41375045776368,123.79425022125244,45.612464836507826,1.3814283098493303,0.008390659589312045
2011-01-11,134.91000366210938,135.16000366210938,133.9600067138672,134.7899932861328,10268400,135.41450042724608,134.57818242853338,128.56416714986165,123.92505023956299,48.97726035284944,1.3964276994977678,0.008432347772803378
2011-01-12,135.4600067138672,135.5800018310547,134.35000610351562,134.7899932861328,10785100,135.37850112915038,134.66200062144887,128.7255839029948,124.06250026702881,51.23903626254976,1.4321419852120536,0.008487203883731562
2011-01-13,134.0500030517578,135.67999267578125,133.6300048828125,135.66000366210938,14294600,135.34600143432618,134.71963695179332,128.88000062306722,124.18800029754638,45.65195480467057,1.4985689435686385,0.008457498796594435
2011-01-14,132.69000244140625,133.60000610351562,132.22000122070312,133.1699981689453,21224900,135.2900016784668,134.77727328213777,129.0398339589437,124.30015029907227,41.007344865057945,1.5885696411132812,0.008633579286135534
2011-01-18,133.42999267578125,134.0,133.1699981689453,133.6300048828125,11592900,135.25150146484376,134.81709123091264,129.20358390808104,124.41285026550293,44.3263731346196,1.5164271763392858,0.008707332287901555
2011-01-19,133.72000122070312,134.39999389648438,133.39999389648438,134.33999633789062,11788100,135.18200149536133,134.83709134188567,129.36550057729085,124.52630027770996,45.617711276251555,1.5264271327427454,0.00857136802623525
2011-01-20,131.1999969482422,132.10000610351562,131.0399932861328,131.75999450683594,24362900,134.9760009765625,134.82400041060015,129.4964172363281,124.61985027313233,37.48210991348672,1.662855965750558,0.009481734848247521
2011-01-21,131.02999877929688,131.42999267578125,130.52999877929688,130.75999450683594,19488400,134.77500076293944,134.79745483398438,129.62550055185955,124.71175025939941,37.002688859824524,1.6028551374162947,0.009481109154238596
2011-01-24,130.36000061035156,131.6300048828125,130.13999938964844,131.00999450683594,15127200,134.56000061035155,134.77545471191405,129.74525057474773,124.79535026550293,35.09731159379625,1.629284449986049,0.009511674024000376
2011-01-25,130.10000610351562,130.27000427246094,129.07000732421875,129.64999389648438,22219700,134.3140007019043,134.6676366632635,129.85675061543782,124.88080028533936,34.35796118091103,1.447141374860491,0.009458982969632088
2011-01-26,131.16000366210938,131.1699981689453,129.27999877929688,129.8300018310547,20543000,134.0110008239746,134.5727275501598,129.97491728464763,124.97315029144288,39.91528671682493,1.4642846243722099,0.008790049523908097
2011-01-27,127.93000030517578,130.49000549316406,127.80000305175781,130.2899932861328,33047000,133.52200050354003,134.39363666881215,130.05900065104166,125.04765029907226,31.23697042629118,1.6157128470284599,0.009991723177414097
2011-01-28,130.27999877929688,131.47999572753906,127.94999694824219,127.97000122070312,28091500,133.18450050354005,134.29709125865588,130.16633396148683,125.13080028533936,41.24582233239039,1.7671405247279577,0.011125833911004171
2011-01-31,129.8699951171875,130.50999450683594,129.25,129.27000427246094,14664100,132.74200019836425,134.16309107000177,130.26750055948892,125.22395027160644,40.1478377055969,1.7885693141392298,0.010566704589609354
2011-02-01,130.8000030517578,131.0800018310547,129.3300018310547,130.52000427246094,15363700,132.38200035095215,134.0383637861772,130.3796672821045,125.32220027923584,43.80226010397832,1.8278552464076452,0.010804813443192847
2011-02-02,130.4499969482422,130.60000610351562,129.4499969482422,130.3699951171875,10082000,132.16700019836426,133.9794545953924,130.47700061798096,125.41715026855469,42.74448667741849,1.8364274161202567,0.009619739589660888
2011-02-03,132.1999969482422,132.32000732421875,129.27999877929688,130.07000732421875,17374700,132.058500289917,133.9754545731978,130.58916727701822,125.51660026550293,49.33274505110531,1.9071431841169084,0.010178039797982413
2011-02-04,131.66000366210938,132.6999969482422,131.22999572753906,131.83999633789062,15214300,131.95000038146972,133.98800007213245,130.68858394622802,125.61570030212403,47.51586222721567,1.8814288548060827,0.010179160531506252
2011-02-07,131.67999267578125,131.9499969482422,131.22999572753906,131.6699981689453,7176300,131.85499992370606,134.0116362138228,130.78800055185954,125.7081502532959,47.59280542604259,1.8392862592424666,0.010177688002054585
2011-02-08,133.13999938964844,133.5,132.8000030517578,132.9600067138672,16220900,131.8060001373291,134.0307271784002,130.8956672032674,125.81010025024415,53.01135737757269,1.8978582109723772,0.010467052141087289
2011-02-09,133.07000732421875,133.38999938964844,132.49000549316406,133.19000244140625,10178400,131.71400032043456,134.0465455488725,131.0013339360555,125.90230030059814,52.72989014946266,1.770714351109096,0.010364698979161592
2011-02-10,132.85000610351562,133.30999755859375,132.0,132.11000061035156,8105200,131.583500289917,134.0350911920721,131.10866731007894,125.99500034332276,51.79890983990565,1.8000003269740514,0.010306627171539061
2011-02-11,132.32000732421875,133.44000244140625,132.08999633789062,133.00999450683594,9888600,131.49700050354005,133.9970912586559,131.2131673812866,126.08520038604736,49.53015395391047,1.7900003705705916,0.010093369587110955
2011-02-14,132.9499969482422,133.3800048828125,132.6999969482422,132.9499969482422,8694200,131.51000022888184,133.97472769997336,131.31808401743572,126.17315036773681,52.209635106770314,1.7735721043178014,0.0098999789872246
2011-02-15,133.97000122070312,134.1699981689453,133.6300048828125,133.86000061035156,10111200,131.53700065612793,133.99036407470703,131.4231673558553,126.26435035705566,56.25877640296144,1.725715092250279,0.009971317801831914
2011-02-16,134.10000610351562,134.86000061035156,133.4499969482422,134.22999572753906,12822800,131.55600090026854,134.00109155828304,131.53266741434734,126.36050037384034,56.761621638529135,1.5864295959472656,0.00996272455633647
2011-02-17,135.0399932861328,135.16000366210938,134.47000122070312,134.74000549316406,11322200,131.74800071716308,133.99418237859553,131.64958400726317,126.46025035858155,60.3140636273519,1.4085726056780135,0.008993092208682133
2011-02-18,135.41000366210938,135.8000030517578,134.8800048828125,135.1699981689453,15890100,131.9670009613037,133.9947278109464,131.7704173405965,126.54485038757325,61.64974392503973,1.3842871529715401,0.008972739621713353
2011-02-22,136.2899932861328,137.22000122070312,136.19000244140625,136.9199981689453,16676100,132.26350059509278,134.01454592618074,131.8888339360555,126.63495037078857,64.69323573797733,1.3885726928710938,0.008885032533674795
2011-02-23,137.50999450683594,138.1999969482422,136.9199981689453,136.97000122070312,15685700,132.63400001525878,134.0043638749556,132.0206672032674,126.73465034484863,68.43346466111845,1.428572518484933,0.00894580742201675
2011-02-24,136.47999572753906,138.13999938964844,135.72999572753906,138.0399932861328,18781700,132.89999961853027,133.956545604359,132.13891716003417,126.81375030517579,62.42125786013189,1.3835721697126115,0.009136263003042025
2011-02-25,137.3800048828125,137.74000549316406,136.77000427246094,137.22000122070312,10351400,133.37249984741212,133.97254569313742,132.26825052897135,126.89365032196045,65.29075288750094,1.368572780064174,0.006678718154121206
2011-02-28,137.66000366210938,138.13999938964844,137.02999877929688,137.64999389648438,8847000,133.74150009155272,134.02472769997337,132.3929172515869,126.97915035247803,66.15658037700192,1.3964298793247767,0.005703963532447959
2011-03-01,140.02999877929688,140.02999877929688,138.49000549316406,138.57000732421875,17438100,134.2495002746582,134.10945503928446,132.5372505823771,127.0774503326416,72.42640703336441,1.4357147216796875,0.006369935757828988
2011-03-02,139.9199981689453,140.5500030517578,139.47999572753906,140.24000549316406,15719800,134.70550003051758,134.19145493940874,132.69025058746337,127.18025032043457,71.7618879186393,1.4478585379464286,0.00639653767055656
2011-03-03,138.08999633789062,139.1300048828125,137.57000732421875,138.80999755859375,16485000,135.0875,134.22854572642933,132.8265838623047,127.27325031280517,61.63093281796331,1.522143772670201,0.007278386113376458
2011-03-04,139.35000610351562,139.75,138.61000061035156,138.6300048828125,17454600,135.44500045776368,134.28618233420633,132.97433389027913,127.38685035705566,65.26680297195816,1.5442864554268974,0.0070096378404059245
2011-03-07,139.72000122070312,140.61000061035156,139.27999877929688,140.2899932861328,14068900,135.84800033569337,134.37745513916016,133.10516726175945,127.50625038146973,66.27734786540775,1.5635724748883928,0.006827953574149068
2011-03-08,139.36000061035156,139.66000366210938,138.8300018310547,139.64999389648438,10730500,136.23200073242188,134.47836428555576,133.23366724650066,127.62695037841797,64.31658200736163,1.5400009155273438,0.006914507549638149
2011-03-09,139.41000366210938,139.9499969482422,138.94000244140625,139.9199981689453,8736400,136.5455009460449,134.57309168035334,133.35683396657308,127.73980041503906,64.47379462315979,1.5114288330078125,0.006653955451336016
2011-03-10,137.77000427246094,138.5,136.85000610351562,138.5,15559100,136.78050079345704,134.62145538330077,133.46708399454752,127.8418504333496,55.79173657769432,1.6185716901506697,0.007345860867576509
2011-03-11,138.22000122070312,138.92999267578125,137.17999267578125,137.2899932861328,10416900,137.04900054931642,134.67418254505503,133.57833398183186,127.94060043334962,57.483529574010205,1.6778575352260046,0.007307725380745458
2011-03-14,138.86000061035156,139.5500030517578,138.61000061035156,139.3300018310547,10239300,137.37600021362306,134.74345522793857,133.68541730244954,128.04145042419432,59.83759307662259,1.6435721261160714,0.007188570924030178
2011-03-15,136.27000427246094,136.94000244140625,135.22999572753906,135.35000610351562,23465100,137.542000579834,134.7727279663086,133.76933403015136,128.12840045928954,48.20541439886193,1.7664293561662947,0.00856519096333814
2011-03-16,136.24000549316406,137.1999969482422,135.8000030517578,136.52000427246094,13392500,137.65550079345704,134.794909806685,133.85216738382977,128.21005046844482,48.088808617747105,1.6942858014787947,0.008435483908011304
2011-03-17,136.97000122070312,137.0800018310547,136.25,136.55999755859375,9117400,137.79900054931642,134.79036435213956,133.9378340403239,128.29600048065186,51.18333230357651,1.6642848423549108,0.008494961737547534
2011-03-18,138.3699951171875,138.8300018310547,137.75999450683594,138.13999938964844,18602000,137.96550064086915,134.80236414129084,134.0349173227946,128.39805046081543,56.534713287360475,1.7178562709263392,0.008641759324286104
2011-03-21,139.13999938964844,139.91000366210938,138.97000122070312,139.5,13742500,138.1520004272461,134.84072778875176,134.12900066375732,128.49780044555663,59.18486452592502,1.658571515764509,0.008690267694605788
2011-03-22,139.0500030517578,139.36000061035156,138.6699981689453,138.8800048828125,9553700,138.29000091552734,134.84672782204368,134.22150071461996,128.58560047149658,58.73411536375102,1.6314283098493303,0.008615990207803048
2011-03-23,140.33999633789062,140.5500030517578,139.5500030517578,139.61000061035156,11541000,138.43150100708007,134.8892732100053,134.32508398691814,128.68230045318603,63.07512365809435,1.5707146780831474,0.008632026002947555
2011-03-24,139.22000122070312,141.27999877929688,138.8300018310547,140.27000427246094,17016600,138.5685012817383,134.97054595947264,134.41100063323975,128.77560047149657,57.42670691907204,1.6271427699497767,0.008658223384837955
2011-03-25,139.25999450683594,140.24000549316406,138.66000366210938,140.0,13191100,138.66250076293946,135.05945503928444,134.50100053151448,128.87705043792724,57.57281307099052,1.6449999128069197,0.008559181244424887
2011-03-28,138.5399932861328,138.8300018310547,137.77999877929688,137.82000732421875,7656000,138.7065002441406,135.14509124755858,134.5639170964559,128.96970039367676,53.981083104225426,1.6871425083705358,0.008651785569864942
2011-03-29,138.2100067138672,138.82000732421875,137.94000244140625,138.2100067138672,6345200,138.61550064086913,135.2292731545188,134.61725050608317,129.06275043487548,52.36856492448059,1.6778575352260046,0.007698834354232585
2011-03-30,138.6699981689453,139.17999267578125,137.67999267578125,139.07000732421875,10749400,138.55300064086913,135.3120004827326,134.68641719818115,129.15115043640137,54.41285986123577,1.6021434238978796,0.007749125877729768
2011-03-31,139.86000061035156,140.39999389648438,139.77999877929688,140.0800018310547,15227300,138.6415008544922,135.4020004272461,134.75475050608318,129.24880043029785,59.281667761904494,1.6007145472935267,0.007392202781368945
2011-04-01,139.1999969482422,139.5500030517578,137.72000122070312,138.64999389648438,15738300,138.6340003967285,135.47000024968926,134.8123338699341,129.33530040740968,55.72676827320623,1.658571515764509,0.007203934661924828
2011-04-04,139.83999633789062,140.25999450683594,139.4499969482422,140.1300048828125,9685100,138.6400001525879,135.5752728548917,134.87800045013427,129.42035037994384,58.33584804256683,1.4749995640345983,0.007254944608026481
2011-04-05,142.0500030517578,142.08999633789062,139.52000427246094,139.5800018310547,18295300,138.7745002746582,135.74545468417082,134.94450041453044,129.5286503982544,65.82529322483884,1.5585708618164062,0.008025550067943091
2011-04-06,142.3800048828125,142.6199951171875,141.77000427246094,142.39999389648438,10710300,138.92300033569336,135.9081821788441,135.00808378855388,129.63330043792723,66.78540866343229,1.5592847551618303,0.008029475798539644
2011-04-07,142.50999450683594,142.88999938964844,141.8000030517578,142.22999572753906,9486800,139.1599998474121,136.06800023859196,135.08166713714598,129.74110042572022,67.17659111174235,1.504284449986049,0.007440542727183405
2011-04-08,143.66000366210938,143.83999633789062,142.97000122070312,143.33999633789062,13128200,139.43199996948243,136.29454581520775,135.15983384450277,129.85290042877196,70.48809305008861,1.4892839704241072,0.007569517005120639
2011-04-11,142.63999938964844,143.49000549316406,142.27999877929688,143.27999877929688,10105600,139.62099990844726,136.50563673539594,135.2642505009969,129.95230041503908,64.29244617230576,1.5385698590959822,0.0078025380651457876
2011-04-12,141.61000061035156,142.82000732421875,140.75,142.74000549316406,14948100,139.88799972534179,136.7101821899414,135.350000445048,130.05490043640137,58.683204883991266,1.57928466796875,0.006581658494972462
2011-04-13,141.89999389648438,142.52999877929688,141.47999572753906,142.38999938964844,13884200,140.1709991455078,136.92472742254083,135.4535837173462,130.15805042266845,59.74800358870916,1.4792851039341517,0.006561911954058503
2011-04-14,143.80999755859375,143.8300018310547,142.22999572753906,142.35000610351562,14174100,140.51299896240235,137.15472731156783,135.57091706593832,130.26870040893556,65.96883757297839,1.5042855398995536,0.0070111084364938205
2011-04-15,145.0500030517578,145.1199951171875,143.57000732421875,143.85000610351562,19121600,140.84699935913085,137.4660000887784,135.68925037384034,130.4087504196167,69.28741289885882,1.5092849731445312,0.006926605060618858
2011-04-18,145.92999267578125,146.07000732421875,144.6300048828125,145.2100067138672,17340100,141.1864990234375,137.75054543235086,135.81466693878173,130.54595039367675,71.41757472883285,1.5492847987583704,0.006939639159978733
2011-04-19,145.92999267578125,146.24000549316406,145.17999267578125,145.72999572753906,10950100,141.53049850463867,138.04254538796164,135.95141684214275,130.69305034637452,71.41757472883285,1.5178571428571428,0.006926148033794263
2011-04-20,146.5,146.83999633789062,145.74000549316406,146.3699951171875,13716800,141.83849868774413,138.3279998779297,136.07858346303303,130.83690032958984,72.8330718263743,1.4728567940848214,0.006748964433590902
2011-04-21,146.74000549316406,147.05999755859375,146.32000732421875,146.57000732421875,10109400,142.2144989013672,138.6241818514737,136.1962502161662,130.9845503616333,73.42973767082744,1.3728561401367188,0.006316272105568428
2011-04-25,146.8699951171875,147.5800018310547,146.4199981689453,147.57000732421875,15596400,142.59499893188476,138.8909090909091,136.3208335240682,131.1271003341675,73.76580827029825,1.3799994332449776,0.006305883450836613
2011-04-26,146.3800048828125,146.6199951171875,145.47999572753906,146.47000122070312,16200000,142.98699951171875,139.15854547674004,136.43658351898193,131.27230037689208,70.1632753889836,1.2957142421177454,0.006198092664157793
2011-04-27,149.1999969482422,149.2100067138672,146.52000427246094,147.3800048828125,21945900,143.5364990234375,139.47709100896662,136.58350009918212,131.42650035858154,77.09606591675491,1.4371435982840401,0.007077888307337297
2011-04-28,149.82000732421875,150.0,148.60000610351562,149.3000030517578,20754000,144.09399948120117,139.78036388050427,136.69841683705647,131.58410037994383,78.29044869988746,1.4592862810407365,0.0070770549125159276
2011-04-29,152.3699951171875,153.02999877929688,149.75,149.89999389648438,27600000,144.71949920654296,140.13127274946734,136.83166675567628,131.75480033874513,82.36387943318847,1.59857177734375,0.00760300722885488
2011-05-02,150.41000366210938,153.61000061035156,150.36000061035156,151.4600067138672,24094100,145.27999954223634,140.45054543235085,136.93691679636638,131.92350036621093,71.29134462422337,1.7321428571428572,0.008298876374801166
2011-05-03,149.8800048828125,150.97000122070312,148.85000610351562,150.42999267578125,24215600,145.78199996948243,140.7698181152344,137.0560002009074,132.09425037384034,68.60553759205453,1.7357134137834822,0.008460711874747397
2011-05-04,147.72999572753906,150.33999633789062,146.75999450683594,149.86000061035156,35107000,146.06599960327148,141.03854536576705,137.14341678619385,132.24965034484865,58.90989931884785,1.9164276123046875,0.008832058671349957
2011-05-05,143.47000122070312,147.5800018310547,142.5500030517578,146.82000732421875,51284000,146.12049942016603,141.2112726384943,137.19183343251547,132.38775035858154,45.261068559772944,2.1485693795340404,0.011202169283064667
2011-05-06,145.3000030517578,146.08999633789062,144.39999389648438,145.24000549316406,24182200,146.2599998474121,141.41490894664418,137.28858343760172,132.52995037078858,50.560269980939935,2.2249984741210938,0.011536404670413454
2011-05-09,147.3800048828125,147.5800018310547,146.33999633789062,146.6699981689453,13854800,146.44599990844728,141.63927279385652,137.41325016021727,132.68640041351318,55.79810566841731,2.284998212541853,0.011817987055913387
2011-05-10,147.89999389648438,148.19000244140625,146.92999267578125,147.19000244140625,11285200,146.70899963378906,141.86636352539062,137.55433343251545,132.84830039978027,57.02390084173946,2.299283708844866,0.011656070686198304
2011-05-11,146.5399932861328,147.35000610351562,145.77000427246094,147.24000549316406,21378300,146.95549926757812,142.05272716175426,137.68900000254314,133.01345035552978,52.89246995805565,2.3728550502232144,0.01174520341552897
2011-05-12,146.58999633789062,147.1199951171875,144.9600067138672,145.8800048828125,18730400,147.18999938964845,142.21781810413708,137.80983333587648,133.17750034332275,53.02722093265835,2.4742834908621654,0.011749341228014586
2011-05-13,145.6300048828125,147.27999877929688,144.49000549316406,146.72000122070312,17268700,147.28099975585937,142.38418190696024,137.92175006866455,133.33420036315917,50.06619823937989,2.5907113211495534,0.011544733809784453
2011-05-16,145.3699951171875,146.6699981689453,145.19000244140625,145.8800048828125,10066800,147.29699935913087,142.52945445667615,138.02083339691163,133.48360034942627,49.263822204688395,2.597139630998884,0.011402162109532453
2011-05-17,144.74000549316406,144.77999877929688,143.4199981689453,144.22999572753906,17192100,147.2375,142.6581817626953,138.10691674550375,133.62960037231446,47.28640612137941,2.5342821393694197,0.01135625147245472
2011-05-18,145.60000610351562,146.22000122070312,145.13999938964844,145.5500030517578,10502900,147.22100067138672,142.75945462313567,138.2020835240682,133.7776504135132,50.223669442158986,2.539996555873326,0.011443215957768748
2011-05-19,145.64999389648438,145.85000610351562,144.86000061035156,145.1199951171875,8098100,147.17850036621093,142.86363636363637,138.3065834681193,133.92230037689208,50.39668328743678,2.3764256068638394,0.011406048861563798
2011-05-20,147.49000549316406,147.77999877929688,144.89999389648438,145.82000732421875,23187900,147.21600036621095,143.03454562100498,138.42308355967205,134.07485038757324,56.403579090601475,2.3499973842075894,0.01176023981812859
2011-05-23,147.8300018310547,147.9499969482422,146.97000122070312,147.0399932861328,15937600,147.2640007019043,143.18872736150567,138.52650025685628,134.22480041503906,57.42943683223243,2.268568856375558,0.01176810887614653
2011-05-24,148.58999633789062,149.0500030517578,148.17999267578125,148.47999572753906,14948000,147.3745002746582,143.35,138.63658351898192,134.38075038909912,59.711552899724836,2.0999973842075894,0.011779426310730005
2011-05-25,148.5800018310547,149.3699951171875,148.52000427246094,148.72000122070312,10973800,147.34350051879883,143.51763638583097,138.74808355967204,134.53500038146973,59.66625347347392,1.7907115391322546,0.010949796549995824
2011-05-26,148.22000122070312,148.61000061035156,147.58999633789062,148.4499969482422,9785500,147.26350021362305,143.67781815962357,138.83266684214274,134.6894004058838,57.96058872177382,1.6764264787946428,0.010912366439549806
2011-05-27,149.6999969482422,149.9199981689453,148.9600067138672,149.02000427246094,10186200,147.13000030517577,143.89472711736505,138.92091681162518,134.84405040740967,62.6834800192824,1.634997776576451,0.010420878043288204
2011-05-31,149.63999938964844,150.16000366210938,149.41000366210938,149.8800048828125,10499300,147.09150009155275,144.1023634477095,139.0304168065389,134.99855041503906,62.377539244100355,1.5985685076032365,0.010028790462022165
2011-06-01,149.91000366210938,151.1300048828125,149.42999267578125,149.66000366210938,18365400,147.09300003051757,144.30327259410512,139.15641689300537,135.14945041656495,63.24689990061142,1.5678558349609375,0.010006833750186366
2011-06-02,149.5,150.3800048828125,148.07000732421875,150.14999389648438,13552700,147.18150024414064,144.54381797096946,139.27416693369548,135.29820041656495,60.94394654703661,1.578570774623326,0.009448526729914017
2011-06-03,150.22000122070312,150.66000366210938,149.6199951171875,150.27999877929688,12606400,147.5190002441406,144.79799971147017,139.39758358001708,135.44820041656493,63.46013419840282,1.4621429443359375,0.006441173444843087
2011-06-06,150.47999572753906,151.4499969482422,150.2100067138672,150.82000732421875,11472600,147.7779998779297,145.0436359752308,139.51783351898194,135.5986503982544,64.35321481208203,1.4449996948242188,0.005954578398558475
2011-06-07,150.4199981689453,150.85000610351562,149.67999267578125,150.6699981689453,10140500,147.92999954223632,145.26272693980823,139.63650023142498,135.7509003829956,63.96469058320308,1.3892865862165178,0.005181814743320347
2011-06-08,149.80999755859375,150.3800048828125,149.3000030517578,150.02000427246094,9612500,148.0254997253418,145.45672690651634,139.7624169031779,135.9010503768921,59.99853385290201,1.363572256905692,0.005266472611256577
2011-06-09,150.55999755859375,151.02000427246094,149.75,150.00999450683594,7643200,148.22649993896485,145.66599953391335,139.90200023651124,136.0520503616333,63.03349824453029,1.3835721697126115,0.004805699555946447
2011-06-10,149.24000549316406,149.77999877929688,148.69000244140625,149.0399932861328,12344900,148.3590003967285,145.82781788219106,140.02733364105225,136.19145038604736,55.10863007775107,1.3114286150251115,0.005312675848069093
2011-06-13,147.77000427246094,149.0399932861328,147.19000244140625,148.66000366210938,12989300,148.46600036621095,145.9832724831321,140.1328336715698,136.3255004119873,47.88795235906919,1.3878577096121651,0.005600094775785973
2011-06-14,148.6699981689453,148.72999572753906,147.47999572753906,147.6999969482422,10938500,148.63100051879883,146.1543634588068,140.24408359527587,136.4638003921509,52.031927715633095,1.390000479561942,0.005689035571999051
2011-06-15,149.1199951171875,149.5500030517578,147.9199981689453,148.16000366210938,14550700,148.85,146.34672712846236,140.36133352915445,136.60485034942627,54.00152374043733,1.4457157679966517,0.005552864542037181
2011-06-16,148.97000122070312,149.49000549316406,148.22000122070312,148.8300018310547,11035000,149.01849975585938,146.54236339222302,140.48058350880942,136.7393003463745,53.21714615141083,1.4635729108537947,0.005477597522432725
2011-06-17,149.94000244140625,150.2899932861328,148.8300018310547,148.8699951171875,19205100,149.23300018310547,146.7472725608132,140.60491682688397,136.88055034637452,57.514878847072474,1.446429661342076,0.005601494697336378
2011-06-20,150.02999877929688,150.7899932861328,149.5800018310547,150.0800018310547,10463400,149.3599998474121,146.9321816184304,140.7116668065389,137.01925033569336,57.90129799204899,1.4792861938476562,0.004947073872138617
2011-06-21,150.75999450683594,150.8699951171875,150.17999267578125,150.25999450683594,12439200,149.50649948120116,147.14236339222302,140.82041670481365,137.16375030517577,60.999912299917604,1.4178564889090401,0.005018894693206067
2011-06-22,150.99000549316406,151.86000061035156,150.55999755859375,151.00999450683594,14109700,149.62649993896486,147.3450908314098,140.93675009409586,137.30520034790038,61.95021928110618,1.3457140241350447,0.004925906643727557
2011-06-23,148.33999633789062,148.83999633789062,147.25999450683594,148.6699981689453,24869600,149.61449966430663,147.45945434570314,141.01691672007243,137.43335033416747,47.56874250384921,1.5292859758649553,0.006416263009735599
2011-06-24,146.25999450683594,148.02000427246094,145.97000122070312,147.86000061035156,19301400,149.5164993286133,147.52999961159446,141.0857500076294,137.5568503189087,39.76560504526136,1.6100006103515625,0.007125919436276307
2011-06-27,145.72999572753906,146.39999389648438,145.1999969482422,145.92999267578125,11602500,149.31799926757813,147.5885450883345,141.17724997202555,137.67685028076173,38.05271656617649,1.6121422903878349,0.00669451473793944
2011-06-28,146.24000549316406,146.77000427246094,145.6699981689453,146.16000366210938,8813800,149.14799957275392,147.6354542125355,141.2761667251587,137.79995029449464,40.69979024205642,1.6107145036969865,0.006779031340914363
2011-06-29,147.17999267578125,147.4199981689453,146.44000244140625,146.77000427246094,12624600,149.0114990234375,147.71799954501066,141.38741664886476,137.9157502746582,45.33610054494781,1.6042851039341517,0.006960632779103972
2011-06-30,146.0,147.41000366210938,145.97999572753906,147.17999267578125,12657100,148.8364990234375,147.79781771573153,141.49091663360596,138.02605026245118,41.00232140857859,1.572857448032924,0.007132212975676943
2011-07-01,144.92999267578125,145.07000732421875,143.97000122070312,144.75999450683594,16366500,148.5719985961914,147.85290860262785,141.58099994659423,138.127550239563,37.501548535278616,1.5714285714285714,0.007113660165318482
2011-07-05,147.6300048828125,147.82000732421875,146.85000610351562,146.9600067138672,11278200,148.42949905395508,147.92236328125,141.68699995676675,138.24300025939942,49.27142298285694,1.6885724748883928,0.008432347996873037
2011-07-06,148.91000366210938,149.44000244140625,148.5800018310547,148.6999969482422,14502500,148.35399932861327,147.9925451105291,141.79908326466878,138.36320026397706,53.72096562455388,1.7014290945870536,0.00870150595068844
2011-07-07,149.14999389648438,149.35000610351562,148.2899932861328,148.97000122070312,9520900,148.3209991455078,148.0510905872692,141.92491652170818,138.47890022277832,54.526328144146326,1.686429704938616,0.008670768002238758
2011-07-08,150.25,150.5,149.99000549316406,150.32000732421875,13662300,148.3054992675781,148.12963617498224,142.07124983469646,138.5991502380371,58.12351925011297,1.6785736083984375,0.008761121148127297
2011-07-11,151.58999633789062,151.69000244140625,150.1999969482422,151.3300018310547,20447200,148.42299880981446,148.2221815629439,142.22258319854737,138.72560020446778,62.06070532218131,1.6985746111188615,0.008729192017625039
2011-07-12,152.77000427246094,153.32000732421875,150.77000427246094,151.24000549316406,24033700,148.67299880981446,148.33181790438564,142.3813332239787,138.85600021362305,65.16654028177268,1.8207179478236608,0.008482061756580802
2011-07-13,154.13999938964844,154.7100067138672,153.5800018310547,153.75999450683594,26351000,148.9464988708496,148.4639998002486,142.5724999109904,138.99310020446777,68.40086142561259,1.8664321899414062,0.008584239756618595
2011-07-14,154.5399932861328,155.24000549316406,153.9499969482422,154.80999755859375,17613600,149.21749877929688,148.6123632257635,142.7684165318807,139.12655017852782,69.29722296891943,1.6921463012695312,0.00858164900069456
2011-07-15,155.1999969482422,155.2899932861328,154.22000122070312,154.33999633789062,18448400,149.52899856567382,148.7214541348544,142.97541650136313,139.26280017852784,70.77057300499857,1.5992889404296875,0.008571249034142105
2011-07-18,156.57000732421875,156.5800018310547,155.6699981689453,155.75999450683594,17133400,149.86049880981446,148.8441814075817,143.19599984486896,139.40610019683837,73.60233051378611,1.6121466500418526,0.008649478492786349
2011-07-19,154.66000366210938,156.32000732421875,154.10000610351562,156.32000732421875,22871500,150.09199905395508,148.88581792658024,143.39183317820232,139.5348501968384,64.25593728649841,1.710003444126674,0.009228309758453816
2011-07-20,156.02000427246094,156.02000427246094,154.11000061035156,154.22000122070312,14559300,150.35499954223633,148.98781793767756,143.62591654459635,139.67265018463135,67.4276321614995,1.7621470860072546,0.009343407541560175
2011-07-21,154.8300018310547,156.0399932861328,154.3300018310547,155.91000366210938,18422800,150.54699935913087,149.07781788219106,143.83049990336102,139.7918501663208,62.22474900356135,1.7821459089006697,0.009576621102581812
2011-07-22,156.1199951171875,156.55999755859375,155.67999267578125,156.0,11378700,150.9359992980957,149.23036332563922,144.04924990336102,139.91340015411376,65.34636344512394,1.7607171194893974,0.008593475227687086
2011-07-25,157.33999633789062,157.8000030517578,156.72000122070312,157.60000610351562,13036200,151.48999938964843,149.4825450550426,144.2704165140788,140.0482501602173,68.03655372764344,1.674288068498884,0.0077133629921089
2011-07-26,157.77000427246094,157.7899932861328,156.60000610351562,156.97000122070312,11735500,152.09199981689454,149.7092723499645,144.4980832417806,140.17880016326905,68.95145928159045,1.6300016130719865,0.007524972711185035
2011-07-27,157.19000244140625,158.63999938964844,156.69000244140625,158.47000122070312,18296600,152.63949966430664,149.88763594193892,144.70633328755696,140.3033002090454,66.19905616003976,1.6935719081333704,0.0077188587648248696
2011-07-28,157.32000732421875,157.60000610351562,156.11000061035156,157.5399932861328,11369100,153.14650039672853,150.05890891335227,144.92016665140787,140.43010021209716,66.52164377439932,1.7035718645368303,0.007714187226172924
2011-07-29,158.2899932861328,159.25,157.67999267578125,158.42999267578125,17122800,153.76100006103516,150.27254527698864,145.14191665649415,140.55120014190675,68.90607538599384,1.734999520438058,0.007250739204528641
2011-08-01,157.72000122070312,158.97000122070312,156.77999877929688,157.47000122070312,14825700,154.40050048828124,150.4749090021307,145.34675000508625,140.66605014801024,65.93427244931775,1.7092851911272322,0.006985228928502863
2011-08-02,161.52000427246094,161.6199951171875,158.97000122070312,159.3300018310547,24284500,155.09500045776366,150.76381808194247,145.58383331298828,140.80525020599364,73.98855399866021,1.8492845807756697,0.0076517877444607675
2011-08-03,161.49000549316406,162.86000061035156,161.33999633789062,162.36000061035156,27823700,155.7240005493164,151.0569091796875,145.82249997456867,140.941300239563,73.8401293915077,1.8657128470284599,0.007656056721945029
2011-08-04,160.63999938964844,163.8699951171875,159.67999267578125,163.61000061035156,40380300,156.29850082397462,151.3459999778054,146.05849990844726,141.09395023345948,69.58086743063338,2.0885707310267856,0.007922935645290872
2011-08-05,161.75,162.3699951171875,160.47999572753906,161.63999938964844,24554700,156.8735008239746,151.63963623046874,146.2984999338786,141.24610019683837,71.86331440630569,2.1249989100864957,0.007912397949145535
2011-08-08,167.1199951171875,167.61000061035156,164.75999450683594,165.47999572753906,43002400,157.65000076293944,152.02999988902698,146.57474988301595,141.4343501663208,79.77118653062468,2.3671417236328125,0.010264533251094662
2011-08-09,168.61000061035156,173.14999389648438,167.47999572753906,169.92999267578125,55765800,158.44200057983397,152.41399980024858,146.86233317057292,141.62875019073488,81.33842025106068,2.6614270891462053,0.010284147262456078
2011-08-10,174.5800018310547,175.1300048828125,171.6199951171875,172.4600067138672,44797200,159.4640007019043,152.90036343661222,147.19183324178059,141.84740016937255,86.0139406665264,3.004999433244978,0.012319638485233472
2011-08-11,170.75,172.33999633789062,168.64999389648438,172.27999877929688,49888300,160.27450103759764,153.30327259410512,147.48633321126303,142.0467501449585,73.3220730628851,3.3050003051757812,0.013837580095054449
2011-08-12,169.97000122070312,170.05999755859375,167.77000427246094,169.57000732421875,29220000,161.01300125122071,153.6921816739169,147.7669999440511,142.2490001296997,71.02360217235376,3.3978565761021207,0.014005249095739098
2011-08-15,171.8000030517578,171.91000366210938,168.9499969482422,169.32000732421875,17798000,161.77450103759764,154.12090897993608,148.0527500152588,142.45180011749267,73.1502101919474,3.524286542619978,0.014042370802826538
2011-08-16,173.9199981689453,174.07000732421875,172.5,172.60000610351562,19658000,162.73750076293945,154.56127263849433,148.36475003560383,142.65830013275146,75.40239438205397,3.547144208635603,0.013547292397830214
2011-08-17,174.4199981689453,174.67999267578125,173.25,173.8699951171875,16482000,163.65750045776366,155.01181807084518,148.6734166463216,142.87080013275147,75.9155158571622,3.5428575788225447,0.013547055884314497
2011-08-18,177.72000122070312,178.10000610351562,176.41000366210938,177.14999389648438,25512800,164.8020004272461,155.51745439009233,149.0072499593099,143.09695011138916,79.02543651261826,3.667858668736049,0.01347536051988308
2011-08-19,179.9499969482422,181.6699981689453,178.91000366210938,181.63999938964844,34398100,165.99350051879884,156.0710906982422,149.33991661071778,143.33885005950927,80.82710175532799,3.793572562081473,0.013530102345439776
2011-08-22,184.58999633789062,184.82000732421875,181.60000610351562,181.9499969482422,27482600,167.35600051879882,156.69599970037288,149.712166595459,143.58165004730225,83.92179320526961,3.862859453473772,0.014154371713109674
2011-08-23,177.6699981689453,183.82000732421875,177.5,182.24000549316406,55265400,168.35100021362305,157.1903633811257,150.0419999440511,143.7881000137329,66.64478629846553,4.260716029575893,0.017435912444434744
2011-08-24,171.64999389648438,178.30999755859375,170.30999755859375,177.89999389648438,70700300,169.07399978637696,157.5763633034446,150.3111665089925,143.95744998931886,55.86918339420819,4.532858712332589,0.019512143413872647
2011-08-25,172.36000061035156,172.80999755859375,165.8800048828125,167.0,43273700,169.82599945068358,157.9863633589311,150.58316650390626,144.14130001068116,56.757236983499645,4.892858232770648,0.019492564794877473
2011-08-26,177.47000122070312,177.5500030517578,171.75,173.57000732421875,38673000,170.7849998474121,158.47563615278764,150.90074984232584,144.34244998931885,62.59178682816477,4.888572692871094,0.020273431158597085
2011-08-29,173.88999938964844,176.00999450683594,172.8800048828125,175.9499969482422,25265500,171.59349975585937,158.92381785999646,151.18808314005534,144.52359996795656,56.80874789489774,4.78571537562779,0.021008795866776394
2011-08-30,179.10000610351562,179.30999755859375,176.66000366210938,177.6999969482422,23441000,172.4724998474121,159.4934542569247,151.5324998219808,144.7506499862671,62.27190138694265,4.70714351109096,0.021326559431565164
2011-08-31,177.72000122070312,179.16000366210938,176.3300018310547,177.72999572753906,16054400,173.28399963378905,160.02163613059304,151.86166648864747,144.97715000152587,60.10333268409552,4.485714503696987,0.021495744293878613
2011-09-01,177.8699951171875,178.25999450683594,176.5500030517578,177.44000244140625,13895500,174.145499420166,160.54436340332032,152.18674977620444,145.2116499710083,60.265300467967116,4.394999912806919,0.021385067841928784
2011-09-02,183.24000549316406,183.50999450683594,182.10000610351562,182.82000732421875,19911200,175.21999969482422,161.16745439009233,152.57816645304362,145.47594997406006,65.64296727292748,4.586427961077009,0.022097619731950725
2011-09-06,182.89999389648438,185.85000610351562,181.30999755859375,184.5800018310547,30254500,176.00899963378907,161.76672696200285,152.96699968973795,145.72999996185303,65.04272582835702,4.748571123395648,0.021241145515092704
2011-09-07,177.0800018310547,178.08999633789062,174.4499969482422,176.19000244140625,30760000,176.43249969482423,162.25854519930752,153.3012496948242,145.95439998626708,55.660641578066965,5.25,0.022720851699779544
2011-09-08,181.80999755859375,182.1199951171875,179.77000427246094,181.38999938964844,20741300,176.79399948120118,162.82309070933948,153.66324971516926,146.19604999542236,60.63090153562402,5.347141810825893,0.022137711793960565
2011-09-09,180.6999969482422,181.9499969482422,179.1699981689453,179.75999450683594,25429600,177.29149932861327,163.3632723721591,154.00958302815755,146.42749996185302,58.960585541419924,5.263570513044085,0.021500577979550226
2011-09-12,176.6699981689453,178.99000549316406,175.3300018310547,178.72999572753906,21812800,177.6264991760254,163.8783633145419,154.32308298746744,146.63994998931884,53.22727784501414,5.299283708844866,0.02218631338283504
2011-09-13,178.5399932861328,179.5399932861328,176.2899932861328,177.52000427246094,17246400,177.96349868774413,164.4652723832564,154.64141629536945,146.86709995269774,55.394731697631556,5.024998256138393,0.022182639875907677
2011-09-14,177.2100067138672,177.77999877929688,176.0500030517578,177.5500030517578,18122800,178.12799911499025,165.03763621937145,154.95799967447917,147.08560001373291,53.49597302061899,4.631426130022321,0.02214600739876247
2011-09-15,174.39999389648438,174.85000610351562,172.55999755859375,174.61000061035156,20897000,178.1269989013672,165.54963600852273,155.25083300272624,147.2804999923706,49.62560013856601,4.468570164271763,0.02246397498749785
2011-09-16,176.02999877929688,177.39999389648438,173.7100067138672,173.72000122070312,20693700,178.04249877929686,166.0741815740412,155.56324971516926,147.48374996185302,51.803857952023506,4.317854745047433,0.022144588109857064
2011-09-19,173.30999755859375,176.86000061035156,172.1999969482422,176.8300018310547,18301100,177.71049880981445,166.57072698419745,155.85574963887532,147.67429996490478,48.06855892554262,4.322855268205915,0.022178358191942808
2011-09-20,175.77999877929688,176.3699951171875,172.83999633789062,173.17999267578125,12667600,177.26999893188477,167.13163618607953,156.16499964396158,147.86284992218017,51.48925116071238,4.187855311802456,0.021569215944353324
2011-09-21,173.58999633789062,176.72999572753906,173.13999938964844,174.7899932861328,16431300,177.06599884033204,167.60363603071733,156.4460829416911,148.03524990081786,48.44246498714711,4.242140633719308,0.02009068364312507
2011-09-22,169.0500030517578,170.32000732421875,167.47999572753906,169.3000030517578,32476300,176.9359992980957,167.96981783780186,156.6948329925537,148.19799991607667,42.789711417330494,4.556427001953125,0.019489564954648264
2011-09-23,159.8000030517578,165.72000122070312,158.5500030517578,164.50999450683594,52981400,176.30799942016603,168.1634543678977,156.86116638183594,148.32304996490478,34.06720131191352,4.903569902692523,0.022886583994991893
2011-09-26,157.5800018310547,158.8000030517578,154.19000244140625,157.1199951171875,42373800,175.3134994506836,168.29672712846235,156.99058303833007,148.43409999847412,32.362156709579665,4.979997907366071,0.02159966678898401
2011-09-27,160.6300048828125,162.2899932861328,159.91000366210938,161.61000061035156,25124200,174.6504997253418,168.4610909201882,157.1426663716634,148.56020000457764,37.02548372689728,4.712854657854352,0.02201047945101877
2011-09-28,156.22000122070312,161.2899932861328,155.55999755859375,160.72999572753906,21776000,173.50649948120116,168.52381813742898,157.2569164276123,148.66104999542236,33.43591186800374,4.762140546526227,0.021111361070822114
2011-09-29,157.6999969482422,158.1999969482422,156.13999938964844,158.1199951171875,17340800,172.50549926757813,168.58854536576703,157.3739163716634,148.76865001678468,35.689276638013126,4.7107118879045755,0.021411245736892615
2011-09-30,158.05999755859375,160.0,156.3300018310547,157.3000030517578,16770300,171.51499938964844,168.65254544344816,157.5024163564046,148.8854500198364,36.254562441100255,4.589283534458706,0.021436927029776464
2011-10-03,160.9600067138672,161.55999755859375,159.92999267578125,161.08999633789062,14200400,170.4009994506836,168.75727289373225,157.66366640726724,149.0212000656128,40.77103757911218,4.607140677315848,0.020539089620652106
2011-10-04,157.63999938964844,161.02999877929688,155.27000427246094,160.9499969482422,24000000,169.13799972534179,168.77672729492187,157.7948331197103,149.13840007781982,37.49569811834154,4.840712411063058,0.02075504971941612
2011-10-05,159.4600067138672,160.32000732421875,156.44000244140625,158.00999450683594,15132300,168.25699996948242,168.8640000776811,157.9252498626709,149.2601501083374,40.32584894067964,4.785712105887277,0.020307599031288287
2011-10-06,160.49000549316406,161.11000061035156,158.77000427246094,160.02000427246094,12389500,167.19100036621094,168.94527282714844,158.0539165496826,149.38600009918213,41.92839944496695,4.689284188406808,0.01911135806799496
2011-10-07,159.17999267578125,161.5800018310547,158.22999572753906,161.02000427246094,12977400,166.1150001525879,169.02436356977984,158.1643332163493,149.50665004730226,40.44085707311465,4.59571293422154,0.01911725754457699
2011-10-10,163.27000427246094,163.32000732421875,161.13999938964844,162.0500030517578,8984500,165.44500045776368,169.15436373623933,158.30883331298827,149.649700050354,46.788340065170736,4.639285496303013,0.019975407682315767
2011-10-11,162.10000610351562,162.50999450683594,161.2100067138672,162.2100067138672,8256900,164.6230010986328,169.24090936834162,158.4388333638509,149.7851000595093,45.30101344739137,4.529999869210379,0.0196976648340116
2011-10-12,163.25999450683594,164.0,162.5,163.6999969482422,10867900,163.92550048828124,169.34072737260297,158.57649993896484,149.91530002593993,47.09659640630665,4.229285103934152,0.019857792438894288
2011-10-13,162.3000030517578,162.47999572753906,160.82000732421875,162.3000030517578,8327900,163.32050094604492,169.4336364746094,158.7050833384196,150.0382500076294,45.75787428692249,3.653569902692522,0.01966603988440196
2011-10-14,163.39999389648438,163.82000732421875,162.25,163.3300018310547,9737900,162.6890007019043,169.5441816850142,158.8469165802002,150.17009998321532,47.59598581454089,3.3649989536830356,0.019586620683653702
2011-10-17,162.6199951171875,164.16000366210938,161.9499969482422,164.0,8765700,162.15450057983398,169.62290899103337,158.95874989827473,150.28959995269776,46.39538272841595,3.1864286150251115,0.019389107919531825
2011-10-18,161.83999633789062,162.02999877929688,158.3000030517578,159.9600067138672,15390800,161.45750045776367,169.69781799316405,159.05891647338868,150.40879993438722,45.168372302811164,3.0857140677315846,0.018960319087853294
2011-10-19,159.8699951171875,161.42999267578125,159.5500030517578,161.08999633789062,8528700,160.77150039672853,169.66781782670455,159.12141647338868,150.53439990997313,42.137292480640696,3.102142333984375,0.018953664632358248
2011-10-20,157.77000427246094,158.4199981689453,156.0500030517578,157.6199951171875,17367500,160.20750045776367,169.60018144087357,159.18274981180826,150.65139995574953,39.12335259353254,3.112856183733259,0.01836487749877033
2011-10-21,159.52000427246094,160.4499969482422,158.94000244140625,159.99000549316406,13334500,160.19350051879883,169.57981789328835,159.26308314005533,150.77984996795655,42.79536793256449,3.054284232003348,0.01405414573411666
2011-10-24,161.02000427246094,161.3300018310547,160.22000122070312,160.5500030517578,10199800,160.36550064086913,169.56654524369674,159.37383321126302,150.91704998016357,45.81247662197511,2.772141592843192,0.013804767784948817
2011-10-25,165.58999633789062,166.33999633789062,160.41000366210938,161.24000549316406,22130800,160.61350021362304,169.53872708407314,159.55816650390625,151.07439998626708,53.80625026761984,2.9185692923409596,0.014557566540810385
2011-10-26,167.39999389648438,168.0500030517578,166.4199981689453,167.02999877929688,17116300,161.1724998474121,169.51672696200285,159.74233309427896,151.23684993743896,56.54077436235668,2.9271414620535716,0.012965645526806605
2011-10-27,169.5500030517578,170.2899932861328,166.64999389648438,167.58999633789062,15876900,161.7650001525879,169.4252724387429,159.92708307902018,151.4072999191284,59.60010081737455,2.9478552682059154,0.013068280657969557
2011-10-28,169.6199951171875,169.94000244140625,168.75,169.63999938964844,9362900,162.34300003051757,169.40472689541903,160.10808308919272,151.58514987945557,59.699560439560045,2.737140110560826,0.013085707535173715
2011-10-31,167.33999633789062,168.16000366210938,166.91000366210938,167.75999450683594,8437200,162.66199951171876,169.35690862482244,160.28141644795735,151.75839984893798,54.953508997198256,2.7835682460239957,0.013132794311003455
2011-11-01,167.3800048828125,167.41000366210938,163.61000061035156,164.02999877929688,15335400,163.14899978637695,169.2765450217507,160.45466651916504,151.92814990997314,55.02108198738936,2.919283185686384,0.012020136571993044
2011-11-02,169.05999755859375,169.74000549316406,167.3000030517578,168.58999633789062,14530500,163.62899932861328,169.18818137428977,160.6499164581299,152.1048498916626,57.878386240356484,2.9192842755998885,0.01196878591331424
2011-11-03,171.72000122070312,172.0399932861328,169.89999389648438,171.1699981689453,17610400,164.19049911499025,169.13909052068536,160.86949984232584,152.3074499130249,61.995065244148286,3.0199977329799106,0.012285567719665593
2011-11-04,170.85000610351562,171.33999633789062,170.16000366210938,171.02999877929688,11060400,164.77399978637695,169.0141815185547,161.08708318074545,152.506549949646,59.931967508920074,2.9735685076032365,0.012150182405677305
2011-11-07,174.97999572753906,175.0,172.7100067138672,172.85000610351562,20131900,165.35949935913087,168.92381785999646,161.3319164276123,152.72964992523194,65.75760713105713,2.96142578125,0.01200863054984067
2011-11-08,173.52999877929688,175.4600067138672,172.89999389648438,174.35000610351562,16054200,165.9309989929199,168.72272699529475,161.56424980163575,152.94679988861083,62.33108833031128,2.980712890625,0.012063687849950532
2011-11-09,172.07000732421875,174.80999755859375,171.61000061035156,174.27999877929688,12313900,166.37149963378906,168.62090897993608,161.76908315022786,153.15134990692138,58.99752420186068,2.936427525111607,0.012313841337446663
2011-11-10,171.13999938964844,172.58999633789062,168.8300018310547,172.42999267578125,11848700,166.8134994506836,168.61163635253905,161.9633331298828,153.36739990234375,56.90961886443941,3.0135705130440846,0.012296851107525361
2011-11-11,173.9600067138672,174.0500030517578,172.07000732421875,172.10000610351562,8727100,167.34150009155275,168.64072737260298,162.17474988301595,153.5857999420166,61.37348175184719,3.0921423775809154,0.012651226977078572
2011-11-14,173.1999969482422,173.86000061035156,172.58999633789062,173.74000549316406,5886400,167.87050018310546,168.5630909312855,162.37991650899252,153.80244995117187,59.58205278414184,2.7664293561662947,0.012638100313168196
2011-11-15,173.36000061035156,173.80999755859375,171.89999389648438,173.35000610351562,9167900,168.4465003967285,168.55345458984374,162.58941650390625,154.01524993896484,59.84777257792822,2.7271434238978793,0.012510935480944674
2011-11-16,171.50999450683594,172.9600067138672,170.57000732421875,171.6300048828125,15093300,169.02850036621095,168.41545437899504,162.7711664835612,154.22054992675783,55.319275808521915,2.666428702218192,0.01241599712566665
2011-11-17,167.10000610351562,170.3000030517578,166.38999938964844,170.0399932861328,28468900,169.49500045776367,168.22236355868253,162.9166665395101,154.39504997253417,46.32145685626965,2.9471424647739957,0.013572518084420794
2011-11-18,167.6199951171875,168.69000244140625,166.60000610351562,167.22999572753906,14172900,169.9,168.0359999223189,163.06424980163575,154.57484992980957,47.40769334434536,2.902857099260603,0.013437624744738823
2011-11-21,163.5,166.7100067138672,162.07000732421875,166.61000061035156,22030700,170.02399978637695,167.6770907315341,163.1809164683024,154.73394996643066,40.42722152993323,3.027856009347098,0.014623608331562198
2011-11-22,165.30999755859375,165.9199981689453,164.61000061035156,164.74000549316406,12094400,170.0099998474121,167.35727261629972,163.30666643778483,154.89479995727538,44.30696331857569,3.0264271327427457,0.013367652572880341
2011-11-23,164.8300018310547,165.3699951171875,163.1199951171875,164.5500030517578,11483300,169.88150024414062,167.13454534357246,163.4262498219808,155.05359992980956,43.49792777787542,2.9742845807756697,0.013128081721640627
2011-11-25,163.39999389648438,165.1999969482422,163.2899932861328,163.3300018310547,6098000,169.57399978637696,166.79981800426137,163.53441645304363,155.20634986877442,41.09065953951573,2.9992850167410716,0.012839062126013828
2011-11-28,166.6300048828125,167.13999938964844,165.97999572753906,166.92999267578125,12004000,169.42450027465821,166.5439999667081,163.67458318074543,155.37789985656738,48.080065833159324,2.9700001307896207,0.013711792109517458
2011-11-29,166.8800048828125,167.3300018310547,166.0800018310547,166.39999389648438,9198900,169.4015007019043,166.3660000887784,163.8105832417806,155.54754989624024,48.58850274330536,2.876427786690848,0.013390000013055268
2011-11-30,170.1300048828125,170.3000030517578,169.05999755859375,169.6999969482422,11821600,169.53900070190429,166.21309120871803,163.98466657002766,155.7283499145508,54.78709896595574,2.8921421595982144,0.014084866928011973
2011-12-01,169.6300048828125,170.57000732421875,168.58999633789062,169.85000610351562,11610300,169.56750106811523,166.07527299360797,164.1668332417806,155.90599990844726,53.71411593386149,2.765000479561942,0.013940406650234681
2011-12-02,169.82000732421875,170.8000030517578,169.36000061035156,170.64999389648438,8433200,169.472501373291,165.99200051047586,164.34308331807455,156.07989997863768,54.08213481323165,2.6600003923688615,0.01346143714616753
2011-12-05,167.32000732421875,169.9499969482422,167.05999755859375,169.05999755859375,10246700,169.29600143432617,165.83363702947443,164.49475008646647,156.23944999694825,48.60596829894417,2.768571036202567,0.013803718782650607
2011-12-06,168.17999267578125,168.57000732421875,165.52999877929688,166.30999755859375,10381900,168.95600128173828,165.7403642134233,164.65483334859212,156.3988999938965,50.46410871187682,2.849285670689174,0.01258235754737904
2011-12-07,169.39999389648438,169.52000427246094,167.75999450683594,168.7899932861328,10361300,168.74950103759767,165.6243641246449,164.8169999440511,156.55834999084473,53.05703546284766,2.7757154192243303,0.012647181191780791
2011-12-08,165.97999572753906,167.6300048828125,165.72999572753906,166.9600067138672,11734500,168.44500045776368,165.48600047718395,164.94991658528645,156.70584999084474,45.81690622288953,2.672144208635603,0.013263307268154107
2011-12-09,166.39999389648438,167.33999633789062,166.1199951171875,166.42999267578125,8354000,168.20800018310547,165.43781849254262,165.08024991353352,156.8509499359131,46.77742406267384,2.620001656668527,0.013265847290439576
2011-12-12,161.99000549316406,162.41000366210938,161.13999938964844,162.35000610351562,15339400,167.6095001220703,165.47763671875,165.1719165802002,156.97259994506837,38.96641979295233,2.599287850516183,0.013705049455109305
2011-12-13,158.4499969482422,163.19000244140625,157.75999450683594,161.86000061035156,25040400,166.87200012207032,165.49345481178977,165.25616658528645,157.0646999359131,34.05108529646289,2.814288548060826,0.014309809786924818
2011-12-14,152.88999938964844,157.33999633789062,152.0500030517578,156.7899932861328,42334400,165.84850006103517,165.3527274391868,165.31141662597656,157.1295499420166,28.063412877844883,3.1107166835239957,0.015800477903143085
2011-12-15,152.3300018310547,154.9499969482422,151.7100067138672,154.74000549316406,21521900,164.8895004272461,165.28200017755682,165.36641667683918,157.20074996948242,27.53817214291405,3.2057157244001115,0.01577246290317942
2011-12-16,155.22999572753906,155.3699951171875,153.89999389648438,154.30999755859375,18124300,164.29599990844727,165.23709106445312,165.44133326212565,157.28014991760253,34.38681712402699,3.155714852469308,0.0159708143366459
2011-12-19,154.8699951171875,155.86000061035156,154.36000061035156,155.47999572753906,12547200,163.65849990844725,165.1790910200639,165.50541661580402,157.35589988708497,33.95775012397203,3.173571995326451,0.015897487575038182
2011-12-20,156.97999572753906,157.42999267578125,156.5800018310547,156.82000732421875,9136300,163.3324996948242,165.10672718394886,165.5969165802002,157.4439998626709,38.77939045748235,3.1121433803013394,0.015564440297652872
2011-12-21,157.16000366210938,157.52999877929688,156.1300048828125,156.97999572753906,11996100,162.925,165.0979999889027,165.6988333384196,157.5327498626709,39.18729731608551,3.070713588169643,0.015284287760029214
2011-12-22,156.0399932861328,156.8000030517578,155.3300018310547,156.35000610351562,9888400,162.4854995727539,165.03581792658025,165.76891657511393,157.62409980773927,37.51252882645337,3.0985706874302457,0.01532054843215838
2011-12-23,156.30999755859375,156.49000549316406,155.82000732421875,156.35000610351562,3565100,162.13099975585936,164.95981778231535,165.83058319091796,157.7145497894287,38.19824368497285,2.9399991716657365,0.015280864551689618
2011-12-27,154.91000366210938,155.5500030517578,154.5399932861328,155.0800018310547,4918600,161.5449996948242,164.8821816184304,165.8785832722982,157.7947998046875,35.99274994575683,2.8492845807756697,0.014443976962972067
2011-12-28,151.02999877929688,154.25999450683594,150.66000366210938,154.0500030517578,16436100,160.75249938964845,164.65963606400922,165.88508326212565,157.86859977722168,30.701972163733274,3.0271410260881697,0.015158530016270412
2011-12-29,150.33999633789062,150.72000122070312,148.27000427246094,149.08999633789062,19812200,159.76299896240235,164.44581770463424,165.874666595459,157.9390997314453,29.861319629312064,2.9621407645089284,0.014038420141403976
2011-12-30,151.99000549316406,153.75,151.7899932861328,152.13999938964844,10852700,158.88099899291993,164.24090881347655,165.8681666056315,158.01419975280763,34.48125830727578,3.108569553920201,0.014537629625551426
2012-01-03,155.9199981689453,156.3000030517578,154.5500030517578,154.75999450683594,13385800,158.18599853515624,164.12490872469814,165.88299992879232,158.10194976806642,43.95097065026129,3.040712629045759,0.0160887448775113
2012-01-04,156.7100067138672,157.3800048828125,155.33999633789062,155.42999267578125,11549700,157.65549850463867,164.0032725941051,165.90108337402344,158.1897998046875,45.651497722690394,2.798569815499442,0.016011850601531142
2012-01-05,157.77999877929688,158.02999877929688,155.25,155.3699951171875,11621600,157.13549880981446,163.9152726606889,165.92258338928224,158.28344978332518,47.954691575254195,2.5399987357003346,0.016062205770029866
2012-01-06,157.1999969482422,158.6300048828125,156.3800048828125,158.58999633789062,9790500,156.52549896240234,163.8309090354226,165.92783330281574,158.36774978637695,46.79699598599769,2.469285147530692,0.0158775719935908
2012-01-09,156.5,157.58999633789062,156.19000244140625,157.36000061035156,8771900,156.0514991760254,163.76963639692826,165.94316660563152,158.45414978027344,45.373306840063016,2.352142333984375,0.015395334453186145
2012-01-10,158.63999938964844,159.47000122070312,158.47000122070312,158.97000122070312,8371400,155.6634994506836,163.78545448996803,165.96499989827473,158.5510498046875,50.3466449296134,2.4571424211774553,0.015795728173033447
2012-01-11,159.6699981689453,160.0500030517578,158.91000366210938,159.33999633789062,7968500,155.54749908447266,163.7881816517223,166.0053332010905,158.65669982910157,52.58420081631318,2.375,0.0148243405409249
2012-01-12,160.3800048828125,161.6199951171875,159.8300018310547,161.02000427246094,8602500,155.64399948120118,163.77654529918323,166.04083328247071,158.76754981994628,54.11905825966837,2.4142859322684154,0.013983987762011433
2012-01-13,159.25999450683594,159.58999633789062,158.00999450683594,159.32000732421875,8910300,155.96249923706054,163.66145435680042,166.0568332672119,158.87049980163573,51.298137782113145,2.4528579711914062,0.011365140301764536
2012-01-17,160.5,161.64999389648438,160.4199981689453,161.1699981689453,8313300,156.37099914550782,163.5359999223189,166.07958323160807,158.973699798584,54.14776078955493,2.5757152012416293,0.011347689643238942
2012-01-18,161.60000610351562,161.63999938964844,159.67999267578125,159.94000244140625,9341200,156.68949966430665,163.39145452325994,166.11633326212566,159.08569984436036,56.57513369555475,2.5892868041992188,0.010733563886695963
2012-01-19,161.22000122070312,161.4499969482422,160.3300018310547,160.9600067138672,8114200,157.00699996948242,163.23872736150568,166.14883321126302,159.1925998687744,55.48241080755851,2.376429966517857,0.010734262625277607
2012-01-20,162.07000732421875,162.08999633789062,160.0,160.5,11616700,157.2615005493164,163.14290937943892,166.18033332824706,159.29269989013673,57.4615818907049,2.3285729544503346,0.01041875883323602
2012-01-23,163.16000366210938,163.47000122070312,162.32000732421875,162.32000732421875,8832100,157.5615005493164,163.06618208451704,166.22566668192545,159.3965998840332,59.92219485027438,2.1850008283342635,0.010479126143788922
2012-01-24,162.00999450683594,162.3699951171875,161.52999877929688,161.80999755859375,7502100,157.86000061035156,162.9380002108487,166.2297499338786,159.4940998840332,56.226756629593474,1.993572780064174,0.010475583733709885
2012-01-25,166.4199981689453,166.5500030517578,160.2899932861328,161.07000732421875,28957700,158.36550064086913,162.84163651899857,166.27083320617675,159.60789985656737,65.11211928571069,2.295001438685826,0.011903214848440246
2012-01-26,167.27000427246094,168.30999755859375,167.0500030517578,168.0500030517578,19143800,158.9835006713867,162.77654557661577,166.32608324686686,159.73104988098146,66.5226585218378,2.2314300537109375,0.011557297943395837
2012-01-27,168.97000122070312,169.0,167.41000366210938,167.44000244140625,13030100,159.88050079345703,162.66727294921876,166.38624992370606,159.8678498840332,69.20436094317148,2.194286891392299,0.009393574710654032
2012-01-30,168.02999877929688,168.5399932861328,167.74000549316406,168.19000244140625,8438000,160.76500091552734,162.56727294921876,166.39383328755696,159.99849990844726,66.05355717868625,2.1821441650390625,0.00945306535129847
2012-01-31,169.30999755859375,169.86000061035156,167.72000122070312,169.77000427246094,11192500,161.63100051879883,162.5170909534801,166.399666595459,160.12599990844726,68.17816313816628,2.122858319963728,0.009382501614808289
2012-02-01,169.55999755859375,170.17999267578125,169.0800018310547,169.75,7734200,162.31300048828126,162.48836364746094,166.35783322652182,160.24854988098144,68.59163371200343,2.100714547293527,0.00808608067461591
2012-02-02,171.0500030517578,171.22999572753906,169.67999267578125,169.9600067138672,11509600,163.03000030517578,162.43545448996804,166.36033325195314,160.37414993286131,71.00937323911307,2.080714634486607,0.008148835397384707
2012-02-03,167.63999938964844,170.13999938964844,167.50999450683594,169.8800048828125,23355300,163.52300033569335,162.33436362526635,166.34091657002767,160.48269996643066,59.68572660774931,2.1642859322684154,0.009768888852150484
2012-02-06,167.17999267578125,167.67999267578125,166.61000061035156,166.9600067138672,8807400,164.02200012207032,162.2219998446378,166.3024164835612,160.58609992980956,58.33431167082923,2.0699996948242188,0.009737132826992555
2012-02-07,169.6999969482422,170.08999633789062,167.14999389648438,167.3800048828125,11614300,164.68199996948243,162.1890907981179,166.267249806722,160.70089988708497,63.244143000975306,2.1399993896484375,0.009914411889888947
2012-02-08,168.5,169.9600067138672,167.5,169.25999450683594,10655500,165.175,162.21454523259942,166.21791648864746,160.80904991149902,59.640100322857855,2.224999564034598,0.009945586827377851
2012-02-09,168.02000427246094,170.3699951171875,167.6699981689453,170.00999450683594,16085200,165.59250030517578,162.22181812633167,166.13708318074544,160.91724990844727,58.21114815368896,2.268571036202567,0.009995427180084572
2012-02-10,167.13999938964844,167.63999938964844,166.3300018310547,166.49000549316406,10326800,165.93050003051758,162.2879999334162,166.03033320109049,161.0069499206543,55.5818217803499,2.2892859322684154,0.010134814466491275
2012-02-13,167.50999450683594,167.94000244140625,166.74000549316406,167.3300018310547,7088900,166.34300003051757,162.3279998779297,165.88799985249838,161.09539985656738,56.47205157378961,2.258571079799107,0.009906330674096022
2012-02-14,167.1199951171875,167.92999267578125,166.4199981689453,167.64999389648438,7862500,166.67399978637695,162.36963611949574,165.8000831604004,161.16914985656737,55.215854441756136,1.9192842755998885,0.009884441923125523
2012-02-15,168.11000061035156,168.75,167.19000244140625,168.6300048828125,11638500,166.99949951171874,162.45527260520242,165.77058321634928,161.2576498413086,57.783108475861944,1.9007132393973214,0.009862919839297813
2012-02-16,168.0,168.13999938964844,166.1699981689453,166.3300018310547,10734000,167.3384994506836,162.4801816073331,165.7342498779297,161.34824981689454,57.38945073623634,1.9178564889090401,0.009830552161041164
2012-02-17,167.35000610351562,168.3300018310547,166.8699951171875,168.2899932861328,7286900,167.60249938964844,162.48872708407316,165.64991658528646,161.4463498687744,55.004839100001206,1.9342858450753349,0.009888005704982588
2012-02-21,171.02000427246094,171.07000732421875,169.58999633789062,169.64999389648438,13611200,167.99549942016603,162.50490889115767,165.6259999593099,161.5840998840332,64.08014742217836,2.047143118722098,0.010837624549287939
2012-02-22,172.94000244140625,173.1699981689453,170.19000244140625,170.39999389648438,16676500,168.54199981689453,162.56509066495028,165.57466659545898,161.72229988098144,67.74542260106176,2.181429181780134,0.010768320337644464
2012-02-23,173.02000427246094,173.77000427246094,172.27999877929688,172.69000244140625,11654200,168.87200012207032,162.6232724276456,165.53549995422364,161.85049987792968,67.89243811434207,2.168572562081473,0.009189653457306076
2012-02-24,172.22999572753906,173.0399932861328,172.0,172.6300048828125,9293700,169.11999969482423,162.7125449440696,165.4884999593099,161.97214988708495,64.75371474325576,1.9900000435965401,0.009270954028989977
2012-02-27,171.6999969482422,172.9199981689453,171.5800018310547,172.13999938964844,7340900,169.25649948120116,162.7765450217507,165.39233322143554,162.0979499053955,62.66078228849384,2.0092860630580356,0.009090980678790682
2012-02-28,173.49000549316406,174.0,172.60000610351562,172.83999633789062,12413000,169.52949981689454,162.85090886896307,165.31391665140788,162.23244995117187,66.58859022926278,1.9635718209402901,0.00920051452113028
2012-02-29,164.2899932861328,173.58999633789062,164.0,173.19000244140625,44149000,169.27849960327148,162.8201815518466,165.20733324686685,162.3257498931885,42.08497781850008,2.4728567940848216,0.01517866591858231
2012-03-01,166.61000061035156,167.72000122070312,165.75,166.10000610351562,19200700,169.13099975585936,162.82399985573508,165.0806666056315,162.4319499206543,47.346849929805494,2.525000435965402,0.015562928721127358
2012-03-02,166.33999633789062,166.8300018310547,165.6300048828125,166.22999572753906,9298100,168.895499420166,162.90309059836648,164.96099993387858,162.53994987487792,46.81377447781859,2.4900000435965404,0.015400040806822456
2012-03-05,165.64999389648438,165.91000366210938,164.5500030517578,165.77000427246094,12071400,168.7959991455078,163.03399963378905,164.8691665649414,162.64019981384277,45.40680959879189,2.5321426391601562,0.01478583794975629
2012-03-06,162.6999969482422,162.80999755859375,161.77999877929688,162.14999389648438,15533200,168.57199935913087,163.21236322576348,164.73716659545897,162.72544982910156,39.88730706322745,2.700714111328125,0.015282050847732976
2012-03-07,163.6300048828125,164.02000427246094,162.50999450683594,162.75999450683594,9553300,168.26849975585938,163.41781782670455,164.62399991353354,162.80614982604982,42.26980084126446,2.692143031529018,0.014894505918669032
2012-03-08,165.27999877929688,165.5500030517578,164.0500030517578,164.74000549316406,8858200,168.1074996948242,163.60054515491834,164.54799995422363,162.893399810791,46.333740793817924,2.6885713849748885,0.01506264049097171
2012-03-09,166.3800048828125,166.57000732421875,163.25,163.63999938964844,13698200,168.0254997253418,163.80981805974787,164.4675833384196,162.98234985351561,48.91558533399497,2.8214285714285716,0.015146094998258423
2012-03-12,165.07000732421875,165.5800018310547,164.39999389648438,165.3300018310547,6523800,167.9220001220703,163.9569091796875,164.39891675313314,163.06479988098144,46.072865476241844,2.6971435546875,0.015201965232109965
2012-03-13,162.3000030517578,165.41000366210938,161.42999267578125,163.94000244140625,20047000,167.6615005493164,164.05036371404475,164.28658345540364,163.13519989013673,40.688296417951136,2.768573216029576,0.0156106330894105
2012-03-14,159.57000732421875,160.5800018310547,158.8000030517578,159.61000061035156,28822100,167.28400115966798,164.1145457874645,164.16975021362305,163.1845499420166,36.198170128740244,2.912144252232143,0.015984903039040176
2012-03-15,161.0800018310547,161.97999572753906,159.27999877929688,159.72999572753906,12689300,166.93250122070313,164.20127313787287,164.10333353678385,163.24174995422362,40.133413779052695,3.0307159423828125,0.0160985764053317
2012-03-16,161.3000030517578,161.5399932861328,159.9199981689453,160.0800018310547,12549200,166.597501373291,164.31745494495738,164.11583353678387,163.29869995117187,40.70723237854236,3.050715855189732,0.01611384802641425
2012-03-19,161.58999633789062,162.3000030517578,160.72000122070312,160.85000610351562,9920800,166.30950088500975,164.5094549005682,164.14925015767415,163.35914993286133,41.50315365884063,2.9992871965680803,0.01612735295316058
2012-03-20,160.1300048828125,161.0800018310547,159.77000427246094,160.1999969482422,11643700,165.76500091552734,164.6874550559304,164.14508349100748,163.40869995117188,38.687458413079746,2.444286891392299,0.015207229850249629
2012-03-21,160.2100067138672,161.47999572753906,160.14999389648438,160.6300048828125,6672700,165.12850112915038,164.83690962357954,164.17833353678387,163.45735000610352,38.93194382031007,2.2957142421177457,0.014857813645400135
2012-03-22,159.57000732421875,159.7100067138672,158.1300048828125,158.1999969482422,11107700,164.45600128173828,164.9032734264027,164.19391695658365,163.50310005187987,37.6389241253208,2.3585717337472096,0.01482534939004995
2012-03-23,161.52999877929688,161.8800048828125,160.52000427246094,160.8800048828125,10689000,163.92100143432617,164.99090964577414,164.22283363342285,163.5617000579834,43.795374868326036,2.395714896065848,0.015259741761918334
2012-03-26,164.39999389648438,164.5399932861328,162.9499969482422,163.1699981689453,13226700,163.55600128173828,165.11127319335938,164.251500193278,163.63090003967284,51.3665539225296,2.3342862810407365,0.015956520971931915
2012-03-27,163.24000549316406,164.88999938964844,163.1300048828125,164.52000427246094,10908700,163.0435012817383,165.22109153053978,164.29816691080728,163.70090003967286,48.52154733381612,2.352142333984375,0.015714335958575826
2012-03-28,161.50999450683594,162.97999572753906,160.66000366210938,162.7100067138672,11008200,162.90450134277344,165.31218233975497,164.31525014241535,163.76959999084474,44.557795645053254,2.399285452706473,0.010637418769059876
2012-03-29,161.27999877929688,161.4600067138672,159.80999755859375,161.13999938964844,11026900,162.63800125122071,165.36018232865766,164.32183341979982,163.8326499938965,44.042684236428,2.2835704258510043,0.010041029794460598
2012-03-30,162.1199951171875,162.3300018310547,161.22000122070312,161.6699981689453,7534000,162.42700119018554,165.40472772771662,164.34633344014486,163.8976499938965,46.476374486839624,2.2214268275669644,0.010154911057306037
2012-04-02,162.94000244140625,163.55999755859375,161.80999755859375,161.9600067138672,7541700,162.29150161743163,165.45127313787287,164.34358342488608,163.9675,48.816625110335075,2.062140328543527,0.01022432517056996
2012-04-03,159.88999938964844,163.22999572753906,159.1699981689453,163.22999572753906,16822300,162.15100173950196,165.46272777210584,164.3251667022705,164.0172499847412,41.54113249716836,2.102140154157366,0.010305814378869868
2012-04-04,157.2100067138672,158.02999877929688,156.5800018310547,157.6999969482422,15975600,161.8300018310547,165.40290971235797,164.2747501373291,164.05315002441407,36.4066840880343,2.1457116263253346,0.010770641058319909
2012-04-05,158.30999755859375,158.67999267578125,157.77999877929688,157.8699951171875,8967700,161.48150177001952,165.34309137517755,164.24150009155272,164.09090003967285,39.70100341603177,2.1349966866629466,0.010610139613315089
2012-04-09,159.3699951171875,160.00999450683594,158.91000366210938,159.72000122070312,8245800,161.1310012817383,165.30945490056817,164.20791676839193,164.13279998779296,42.77726534058798,2.1435677664620534,0.010611893185292941
2012-04-10,161.10000610351562,161.5800018310547,158.47000122070312,159.66000366210938,14288500,160.93250122070313,165.29181851473723,164.19525019327799,164.1966000366211,47.48612722235091,2.235711233956473,0.010897766220787248
2012-04-11,161.07000732421875,161.5399932861328,160.74000549316406,161.1999969482422,10005400,160.87100143432616,165.253818581321,164.18883361816407,164.270650100708,47.413267647001724,2.196425301688058,0.010258840701343029
2012-04-12,162.6999969482422,163.1999969482422,160.4600067138672,160.74000549316406,9229900,161.02750091552736,165.26636408025567,164.2124169667562,164.35550010681152,51.745608955133505,2.243567330496652,0.009734929706396766
2012-04-13,160.85000610351562,162.4600067138672,160.1699981689453,162.4499969482422,10041000,161.0160011291504,165.16509149724786,164.23808364868165,164.4285501098633,47.01168062995283,2.259281703404018,0.009896884912402332
2012-04-16,160.4600067138672,161.17999267578125,159.52999877929688,160.50999450683594,6670500,160.97400131225587,165.0412733598189,164.24591700236002,164.4949501800537,46.055135916521486,2.1621388026646207,0.009905142236118592
2012-04-17,160.25,160.9600067138672,158.75,160.5399932861328,7587100,160.90700149536133,164.88272788307884,164.23950030008953,164.5662001800537,45.518058167053304,2.1942825317382812,0.009896281123627889
2012-04-18,159.30999755859375,160.1199951171875,159.07000732421875,159.49000549316406,7463000,160.8660011291504,164.72418240633877,164.18716697692872,164.63810020446778,43.09551432230464,2.0942818777901784,0.009774850663288892
2012-04-19,159.42999267578125,160.63999938964844,159.02000427246094,160.0,9914400,160.8270004272461,164.544545953924,164.12075030008953,164.6971001434326,43.50883556103683,2.088567461286272,0.00977598577140758
2012-04-20,159.5399932861328,159.91000366210938,159.1999969482422,159.25,9148800,160.82549972534179,164.36236405806108,164.03733355204264,164.75025009155274,43.91102892180044,2.0599964686802457,0.009736283135678618
2012-04-23,159.07000732421875,159.17999267578125,157.8800048828125,158.1999969482422,8876800,160.7025001525879,164.144545953924,163.94941698710124,164.7998501586914,42.51818155655839,2.0535670689174106,0.009314412630300315
2012-04-24,159.3000030517578,160.17999267578125,159.2899932861328,159.6300048828125,5200600,160.44750061035157,163.99290965687146,163.88241704305014,164.8451001739502,43.463286507682476,1.8428519112723214,0.008264701892148467
2012-04-25,159.6199951171875,159.9600067138672,157.75999450683594,159.47999572753906,15093700,160.26650009155273,163.8554551558061,163.81775029500326,164.8852501678467,44.82258554789692,1.7635672433035714,0.008194651788696295
2012-04-26,161.02999877929688,161.3800048828125,160.10000610351562,160.4600067138672,10918700,160.24250030517578,163.69781882546164,163.7508336385091,164.92655014038087,50.47313878192871,1.784283229282924,0.008159706210872508
2012-04-27,161.3800048828125,161.97000122070312,161.14999389648438,161.77999877929688,8906600,160.24750061035155,163.56836436878552,163.66466700236003,164.96275016784668,51.79285660660748,1.7299979073660714,0.008169025767826897
2012-04-30,161.8800048828125,161.8800048828125,160.30999755859375,160.49000549316406,8007300,160.23550109863282,163.45672801624644,163.5899169921875,164.9994502258301,53.69123400862205,1.6199983869280135,0.008112505265739764
2012-05-01,161.32000732421875,162.17999267578125,160.88999938964844,162.08999633789062,7414800,160.15450134277344,163.35090997869318,163.47608375549316,165.03005027770996,51.25666378470069,1.654998779296875,0.008054000662235201
2012-05-02,160.58999633789062,160.77999877929688,159.75999450683594,160.74000549316406,5632300,160.18950119018555,163.22509183016692,163.36825040181478,165.0501502227783,48.18908618973738,1.5707146780831474,0.006904582425539515
2012-05-03,158.97000122070312,159.47999572753906,158.3699951171875,159.16000366210938,13172000,160.27750091552736,163.07691012295808,163.25908368428549,165.0717002105713,42.159230844228006,1.548571995326451,0.006160836915378516
2012-05-04,159.47000122070312,159.97999572753906,158.57000732421875,158.82000732421875,11389600,160.33550109863282,162.9198192249645,163.16183369954427,165.0889501953125,44.46882691966509,1.5314287458147322,0.006007819188174736
2012-05-07,159.0800018310547,159.33999633789062,158.4499969482422,159.30999755859375,4927800,160.32100143432618,162.75763744007457,163.03783365885417,165.1102001953125,43.02568715060787,1.4464285714285714,0.0058478184752983504
2012-05-08,156.0,156.72999572753906,154.9199981689453,156.61000061035156,17852300,160.06600112915038,162.55127369273794,162.89450035095214,165.10960021972656,33.718932423855364,1.6592864990234375,0.006714447724116777
2012-05-09,154.47000122070312,154.97999572753906,153.60000610351562,154.10000610351562,13864000,159.73600082397462,162.25036454634233,162.73708368937176,165.09525024414063,30.221774769052203,1.7150006975446428,0.006949468331961377
2012-05-10,154.77000427246094,155.57000732421875,154.63999938964844,155.16000366210938,7460100,159.33950119018556,161.9200009432706,162.59758377075195,165.08025024414061,31.717224545356785,1.7428577968052454,0.006414720108189677
2012-05-11,153.55999755859375,154.47000122070312,153.24000549316406,153.44000244140625,8285600,158.97500076293946,161.5661826393821,162.48475036621093,165.06210021972657,29.016139068476875,1.7335728236607142,0.006201082076412881
2012-05-14,151.3300018310547,152.02999877929688,151.0,151.5800018310547,13388200,158.51850051879882,161.1861827503551,162.34900042215983,165.03215019226073,24.820859545391073,1.8371451241629464,0.006777314236996855
2012-05-15,149.74000549316406,151.44000244140625,149.6300048828125,151.16000366210938,13354500,157.99300079345704,160.7869101784446,162.23433380126954,164.9894002532959,22.340621806634175,1.8092869349888392,0.006972716637001499
2012-05-16,149.4600067138672,150.6999969482422,148.60000610351562,149.47999572753906,16750700,157.5005012512207,160.3500011097301,162.10225054423015,164.9481002807617,21.92512915061475,1.833571297781808,0.006954443909564555
2012-05-17,152.8000030517578,153.39999389648438,150.3800048828125,150.8300018310547,18080700,157.16900177001952,160.14109219637785,162.00200055440266,164.9045002746582,36.98123107767144,2.047855922154018,0.008976673947107012
2012-05-18,154.5500030517578,155.1300048828125,153.97000122070312,154.4600067138672,12994200,156.91950225830078,159.9218195134943,161.92825063069662,164.86980026245118,43.1655217061737,2.1021412440708707,0.009461214940723474
2012-05-21,154.64999389648438,154.9499969482422,153.86000061035156,154.11000061035156,7542400,156.69850158691406,159.70927401455967,161.82841720581055,164.83985023498536,43.50665502393837,2.087855747767857,0.00946732577729251
2012-05-22,152.0800018310547,154.4199981689453,151.5500030517578,153.58999633789062,11302700,156.3375015258789,159.4625468860973,161.7050838470459,164.79150024414062,37.308330579986766,2.1978541782924106,0.010029952505705472
2012-05-23,151.6199951171875,151.83999633789062,148.83999633789062,151.5,18854500,155.9375015258789,159.26109230735085,161.5508337656657,164.71400024414064,36.31114581294254,2.2707116263253346,0.009980000034254413
2012-05-24,151.41000366210938,152.91000366210938,150.6199951171875,152.7100067138672,9697100,155.45650177001954,159.03891046697444,161.39900042215984,164.6280002593994,35.8402091622242,2.3335702078683034,0.009623342900894918
2012-05-25,152.67999267578125,152.85000610351562,151.6300048828125,151.88999938964844,6212900,155.02150115966796,158.80981944691052,161.25616696675618,164.51850021362304,40.83768519346073,2.363570077078683,0.009896673921821014
2012-05-29,151.02000427246094,153.6199951171875,150.25,153.47000122070312,11243100,154.4785011291504,158.53054670854047,161.12033360799154,164.41985023498535,36.80257197724228,2.307140895298549,0.009957204630869436
2012-05-30,151.91000366210938,152.3800048828125,148.52999877929688,149.74000549316406,16764800,154.00800094604492,158.29127391468396,160.98475036621093,164.32955024719237,40.21345928742333,2.4107131958007812,0.010172504812295213
2012-05-31,151.6199951171875,152.7100067138672,150.6199951171875,152.02999877929688,10114300,153.55950088500975,158.0970919522372,160.8365837097168,164.22865020751954,39.465984282325124,2.4814278738839284,0.010168022171863654
2012-06-01,157.5,158.30999755859375,154.8699951171875,155.41000366210938,27399400,153.48600082397462,158.05945545543324,160.76591707865398,164.1465502166748,56.94166349224239,2.849999564034598,0.01361670660529304
2012-06-04,157.32000732421875,157.44000244140625,156.16000366210938,157.25999450683594,11462100,153.37850112915038,157.9910919189453,160.69025052388508,164.06105026245118,56.404862936238096,2.7628566196986606,0.013592061068997288
2012-06-05,157.13999938964844,157.27000427246094,156.4199981689453,156.9199981689453,8095300,153.28150100708007,157.91545548872514,160.6498338063558,163.9581502532959,55.83792750961889,2.697857448032924,0.013585831987020316
2012-06-06,157.2100067138672,159.1999969482422,156.58999633789062,158.89999389648438,15771600,153.34200134277344,157.8358193137429,160.63950055440267,163.84445030212402,56.02305827007358,2.7342867170061385,0.012842162323156615
2012-06-07,154.5,157.83999633789062,153.19000244140625,157.82000732421875,18921600,153.34350128173827,157.73345558860086,160.6529172261556,163.69400032043458,47.68896090245892,2.785001482282366,0.01325577517140674
2012-06-08,154.72999572753906,154.8300018310547,153.0,153.02000427246094,11074800,153.34150085449218,157.63381902521306,160.67291717529298,163.57930030822754,48.390665147628376,2.7492871965680803,0.013252831844192297
2012-06-11,155.36000061035156,155.39999389648438,153.5500030517578,154.8300018310547,9166600,153.43150100708007,157.5572734485973,160.67400054931642,163.49785034179686,50.355128704195316,2.803572518484933,0.01314663395207796
2012-06-12,156.4600067138672,157.0399932861328,155.4499969482422,155.49000549316406,13241100,153.6880012512207,157.4650917746804,160.6872506459554,163.41835037231445,53.67104872450962,2.702144077845982,0.012713574243784087
2012-06-13,157.1199951171875,157.64999389648438,156.4199981689453,157.61000061035156,10109800,154.05700073242187,157.33272816051135,160.68841730753581,163.31660034179689,55.58776647803019,2.5585719517299106,0.012388994280350079
2012-06-14,157.75,157.94000244140625,156.24000549316406,157.63999938964844,11502400,154.47150039672852,157.23290987881748,160.6933339436849,163.23590034484863,57.39957349563861,2.5164282662527904,0.012350028483778294
2012-06-15,157.83999633789062,158.4600067138672,157.4199981689453,157.75,13099300,154.72350006103517,157.1661826393821,160.7083339691162,163.1296002960205,57.665261416739746,2.4878572736467635,0.011461603237789608
2012-06-18,157.92999267578125,158.2100067138672,156.5399932861328,157.4600067138672,6733000,154.89249954223632,157.1052734375,160.7218339284261,163.0306502532959,57.947705346659056,2.366430010114397,0.011229476366142445
2012-06-19,157.16000366210938,158.13999938964844,156.97000122070312,158.0,6945900,155.01800003051758,157.0150917746804,160.7405839284261,162.9271002960205,54.59181857252873,2.1750008719308034,0.011309884680650247
2012-06-20,155.97000122070312,157.3699951171875,154.25999450683594,156.0,16970200,155.2125,156.88836447975854,160.78175061543783,162.7907502746582,49.79246556120018,2.247857230050223,0.010740431176031361
2012-06-21,152.02000427246094,154.22999572753906,151.8000030517578,153.72999572753906,14447500,155.23250045776368,156.745273659446,160.79575068155924,162.6363503265381,37.886320840006846,2.067856924874442,0.012264430085879706
2012-06-22,152.63999938964844,152.6999969482422,151.2100067138672,152.0399932861328,6755200,155.29400024414062,156.6621826171875,160.8011672973633,162.51415031433106,40.299351107930136,2.078570774623326,0.012288028236266428
2012-06-25,153.75999450683594,154.16000366210938,152.25,152.5800018310547,6183600,155.34800033569337,156.57945528897372,160.7831672668457,162.37390029907226,44.49429073673328,2.1507132393973216,0.0122546358387518
2012-06-26,152.6199951171875,153.3000030517578,152.1300048828125,153.02999877929688,6123400,155.4279998779297,156.45672801624644,160.74908383687338,162.233500289917,41.31229796072983,2.080712454659598,0.01211041785013338
2012-06-27,152.8300018310547,153.4499969482422,152.14999389648438,153.3000030517578,4840700,155.47399978637696,156.3063643022017,160.70783386230468,162.11430030822754,42.13328625383827,1.8414273943219865,0.01204839191060495
2012-06-28,151.0500030517578,152.16000366210938,150.14999389648438,151.89999389648438,8755600,155.44550018310548,156.12418240633878,160.6565839131673,161.97685035705567,37.36243145001885,1.902142116001674,0.012338618471637761
2012-06-29,155.19000244140625,155.9499969482422,154.52000427246094,155.1300048828125,10378200,155.3300003051758,155.98763705166903,160.6456672668457,161.86675033569335,51.202387114798476,2.119999476841518,0.010589704269811418
2012-07-02,155.08999633789062,155.5500030517578,154.33999633789062,154.6699981689453,3654200,155.21849975585937,155.88290960138494,160.61608390808107,161.77020034790038,50.90976187256516,2.0864290509905135,0.010589157164496495
2012-07-03,157.4600067138672,157.72000122070312,156.77000427246094,156.97000122070312,5037700,155.2345001220703,155.82836414683948,160.59766731262206,161.67735038757326,57.15852945125233,2.186429704938616,0.011170665324530784
2012-07-05,155.67999267578125,156.39999389648438,154.4499969482422,155.44000244140625,5359900,155.15799942016602,155.74527310458097,160.55850054423016,161.5892003631592,51.822976329956795,2.2800020490373885,0.011460150801553244
2012-07-06,153.7100067138672,154.49000549316406,152.9499969482422,154.22999572753906,7045700,155.11849975585938,155.6434550892223,160.5122506459554,161.47885040283202,46.634604566149804,2.4007154192243303,0.011147806109744852
2012-07-09,154.0399932861328,154.5800018310547,153.42999267578125,153.61000061035156,4468500,155.08399963378906,155.5454551003196,160.4584172566732,161.38110038757324,47.58130539322212,2.363572256905692,0.011154014703871286
2012-07-10,152.14999389648438,155.17999267578125,151.77999877929688,155.1300048828125,9747900,154.9234992980957,155.41109147505327,160.37966715494792,161.29660034179688,42.888388803794456,2.522857666015625,0.011422663561719091
2012-07-11,152.99000549316406,153.4499969482422,152.02000427246094,152.5800018310547,6838500,154.74999923706054,155.3005459872159,160.31108385721842,161.2625503540039,45.462968154147916,2.402857099260603,0.011369937782288043
2012-07-12,152.58999633789062,153.07000732421875,150.85000610351562,151.25999450683594,11394800,154.52349929809571,155.1785458651456,160.2320837656657,161.2376003265381,44.43570137923177,2.2635716029575894,0.01130548190301931
2012-07-13,154.13999938964844,154.94000244140625,153.44000244140625,153.4499969482422,5080300,154.34299926757814,155.07890957919034,160.15691706339518,161.20515029907227,49.22349644776593,2.3250013078962053,0.011541479208188519
2012-07-16,154.2100067138672,154.75,153.97999572753906,154.42999267578125,5710900,154.16149978637696,154.95490972345524,160.09191716512044,161.1951003265381,49.43542121699694,2.243572780064174,0.01154062574668382
2012-07-17,153.47000122070312,154.5,152.4499969482422,154.00999450683594,13021800,153.93850021362306,154.81109147505327,159.9840005238851,161.1739503479004,47.19321950029055,2.273573739188058,0.011562166192477262
2012-07-18,153.0500030517578,153.60000610351562,152.39999389648438,152.6699981689453,6807600,153.73300018310547,154.6505459872159,159.86550051371256,161.14890037536622,45.92019345924569,2.2664315359933034,0.011537881829946462
2012-07-19,153.3800048828125,154.32000732421875,152.92999267578125,153.72999572753906,6070000,153.60350036621094,154.50618230646307,159.73558387756347,161.11100036621093,47.12702068955184,2.1742891584123885,0.011462636546629384
2012-07-20,153.6699981689453,154.0,152.75,152.97000122070312,8583800,153.68600006103514,154.38036415793678,159.61591720581055,161.09115036010743,48.22053336407419,1.9135753086635046,0.009904212500002965
2012-07-23,153.02999877929688,153.3300018310547,152.2899932861328,152.5,5256700,153.70550003051758,154.27236411354758,159.4802505493164,161.05900032043456,45.961312152161156,1.925718035016741,0.009922739763970291
2012-07-24,153.52000427246094,153.8000030517578,152.1999969482422,153.6300048828125,6538900,153.69350051879883,154.1641823508523,159.34658393859863,161.02415031433105,47.9712214079201,1.8521466936383928,0.009808034630621475
2012-07-25,155.6699981689453,156.2899932861328,155.0500030517578,155.3300018310547,9355900,153.84600067138672,154.10218228426848,159.21841723124186,161.00660034179688,55.74839273213545,1.8350023542131697,0.010123906964123078
2012-07-26,156.77000427246094,157.25999450683594,156.0500030517578,156.6999969482422,7343500,154.04300079345703,154.11618236194957,159.12783393859863,160.97410034179688,59.115659923463646,1.7535738263811385,0.010213459672365184
2012-07-27,157.5399932861328,157.9600067138672,156.66000366210938,157.63999938964844,9772600,154.36750030517578,154.17200039950285,159.04750061035156,160.95130027770995,61.33363176951468,1.7642876761300224,0.009768204063295132
2012-07-30,157.42999267578125,157.66000366210938,154.80999755859375,156.83999633789062,7212100,154.47949981689453,154.22036382501776,158.94525057474772,160.92215026855467,60.82595971629789,1.7250028337751115,0.007758245808643635
2012-07-31,156.49000549316406,157.72000122070312,156.25999450683594,157.60000610351562,10919700,154.54950027465821,154.2736366965554,158.84516728719075,160.89310028076173,56.520660650864805,1.7271466936383928,0.007898615372736426
2012-08-01,155.13999938964844,155.7899932861328,154.41000366210938,155.17999267578125,12714500,154.43349990844726,154.3429093794389,158.73783391316732,160.85180030822755,50.94363353403946,1.717146737234933,0.0073290944328961785
2012-08-02,154.1300048828125,155.13999938964844,153.61000061035156,154.66000366210938,11538800,154.35600051879882,154.4227275501598,158.62941729227703,160.80935035705568,47.19190826267687,1.6585747855050224,0.007037144917913616
2012-08-03,155.5500030517578,155.88999938964844,154.4199981689453,154.64999389648438,10670700,154.44800033569337,154.53345475630326,158.52975069681804,160.777900390625,52.489562356898745,1.7292883736746651,0.006737944959204712
2012-08-06,156.3000030517578,156.72999572753906,155.74000549316406,155.9199981689453,4610800,154.5610008239746,154.59709111993962,158.4395840962728,160.76005043029784,55.05422451764795,1.667144775390625,0.006796207861828587
2012-08-07,156.27999877929688,156.6300048828125,156.00999450683594,156.3699951171875,5923300,154.76750106811522,154.62854558771306,158.34100074768065,160.75260040283203,54.96899204499695,1.625716073172433,0.006076102734240522
2012-08-08,156.47999572753906,156.86000061035156,156.25999450683594,156.49000549316406,3620500,154.94200057983397,154.6618183482777,158.24500071207683,160.73740036010742,55.7072905295852,1.569286891392299,0.005996639249883365
2012-08-09,156.99000549316406,157.0,156.27999877929688,156.36000061035156,3177800,155.16200103759766,154.75109114213424,158.15866737365724,160.71725036621095,57.615672951146266,1.5314298357282365,0.005946422974582756
2012-08-10,157.17999267578125,157.82000732421875,156.64999389648438,156.89999389648438,4608000,155.3140007019043,154.85218200683593,158.0433339436849,160.6752003479004,58.335828650912816,1.516430446079799,0.0055813154405009065
2012-08-13,155.99000549316406,157.4499969482422,155.89999389648438,157.0500030517578,4573300,155.40300064086915,154.93545476740056,157.9020839691162,160.6181504058838,52.33741956185838,1.5128587995256697,0.0059012927710900085
2012-08-14,155.1300048828125,155.5800018310547,154.8300018310547,155.05999755859375,5075200,155.48600082397462,154.98000044389204,157.75300064086915,160.54605041503908,48.45931809652305,1.397859845842634,0.0059376847470861875
2012-08-15,155.6300048828125,155.82000732421875,155.27000427246094,155.32000732421875,4993900,155.61500091552733,155.06381863680753,157.61466738382975,160.4761004638672,50.74448363351941,1.3335745675223214,0.005913304276313812
2012-08-16,156.55999755859375,157.08999633789062,155.5,155.85000610351562,8838300,155.7740005493164,155.14836398037997,157.48850072224934,160.4222004699707,54.76206333497078,1.3542883736746651,0.006018357649794668
2012-08-17,156.72000122070312,157.07000732421875,156.22000122070312,157.05999755859375,7812100,155.9265007019043,155.24109136408026,157.3487506866455,160.36890045166015,55.43555649645477,1.2114312308175224,0.006015057342595915
2012-08-20,157.25999450683594,157.39999389648438,156.47000122070312,156.52000427246094,7846200,156.13800048828125,155.2367276278409,157.2901673634847,160.30990043640136,57.72313645529456,1.1735730852399553,0.005910930577489071
2012-08-21,158.8300018310547,159.1999969482422,158.69000244140625,158.80999755859375,11833100,156.40350036621095,155.26418207341973,157.2253340403239,160.24545043945312,63.57721967091277,1.1635731288364954,0.006207944490446062
2012-08-22,160.5399932861328,160.6300048828125,158.50999450683594,159.19000244140625,13605900,156.64700012207032,155.32600014426492,157.17700068155924,160.1939003753662,68.66635495556065,1.205716814313616,0.0059055217366049675
2012-08-23,161.88999938964844,162.4499969482422,161.22999572753906,161.41000366210938,17237600,156.9029998779297,155.4110909201882,157.1456673940023,160.12845039367676,71.99339373073282,1.2164317539760046,0.005978627603072624
2012-08-24,161.97000122070312,162.35000610351562,161.3300018310547,161.8699951171875,8497200,157.1245002746582,155.546909124201,157.13958409627278,160.07065040588378,72.18189891664662,1.2050040108816964,0.0059322416286468355
2012-08-27,161.36000061035156,162.2899932861328,161.33999633789062,161.77000427246094,5380200,157.3210006713867,155.66745466752485,157.12066739400228,160.01710037231445,68.40145184349267,1.228574480329241,0.006028354698897061
2012-08-28,161.63999938964844,162.19000244140625,161.3000030517578,161.6300048828125,5074200,157.57850036621093,155.7816364635121,157.0903340657552,159.96960037231446,69.19888063284587,1.2492882864815849,0.005783792530127376
2012-08-29,160.58999633789062,161.67999267578125,160.17999267578125,161.60000610351562,9287700,157.85100021362305,155.85672718394886,157.04208399454754,159.90275032043456,62.79866909303517,1.3050024850027901,0.0056015444724596885
2012-08-30,160.52000427246094,161.30999755859375,160.00999450683594,161.25999450683594,5813700,158.17050018310547,155.91854553222657,157.00416730244953,159.83935035705565,62.38446475403417,1.3142874581473214,0.0052863240896697875
2012-08-31,164.22000122070312,164.22000122070312,159.55999755859375,161.13999938964844,18024200,158.60400009155273,156.03618191805754,157.02016728719076,159.79365036010742,72.65304532120086,1.5364303588867188,0.006925085567174076
2012-09-04,164.47999572753906,164.77000427246094,163.66000366210938,164.11000061035156,12034800,159.01299972534179,156.1569091796875,157.06108385721842,159.75850036621094,73.20654750340697,1.5328587123325892,0.0069116567384664845
2012-09-05,164.30999755859375,164.38999938964844,163.80999755859375,164.1199951171875,8401900,159.41449966430665,156.2729092684659,157.08800048828124,159.74455032348632,72.17787013833915,1.5314298357282365,0.0069332377440766545
2012-09-06,164.88999938964844,165.77999877929688,164.8000030517578,165.16000366210938,12961100,159.83499984741212,156.41345464533026,157.11791712443033,159.73090034484864,73.54379440145104,1.5228587559291296,0.006930119567841895
2012-09-07,168.44000244140625,169.0,167.3699951171875,167.77000427246094,19138600,160.40749969482422,156.64018194025212,157.1750005086263,159.75560035705567,80.0120654448829,1.7557155064174108,0.008117926657828404
2012-09-10,167.2899932861328,168.13999938964844,167.22999572753906,167.83999633789062,7760600,160.9129997253418,156.91781810413707,157.23466707865398,159.76550033569336,73.7238699877321,1.7757165091378349,0.008433061121840894
2012-09-11,167.89999389648438,168.52999877929688,167.7899932861328,168.22000122070312,7522900,161.5084991455078,157.1952725497159,157.2987503051758,159.7808502960205,74.85281697459175,1.7257167271205358,0.008046297089146986
2012-09-12,167.9199981689453,168.8699951171875,167.25,168.83999633789062,9945400,162.14799880981445,157.45272716175427,157.36833356221516,159.8034503173828,74.890916554018,1.6900013514927454,0.007801105209842224
2012-09-13,171.30999755859375,171.91000366210938,166.3000030517578,167.8699951171875,28336900,162.9319984436035,157.79254538796164,157.44983355204263,159.82685028076173,80.32971567562036,1.954286847795759,0.00859445548623854
2012-09-14,171.8000030517578,172.22999572753906,171.30999755859375,171.88999938964844,16847500,163.69399871826172,158.13745450106535,157.51150029500326,159.85145027160644,80.97131935849926,1.9471435546875,0.008601131416373734
2012-09-17,170.39999389648438,171.9600067138672,170.05999755859375,171.77000427246094,11281600,164.37799835205078,158.489272516424,157.57116686503093,159.8528002166748,73.58605042285336,2.0150015694754466,0.009040246509240808
2012-09-18,171.72000122070312,171.9499969482422,170.6699981689453,170.80999755859375,12486600,165.10099868774415,158.78981794877487,157.65625025431316,159.86325019836426,75.82494063091127,2.0621446881975447,0.00907166427275564
2012-09-19,171.74000549316406,172.02999877929688,171.19000244140625,171.8800048828125,9125800,165.74649887084962,159.09254538796165,157.7434169769287,159.87285018920898,75.8583368838162,2.0150015694754466,0.0090228740018125
2012-09-20,171.47000122070312,171.69000244140625,170.22999572753906,171.02999877929688,8703000,166.29299926757812,159.34727256081322,157.82133369445802,159.8936001586914,74.36508918643648,2.0300020490373885,0.008954085777372181
2012-09-21,171.9600067138672,173.17999267578125,171.5399932861328,172.92999267578125,13361300,166.79649963378907,159.64327281605114,157.89650039672853,159.91250022888184,75.31477641490548,1.819286891392299,0.008874246849397072
2012-09-24,171.0500030517578,171.38999938964844,170.57000732421875,170.6300048828125,9177900,167.2504997253418,159.95854547674006,157.9895004272461,159.9207502746582,70.1194352585253,1.8392868041992188,0.00905473727367946
2012-09-25,170.77000427246094,172.11000061035156,170.5,171.75999450683594,10365300,167.72099990844725,160.2627274946733,158.10250040690104,159.94470031738283,68.55248657570255,1.9064298357282365,0.00898610766079262
2012-09-26,169.80999755859375,170.0500030517578,168.33999633789062,169.4600067138672,12064800,168.12949981689454,160.583818470348,158.19833374023438,159.96175033569335,63.327207201434284,1.9750017438616072,0.009183665879058323
2012-09-27,172.33999633789062,172.60000610351562,170.75999450683594,171.02000427246094,10539500,168.71699981689454,160.93563648570668,158.30641708374023,160.013500289917,69.84963896886659,1.8807165963309151,0.009324633910360267
2012-09-28,171.88999938964844,172.47999572753906,171.33999633789062,172.02999877929688,9681200,169.2854995727539,161.28654563210227,158.396333694458,160.08070030212403,67.54843665397738,1.875716073172433,0.009386395885375962
2012-10-01,172.2899932861328,173.6199951171875,171.77000427246094,172.8300018310547,10676400,169.6889991760254,161.61654552112927,158.48983357747395,160.17770027160645,68.54056981993706,1.9192864554268974,0.00817699998403567
2012-10-02,172.10000610351562,172.6999969482422,171.58999633789062,172.47000122070312,7053900,170.06999969482422,161.9418182373047,158.56816698710125,160.27655029296875,67.48521475239612,1.8828582763671875,0.008213665057108356
2012-10-03,172.41000366210938,172.61000061035156,171.88999938964844,172.50999450683594,5647600,170.475,162.28618191805754,158.66450030008951,160.3624503326416,68.34177152370884,1.5335726056780135,0.008177515460234732
2012-10-04,173.61000061035156,174.07000732421875,172.9199981689453,173.1999969482422,10376800,170.91100006103517,162.6600000554865,158.77408358256022,160.45615036010742,71.4744501152305,1.5864301409040178,0.008237321626867015
2012-10-05,172.6199951171875,173.3699951171875,172.00999450683594,172.8699951171875,8871000,171.11999969482423,163.00981805974786,158.87716687520344,160.53435035705567,65.69845847761621,1.5650013514927454,0.0071207294074809345
2012-10-08,172.0500030517578,172.27999877929688,171.67999267578125,171.75,3749300,171.35800018310547,163.34399996670808,158.98333358764648,160.6088003540039,62.563631527896185,1.5214298793247767,0.006951877248750329
2012-10-09,170.99000549316406,172.1699981689453,170.55999755859375,171.86000061035156,7750700,171.51250076293945,163.67054554332387,159.07966702779134,160.68355041503906,57.10649710297244,1.576430184500558,0.007130654125417439
2012-10-10,170.83999633789062,171.33999633789062,170.3000030517578,170.5399932861328,7361300,171.65850067138672,163.98545448996805,159.17383371988933,160.75620040893554,56.35730957580659,1.5428575788225447,0.007140138437336464
2012-10-11,171.32000732421875,171.9499969482422,171.1300048828125,171.3000030517578,5714900,171.65900115966798,164.270000110973,159.27591705322266,160.8382504272461,58.245003441535346,1.5000010899135046,0.005547357381878467
2012-10-12,170.05999755859375,171.41000366210938,169.80999755859375,171.14999389648438,8266000,171.57200088500977,164.51163635253906,159.36558367411297,160.93340042114258,51.89918029338942,1.5150015694754464,0.005738790273592629
2012-10-15,168.35000610351562,169.10000610351562,167.52999877929688,169.00999450683594,10704900,171.46950149536133,164.70818204012784,159.4383337656657,161.0234504699707,44.770261992322,1.5807157244001115,0.005886553469576738
2012-10-16,169.4199981689453,169.4499969482422,168.6699981689453,168.8699951171875,6204000,171.35450134277343,164.92618214000356,159.50825042724608,161.11060043334962,49.449349703199346,1.4857145036969865,0.005790336595708471
2012-10-17,169.5399932861328,169.9499969482422,168.9199981689453,169.2100067138672,5203400,171.24450073242187,165.16345464533026,159.5762503306071,161.17870040893555,49.961339818320745,1.359999520438058,0.005796012377812924
2012-10-18,168.7899932861328,169.30999755859375,168.58999633789062,168.8000030517578,6607100,171.11050033569336,165.41163635253906,159.63383356730142,161.23910034179687,46.77267128512999,1.3464279174804688,0.005855218335929994
2012-10-19,166.97000122070312,168.4499969482422,166.22999572753906,168.4199981689453,13860400,170.86100006103516,165.6450908314098,159.68091684977213,161.2850503540039,40.08664704941696,1.3971426827566964,0.00619484973232199
2012-10-22,167.5800018310547,167.6300048828125,167.02999877929688,167.0800018310547,6366200,170.6875,165.86381808194247,159.7391668955485,161.33695037841798,43.02629738446066,1.3650000435965401,0.006225945103744686
2012-10-23,165.42999267578125,166.05999755859375,165.1199951171875,166.0399932861328,11892500,170.420499420166,166.02981789328834,159.79300015767416,161.38160034179688,36.271238247913345,1.489286150251116,0.0067653448415191265
2012-10-24,164.86000061035156,165.8300018310547,164.60000610351562,165.77999877929688,10794600,170.1729995727539,166.18581792658026,159.83791681925456,161.4127003479004,34.7151733591181,1.458571297781808,0.006713981159724315
2012-10-25,166.02000427246094,166.52999877929688,165.77000427246094,166.2899932861328,7013800,169.85699996948242,166.35927262739702,159.89575017293294,161.44445037841797,40.32598647185701,1.4635707310267858,0.005884881032595791
2012-10-26,165.92999267578125,166.60000610351562,165.77000427246094,166.22999572753906,6441300,169.55899963378906,166.52181784889916,159.97850011189777,161.4722003173828,40.038435765551874,1.4557135445731026,0.0058889772792892914
2012-10-31,166.8300018310547,167.27999877929688,166.3800048828125,166.47000122070312,4681500,169.28600006103517,166.69727256081322,160.08150011698405,161.5100503540039,44.31413871089949,1.4371425083705358,0.006040492464079927
2012-11-01,166.07000732421875,167.0399932861328,166.0399932861328,167.02000427246094,6018000,168.9845001220703,166.88054532137784,160.17566680908203,161.537900390625,41.61553996372107,1.4342858450753349,0.006075029263344805
2012-11-02,162.60000610351562,164.47000122070312,162.3000030517578,164.4499969482422,14763100,168.49400024414064,167.01636352539063,160.25100021362306,161.542900390625,32.02591868594969,1.624286106654576,0.007358230981116508
2012-11-05,163.22999572753906,163.4199981689453,162.80999755859375,163.1199951171875,6156200,167.975,167.15454517711294,160.35016682942708,161.55295036315917,34.95639992429257,1.568570818219866,0.007170587919936915
2012-11-06,166.3000030517578,166.77000427246094,163.61000061035156,163.91000366210938,16051800,167.65900039672852,167.33163618607955,160.48816680908203,161.57410034179688,46.95725717986175,1.640714372907366,0.00863829004886278
2012-11-07,166.49000549316406,167.1300048828125,165.0399932861328,166.8699951171875,13195200,167.38100051879883,167.50927262739702,160.63008346557618,161.59075035095213,47.60161932414427,1.7114301409040178,0.008655519295929899
2012-11-08,167.99000549316406,168.16000366210938,166.1199951171875,166.13999938964844,8829000,167.23100051879882,167.70436373623934,160.75666681925455,161.6206504058838,52.50677164024792,1.7835736955915178,0.008896663657683811
2012-11-09,167.82000732421875,168.5399932861328,167.5500030517578,168.2100067138672,7361000,167.08000106811522,167.8678183815696,160.86725018819172,161.62765045166014,51.913636368652185,1.7864303588867188,0.008896738766493755
2012-11-12,167.4499969482422,168.27999877929688,167.2100067138672,168.10000610351562,5647600,166.8865005493164,167.99345481178977,160.97391688028972,161.62855041503906,50.574501292714835,1.6800013950892858,0.008858640818670218
2012-11-13,167.10000610351562,167.94000244140625,166.6300048828125,166.66000366210938,6463300,166.7385009765625,168.08818220658736,161.0990835825602,161.61920043945312,49.27959735929065,1.7264295305524553,0.008740572610707835
2012-11-14,167.13999938964844,168.0399932861328,166.77999877929688,167.4600067138672,8510500,166.67800064086913,168.18218217329544,161.2284169514974,161.61475044250489,49.43890532757538,1.640714372907366,0.008468284630613693
2012-11-15,166.08999633789062,167.0500030517578,165.17999267578125,167.0,10023200,166.5115005493164,168.26818209561435,161.3507502237956,161.59865043640136,45.4065272195476,1.6928580147879464,0.008414765608531851
2012-11-16,165.8800048828125,166.36000061035156,165.47000122070312,165.74000549316406,6944000,166.3285011291504,168.34527310458097,161.46075032552082,161.58025047302246,44.62265804982024,1.637143816266741,0.008405758307706965
2012-11-19,167.8699951171875,168.16000366210938,167.3800048828125,167.75,6764500,166.28250122070312,168.47763671875,161.60116691589354,161.5643504333496,52.91767377914349,1.7407150268554688,0.008849793484899109
2012-11-20,167.38999938964844,168.02000427246094,166.83999633789062,167.75,5496100,166.3035011291504,168.60254572088067,161.73016688028972,161.5631004333496,50.93578525293237,1.7285723005022322,0.008524177328845207
2012-11-21,167.55999755859375,167.82000732421875,166.97000122070312,167.19000244140625,3810700,166.30250091552733,168.66327292702414,161.8630002339681,161.56500045776366,51.62678044798952,1.7178584507533483,0.00848761300869008
2012-11-23,169.61000061035156,170.00999450683594,167.8000030517578,167.97000122070312,6110100,166.51150131225586,168.7565457430753,161.96391690572102,161.56455047607423,59.10612277276223,1.6235722133091517,0.00833825156003852
2012-11-26,169.42999267578125,169.72999572753906,169.25,169.55999755859375,5377700,166.74000091552733,168.84963656338778,162.0648334503174,161.5692004394531,58.25437928586684,1.5992867606026786,0.008283979985800875
2012-11-27,168.7100067138672,169.39999389648438,168.6199951171875,169.13999938964844,7314400,166.87450103759767,168.91909124200996,162.1612501780192,161.57265045166017,54.84976302800686,1.4042859758649553,0.008264248643082705
2012-11-28,166.5500030517578,166.83999633789062,165.3800048828125,165.42999267578125,12880100,166.90550155639647,168.88472761674362,162.23908348083495,161.5697004699707,46.13787441228367,1.492856706891741,0.008808717696721938
2012-11-29,167.17999267578125,167.5,166.85000610351562,167.13999938964844,7446800,166.92300109863282,168.8827276056463,162.34475008646646,161.56805046081544,48.69729363343688,1.4149987357003349,0.008765251677513356
2012-11-30,166.0500030517578,167.22000122070312,165.52999877929688,166.94000244140625,8412300,166.92200088500977,168.84909140846946,162.43908348083497,161.5627005004883,44.60326969531828,1.4649996076311385,0.008840922090944501
2012-12-03,166.1300048828125,166.9199981689453,166.0399932861328,166.11000061035156,6363400,167.0985008239746,168.81654607599432,162.5288335164388,161.5528005218506,44.956099212227144,1.4514290945870536,0.007343226865513359
2012-12-04,164.4199981689453,164.8300018310547,163.8699951171875,164.05999755859375,10208900,167.15800094604492,168.6912733598189,162.59516677856445,161.53490051269532,39.20784088770109,1.519287109375,0.0077344278850592285
2012-12-05,164.1199951171875,164.5,163.1999969482422,164.22000122070312,10646800,167.04900054931642,168.5516368519176,162.65350011189778,161.51875045776367,38.283001792635375,1.5221448625837053,0.006411637548716243
2012-12-06,164.5,165.0,163.52999877929688,163.72000122070312,7301600,166.9495002746582,168.4443642356179,162.7097501118978,161.48615043640137,40.206944726236756,1.4871444702148438,0.006434124494817519
2012-12-07,165.16000366210938,165.22000122070312,164.60000610351562,164.8800048828125,7289500,166.80800018310546,168.32509155273436,162.77075017293294,161.4472504425049,43.50128039783046,1.4750017438616072,0.00613200012666899
2012-12-10,165.8000030517578,166.16000366210938,165.7100067138672,166.11000061035156,4646600,166.7069999694824,168.21709150834516,162.83633359273276,161.41115043640136,46.57510229937436,1.383573259626116,0.006221142274441721
2012-12-11,165.64999389648438,165.66000366210938,165.1199951171875,165.4499969482422,4724000,166.61699981689452,168.11127319335938,162.90708351135254,161.3782504272461,45.94415476121549,1.3478589739118303,0.006210130095201807
2012-12-12,165.77000427246094,166.94000244140625,165.36000061035156,166.1999969482422,14164700,166.5504997253418,167.99872769442473,162.9887502034505,161.3486004638672,46.56778664599577,1.4000015258789062,0.006204611181035701
2012-12-13,164.3699951171875,164.89999389648438,163.77999877929688,163.8699951171875,9332800,166.41199951171876,167.87727300470524,163.09166679382324,161.3030004119873,40.67275664127048,1.367144993373326,0.006457648581931875
2012-12-14,164.1300048828125,164.47999572753906,164.02000427246094,164.1699981689453,5351700,166.31399993896486,167.7565457430753,163.18741683959962,161.3022004699707,39.7439635490081,1.3657161167689733,0.006331587233944121
2012-12-17,164.44000244140625,164.6199951171875,164.1300048828125,164.16000366210938,8173300,166.24199981689452,167.65890946821733,163.27641690572102,161.29135047912598,41.599134929215346,1.3428584507533483,0.006352721955249717
2012-12-18,162.0800018310547,164.42999267578125,160.89999389648438,164.35000610351562,23995000,165.9525001525879,167.4723641135476,163.35525029500326,161.2700505065918,33.21503086425706,1.3578589303152901,0.0063749928724920885
2012-12-19,161.69000244140625,162.22000122070312,161.11000061035156,161.30999755859375,12991600,165.6675003051758,167.28690962357953,163.42908363342286,161.2502505493164,32.06492176134266,1.3692877633231026,0.006371587731388023
2012-12-20,159.72999572753906,160.1199951171875,158.38999938964844,159.8699951171875,25148400,165.27600021362304,167.05854603160512,163.50141690572102,161.2354005432129,27.0041847800275,1.4842878069196428,0.006742086494341359
2012-12-21,160.3300018310547,160.75999450683594,159.77999877929688,159.82000732421875,13445400,164.8120002746582,166.844545953924,163.54425023396809,161.2189005279541,30.614420781037154,1.4950016566685267,0.006001474769887788
2012-12-24,160.6199951171875,160.9600067138672,160.47000122070312,160.8800048828125,3699400,164.37150039672852,166.63018216219817,163.5903335571289,161.19560050964355,32.355767928356585,1.378572736467634,0.006078855040647302
2012-12-26,160.77999877929688,161.49000549316406,160.63999938964844,161.36000061035156,4961800,163.975,166.39690940163354,163.61800015767415,161.16760047912598,33.34967340889182,1.3478589739118303,0.006119184952135829
2012-12-27,161.16000366210938,161.30999755859375,160.0500030517578,160.22999572753906,8937700,163.70550003051758,166.1885459206321,163.66366691589354,161.14805046081543,35.763682429892356,1.3328584943498885,0.005684692789732714
2012-12-28,160.5399932861328,160.97000122070312,160.14999389648438,160.94000244140625,6852900,163.37350006103514,165.97927301580256,163.72058347066243,161.1392504119873,33.62385581272045,1.3535733904157365,0.005557057427347732
2012-12-31,162.02000427246094,162.75,160.77000427246094,160.89999389648438,11786200,163.1720001220703,165.81618208451704,163.78708356221517,161.15150039672852,42.47224906847179,1.44000244140625,0.005971398356805897
2013-01-02,163.1699981689453,164.13999938964844,163.13999938964844,163.49000549316406,10431800,163.02399978637695,165.6767275723544,163.87891693115233,161.16195037841797,48.24544448499584,1.542858668736049,0.006246991592003673
2013-01-03,161.1999969482422,162.8800048828125,160.8300018310547,162.47999572753906,16117500,162.8629997253418,165.49272738370027,163.94733352661132,161.1614503479004,40.70873004890375,1.5971439906529017,0.006399001449261034
2013-01-04,160.44000244140625,160.6300048828125,158.88999938964844,159.52000427246094,19179800,162.67900009155272,165.3178183815696,164.01275024414062,161.15570037841798,38.22769713193935,1.6200005667550224,0.006451754760111325
2013-01-07,159.42999267578125,159.9600067138672,159.14999389648438,159.36000061035156,9361800,162.4254997253418,165.15563631924715,164.05683352152508,161.1522003173828,35.160771982779565,1.6792875017438615,0.006498037574567249
2013-01-08,160.55999755859375,160.99000549316406,160.00999450683594,160.4600067138672,7694800,162.19549942016602,164.99454539905895,164.1097501118978,161.15395027160645,40.87593660799599,1.7557176862444197,0.00667054982123739
2013-01-09,160.49000549316406,160.8300018310547,159.89999389648438,160.77000427246094,8334200,161.92999954223632,164.8300001664595,164.16825014750162,161.15855026245117,40.63700928330683,1.569289071219308,0.006560197804109983
2013-01-10,161.97999572753906,162.55999755859375,161.61000061035156,161.61000061035156,11432600,161.74649963378906,164.70618202903054,164.24266675313314,161.16080024719238,47.65186314983486,1.637859889439174,0.0069984641292881655
2013-01-11,161.05999755859375,161.89999389648438,160.11000061035156,161.86000061035156,13675600,161.5109992980957,164.59872741699218,164.306666692098,161.14410026550294,44.18033949590918,1.5357164655412947,0.0070570370847154945
2013-01-14,161.5399932861328,161.97000122070312,161.1300048828125,161.8800048828125,7289000,161.36949920654297,164.48890907981178,164.37224998474122,161.13560020446778,46.37536555084402,1.5271453857421875,0.006919195694941863
2013-01-15,162.55999755859375,163.1699981689453,162.35000610351562,162.8000030517578,10077800,161.29099884033204,164.43672735040838,164.45166664123536,161.14085021972656,50.802706824425776,1.598573957170759,0.0070988788853589835
2013-01-16,162.64999389648438,163.02999877929688,162.14999389648438,162.4199981689453,9214700,161.20149841308594,164.39654541015625,164.52774988810222,161.1477001953125,51.18564944166248,1.599287850516183,0.0070819218988035495
2013-01-17,163.35000610351562,164.39999389648438,161.8300018310547,161.94000244140625,14911400,161.26499862670897,164.3479999889027,164.59174995422364,161.15385025024415,54.173601849758825,1.692859104701451,0.006356055589670043
2013-01-18,163.08999633789062,163.97000122070312,163.02000427246094,163.9499969482422,10038100,161.3349983215332,164.29636369185013,164.64441655476887,161.15460021972658,52.87887807765402,1.6885724748883928,0.00633965314408353
2013-01-22,163.6699981689453,164.22000122070312,163.3699951171875,163.47999572753906,8587900,161.53199844360353,164.23890907981178,164.69549992879232,161.17350021362304,55.437373134732276,1.6114294869559151,0.00563320804736099
2013-01-23,163.2100067138672,163.9499969482422,163.0,163.9199981689453,6697000,161.67599868774414,164.1869090687145,164.74366671244303,161.20350021362304,52.98046018554679,1.5278581891741072,0.005669723130847406
2013-01-24,161.4199981689453,162.27000427246094,161.17999267578125,161.97999572753906,13188300,161.71599884033202,164.16545437899504,164.7847499847412,161.21905021667482,44.68180276889615,1.5057165963309151,0.006252450211631984
2013-01-25,160.64999389648438,161.0399932861328,160.30999755859375,160.55999755859375,9037400,161.7094985961914,164.11854525479404,164.8306666056315,161.2254502105713,41.65891009622116,1.4200025285993303,0.006349260525922387
2013-01-28,160.2899932861328,160.72999572753906,160.02000427246094,160.24000549316406,8491600,161.66599807739257,164.00927234996448,164.88199984232585,161.22140014648437,40.28661471575105,1.378572736467634,0.006341710563698607
2013-01-29,160.99000549316406,161.30999755859375,160.69000244140625,161.00999450683594,7364900,161.68849868774413,163.90927234996448,164.92733319600424,161.2210001373291,44.139877611279665,1.3400006975446428,0.0063625464064743275
2013-01-30,162.19000244140625,163.0399932861328,162.02999877929688,162.67999267578125,12010000,161.6969985961914,163.80381774902344,164.9764165242513,161.21845016479492,50.086057374066925,1.419999258858817,0.006241352446734359
2013-01-31,161.1999969482422,161.80999755859375,160.47000122070312,161.6199951171875,9334000,161.59849853515624,163.68345392400568,165.0174165089925,161.22020011901856,45.75843406354633,1.3949999128069197,0.006156611999018046
2013-02-01,161.4499969482422,162.77000427246094,160.8699951171875,162.66000366210938,12904300,161.61099853515626,163.57436301491478,165.0588331858317,161.22515007019044,47.003708779847535,1.397143772670201,0.005542115824594343
2013-02-04,162.0,162.4199981689453,161.14999389648438,161.19000244140625,7354900,161.68899841308593,163.4816356312145,165.10058314005533,161.23390007019043,49.737628162803,1.4228581019810267,0.005468427470558261
2013-02-05,161.9600067138672,162.7899932861328,161.3300018310547,162.75,8979400,161.81549911499025,163.38745394620028,165.14041659037272,161.2471501159668,49.537512493630004,1.4107142857142858,0.005235234920320975
2013-02-06,162.38999938964844,162.6300048828125,161.99000549316406,162.1300048828125,6138700,161.90699920654296,163.32018127441407,165.19374987284343,161.26195014953612,51.78371259557887,1.3957138061523438,0.005045441206359391
2013-02-07,161.83999633789062,162.9600067138672,161.1300048828125,161.24000549316406,12827200,161.9744987487793,163.2467265735973,165.24966646830242,161.27345016479492,48.792017767297665,1.3428573608398438,0.005119291019702156
2013-02-08,161.57000732421875,162.02000427246094,161.1999969482422,161.4600067138672,6085900,161.9539993286133,163.13218134099787,165.29916648864747,161.2859501647949,47.346001783266054,1.3335723876953125,0.0046902883061638026
2013-02-11,159.6999969482422,159.97999572753906,159.25,159.77999877929688,12083500,161.8859992980957,162.9923631147905,165.32533315022786,161.28795013427734,38.7745612775362,1.4185725620814733,0.005214191845838832
2013-02-12,159.88999938964844,160.0500030517578,158.8800048828125,159.35000610351562,7632300,161.8034996032715,162.85290860262785,165.35174980163575,161.28930015563964,39.963838954985945,1.4342869349888392,0.005168069712327767
2013-02-13,159.0500030517578,159.63999938964844,158.77000427246094,159.60000610351562,8961300,161.62799987792968,162.66090864701704,165.36666653951008,161.27940017700195,36.58079674472997,1.3692855834960938,0.005010150857728519
2013-02-14,158.35000610351562,159.64999389648438,158.0399932861328,159.30999755859375,12410200,161.41300048828126,162.45945434570314,165.36266657511393,161.26425018310547,33.9979624542883,1.4049998692103796,0.005047539190667654
2013-02-15,155.75999450683594,156.5800018310547,154.55999755859375,156.4199981689453,23374100,161.03349990844725,162.22399957830257,165.3228332519531,161.23365013122557,26.533102515362373,1.6250010899135046,0.005880037516928299
2013-02-19,155.3300018310547,155.83999633789062,154.92999267578125,155.8000030517578,11803900,160.64550018310547,162.01999955610796,165.2681666056315,161.20370010375976,25.53084794437767,1.6171439034598214,0.005877812118934341
2013-02-20,151.44000244140625,153.92999267578125,150.83999633789062,153.89999389648438,30924000,160.03400039672852,161.73381791548294,165.18041661580403,161.15795013427734,18.662723093202743,1.791430882045201,0.007580246721556223
2013-02-21,152.6199951171875,153.41000366210938,151.89999389648438,152.0,17964800,159.50449981689454,161.4896359530362,165.10758323669432,161.12620010375977,25.233190323718063,1.8092880249023438,0.008014894279220168
2013-02-22,152.97000122070312,152.99000549316406,151.92999267578125,152.25999450683594,10093200,159.0819999694824,161.2503631591797,165.03533325195312,161.09370010375977,27.1139446145596,1.7492882864815849,0.0078963999903819
2013-02-25,154.33999633789062,154.55999755859375,153.30999755859375,153.52000427246094,9488200,158.76650009155273,161.06709039861505,164.9832499186198,161.07000007629395,34.10152273041537,1.7721448625837053,0.008289583649100584
2013-02-26,156.22000122070312,156.8000030517578,153.32000732421875,154.38999938964844,18182300,158.56300048828126,160.9234541459517,164.94741655985516,161.07110008239746,42.2793524816481,1.916430882045201,0.008871485416733287
2013-02-27,154.57000732421875,155.60000610351562,154.0800018310547,155.4600067138672,9596100,158.24200057983398,160.74290882457387,164.86699994405112,161.07160011291504,37.84089440319115,2.0214309692382812,0.009001325765161721
2013-02-28,153.0,154.16000366210938,152.38999938964844,154.08999633789062,14864400,157.78250045776366,160.52181784889916,164.77133331298828,161.06275009155274,34.165563799601074,2.046431405203683,0.008889155015973984
2013-03-01,152.44000244140625,153.61000061035156,152.13999938964844,153.16000366210938,11178800,157.34450073242186,160.27890874689277,164.67241668701172,161.0571501159668,32.936753218177216,2.092859540666853,0.008859171457963659
2013-03-04,152.3000030517578,152.74000549316406,151.8699951171875,152.4499969482422,6643800,156.88700103759766,160.036181640625,164.56750005086263,161.06200012207032,32.62087718327132,1.989288330078125,0.008813131707267637
2013-03-05,152.3800048828125,153.38999938964844,152.11000061035156,153.10000610351562,10804200,156.40600128173827,159.79272710626776,164.43366673787435,161.07520011901855,33.01621109499867,1.997145516531808,0.008728169332782249
2013-03-06,153.22999572753906,153.3800048828125,151.64999389648438,152.1699981689453,10856000,155.96950073242186,159.5901816628196,164.31650009155274,161.0940500640869,37.23015524827816,2.0407180786132812,0.008920634136871185
2013-03-07,152.69000244140625,153.2100067138672,152.39999389648438,153.02000427246094,6586700,155.48450088500977,159.3821816184304,164.18975016276042,161.09350006103514,35.69387122463523,1.985003880092076,0.008830920635527624
2013-03-08,152.7100067138672,153.2899932861328,151.39999389648438,151.61000061035156,11859500,155.0280014038086,159.1689089688388,164.0630002339681,161.0843000793457,35.799561188094,1.8492889404296875,0.008858587544818702
2013-03-11,152.99000549316406,153.05999755859375,152.64999389648438,152.82000732421875,4810700,154.59900131225587,159.00363630814985,163.91033363342285,161.0760001373291,37.351623883128255,1.8135746547154017,0.008917824426066489
2013-03-12,154.19000244140625,154.69000244140625,153.89999389648438,154.07000732421875,7265700,154.32350158691406,158.86727267178622,163.7635836283366,161.08655014038087,43.640161861789814,1.614288330078125,0.00895623943279543
2013-03-13,153.66000366210938,154.60000610351562,153.4199981689453,154.25999450683594,7436400,154.01200180053712,158.7569091796875,163.62408370971679,161.09675018310546,41.65154815136417,1.5578602382114954,0.00893697921219309
2013-03-14,153.67999267578125,154.1699981689453,153.00999450683594,153.02000427246094,11410400,153.74350128173828,158.6359999223189,163.47375030517577,161.10810012817382,41.759341393156376,1.56500244140625,0.008913190102774523
2013-03-15,154.0,154.72000122070312,153.97000122070312,154.1199951171875,5701300,153.5260009765625,158.51563637473367,163.32591692606607,161.11470016479493,43.55707342361559,1.5257175990513392,0.008926822159408574
2013-03-18,155.3800048828125,155.92999267578125,155.0,155.6999969482422,9302400,153.50700149536132,158.41745466752485,163.19183362325032,161.1365001678467,50.63381922804946,1.4150030953543526,0.008470827127772728
2013-03-19,156.0800018310547,156.33999633789062,155.10000610351562,155.22000122070312,11023400,153.54450149536132,158.32509099786932,163.0595002492269,161.1573501586914,53.79816207198473,1.3507167271205358,0.00850589398996413
2013-03-20,155.3699951171875,155.8300018310547,154.8800048828125,155.52999877929688,8221500,153.7410011291504,158.2310910311612,162.9288335164388,161.1761001586914,50.27784600438443,1.2807159423828125,0.0062233881237164085
2013-03-21,156.25,156.42999267578125,155.8800048828125,156.1699981689453,4992000,153.92250137329103,158.12618186257103,162.80783348083497,161.16985015869142,54.271821797002175,1.2514299665178572,0.006123962009825641
2013-03-22,155.5500030517578,155.99000549316406,155.4199981689453,155.4499969482422,4746300,154.05150146484374,157.987636496804,162.689000193278,161.1610001373291,50.777803666807436,1.2485722133091517,0.006246027566578444
2013-03-25,155.24000549316406,155.57000732421875,154.36000061035156,154.7100067138672,6819100,154.09650192260742,157.87927301580257,162.54650026957194,161.15150016784668,49.26515720058369,1.243572780064174,0.005972473590689759
2013-03-26,154.72000122070312,154.91000366210938,154.27999877929688,154.47000122070312,7388700,154.02150192260743,157.77527299360796,162.4034169514974,161.13905014038085,46.74937711196237,1.1885724748883928,0.005321659199977942
2013-03-27,155.36000061035156,155.6199951171875,154.50999450683594,154.6699981689453,6717000,154.06100158691407,157.70127313787287,162.26233367919923,161.14335014343263,50.125139192801086,1.2085723876953125,0.004848310253245365
2013-03-28,154.4499969482422,154.8000030517578,154.22000122070312,154.5,6851200,154.13350143432618,157.59018221768466,162.11525026957193,161.14195014953614,45.68991337554849,1.155000959123884,0.004439905705299563
2013-04-01,154.6699981689453,154.92999267578125,154.3000030517578,154.57000732421875,4288100,154.24500122070313,157.48436390269887,161.96741689046223,161.1385001373291,46.9128836861538,1.1707142421177454,0.004334623269773102
2013-04-02,152.42999267578125,153.30999755859375,152.25999450683594,153.08999633789062,9398300,154.2515007019043,157.310727483576,161.79091682434083,161.11835006713866,37.62321888007429,1.2214290073939733,0.0055090235889304106
2013-04-03,150.72999572753906,152.52999877929688,149.9199981689453,152.02000427246094,15740800,154.16900024414062,157.12290926846592,161.6085001627604,161.08640007019042,32.38238402228809,1.3235713413783483,0.0060491756490863155
2013-04-04,150.2899932861328,150.60000610351562,149.44000244140625,149.64999389648438,12429000,154.02200012207032,156.91836381392045,161.4271667480469,161.0491000366211,31.172059989219278,1.3328563145228796,0.005894250108262299
2013-04-05,152.80999755859375,152.9600067138672,151.07000732421875,151.5399932861328,14491800,154.0279998779297,156.7410910866477,161.27566668192546,161.0239500427246,44.06633646774929,1.4492852347237724,0.007059405424766584
2013-04-08,152.16000366210938,152.58999633789062,151.60000610351562,152.38999938964844,6246000,154.0004997253418,156.55036399147727,161.12000007629393,160.99510009765626,41.88661903174184,1.3978565761021204,0.007124958094291309
2013-04-09,153.33999633789062,153.85000610351562,152.27999877929688,152.32000732421875,7042200,154.01799926757812,156.36836381392047,160.97016665140788,160.97600006103517,47.010916969667115,1.4300003051757812,0.007332016149496259
2013-04-10,150.75,152.7100067138672,150.5800018310547,152.6699981689453,18507400,153.84599914550782,156.1440002441406,160.80925000508626,160.94990005493165,38.90243528001872,1.541428702218192,0.008018084994639015
2013-04-11,151.0500030517578,151.7100067138672,150.6300048828125,150.75999450683594,8063200,153.71549911499022,155.91454578746448,160.6650833129883,160.94505004882814,40.1892942405893,1.5428575788225447,0.008026546442751019
2013-04-12,143.9499969482422,148.85000610351562,143.42999267578125,148.64999389648438,55601800,153.22899932861327,155.56436379172584,160.45283330281575,160.9016000366211,26.1510264285492,2.027858189174107,0.013067772044982719
2013-04-15,131.30999755859375,136.75,130.50999450683594,136.0,93804200,152.09449920654296,155.016909235174,160.13425000508627,160.7893500518799,15.662170713489573,2.9014293125697543,0.022912178575568556
2013-04-16,132.8000030517578,135.11000061035156,131.75999450683594,134.89999389648438,45650800,150.96549911499022,154.51054576526988,159.8343334197998,160.69025009155274,19.748362749317806,3.1042861938476562,0.02300938161916582
2013-04-17,132.8699951171875,134.9499969482422,132.32000732421875,133.80999755859375,25444100,149.80499877929688,154.01200034401634,159.5501667022705,160.5904500579834,19.94457798610273,3.2128568376813615,0.022916627335702877
2013-04-18,134.3000030517578,135.30999755859375,133.6199951171875,134.1199951171875,20040500,148.7514991760254,153.52672757235442,159.2728333791097,160.5067000579834,24.031413818181406,3.3057141985212053,0.023282253642335975
2013-04-19,135.47000122070312,136.02000427246094,134.60000610351562,136.0,15659300,147.71249923706054,153.04090936834163,159.0231667836507,160.40810005187987,27.301457567400774,3.3835721697126115,0.02337921855329665
2013-04-22,137.89999389648438,138.27000427246094,137.22000122070312,138.14999389648438,16568500,146.8299987792969,152.61727294921874,158.79850006103516,160.32215003967286,33.68599238541647,3.4114292689732144,0.024026659580442835
2013-04-23,136.8800048828125,137.24000549316406,135.85000610351562,137.22000122070312,14644900,145.9119987487793,152.1705458207564,158.5556667327881,160.21925003051757,32.3997568043235,3.3714283534458707,0.024012949443056736
2013-04-24,138.3699951171875,138.5500030517578,137.4499969482422,138.08999633789062,10369300,145.09449844360353,151.74090936834162,158.32600008646648,160.13270004272462,36.23028164791921,3.398571559361049,0.02430445516838763
2013-04-25,141.6300048828125,142.0800018310547,139.7899932861328,140.0,18886900,144.40799865722656,151.37127297141336,158.1160001118978,160.07230003356935,43.74162128491558,3.4728567940848216,0.025076184468879152
2013-04-26,140.91000366210938,143.42999267578125,140.0399932861328,142.3000030517578,19307800,143.73099899291992,150.980727594549,157.90633341471354,160.00665008544922,42.54956425611581,3.6285716465541293,0.02507425996922166
2013-04-29,142.3000030517578,142.66000366210938,141.49000549316406,142.1300048828125,11004500,143.11249923706055,150.6254549893466,157.73716672261557,159.9574001312256,45.63010334814504,3.632857186453683,0.02524551136851652
2013-04-30,142.77000427246094,142.8300018310547,141.5500030517578,142.27000427246094,11284400,142.62949981689454,150.2836367520419,157.56666679382323,159.90630012512207,46.671372173620256,3.5271432059151784,0.025164166844726638
2013-05-01,141.11000061035156,141.5500030517578,139.3000030517578,140.58999633789062,13931100,142.14850006103515,149.9456368186257,157.35675010681152,159.84890014648437,43.50244152877937,3.697857448032924,0.025172524445015207
2013-05-02,141.9199981689453,142.47000122070312,141.63999938964844,142.0,11502200,141.7300003051758,149.61890952370385,157.15200004577636,159.78780014038085,45.448812941423185,3.250713893345424,0.02524795776131347
2013-05-03,142.08999633789062,142.7100067138672,141.39999389648438,141.6999969482422,11667100,141.19400024414062,149.3105457652699,156.9361666361491,159.72720008850098,45.87029290238199,2.3842860630580356,0.024858144577943792
2013-05-06,142.14999389648438,142.4600067138672,141.6300048828125,142.3300018310547,7730300,140.69349975585936,149.0160000887784,156.72224985758464,159.6706000518799,46.02878548239771,2.172143118722098,0.02487092760949594
2013-05-07,140.3800048828125,140.63999938964844,139.3699951171875,140.3800048828125,13627400,140.04550018310547,148.73636391379617,156.4966665903727,159.60725006103516,42.11141399695271,2.1828580583844865,0.024817540145057326
2013-05-08,142.4600067138672,142.80999755859375,141.49000549316406,141.77999877929688,11161100,139.63100051879883,148.50236400257458,156.29133326212565,159.55265007019042,47.74015410474948,2.182143075125558,0.024969793040044416
2013-05-09,140.80999755859375,142.36000061035156,140.50999450683594,141.3300018310547,8263000,139.11900024414064,148.30909118652343,156.0719165802002,159.48835006713867,44.07869409964011,2.198572431291853,0.02502527416382717
2013-05-10,139.60000610351562,139.75,137.25999450683594,138.22000122070312,14650600,138.9015007019043,148.0723641135476,155.8511666615804,159.42120010375976,41.56135998666922,2.2521438598632812,0.022866945234804318
2013-05-13,138.42999267578125,138.97000122070312,138.16000366210938,138.4600067138672,6714100,139.25750045776368,147.80800032182174,155.62241655985514,159.34575004577636,39.228406730418726,2.208573477608817,0.010716045602018833
2013-05-14,137.80999755859375,139.16000366210938,137.63999938964844,137.9499969482422,9895700,139.50800018310548,147.5074548894709,155.3719165802002,159.25645004272462,38.01080444531633,2.197859627859933,0.010627703514098223
2013-05-15,134.6300048828125,136.97999572753906,134.22999572753906,136.58999633789062,19062400,139.59600067138672,147.11490950150923,155.09891662597656,159.14575004577637,32.447765355815235,2.188573564801897,0.012009543172634632
2013-05-16,134.08999633789062,134.47999572753906,133.0,133.17999267578125,12759200,139.58550033569335,146.74254566539418,154.81999994913738,159.02850006103515,31.6019451396065,2.062859671456473,0.011812500192839805
2013-05-17,131.07000732421875,133.47999572753906,131.02000427246094,133.1699981689453,20346500,139.36550064086913,146.3438185258345,154.4988333384196,158.89670013427735,27.313839841128996,2.1571448189871654,0.012634510595167221
2013-05-20,135.1199951171875,135.32000732421875,130.85000610351562,130.8800048828125,21594000,139.22650070190429,146.0289093017578,154.212916692098,158.78985008239746,39.22398103311623,2.3850021362304688,0.013951804499807412
2013-05-21,132.8800048828125,133.64999389648438,131.4499969482422,132.1699981689453,14542500,139.0265007019043,145.6758184259588,153.91433334350586,158.6785501098633,35.736189494430775,2.399287632533482,0.01432205809297651
2013-05-22,131.94000244140625,136.77000427246094,130.9499969482422,134.17999267578125,25975200,138.70500106811522,145.30418201793324,153.62591667175292,158.56760009765625,34.355601947276995,2.717859540666853,0.014073102569813317
2013-05-23,134.61000061035156,134.83999633789062,133.1199951171875,134.50999450683594,10267600,138.3540008544922,144.96563665216618,153.3545000712077,158.4629000854492,41.29322355607459,2.8314296177455356,0.013768198280601236
2013-05-24,133.75999450683594,134.50999450683594,133.63999938964844,134.11000061035156,5522600,137.99650039672852,144.62145468971946,153.08541666666667,158.35020004272462,39.849347491254946,2.8414295741489957,0.013783338851983814
2013-05-28,133.49000549316406,135.57000732421875,132.8000030517578,133.67999267578125,12466400,137.55600051879884,144.27200012207032,152.81341667175292,158.23625007629394,39.37835130525632,2.8407156808035716,0.01347448418287943
2013-05-29,134.8300018310547,134.91000366210938,133.63999938964844,134.08999633789062,8762200,137.15900039672852,143.9418182373047,152.56683336893718,158.12800010681153,42.98050114516195,2.768573216029576,0.013724892295524366
2013-05-30,136.6999969482422,137.11000061035156,136.25999450683594,136.6699981689453,8611700,136.93850021362306,143.62381813742897,152.33833338419598,158.0265500640869,47.65495772657806,2.7921436854771207,0.014039197336820526
2013-05-31,133.9199981689453,136.0500030517578,133.88999938964844,135.7100067138672,9726600,136.53850021362305,143.26490894664417,152.08350003560383,157.91025009155274,42.125960563126434,2.739286150251116,0.01453424635918478
2013-06-03,136.50999450683594,136.97999572753906,134.42999267578125,134.77000427246094,9173000,136.2595001220703,142.95272716175427,151.8447499593099,157.8128500366211,48.16042757441676,2.8550000871930803,0.015340454022319717
2013-06-04,135.22999572753906,135.44000244140625,134.27000427246094,135.2100067138672,5505200,135.91350021362305,142.61145435680044,151.58999989827473,157.71334999084473,45.62830598752029,2.906427655901228,0.01541900480092108
2013-06-05,135.52000427246094,136.3699951171875,135.00999450683594,135.47000122070312,7444900,135.67050018310547,142.25036343661222,151.33891665140789,157.61279998779298,46.31698530532407,2.7478561401367188,0.015261822514844562
2013-06-06,136.52999877929688,137.6199951171875,134.97999572753906,135.38999938964844,9847700,135.37399978637694,141.89490883567117,151.09524993896486,157.51264999389647,48.75153122836151,2.8199986049107144,0.014928834180316222
2013-06-07,133.27999877929688,134.6199951171875,133.17999267578125,134.11000061035156,11054400,134.99749984741212,141.4932725386186,150.8361666361491,157.39544998168947,42.13048571708212,2.8399996076311385,0.01557702230717904
2013-06-10,133.94000244140625,134.27999877929688,132.99000549316406,133.3000030517578,6142800,134.71449966430663,141.08763621937146,150.5845832824707,157.2788500213623,43.79974673913221,2.612856183733259,0.015598517313057203
2013-06-11,133.25,133.50999450683594,132.24000549316406,132.30999755859375,7199300,134.45550003051758,140.6821816184304,150.32466659545898,157.15095001220703,42.42204569289453,2.472141810825893,0.015545081893483984
2013-06-12,134.25,134.8300018310547,132.8300018310547,132.9499969482422,6550600,134.2775001525879,140.30054515491832,150.09274991353354,157.01950004577637,45.11643152336249,2.199284144810268,0.01566648057051819
2013-06-13,133.74000549316406,134.1999969482422,132.82000732421875,133.30999755859375,7161800,134.23300018310547,139.9190906871449,149.85983327229818,156.87875007629395,43.98593922826577,2.0942840576171875,0.014819345873611266
2013-06-14,134.42999267578125,134.60000610351562,133.8800048828125,134.0,4278700,134.25,139.53854508833453,149.64899991353352,156.74105003356934,45.95889475506224,2.0864268711635043,0.014837970920211285
2013-06-17,133.77000427246094,134.05999755859375,133.52000427246094,133.88999938964844,4072300,134.3849998474121,139.16254522150214,149.42766660054525,156.6031000518799,44.3497633568779,1.953568594796317,0.013910145123388454
2013-06-18,132.1300048828125,132.9600067138672,131.52999877929688,132.72000122070312,7379300,134.23550033569336,138.75272716175425,149.19025001525878,156.4555500793457,40.55041350998279,2.012140546526228,0.012300416700212528
2013-06-19,130.58999633789062,133.14999389648438,130.3800048828125,132.5800018310547,13017800,134.12099990844726,138.35563631924717,148.9386666615804,156.3055500793457,37.31749615259817,2.0471398489815846,0.01201931693697303
2013-06-20,123.5999984741211,126.37999725341797,123.33000183105469,125.22000122070312,28872100,133.703999710083,137.86236364191228,148.62566661834717,156.120950050354,26.852784987747086,2.364996773856027,0.016823559176214614
2013-06-21,125.05000305175781,125.56999969482422,124.45999908447266,125.16000366210938,16600000,133.22599983215332,137.40345472856,148.32991669972736,155.92510005950928,31.165006283313545,2.287139892578125,0.016301417747264724
2013-06-24,123.93000030517578,124.69999694824219,123.30999755859375,124.30999755859375,12749300,132.7345001220703,136.87836386940697,148.0125,155.72235008239747,29.708161067762433,2.2514266967773438,0.01633568340342645
2013-06-25,123.47000122070312,123.9000015258789,122.87999725341797,123.6500015258789,9369200,132.23349990844727,136.35672746138138,147.681666692098,155.518150100708,29.10635497831018,2.229284014020647,0.016331005594573345
2013-06-26,118.27999877929688,119.9000015258789,118.05999755859375,119.87999725341797,24748800,131.40599975585937,135.71927296031606,147.3240000406901,155.28510009765625,23.357275957569797,2.4271414620535716,0.0180726741226816
2013-06-27,115.94000244140625,119.51000213623047,115.6500015258789,119.0999984741211,30001900,130.36800003051758,135.08636391379616,146.95316670735676,155.02260009765624,21.313224112455188,2.4635696411132812,0.017650983217104517
2013-06-28,119.11000061035156,119.33000183105469,114.68000030517578,115.22000122070312,32981900,129.62750015258788,134.5056365966797,146.6171667734782,154.78170013427734,30.221976639433777,2.703570229666574,0.019067248760421568
2013-07-01,121.12999725341797,121.94999694824219,119.37999725341797,119.94000244140625,15945200,128.858500289917,134.09072751131924,146.28858343760172,154.54785015106202,35.25251395141741,2.784998757498605,0.018909690342027396
2013-07-02,120.05000305175781,121.47000122070312,119.77999877929688,121.33999633789062,10550300,128.09950065612793,133.88600033846768,145.95158341725667,154.30850017547607,33.84750891029819,2.7628560747419084,0.018905367400409122
2013-07-03,120.73999786376953,121.7699966430664,120.54000091552734,120.69999694824219,6750300,127.36050033569336,133.6667275168679,145.60791676839193,154.05565017700195,35.61311686312045,2.7835704258510043,0.019001607681307216
2013-07-05,118.08999633789062,118.18000030517578,116.73999786376953,118.08000183105469,11592500,126.43850021362304,133.39800026633523,145.24983342488608,153.7871001434326,32.07259591717742,3.0078560965401784,0.01907716326714462
2013-07-08,119.51000213623047,119.66000366210938,118.93000030517578,119.08999633789062,8652200,125.75000038146973,133.1290911587802,144.89958349863687,153.53265018463134,35.75815891520057,3.0550003051757812,0.019103589462649898
2013-07-09,120.62000274658203,121.51000213623047,120.05000305175781,120.83999633789062,8201400,125.08400039672851,132.85909118652344,144.55008354187012,153.27715019226073,38.564225314103716,3.0378570556640625,0.01924964271497987
2013-07-10,120.94999694824219,122.3499984741211,120.58999633789062,121.1500015258789,14697100,124.46900024414063,132.55090942382813,144.20258356730145,153.02320014953614,39.41152637659391,2.965715135846819,0.019327974802802222
2013-07-11,124.23999786376953,124.36000061035156,123.47000122070312,124.26000213623047,11279400,123.9685001373291,132.32109111439098,143.87666683197023,152.78705013275146,47.22617378722596,2.690715789794922,0.020449205297293216
2013-07-12,124.12999725341797,124.30000305175781,123.31999969482422,123.5199966430664,6583800,123.4879997253418,132.06218206232245,143.55200017293294,152.5479000854492,47.00786377637361,2.620001656668527,0.020458580918087096
2013-07-15,124.18000030517578,124.38999938964844,123.83999633789062,124.08000183105469,4133200,122.97550010681152,131.74490925181996,143.22291685740154,152.31355007171632,47.127512132394344,2.535001482282366,0.020379876145940334
2013-07-16,124.88999938964844,125.20999908447266,124.33000183105469,124.76000213623047,5577300,122.5314998626709,131.4536364468661,142.90358346303304,152.08415004730224,48.89204508373619,2.5335726056780135,0.020486521593721958
2013-07-17,123.31999969482422,125.69999694824219,122.7300033569336,125.04000091552734,10882400,122.09099960327148,131.10854547674006,142.5860834757487,151.8517000579834,45.29246034319648,2.3592861720493863,0.02049386111154559
2013-07-18,124.01000213623047,124.5199966430664,123.77999877929688,124.11000061035156,6150900,121.76199989318847,130.7674545288086,142.28075021107992,151.6100500869751,47.134595540108364,2.169285910470145,0.020484140506877153
2013-07-19,125.11000061035156,125.41999816894531,124.6500015258789,124.88999938964844,5767800,121.8375,130.4765454378995,141.9875836054484,151.37615009307862,50.02370824241276,1.937856946672712,0.016683245317567645
2013-07-22,128.83999633789062,129.4600067138672,127.58999633789062,127.6500015258789,10851900,122.02699966430664,130.2387272227894,141.7196668624878,151.1589001083374,58.33813906733779,2.045714787074498,0.017765117796562323
2013-07-23,129.7100067138672,130.13999938964844,128.35000610351562,128.6999969482422,8820100,122.31599998474121,130.01363650235263,141.44900023142498,150.94695011138916,60.00933696976409,2.052856990269252,0.01761841384560219
2013-07-24,127.4800033569336,129.39999389648438,126.87000274658203,129.1699981689453,9979100,122.51650009155273,129.74690940163353,141.16800028483073,150.72230010986328,54.027062433191446,2.1328577314104353,0.01811656117290164
2013-07-25,128.6699981689453,128.8699951171875,127.63999938964844,127.69999694824219,4702400,123.03600006103515,129.53400018865412,140.89483362833658,150.49760009765626,56.51809990060682,1.9464285714285714,0.014945295684941635
2013-07-26,128.77999877929688,128.97000122070312,126.77999877929688,128.11000061035156,6148500,123.6779998779297,129.28527277166194,140.61800028483074,150.2784001159668,56.75138388819709,1.9907139369419642,0.01386669837337952
2013-07-29,128.47000122070312,128.77999877929688,128.25,128.4499969482422,3554100,124.14599990844727,129.0609092018821,140.33891690572102,150.06050010681153,55.84212776114616,1.885713849748884,0.012949474205284925
2013-07-30,128.1199951171875,128.30999755859375,127.22000122070312,127.94999694824219,4487700,124.49549980163575,128.8521817294034,140.05333353678387,149.84615005493163,54.77505356377664,1.8492851257324219,0.01264668997087054
2013-07-31,127.95999908447266,128.9199981689453,126.12999725341797,127.76000213623047,16015300,124.89099960327148,128.66181820956143,139.7710002263387,149.63175006866456,54.26458683510106,1.8049992152622767,0.012383618204930204
2013-08-01,126.61000061035156,127.88999938964844,126.33000183105469,127.83999633789062,10564300,125.18449974060059,128.45818190141156,139.47966683705647,149.4082000350952,50.02808628515222,1.8514273507254464,0.012742886668928807
2013-08-02,126.36000061035156,127.25,126.31999969482422,126.73999786376953,6466300,125.59799995422364,128.30781818736682,139.20183353424073,149.189700050354,49.26110228141181,1.8785700116838728,0.011446628596270037
2013-08-05,125.69999694824219,126.63999938964844,125.33999633789062,126.51000213623047,4003900,125.90749969482422,128.1552727439187,138.916916847229,148.97645000457763,47.20360802515086,1.8978560311453683,0.01141644503136149
2013-08-06,123.97000122070312,124.55000305175781,123.55000305175781,124.33000183105469,6016200,126.07499961853027,128.02618172385476,138.6245834986369,148.74920001983642,42.22520920947364,1.8392846243722099,0.011859559038951683
2013-08-07,124.1500015258789,124.5999984741211,123.8499984741211,124.0,5304700,126.23499984741211,127.82672729492188,138.3395834604899,148.52225006103515,42.89999131614646,1.8071419852120536,0.011855632545279663
2013-08-08,126.86000061035156,126.98999786376953,124.7699966430664,124.77999877929688,8653600,126.36599998474121,127.71727267178622,138.0987501780192,148.31260009765626,51.991287760141795,1.9092848641531808,0.011286788309159468
2013-08-09,126.86000061035156,127.2699966430664,126.30000305175781,126.51000213623047,6192000,126.50250015258788,127.62490900213068,137.86150016784669,148.11205009460448,51.991287760141795,1.6678553989955358,0.011280308802765029
2013-08-12,129.1300048828125,129.7100067138672,128.8800048828125,129.57000732421875,7414300,126.75000038146973,127.52527271617542,137.67558352152506,147.91980010986327,58.422270084329945,1.7435706002371651,0.011881470589745988
2013-08-13,127.73999786376953,128.64999389648438,127.37999725341797,128.49000549316406,7336100,126.89250030517579,127.41581823175603,137.46825021107992,147.7313501358032,53.68041652062573,1.6657137189592635,0.01217957936881172
2013-08-14,129.0,129.07000732421875,127.56999969482422,127.66000366210938,8713200,127.17650032043457,127.33418176824397,137.2685002009074,147.55205013275148,57.08103508210356,1.673571995326451,0.011873912817573959
2013-08-15,131.69000244140625,132.36000061035156,127.9800033569336,128.05999755859375,17226300,127.56050033569336,127.27709087025036,137.07975025177,147.3804001235962,63.279302061467966,1.8300001961844308,0.012565374524035056
2013-08-16,132.5800018310547,133.27000427246094,131.38999938964844,132.55999755859375,14447100,127.93400039672852,127.20218186811967,136.88275025685627,147.21365016937256,65.07636071135056,1.926429203578404,0.012522986511208313
2013-08-19,132.00999450683594,132.5,131.58999633789062,132.3300018310547,8118400,128.09250030517578,127.16745452880859,136.69475015004477,147.03955013275146,62.95148887200747,1.907858167375837,0.010892506569768794
2013-08-20,132.4499969482422,133.1300048828125,132.02000427246094,132.02999877929688,7809100,128.22949981689453,127.09363639137962,136.52350012461343,146.87145008087157,63.930546770993296,1.7885731288364954,0.010828604226942996
2013-08-21,132.07000732421875,133.22999572753906,131.50999450683594,131.74000549316406,10720200,128.4590000152588,127.0361820567738,136.35375016530355,146.7188000869751,62.39698057982358,1.7950019836425781,0.009996759166700349
2013-08-22,132.80999755859375,133.4600067138672,132.27000427246094,132.55999755859375,5741800,128.6659999847412,126.98690920743076,136.1913334528605,146.56670009613038,64.19808660186692,1.8278590611049108,0.009883246224355012
2013-08-23,134.89999389648438,135.24000549316406,132.5,132.5800018310547,11623400,128.97199974060058,126.95727275501598,136.0456666946411,146.409700050354,68.75070275066838,1.9307163783482142,0.010369983161519894
2013-08-26,135.4499969482422,135.60000610351562,134.14999389648438,134.8800048828125,7692100,129.32099952697754,126.99672726717863,135.89750003814697,146.2545000076294,69.83768807653384,1.8807176862444197,0.010313816423569133
2013-08-27,136.75,137.5500030517578,136.52000427246094,136.94000244140625,11283300,129.75249977111815,127.04781813188033,135.76466668446858,146.09829998016357,72.29108025716668,1.9771466936383928,0.01034078527527427
2013-08-28,136.7100067138672,137.4600067138672,136.66000366210938,137.2100067138672,13650400,130.19000015258788,127.11072734485973,135.63133335113525,145.94274997711182,72.09679238363876,1.831432887486049,0.010320761647163851
2013-08-29,135.8699951171875,136.5500030517578,135.4199981689453,136.1199951171875,7939400,130.6529998779297,127.14018180153586,135.4886665980021,145.78484996795655,67.9650835354293,1.8542910984584264,0.010051681218468419
2013-08-30,134.6199951171875,135.7100067138672,134.44000244140625,134.64999389648438,7680000,131.06599960327148,127.15618161288175,135.3255832036336,145.6224499130249,62.24831291254273,1.752861567905971,0.010386229919230367
2013-09-03,136.4199981689453,136.7899932861328,135.02999877929688,135.4600067138672,8100700,131.60199966430665,127.19236353093928,135.1819164911906,145.46884990692138,66.60444898602454,1.7828608921595983,0.010422630601398135
2013-09-04,134.66000366210938,134.83999633789062,133.72000122070312,134.61000061035156,7785400,132.13649978637696,127.2085453380238,135.02341658274332,145.3116999435425,59.3885484586666,1.8685744149344308,0.010346186830723195
2013-09-05,132.1999969482422,134.35000610351562,131.8000030517578,134.1300048828125,11118600,132.53899955749512,127.2098179210316,134.84174989064533,145.14329990386963,51.06150926428921,1.7600032261439733,0.011497029287838054
2013-09-06,134.14999389648438,134.39999389648438,133.3300018310547,133.4199981689453,8448700,132.90349922180175,127.27454514936967,134.66483313242594,144.9746998977661,56.29295436722619,1.7828598022460938,0.010991538386378655
2013-09-09,133.91000366210938,134.32000732421875,133.6699981689453,134.1300048828125,5090500,133.25599937438966,127.46199978915128,134.48008314768472,144.8072999191284,55.50652546670265,1.7585743495396204,0.01102322794143504
2013-09-10,131.74000549316406,132.0,131.11000061035156,131.82000732421875,8433100,133.38649940490723,127.58363619717684,134.28316656748453,144.62819995880128,48.85980205174407,1.8785738263811385,0.011195847604054596
2013-09-11,131.6999969482422,131.80999755859375,131.25999450683594,131.5800018310547,5046600,133.58449935913086,127.72490886341441,134.0785832087199,144.43864994049073,48.74390777738238,1.7950025285993303,0.010853458564218094
2013-09-12,127.66999816894531,128.77999877929688,127.61000061035156,128.6199951171875,12944000,133.51799926757812,127.80127244429154,133.84624983469647,144.22984996795654,38.7685829625707,1.9878594534737724,0.0128216476874901
2013-09-13,127.81999969482422,127.95999908447266,126.20999908447266,127.16000366210938,12060400,133.32449913024902,127.97472700639204,133.61774978637695,144.02539993286132,39.266788323250935,1.917144775390625,0.011817427970158795
2013-09-16,126.44999694824219,128.02000427246094,126.33000183105469,127.4800033569336,9829100,133.0179988861084,128.16581781560726,133.38216641743978,143.82489990234376,36.35717881934681,1.9342869349888392,0.01182672976275851
2013-09-17,126.5,126.98999786376953,126.11000061035156,126.80999755859375,8135500,132.7424991607666,128.3001814408736,133.14166641235352,143.62149993896483,36.54200157927525,1.8471434456961495,0.011831492367745495
2013-09-18,132.00999450683594,132.16000366210938,125.1500015258789,125.31999969482422,24780000,132.7204990386963,128.4979995727539,132.95466639200848,143.45129989624024,52.80613456295972,2.290714808872768,0.015611835024155241
2013-09-19,131.75,132.77999877929688,131.22000122070312,132.0,14353900,132.70449867248536,128.71072678999468,132.76366640726727,143.27939987182617,52.12723284438147,2.309999738420759,0.015604585418020974
2013-09-20,127.95999908447266,130.91000366210938,127.9000015258789,130.60000610351562,19558200,132.4619987487793,128.841999539462,132.55974979400634,143.0970998764038,43.37327297307155,2.4828572954450334,0.016800969407216787
2013-09-23,127.55000305175781,128.44000244140625,127.33000183105469,127.5199966430664,7421800,132.09449920654296,129.01399966153232,132.36658318837485,142.91424991607667,42.54098720749713,2.4071431841169084,0.01629097393723801
2013-09-24,127.66000366210938,128.2100067138672,126.33999633789062,126.4000015258789,7349700,131.70499954223632,129.16218150745738,132.17799994150798,142.7300499343872,42.85780336823622,2.347858428955078,0.01623664801459317
2013-09-25,128.7899932861328,129.2100067138672,127.5199966430664,127.56999969482422,7519100,131.30699920654297,129.31072678999467,131.97783323923747,142.54819988250733,46.14295722402248,2.264287676130022,0.0162074158316321
2013-09-26,127.79000091552734,128.99000549316406,127.31999969482422,128.61000061035156,9491300,130.860998916626,129.43509049849078,131.77474988301594,142.35814987182619,43.74608496441524,2.2264311654227122,0.01623097703474711
2013-09-27,128.97000122070312,129.5800018310547,128.83999633789062,128.86000061035156,7430200,130.51599922180176,129.52109055952593,131.57166659037273,142.17474990844727,47.229466655179365,2.307859148297991,0.016449116209170677
2013-09-30,128.17999267578125,129.13999938964844,127.69999694824219,127.94999694824219,8979000,130.19399909973146,129.59472683993252,131.38358319600422,141.98679985046385,45.2109768729763,2.2107162475585938,0.016397242043819718
2013-10-01,124.58999633789062,125.26000213623047,123.80999755859375,125.25,16721100,129.6024990081787,129.60218131325462,131.16308314005533,141.78789985656738,37.39067199284326,2.4835728236607144,0.016915383869411334
2013-10-02,127.05999755859375,127.80999755859375,125.33999633789062,125.37000274658203,11994200,129.22249870300294,129.64163582541727,131.0223331451416,141.6025498199463,44.503368278169724,2.4214303152901784,0.017617036668519347
2013-10-03,127.18000030517578,127.69000244140625,126.22000122070312,126.7699966430664,11632900,128.97149887084962,129.71181765469638,130.98791650136312,141.41624980926514,44.831287423236226,2.401430402483259,0.017246435266682063
2013-10-04,126.52999877929688,127.1500015258789,126.0,127.05000305175781,6923700,128.59049911499022,129.7576357754794,130.93566646575928,141.23849979400634,43.33755626626694,2.365001678466797,0.016810017872008875
2013-10-07,127.63999938964844,128.3300018310547,127.12000274658203,127.25,6732800,128.2769989013672,129.8036357532848,130.89208316802979,141.06824977874757,46.60909478552035,2.4307163783482144,0.017007717980056982
2013-10-08,127.4000015258789,128.4499969482422,127.20999908447266,127.79000091552734,6999700,128.05999870300292,129.77745402943003,130.83458315531414,140.90659980773927,45.99079865228868,2.018573216029576,0.01668808348254609
2013-10-09,126.11000061035156,126.88999938964844,124.97000122070312,126.20999908447266,10705100,127.7804988861084,129.7119993730025,130.75658315022787,140.73549980163574,42.71109997821916,2.0807162693568637,0.016793918967359173
2013-10-10,124.2699966430664,125.83000183105469,124.0999984741211,125.33999633789062,10523600,127.61049880981446,129.65363561456854,130.6429998397827,140.55374980926513,38.494388884289314,1.9492879595075334,0.015706989904934084
2013-10-11,122.5999984741211,122.80999755859375,121.8499984741211,122.37000274658203,15972600,127.3494987487793,129.54327198375356,130.52399978637695,140.36284980773925,35.106689342742285,2.042859213692801,0.015927467247429994
2013-10-14,122.83000183105469,124.23999786376953,122.80999755859375,123.9000015258789,6118200,127.16849899291992,129.43509022105823,130.39449984232584,140.17119979858398,35.94282757779402,2.0264298575265065,0.01581164182706831
2013-10-15,123.7300033569336,124.36000061035156,122.22000122070312,122.27999877929688,8384200,127.02999916076661,129.348908441717,130.24533316294352,139.98714984893797,39.241786460482956,2.0585719517299106,0.01592707866680152
2013-10-16,123.54000091552734,123.88999938964844,122.51000213623047,123.5199966430664,8523400,126.60649948120117,129.2656358198686,130.10058314005533,139.79474983215331,38.78763257893844,2.0378570556640625,0.011996134565855235
2013-10-17,127.41999816894531,127.86000061035156,126.80999755859375,127.01000213623047,11785100,126.38999938964844,129.25581762140447,129.97658309936523,139.6159998321533,51.206298527956584,2.218571254185268,0.014285458131842156
2013-10-18,126.8499984741211,127.33000183105469,126.5999984741211,126.87000274658203,5350500,126.33449935913086,129.26018121892756,129.84391638437907,139.4442498397827,49.61384579838496,2.174285343715123,0.012807888508521117
2013-10-21,126.9800033569336,127.33999633789062,126.79000091552734,127.12999725341797,3395200,126.30599937438964,129.27145399613815,129.72616640726724,139.27694984436036,49.995807054103665,1.90142822265625,0.012793325615956362
2013-10-22,129.33999633789062,129.80999755859375,128.22000122070312,128.25,8849000,126.3899990081787,129.33763580322267,129.62133305867513,139.1264998626709,56.449871171873276,1.8735705784388952,0.013463157981580858
2013-10-23,128.69000244140625,129.08999633789062,128.35000610351562,128.5500030517578,5092200,126.38499946594239,129.42345400723545,129.5096664428711,138.96714988708496,54.36846344183735,1.8392840794154577,0.013380435028963179
2013-10-24,129.89999389648438,130.52999877929688,129.41000366210938,129.41000366210938,10221400,126.49049911499023,129.52799932306462,129.40758310953777,138.81419982910157,57.50930312893929,1.8864266531808036,0.013403631035061514
2013-10-25,130.4600067138672,130.9199981689453,129.4600067138672,129.52999877929688,8767900,126.56499938964843,129.59345397949218,129.32491645812988,138.6565998840332,58.91867458303123,1.862140110560826,0.013287313739532935
2013-10-28,130.55999755859375,131.44000244140625,130.10000610351562,130.41000366210938,6807800,126.68399963378906,129.6607266512784,129.22574971516926,138.5040998840332,59.17902718415536,1.8692828587123327,0.013191145403073855
2013-10-29,129.77000427246094,130.58999633789062,129.57000732421875,130.16000366210938,5328500,126.94300003051758,129.67236300381748,129.13374977111818,138.34524993896486,56.151244462273645,1.7685677664620536,0.01144822602850564
2013-10-30,129.60000610351562,131.22000122070312,128.80999755859375,130.8300018310547,8896000,127.07000045776367,129.70618133544923,129.05041643778483,138.18044998168946,55.49327944751815,1.7971393040248327,0.010675394319823988
2013-10-31,127.73999786376953,128.49000549316406,127.30000305175781,128.0399932861328,7753300,127.09800033569336,129.68327220569958,128.96133314768474,138.00590000152587,48.760874780551475,1.7885682242257255,0.011217084880297691
2013-11-01,126.94999694824219,127.16999816894531,126.05000305175781,126.86000061035156,9566200,127.11900024414062,129.59709028764203,128.87083314259846,137.8238999557495,46.197312108321576,1.7921393258231026,0.01124676464666385
2013-11-04,126.80999755859375,127.5199966430664,126.73999786376953,127.18000030517578,3819300,127.07750015258789,129.49218111905185,128.80566641489665,137.64249996185302,45.738392536882095,1.6949964250837053,0.011067106296555891
2013-11-05,126.55999755859375,126.86000061035156,126.0,126.70999908447266,4941200,127.03549995422364,129.39309026544746,128.74291642506918,137.45694995880126,44.88099758366361,1.6578538077218192,0.011067823994491905
2013-11-06,127.19999694824219,127.36000061035156,126.91999816894531,127.11000061035156,3544900,127.08999977111816,129.2976357199929,128.7106663386027,137.27689990997314,47.58957908207687,1.4064254760742188,0.01087548300351936
2013-11-07,126.16000366210938,126.8499984741211,125.86000061035156,126.13999938964844,7700100,127.18450012207032,129.19018110795454,128.6359997431437,137.10059993743897,43.821152861492024,1.4435680934361048,0.01049540959861038
2013-11-08,124.27999877929688,124.45999908447266,123.62000274658203,124.45999908447266,8427300,127.2685001373291,129.03509022105823,128.56433302561442,136.91874996185302,37.9681268969939,1.5857113429478236,0.010604474833726363
2013-11-11,123.87000274658203,123.97000122070312,123.66000366210938,123.91999816894531,3277700,127.32050018310547,128.83454492742365,128.49708302815756,136.73665000915528,36.81332611238896,1.427854265485491,0.010638215813603231
2013-11-12,122.44999694824219,123.87000274658203,121.7300033569336,123.51000213623047,7705600,127.25649986267089,128.59818129106,128.39574966430663,136.54394996643066,33.06256357854858,1.509997776576451,0.010829255643981647
2013-11-13,122.8499984741211,123.23999786376953,122.38999938964844,122.97000122070312,5967000,127.22199974060058,128.34545399058948,128.30483303070068,136.34724994659425,35.06943660583123,1.4392836434500558,0.010857461614025215
2013-11-14,124.2699966430664,124.91000366210938,123.87999725341797,123.91999816894531,7669700,127.06449966430664,128.1192719893022,128.22799962361654,136.16259994506837,41.74647467971206,1.4821417672293526,0.008455499981304229
2013-11-15,124.31999969482422,124.5199966430664,124.06999969482422,124.16000366210938,4660700,126.9379997253418,127.90927207253196,128.14041627248127,135.97694995880127,41.972761881183835,1.4185703822544642,0.008426907976167883
2013-11-18,122.9000015258789,123.95999908447266,122.55000305175781,123.69999694824219,6241300,126.73399963378907,127.69618127996272,128.02541631062826,135.78144996643067,37.515900642511056,1.4721423557826452,0.008725902879320829
2013-11-19,122.94999694824219,123.4000015258789,122.83000183105469,122.97000122070312,3666500,126.41449966430665,127.45127216685901,127.93399963378906,135.58639991760253,37.7664614852542,1.3407135009765625,0.007351686987722088
2013-11-20,120.12000274658203,122.44000244140625,119.76000213623047,121.66999816894531,14281000,125.98599967956542,127.18690851384943,127.79741636912028,135.37504993438722,30.348001327223244,1.4042843409946986,0.008660686131275944
2013-11-21,119.94000244140625,120.3499984741211,119.30999755859375,119.80999755859375,7557500,125.48800010681153,126.96399952281605,127.66999975840251,135.16554996490478,29.945093663846876,1.357856205531529,0.008139664036060751
2013-11-22,119.91999816894531,120.4000015258789,119.81999969482422,120.23999786376953,6774400,124.96099967956543,126.70527232776989,127.53999970753988,134.95729991912842,29.897587956534267,1.3435707092285156,0.007960102133459627
2013-11-25,120.45999908447266,121.0,119.12999725341797,119.18000030517578,7266300,124.45599975585938,126.46072678999467,127.40608304341634,134.76109992980957,32.988086549497936,1.4157137189592635,0.008124290179151247
2013-11-26,119.81999969482422,120.4000015258789,119.58999633789062,119.83999633789062,9053300,123.95849952697753,126.24399941184303,127.29391638437907,134.56074993133544,31.230777550427277,1.4207136971609933,0.008116092105154302
2013-11-27,119.45999908447266,120.69000244140625,119.25,120.48999786376953,6144600,123.4514991760254,126.02145399613813,127.17324968973796,134.36279991149902,30.2544650572099,1.4278569902692522,0.008095910207744604
2013-11-29,120.69999694824219,121.05000305175781,120.62000274658203,120.66999816894531,2364700,123.09949913024903,125.89472670121627,127.0686663309733,134.17454986572267,37.501764251677635,1.3600000653948103,0.008322607101025514
2013-12-02,117.58000183105469,119.29000091552734,117.5,119.19999694824219,10297100,122.63099937438965,125.708544921875,126.92974967956543,133.98364990234376,29.262493532908152,1.5442859104701452,0.009778142140306102
2013-12-03,117.95999908447266,118.30999755859375,117.2300033569336,117.58000183105469,7004800,122.1884994506836,125.55418132435192,126.79824962615967,133.79679988861085,31.24383773266416,1.4685712541852678,0.009888038959232476
2013-12-04,119.95999908447266,120.76000213623047,118.16000366210938,118.33000183105469,9110700,121.85849952697754,125.43527221679688,126.6776663462321,133.63939987182619,40.6640802081889,1.6078572954450334,0.010902114915817945
2013-12-05,118.30000305175781,119.23999786376953,117.41000366210938,118.19999694824219,10254700,121.41349983215332,125.18599964488637,126.5487496693929,133.46779991149901,36.22747980279353,1.6428565979003906,0.011020114617885591
2013-12-06,118.55000305175781,119.26000213623047,118.01000213623047,118.86000061035156,7909500,121.03299980163574,124.94599970037287,126.43558298746744,133.2956999206543,37.33632987850171,1.6999996730259486,0.011033554086207178
2013-12-09,119.72000122070312,119.91999816894531,118.94999694824219,118.98999786376953,5510400,120.80499992370605,124.79618155739524,126.34499969482422,133.12259994506837,42.38529584645435,1.6714281354631697,0.011023183793945233
2013-12-10,121.81999969482422,122.31999969482422,121.47000122070312,122.13999938964844,9155600,120.70249977111817,124.69199967817826,126.33016637166341,132.95059993743897,50.14915457746591,1.8164280482700892,0.011830371296454631
2013-12-11,120.86000061035156,121.80999755859375,120.76000213623047,121.48999786376953,9934900,120.62299995422363,124.5683632590554,126.2952496846517,132.78204990386962,47.029199115784266,1.664285387311663,0.011686110760016421
2013-12-12,118.29000091552734,118.81999969482422,118.02999877929688,118.61000061035156,8810800,120.39500007629394,124.37745430686257,126.24824968973796,132.60849990844727,39.87679617444598,1.792142595563616,0.012517976324059385
2013-12-13,119.37999725341797,119.48999786376953,118.76000213623047,118.88999938964844,6482100,120.15050010681152,124.22454514936967,126.21416632334392,132.44319988250732,43.781938837757984,1.836427961077009,0.012396552258294398
2013-12-16,119.69000244140625,120.7699966430664,118.97000122070312,119.26000213623047,8189500,119.91900024414062,124.055817898837,126.22591635386149,132.28014987945556,44.87852862623493,1.8314274379185267,0.012427971266334256
2013-12-17,118.6500015258789,119.9000015258789,118.37000274658203,118.95999908447266,8589100,119.70650024414063,123.88254533247515,126.24849967956543,132.1114998626709,41.92404901748606,1.8785700116838728,0.012331511268511454
2013-12-18,117.61000061035156,120.05000305175781,117.29000091552734,119.0,16265000,119.43950042724609,123.75563631924716,126.23599967956542,131.93339988708496,39.14854001220427,1.972855704171317,0.012419841332961448
2013-12-19,114.81999969482422,116.05999755859375,114.5,115.97000122070312,15955400,119.1745002746582,123.53309090354226,126.18341636657715,131.74404987335205,32.86300802234125,2.0814268929617747,0.012483045417905137
2013-12-20,115.94000244140625,116.47000122070312,115.05999755859375,115.37000274658203,14693700,118.9745002746582,123.32872730601918,126.14916636149088,131.56019985198975,37.22056710509725,1.9707129342215401,0.012765747475217755
2013-12-23,115.56999969482422,116.12000274658203,115.43000030517578,115.61000061035156,6237300,118.75700035095215,123.1294545953924,126.10608304341635,131.37309982299806,36.380487458840385,1.9428563799176897,0.012765582194641488
2013-12-24,116.0999984741211,116.29000091552734,115.70999908447266,115.79000091552734,3353900,118.53900032043457,122.91963639692827,126.08949972788493,131.1826498031616,38.521005237139754,1.7942848205566406,0.012767739995835761
2013-12-26,116.73999786376953,117.2300033569336,116.6500015258789,117.2300033569336,3868400,118.38500022888184,122.72581814852627,126.06641635894775,130.9980497741699,41.09819546608344,1.692856924874442,0.012838626509247716
2013-12-27,117.12000274658203,117.37999725341797,116.8499984741211,117.30999755859375,4206200,118.2680004119873,122.56236364191228,126.0372496922811,130.81524982452393,42.6358355473844,1.6492854527064733,0.012869161175267364
2013-12-30,115.38999938964844,116.4000015258789,115.18000030517578,116.37000274658203,6703200,118.00250053405762,122.40090914639559,125.99091637929281,130.62219982147218,37.798135663526175,1.690000261579241,0.012936594170990752
2013-12-31,116.12000274658203,117.12999725341797,114.45999908447266,114.61000061035156,12835900,117.92950057983398,122.28309104225852,125.92324975331624,130.425899810791,40.848104520084654,1.695000239780971,0.011786005353253581
2014-01-02,118.0,118.7300033569336,117.75,117.93000030517578,7551000,117.93150062561035,122.19527282714844,125.87216644287109,130.23549980163574,47.929240815637925,1.8057147434779577,0.012348103429990605
2014-01-03,119.29000091552734,119.62000274658203,118.58999633789062,118.63999938964844,5874400,117.89800071716309,122.11454551003196,125.83141644795735,130.05509983062746,52.161115682998506,1.7192862374441964,0.011983207213071917
2014-01-06,119.5,120.38999938964844,117.11000061035156,119.76000213623047,10106500,117.9580005645752,122.04109094793147,125.78649978637695,129.87134983062745,52.833144502512276,1.8678577968052454,0.011549419097087564
2014-01-07,118.81999969482422,118.91999816894531,118.12999725341797,118.45999908447266,6433700,117.97150039672852,121.88472733931108,125.74899978637696,129.68769981384278,50.36585854865525,1.837144034249442,0.011626044363288403
2014-01-08,118.12000274658203,118.5199966430664,117.5,117.98999786376953,7428500,117.89150047302246,121.72600014426492,125.69991645812988,129.50209980010987,47.88672520043325,1.8221440996442522,0.011467656436813021
2014-01-09,118.45999908447266,118.69000244140625,117.98999786376953,118.11000061035156,3972800,117.72350044250489,121.57109097567472,125.64449977874756,129.32079978942872,49.19480589712609,1.6750014168875558,0.010688421778311702
2014-01-10,120.26000213623047,120.43000030517578,119.58000183105469,119.72000122070312,7993200,117.69350051879883,121.40600017200816,125.57299982706705,129.1452997970581,55.55528695771721,1.5935728890555245,0.011179742147555873
2014-01-13,121.0199966430664,121.04000091552734,120.19999694824219,120.2699966430664,5872700,117.83000030517579,121.26654552112926,125.50058307647706,128.97814979553223,57.94904164648021,1.5357159205845423,0.01009144130204477
2014-01-14,119.88999938964844,121.05999755859375,119.72000122070312,120.54000091552734,7505400,117.85550041198731,121.08454562100498,125.43733304341634,128.80424980163573,53.34826204346593,1.582144056047712,0.01016735775333409
2014-01-15,119.66000366210938,119.80999755859375,119.11000061035156,119.19000244140625,5474300,117.85400047302247,120.88818192915483,125.36224975585938,128.64039985656737,52.435747698736115,1.5864295959472656,0.010162924124352777
2014-01-16,119.79000091552734,119.95999908447266,119.56999969482422,119.83999633789062,3949500,117.91100044250489,120.69236380837181,125.28733310699462,128.48569988250733,52.92586592818724,1.533572060721261,0.009954104939974121
2014-01-17,120.93000030517578,121.0199966430664,120.19999694824219,120.3499984741211,7923400,118.07700042724609,120.53163646351207,125.2244997660319,128.33889991760253,57.10057993123401,1.5757146562848772,0.009895273788517121
2014-01-21,119.69999694824219,119.97000122070312,119.2300033569336,119.2300033569336,6763500,118.321000289917,120.35163629705255,125.15433311462402,128.17334991455078,51.76627692676033,1.5585714067731584,0.008438360001176825
2014-01-22,119.19000244140625,119.7699966430664,119.16999816894531,119.6500015258789,4891800,118.48350028991699,120.19618183482777,125.08124980926513,128.00849990844728,49.69337140110533,1.4107142857142858,0.008352239284825596
2014-01-23,121.79000091552734,122.0199966430664,120.97000122070312,120.97000122070312,11028200,118.79450035095215,120.10236372514204,125.0410831451416,127.85074993133544,58.759960412080275,1.4264281136648995,0.00942841139881015
2014-01-24,122.29000091552734,122.5,121.55000305175781,122.05999755859375,8515700,119.10400047302247,120.02018196799538,125.00716648101806,127.70844993591308,60.243860026624944,1.378570556640625,0.009423874115232657
2014-01-27,120.95999908447266,122.05999755859375,120.72000122070312,121.6500015258789,7528600,119.31500053405762,119.91836381392045,124.96766649881998,127.55799991607665,54.6144846826516,1.2564277648925781,0.009863437501111584
2014-01-28,120.94999694824219,121.4000015258789,120.41000366210938,121.31999969482422,5149500,119.50650024414062,119.80472745028409,124.94249979654948,127.44299991607666,54.573184504729866,1.2292845589773995,0.009866171218222891
2014-01-29,122.47000122070312,122.51000213623047,121.12999725341797,122.19000244140625,12257500,119.86050033569336,119.73763649680397,124.92849979400634,127.39879993438721,59.57605748620444,1.2464278084891183,0.009350771877611868
2014-01-30,119.7699966430664,120.22000122070312,119.5999984741211,119.66999816894531,8746500,120.04300003051758,119.65563645796342,124.86941642761231,127.33364990234375,49.20898833360066,1.4014276776994978,0.01085458464482508
2014-01-31,120.08999633789062,120.86000061035156,119.45999908447266,120.6500015258789,7983100,120.1474998474121,119.58690906871449,124.8129997253418,127.26974990844727,50.31256015539106,1.3607134137834822,0.010305546727414907
2014-02-03,121.31999969482422,122.11000061035156,120.31999969482422,120.47000122070312,9267300,120.24899978637696,119.56636366410689,124.74791634877523,127.2048498916626,54.412703091503694,1.4449991498674666,0.010271399988337076
2014-02-04,120.98999786376953,121.08999633789062,120.38999938964844,120.41000366210938,7027400,120.32349967956543,119.53254547119141,124.69166634877523,127.13244987487793,53.145592941170925,1.4157137189592635,0.010300332759404625
2014-02-05,121.29000091552734,121.87999725341797,120.7300033569336,121.76000213623047,6800000,120.44699974060059,119.4783637306907,124.62741635640462,127.04939990997315,54.18999663404836,1.4421419416155135,0.010196285891353032
2014-02-06,121.23999786376953,121.51000213623047,120.77999877929688,121.37999725341797,4745800,120.60299949645996,119.4223636973988,124.54033298492432,126.97119987487793,53.97404403607535,1.466427939278739,0.010072012608633035
2014-02-07,122.16999816894531,122.23999786376953,121.2300033569336,121.23999786376953,6674700,120.78849945068359,119.4090909090909,124.45358295440674,126.89019989013671,57.376261804365065,1.4507135663713728,0.01016678270778707
2014-02-10,122.91999816894531,123.16000366210938,122.72000122070312,122.80000305175781,7931200,120.92149925231934,119.40854547674006,124.37783298492431,126.79664985656738,59.94755265569445,1.3999998910086495,0.009720953317473493
2014-02-11,124.36000061035156,124.75,123.36000061035156,123.37999725341797,11546000,121.0884994506836,119.48563634699042,124.31041634877523,126.71389984130859,64.38941800220076,1.4878572736467635,0.009944567950973735
2014-02-12,124.43000030517578,124.9800033569336,124.12999725341797,124.4000015258789,6651900,121.31549949645996,119.56727267178623,124.24674962361654,126.62454982757568,64.59496868099322,1.3464295523507255,0.009622680565073354
2014-02-13,125.48999786376953,125.5999984741211,124.66000366210938,124.69999694824219,9167900,121.60699920654297,119.6685453935103,124.18574962615966,126.53814979553222,67.64096136555094,1.3621439252580916,0.009687263583629915
2014-02-14,127.1500015258789,127.37999725341797,126.75,126.98999786376953,11147900,121.97499923706054,119.79018180153587,124.12116635640463,126.46834980010986,71.74117790283324,1.3850010463169642,0.009975071028597486
2014-02-18,127.4000015258789,127.75,127.08999633789062,127.41999816894531,7685800,122.2984992980957,119.92800001664595,124.05408306121826,126.39574981689454,72.31022248723473,1.3614300319126673,0.009858981046886579
2014-02-19,126.2699966430664,127.44999694824219,126.16000366210938,127.26000213623047,9384100,122.62699928283692,120.05181815407492,123.96674969991048,126.31664981842042,65.85507076051277,1.3421434674944197,0.009773790332556884
2014-02-20,127.5999984741211,127.75,126.4000015258789,126.75,10572900,123.04749908447266,120.17727272727272,123.89083296457926,126.24389984130859,69.32591393323544,1.2428577968052454,0.009777428659779661
2014-02-21,127.58000183105469,128.07000732421875,127.1500015258789,127.56999969482422,7298200,123.33699913024903,120.35909090909091,123.82174968719482,126.1798998260498,69.2119992498593,1.2085723876953125,0.00879132194373978
2014-02-24,128.99000549316406,129.07000732421875,128.33999633789062,128.50999450683594,12114200,123.67199935913087,120.55963648015802,123.77483310699463,126.1125498199463,72.62744415123743,1.17071533203125,0.008998609073343313
2014-02-25,129.2100067138672,129.52999877929688,128.57000732421875,128.6199951171875,5786000,124.08449974060059,120.72781843705611,123.71474984486898,126.05454986572266,73.12834270820207,1.1728575570242745,0.008420107593315882
2014-02-26,128.11000061035156,128.75999450683594,127.41999816894531,128.49000549316406,7052900,124.44249992370605,120.90618202903055,123.66016648610433,125.99709983825683,66.56898860915302,1.2185728890555245,0.008802716730687167
2014-02-27,128.1999969482422,128.8000030517578,127.88999938964844,128.39999389648438,5066500,124.728999710083,121.08163646351207,123.626833152771,125.94594985961913,66.8311209261463,1.2314300537109375,0.008513147983549947
2014-02-28,127.62000274658203,128.35000610351562,127.1500015258789,128.27000427246094,10584100,125.12150001525879,121.22527285489168,123.57241655985514,125.89499988555909,63.38190911413877,1.245002201625279,0.006548024247056196
2014-03-03,130.2899932861328,130.58999633789062,129.80999755859375,130.0,11741100,125.63149986267089,121.37927273837003,123.54224980672201,125.87329982757568,70.84234861002352,1.386429922921317,0.007649523207567662
2014-03-04,128.67999267578125,129.24000549316406,128.32000732421875,128.5399932861328,6341700,125.99949951171875,121.52145441228693,123.51674969991048,125.84624980926513,62.564833049353574,1.3964287894112724,0.008334780176109188
2014-03-05,128.88999938964844,129.33999633789062,128.5800018310547,128.7100067138672,4878500,126.39449958801269,121.71418165727096,123.49333305358887,125.83534976959228,63.16934969536925,1.3899993896484375,0.008234278834576163
2014-03-06,130.1699981689453,130.47000122070312,129.47000122070312,129.7100067138672,5408900,126.8384994506836,121.91036349209872,123.5141663869222,125.81059978485108,66.6991112880285,1.4192853655133928,0.008367477277764272
2014-03-07,129.08999633789062,129.22999572753906,128.2100067138672,128.25,7575000,127.23099937438965,122.0812724720348,123.52474969228109,125.79164974212647,61.35601782811222,1.4242847987583704,0.008742424571569594
2014-03-10,129.1300048828125,129.61000061035156,128.77999877929688,128.8800048828125,4169900,127.57899971008301,122.2718179876154,123.54708309173584,125.7775997543335,61.47912456509501,1.4364275251116072,0.008698160773291793
2014-03-11,129.86000061035156,130.14999389648438,128.92999267578125,130.00999450683594,7289800,127.92599983215332,122.49454526034269,123.5750830968221,125.7538497543335,63.7483614459483,1.4314280918666296,0.008689048562812156
2014-03-12,131.75999450683594,132.1199951171875,131.38999938964844,131.55999755859375,11094200,128.29599952697754,122.80254516601562,123.57299976348877,125.7438497543335,68.88592441785785,1.4871417454310827,0.008869368884001985
2014-03-13,132.2100067138672,132.5399932861328,131.55999755859375,131.69000244140625,8007700,128.68499984741212,123.09836342551492,123.576833152771,125.73744976043702,69.97140317335916,1.491426740373884,0.00885219387983064
2014-03-14,133.10000610351562,133.69000244140625,132.35000610351562,133.67999267578125,11939600,129.0655002593994,123.41709081476385,123.61966654459636,125.72879978179931,72.0483348418668,1.4907117571149553,0.008803225550255912
2014-03-17,131.63999938964844,133.22000122070312,131.22000122070312,132.72999572753906,14626800,129.29000015258788,123.69963628595525,123.65374984741212,125.70349979400635,64.20330851291739,1.5649980817522322,0.008982291783868133
2014-03-18,130.6199951171875,131.27000427246094,130.3300018310547,130.38999938964844,6424400,129.45099983215331,123.95199987238104,123.6784164428711,125.68699977874756,59.3418833522714,1.5307115827287947,0.00923063602525305
2014-03-19,128.08999633789062,129.67999267578125,127.94000244140625,129.5500030517578,12932900,129.54199981689453,124.15145430131392,123.67258313496907,125.64489978790283,49.35862609733879,1.6571393694196428,0.010096739762900927
2014-03-20,127.86000061035156,128.41000366210938,127.58000183105469,127.77999877929688,7690800,129.55499992370605,124.37818159623579,123.67316646575928,125.60804981231689,48.5588589683764,1.6307106018066406,0.009842073798221298
2014-03-21,128.47000122070312,129.08999633789062,128.41000366210938,129.0399932861328,7237300,129.59949989318847,124.602727023038,123.66899979909262,125.57279979705811,50.83426151074147,1.506425040108817,0.009895581512745246
2014-03-24,126.18000030517578,127.13999938964844,126.02999877929688,126.87000274658203,13076500,129.45899963378906,124.75145430131393,123.65233319600424,125.5210498046875,43.12267991250514,1.5399976457868303,0.010354731795927464
2014-03-25,126.41000366210938,126.81999969482422,126.23999786376953,126.44000244140625,6566900,129.31899948120116,124.88090889670632,123.66749992370606,125.48669982910157,44.04088767158248,1.5314265659877233,0.010356406926885916
2014-03-26,125.41000366210938,126.37999725341797,125.12999725341797,126.2699966430664,8575400,129.18399963378906,124.98836350874467,123.65374997456868,125.44404983520508,40.94587455926605,1.5099983215332031,0.010334387004088735
2014-03-27,124.58999633789062,125.29000091552734,124.20999908447266,125.05999755859375,7312300,129.00349960327148,125.0932725386186,123.63216660817464,125.40074981689453,38.55327447086331,1.4557135445731026,0.010397744621076675
2014-03-28,124.55999755859375,124.95999908447266,123.87999725341797,124.2300033569336,7253700,128.85049934387206,125.21036335338246,123.61574993133544,125.3522998046875,38.46472354365548,1.4735706874302454,0.010373568466918885
2014-03-31,123.61000061035156,124.79000091552734,123.56999969482422,124.5199966430664,12379200,128.516499710083,125.30399974476208,123.58216660817465,125.30164978027344,35.67060021946891,1.4735706874302454,0.009055374161710678
2014-04-01,123.38999938964844,123.8499984741211,123.11000061035156,123.70999908447266,5992000,128.25200004577636,125.36090878573332,123.54874992370605,125.24644981384277,35.03587825456192,1.364999498639788,0.00875888364167383
2014-04-02,124.31999969482422,124.75,124.19000244140625,124.41000366210938,4907800,128.02350006103515,125.42090884121981,123.53383324941,125.1991997909546,39.903999271112504,1.3921427045549666,0.008986464376798122
2014-04-03,123.91999816894531,124.26000213623047,123.58999633789062,123.75,3658800,127.71100006103515,125.49418154629794,123.53091659545899,125.15814975738526,38.565405091994926,1.3385718209402901,0.00855646053931364
2014-04-04,125.56999969482422,125.95999908447266,124.86000061035156,125.19999694824219,7278400,127.53500022888184,125.60163601962003,123.55566660563152,125.13304977416992,46.53297542509315,1.3414290291922433,0.009121544750940342
2014-04-07,124.91000366210938,125.47000122070312,124.83999633789062,125.06999969482422,3967200,127.32400016784668,125.69472697864879,123.57299995422363,125.13959980010986,44.07087242517487,1.3000008719308036,0.009153352733248517
2014-04-08,126.08999633789062,126.33999633789062,125.9000015258789,126.33999633789062,6939100,127.13549995422363,125.78854508833452,123.59266656239828,125.14479976654053,49.2418629087844,1.2107151576450892,0.009349212629391215
2014-04-09,126.31999969482422,126.72000122070312,125.33000183105469,125.45999908447266,5305600,126.86350021362304,125.908908774636,123.61583321889242,125.15674976348878,50.20820964107815,1.2507149832589286,0.00859978036911466
2014-04-10,127.01000213623047,127.37000274658203,126.81999969482422,126.94999694824219,5003200,126.6034999847412,126.05109058726917,123.61241658528645,125.17444976806641,53.093324438564224,1.2378583635602678,0.00868031100180782
2014-04-11,126.93000030517578,127.30999755859375,126.7300033569336,127.04000091552734,4697200,126.29499969482421,126.14454512162642,123.61308326721192,125.2176997756958,52.711952754881075,1.1050006321498327,0.008444864027168894
2014-04-14,127.8499984741211,128.25,127.62000274658203,127.80000305175781,6677400,126.10549964904786,126.24563598632812,123.62033322652181,125.27724975585937,56.57491873699036,1.1535720825195312,0.00844718218144411
2014-04-15,125.48999786376953,125.69999694824219,124.5999984741211,124.79000091552734,9967600,125.84899978637695,126.32799960049717,123.58824990590414,125.30914974212646,46.15825350499385,1.2942859104701452,0.009177118518852908
2014-04-16,125.54000091552734,125.56999969482422,125.02999877929688,125.37000274658203,4071300,125.72150001525878,126.41145421808416,123.56199989318847,125.33119976043702,46.383507368170896,1.2471427917480469,0.00821795260305147
2014-04-17,124.75,125.52999877929688,124.56999969482422,125.37999725341797,5901900,125.56599998474121,126.4529087413441,123.51908327738444,125.35469974517822,43.30124728078407,1.239285605294364,0.008302742803414618
2014-04-21,124.23999786376953,124.33000183105469,123.76000213623047,124.06999969482422,6579200,125.35449981689453,126.53418149081143,123.4672498703003,125.37219974517822,41.38910242522948,1.2228567940848214,0.008203287034988955
2014-04-22,123.77999877929688,124.16000366210938,122.91999816894531,124.1500015258789,6898100,125.23449974060058,126.60127244429155,123.41074988047282,125.40064975738525,39.68680224271941,1.2642854963030135,0.007294269919138088
2014-04-23,123.76000213623047,123.94000244140625,123.37999725341797,123.69999694824219,3736600,125.10199966430665,126.64563612504439,123.36066652933756,125.42189975738525,39.61053366602543,1.2071429661342077,0.0072682410172665345
2014-04-24,124.55999755859375,125.12000274658203,122.83999633789062,122.87000274658203,8754200,125.05949935913085,126.71054521040483,123.31866645812988,125.44159973144531,44.22826616835868,1.3178574698311942,0.007263129815686381
2014-04-25,125.43000030517578,125.70999908447266,125.06999969482422,125.16999816894531,7023700,125.10149955749512,126.78581792658025,123.29941647847494,125.46399974822998,48.81233086957647,1.2542860848563058,0.007282682921132241
2014-04-28,124.87999725341797,125.33999633789062,124.44999694824219,125.30000305175781,4897900,125.11749954223633,126.85199973366477,123.28216648101807,125.46719974517822,46.22561656784192,1.2721432277134486,0.007359266798576474
2014-04-29,124.86000061035156,125.37999725341797,124.6500015258789,124.94999694824219,5241600,125.17999954223633,126.90090886896307,123.26591650644939,125.4708497619629,46.12990198113054,1.2221434456961495,0.007129575952974838
2014-04-30,124.22000122070312,125.05000305175781,123.81999969482422,124.19000244140625,10352900,125.22149963378907,126.92454528808594,123.24641653696696,125.47104976654053,43.05701569194153,1.2107151576450892,0.007225179826538558
2014-05-01,123.80000305175781,123.83000183105469,123.05999755859375,123.16999816894531,6687300,125.19549980163575,126.91436351429333,123.21808325449625,125.46559978485108,41.121122299071175,1.2185723440987724,0.007065067928669849
2014-05-02,125.05999755859375,125.66999816894531,123.33000183105469,123.69000244140625,9912900,125.25249977111817,126.92581800981002,123.20891653696695,125.47429977416992,48.58903460527726,1.3442867824009486,0.007389989731216843
2014-05-05,126.22000122070312,126.62999725341797,126.0,126.47000122070312,5196500,125.28499984741211,126.9390907981179,123.22508322397867,125.48534976959229,54.33189276921584,1.3621439252580916,0.007069082731802106
2014-05-06,125.9800033569336,126.11000061035156,125.62999725341797,126.0199966430664,3488000,125.33849983215332,126.91781810413707,123.24266656239827,125.4896997833252,53.012472680928084,1.1721442086356026,0.006969867542471876
2014-05-07,124.16999816894531,125.56999969482422,123.91999816894531,125.5199966430664,8469900,125.24249992370605,126.85909077037465,123.25699990590414,125.46634979248047,44.27906345443359,1.2807159423828125,0.007374374829313779
2014-05-08,124.16999816894531,124.47000122070312,123.88999938964844,124.19000244140625,3695500,125.1349998474121,126.82090897993608,123.267999903361,125.43864974975585,44.27906345443359,1.2528588431222099,0.007352226900983674
2014-05-09,124.0999984741211,124.47000122070312,123.81999969482422,124.38999938964844,3120000,124.98949966430663,126.75727261629972,123.26658325195312,125.4217497253418,43.95428095290341,1.2285733904157365,0.007202648489951677
2014-05-12,124.94000244140625,125.41999816894531,124.69000244140625,125.4000015258789,4025500,124.88999977111817,126.70927262739701,123.27174994150798,125.4030997467041,48.80689285999047,1.2285733904157365,0.007416695276139628
2014-05-13,124.5999984741211,125.0999984741211,124.5,124.79000091552734,2643500,124.72749977111816,126.62945431795987,123.28591658274333,125.38219974517823,47.03183557302938,1.2314300537109375,0.007181177609894664
2014-05-14,125.80999755859375,125.95999908447266,125.44000244140625,125.80000305175781,4015900,124.74349975585938,126.56763596968217,123.30974992116292,125.36889972686768,53.511630585621404,1.1657153538295202,0.0063445292020145256
2014-05-15,124.7699966430664,125.51000213623047,124.54000091552734,124.7699966430664,5861100,124.70499954223632,126.50690862482244,123.34849987030029,125.35214973449708,48.06859542667651,1.1742864336286272,0.006616436800270427
2014-05-16,124.5,124.7699966430664,124.29000091552734,124.3499984741211,4052100,124.69249954223633,126.43963595303622,123.38649984995524,125.33484973907471,46.73941019050204,1.1385716029575892,0.00648222800861452
2014-05-19,124.58000183105469,125.47000122070312,124.4800033569336,125.27999877929688,3902600,124.70949974060059,126.38436320911754,123.42533321380616,125.32469974517822,47.20525474293198,1.1571431841169084,0.006414239804726354
2014-05-20,124.69000244140625,124.91000366210938,124.08999633789062,124.12000274658203,3770800,124.75499992370605,126.28254519375888,123.4605832417806,125.3163497543335,47.8802753229122,1.1278577532087053,0.006350690773286076
2014-05-21,124.38999938964844,124.55000305175781,123.52999877929688,124.25,6846500,124.78649978637695,126.2045453158292,123.4986665725708,125.30979976654052,46.14731732998786,1.1278577532087053,0.006380626038585252
2014-05-22,124.66999816894531,125.23999786376953,124.54000091552734,125.13999938964844,3458800,124.79199981689453,126.12781802090731,123.54208323160807,125.31329975128173,48.037637773780496,1.0214293343680245,0.006233326661257876
2014-05-23,124.51000213623047,124.66000366210938,124.19000244140625,124.5999984741211,2205900,124.74599990844726,126.02490900213068,123.5738332748413,125.3150997543335,47.02193567209107,0.9435719081333706,0.006020632666912593
2014-05-27,121.8499984741211,123.06999969482422,121.75,122.9800033569336,10895800,124.59449996948243,125.89327267733488,123.60941658020019,125.29004974365235,34.109293073771795,1.09857177734375,0.0076073691567197805
2014-05-28,121.19999694824219,121.69999694824219,120.91999816894531,121.47000122070312,6736800,124.41149978637695,125.74909071488814,123.63641656239828,125.2617497253418,31.81048979112333,1.0178571428571428,0.007657969832814558
2014-05-29,120.94000244140625,121.45999908447266,120.7699966430664,120.77999877929688,5551900,124.24749984741212,125.58690892999823,123.64458325703939,125.22079971313477,30.913049790579436,1.025714329310826,0.007611708323971295
2014-05-30,120.43000030517578,120.80999755859375,119.62000274658203,120.76000213623047,8749600,124.07899971008301,125.38090903542259,123.6623332341512,125.1842497253418,29.17433428147318,1.0735713413783483,0.007625963843781193
2014-06-02,119.69999694824219,120.45999908447266,119.61000061035156,119.93000030517578,5916100,123.81099967956543,125.15345431241123,123.6719165166219,125.13774971008301,26.84669810172538,1.0399998256138392,0.007185652213174233
2014-06-03,120.01000213623047,120.08999633789062,119.41999816894531,119.7300033569336,5008300,123.5004997253418,124.91545424027876,123.67433319091796,125.07934970855713,29.421909217411482,1.0449998038155692,0.006768928526082185
2014-06-04,119.76000213623047,120.16000366210938,119.68000030517578,120.0999984741211,3859500,123.18949966430664,124.69945429021662,123.65716654459635,125.01524971008301,28.54908492032503,0.9821428571428571,0.006768208212352201
2014-06-05,120.66000366210938,120.87999725341797,120.43000030517578,120.55000305175781,4180400,123.01399993896484,124.51836353648793,123.655499903361,124.95849975585938,35.91916274920611,0.971428462437221,0.006513851880851146
2014-06-06,120.61000061035156,120.7699966430664,119.94000244140625,120.68000030517578,4807700,122.83600006103515,124.38236361416904,123.67483323415121,124.89929977416992,35.698841517895914,0.9964283534458706,0.00650978028441724
2014-06-09,120.6500015258789,120.8499984741211,120.56999969482422,120.79000091552734,2788000,122.66350021362305,124.25127272172408,123.68541660308838,124.84219974517822,36.03684264027142,0.9457141331263951,0.006519146450161855
2014-06-10,121.38999938964844,121.47000122070312,121.20999908447266,121.29000091552734,3556600,122.48600006103516,124.1225454157049,123.69958324432373,124.7850997543335,42.10030693302327,0.9457135881696429,0.006478728214429016
2014-06-11,121.41000366210938,121.61000061035156,121.18000030517578,121.51000213623047,3572300,122.32650032043458,124.03581820401278,123.72258326212565,124.71764980316162,42.25965517727287,0.8935704912458148,0.006480362886423965
2014-06-12,122.63999938964844,122.75,121.83000183105469,121.91999816894531,7388500,122.16800041198731,123.96727267178622,123.76449991861979,124.65359981536865,51.16009306998036,0.9285703386579242,0.006518396251421463
2014-06-13,122.95999908447266,123.04000091552734,122.51000213623047,122.56999969482422,4026600,122.07750053405762,123.92272713401101,123.83233324686687,124.58464981079102,53.182064007601944,0.9321419852120536,0.006354258041843882
2014-06-16,122.41999816894531,123.01000213623047,122.30000305175781,122.87999725341797,5832800,121.97350044250489,123.88327262184836,123.88633321126302,124.5131997680664,49.46079720402343,0.7857131958007812,0.006400424265697592
2014-06-17,122.27999877929688,122.5,121.81999969482422,121.8499984741211,4032800,121.85850028991699,123.84181809858842,123.94224987030029,124.44524978637695,48.51303283886506,0.7678560529436383,0.006391361148998108
2014-06-18,122.66999816894531,122.80000305175781,122.08999633789062,122.22000122070312,4601700,121.75750007629395,123.82472714510831,123.99699986775717,124.38549980163575,51.31191384942485,0.7692849295479911,0.0064460225047926895
2014-06-19,126.94000244140625,127.2300033569336,124.31999969482422,124.33000183105469,24374800,121.88500022888184,123.88927265514027,124.08199990590414,124.33809982299805,70.32965113052835,1.000713893345424,0.010222198526739643
2014-06-20,126.5,127.06999969482422,126.20999908447266,126.31999969482422,9954700,121.97650032043457,123.92890902432528,124.16016654968261,124.2972998046875,67.40780213646818,1.0014283316476005,0.01026710800789182
2014-06-23,126.8499984741211,126.94000244140625,126.37000274658203,126.6500015258789,5142800,122.0935001373291,123.98218175714666,124.25566654205322,124.2705498123169,68.52786215967872,0.9942855834960938,0.010264242919350361
2014-06-24,126.9800033569336,127.31999969482422,126.7300033569336,127.22000122070312,6350200,122.35000038146973,124.00781818736684,124.34616654713949,124.23469985961914,68.9546406630851,1.0021422249930245,0.008818019119014456
2014-06-25,126.98999786376953,127.55000305175781,126.66000366210938,126.77999877929688,6692300,122.63950042724609,124.04563626376066,124.42108319600423,124.20009983062744,68.98945611712179,0.9857139587402344,0.008659455648130409
2014-06-26,126.7300033569336,126.91999816894531,126.19999694824219,126.52999877929688,5529800,122.92900047302246,124.05727275501599,124.48308321634929,124.1750498199463,66.88804342503738,0.9828572954450335,0.008656798131063974
2014-06-27,126.66000366210938,127.16999816894531,126.6500015258789,126.87999725341797,4200300,123.24050064086914,124.06345464533025,124.54274991353353,124.14984985351562,66.30247850530901,1.0,0.00854800620436294
2014-06-30,128.0399932861328,128.0399932861328,126.37000274658203,126.52999877929688,18123400,123.65750045776367,124.08218175714666,124.6195831934611,124.15169982910156,71.58394676371275,1.060713631766183,0.008488676424545358
2014-07-01,127.69999694824219,128.1199951171875,127.48999786376953,127.98999786376953,8145900,124.04200019836426,124.0961816961115,124.69941647847493,124.15109981536865,68.72595735549275,1.0749991280691964,0.00859560526818598
2014-07-02,127.69999694824219,128.24000549316406,127.63999938964844,127.76000213623047,5738900,124.43899993896484,124.09345439564098,124.77641646067302,124.15734981536865,68.72595735549275,1.0221426827566964,0.008541371911333294
2014-07-03,127.16000366210938,127.29000091552734,126.61000061035156,126.79000091552734,4922500,124.76399993896484,124.12381813742898,124.83391647338867,124.1606498336792,64.01801974205026,1.0621425083705358,0.008635797819689175
2014-07-07,127.0199966430664,127.02999877929688,126.2300033569336,126.62999725341797,4630200,125.08449974060059,124.15072715065696,124.88391647338867,124.13569984436035,62.816503103441306,1.0778568812779017,0.008650023404361093
2014-07-08,127.06999969482422,127.52999877929688,126.43000030517578,127.29000091552734,6216600,125.40549964904785,124.19290896329012,124.94374980926514,124.11229984283447,63.082995847549164,1.1078567504882812,0.008649168319097844
2014-07-09,127.83999633789062,128.25999450683594,127.18000030517578,127.54000091552734,8362700,125.72799949645996,124.25836348100142,125.01191641489665,124.11169982910157,67.0046145822379,1.142141614641462,0.008647610796995626
2014-07-10,128.5399932861328,129.2100067138672,128.49000549316406,129.11000061035156,6313300,126.08449897766113,124.34490883567116,125.08483301798502,124.11664978027343,70.11285982067125,0.9142848423549107,0.00864956993156779
2014-07-11,128.77999877929688,128.8300018310547,128.3800048828125,128.41000366210938,4322100,126.39149894714356,124.43618150190873,125.15024967193604,124.12224975585937,71.11749112201913,0.8849988664899554,0.008481327470457059
2014-07-14,125.72000122070312,126.0999984741211,125.44999694824219,125.5,11465500,126.52949905395508,124.45727247758346,125.20041637420654,124.10689979553223,48.65937041171734,1.0821418762207031,0.010312245724270619
2014-07-15,124.52999877929688,126.31999969482422,124.36000061035156,125.88999938964844,10541700,126.63499908447265,124.44090881347657,125.24491634368897,124.09059978485108,42.975670943762,1.1799992152622767,0.010516415494514734
2014-07-16,124.97000122070312,125.47000122070312,124.77999877929688,125.0199966430664,4099800,126.76949920654297,124.44254524924538,125.2714163462321,124.07059978485107,45.51005767433767,1.1835708618164062,0.010520417506239802
2014-07-17,127.08999633789062,127.55000305175781,125.11000061035156,125.5199966430664,11423900,126.99049911499023,124.48309062610973,125.31141630808513,124.06514980316162,55.72117464162786,1.3114280700683594,0.011096695527403335
2014-07-18,126.12999725341797,126.20999908447266,125.66999816894531,125.79000091552734,6460900,126.94999885559082,124.51781782670454,125.35449962615967,124.07284980773926,51.05544460145866,1.375713893345424,0.008111953765853807
2014-07-21,126.33999633789062,126.55000305175781,126.11000061035156,126.52999877929688,3296300,126.94199867248535,124.56399952281605,125.39941628774007,124.06924980163575,52.00223025307109,1.2878576006208147,0.00808727070809931
2014-07-22,125.73999786376953,126.43000030517578,125.47000122070312,126.33000183105469,3882000,126.88649864196778,124.57636316472833,125.42666625976562,124.06204978942871,49.08092178041983,1.311429159981864,0.008124903566135327
2014-07-23,125.62000274658203,126.04000091552734,125.4000015258789,125.72000122070312,3041400,126.8184986114502,124.5654541015625,125.47541631062826,124.05749980926514,48.49418511809595,1.3142858232770647,0.00811858526233395
2014-07-24,124.3499984741211,124.87000274658203,123.9000015258789,124.8499984741211,8111600,126.68649864196777,124.53581764914773,125.51091632843017,124.0410498046875,42.67891164974002,1.359286172049386,0.008394869027252002
2014-07-25,125.79000091552734,125.93000030517578,124.43000030517578,124.4800033569336,5638800,126.63949851989746,124.56527224454013,125.5481663386027,124.03299980163574,50.00025825513422,1.405714852469308,0.00884761512541789
2014-07-28,125.58000183105469,125.66999816894531,125.30000305175781,125.44000244140625,3212900,126.58549842834472,124.5909086747603,125.58641637166342,124.03034980773926,49.01701215752503,1.3621433803013392,0.008852584962579015
2014-07-29,125.19999694824219,125.87999725341797,124.72000122070312,125.79000091552734,5267700,126.4434986114502,124.61090864701704,125.61899967193604,124.03499980926513,47.20791752192059,1.3600006103515625,0.008456945757632587
2014-07-30,124.83000183105469,124.93000030517578,124.41000366210938,124.88999938964844,5614800,126.29999885559081,124.60890863591975,125.64891637166342,124.0461498260498,45.449059241082196,1.318570818219866,0.008460138015619484
2014-07-31,123.38999938964844,124.06999969482422,123.2300033569336,123.8499984741211,9896500,126.08449897766113,124.5869086525657,125.65908304850261,124.04894981384277,39.310377251431,1.4007137843540736,0.008768676265403919
2014-08-01,124.37999725341797,124.80999755859375,124.2300033569336,124.54000091552734,7397000,125.94549865722657,124.56090864701704,125.67124970753987,124.0521997833252,44.82768439962122,1.264284951346261,0.009005911842447343
2014-08-04,123.98999786376953,124.47000122070312,123.7300033569336,124.36000061035156,6499400,125.79399871826172,124.54672685102983,125.66816635131836,124.0544497680664,43.16297494054473,1.1771420070103236,0.009017811212208193
2014-08-05,123.87000274658203,124.5199966430664,123.4000015258789,123.73999786376953,8342500,125.63399887084961,124.53527235551314,125.66349970499674,124.03669979095459,42.6383166710073,1.1899986267089844,0.009010540329573576
2014-08-06,125.66999816894531,126.0,125.5199966430664,125.70999908447266,9327800,125.52549896240234,124.55509047074752,125.66499970753988,124.03079978942871,52.05324252959123,1.157855442592076,0.009554268692742098
2014-08-07,126.18000030517578,126.51000213623047,125.37000274658203,125.47000122070312,7298900,125.40749931335449,124.58218134099786,125.65691636403402,124.02679977416992,54.33998042084862,1.1378555297851562,0.00951033212135077
2014-08-08,126.19000244140625,126.41000366210938,125.88999938964844,126.08000183105469,5728200,125.27799949645996,124.61490866921164,125.64683303833007,124.0110498046875,54.38592787408497,1.1435699462890625,0.009491504405637978
2014-08-11,125.95999908447266,126.04000091552734,125.63999938964844,125.83999633789062,3163500,125.28999938964844,124.63836323131214,125.6442497253418,123.99739978790284,53.06357325877424,1.1142845153808594,0.007843884203035828
2014-08-12,125.98999786376953,126.80999755859375,125.87000274658203,126.41999816894531,4609700,125.36299934387208,124.66527224454013,125.63083305358887,123.97784980773926,53.22332471842876,1.1357127598353796,0.007512588817491917
2014-08-13,126.19999694824219,126.52999877929688,125.9000015258789,126.3499984741211,3967500,125.42449913024902,124.74436312588779,125.61933301289876,123.95654975891114,54.39352400434818,1.0578553336007255,0.007485904352877766
2014-08-14,126.30999755859375,126.52999877929688,126.12999725341797,126.23999786376953,3348500,125.38549919128418,124.83727222789418,125.59699961344401,123.93529975891113,55.028172696557824,0.9735695975167411,0.0064129319246357995
2014-08-15,125.4800033569336,126.06999969482422,124.41000366210938,124.5199966430664,13070500,125.35299949645996,124.91981769908558,125.56591625213623,123.9138497543335,49.43791686269007,1.0742835998535156,0.006357868541368963
2014-08-18,124.95999908447266,125.08000183105469,124.6500015258789,124.77999877929688,4952500,125.28399963378907,125.00218131325461,125.53966623942057,123.89064971923828,46.266660973350575,1.0507125854492188,0.0063988627393226
2014-08-19,124.68000030517578,125.0,124.4800033569336,125.0,4878400,125.23099975585937,125.09272682883523,125.51033293406168,123.87534973144531,44.6074101466465,1.0314271109444755,0.006336081749812738
2014-08-20,124.22000122070312,124.81999969482422,123.87999725341797,124.81999969482422,4395600,125.16099967956544,125.16927226673474,125.4819995880127,123.86169975280762,41.94595308319577,0.9842845371791294,0.0063779594332368334
2014-08-21,122.87999725341797,123.23999786376953,122.44999694824219,122.72000122070312,8008800,125.08749961853027,125.22599945068359,125.42024962107341,123.84204975128173,35.33259818098408,1.0092849731445312,0.006433015395601181
2014-08-22,123.19000244140625,123.33000183105469,122.56999969482422,123.08999633789062,4739200,124.95749969482422,125.271999428489,125.37449970245362,123.82519977569581,37.77677077412595,1.010713849748884,0.005822092851674346
2014-08-25,122.73999786376953,123.04000091552734,122.72000122070312,122.91999816894531,5012400,124.81549949645996,125.31072665127842,125.32324968973795,123.80289978027344,35.66924439058164,0.9642857142857143,0.005850424793624886
2014-08-26,123.3499984741211,123.97000122070312,123.27999877929688,123.91999816894531,3882300,124.7229995727539,125.35981750488281,125.26641635894775,123.7888497543335,40.51388759569263,0.9000004359654018,0.0059854575171053755
2014-08-27,123.31999969482422,123.70999908447266,123.25,123.5999984741211,2576800,124.64749946594239,125.39490841952237,125.21833305358886,123.78404975891114,40.35294301556184,0.8514289855957031,0.005962999593545034
2014-08-28,124.0,124.33000183105469,123.80999755859375,124.1500015258789,3296700,124.67799949645996,125.44199926202947,125.17558301289877,123.78469974517822,45.6259055188888,0.8864288330078125,0.005518182115293073
2014-08-29,123.86000061035156,124.22000122070312,123.62000274658203,123.75,3683500,124.65199966430664,125.46418110240589,125.12558301289876,123.79174976348877,44.7488060794147,0.8899999346051898,0.005211562333646421
2014-09-02,121.6500015258789,122.08000183105469,121.43000030517578,121.97000122070312,10128600,124.53499984741211,125.44036296497691,125.04133307139078,123.78574977874756,33.72675289670684,0.9964288984026227,0.006521143190355458
2014-09-03,122.1500015258789,122.19999694824219,121.66000366210938,121.69999694824219,3414600,124.44899978637696,125.43545393510298,124.95749969482422,123.77514980316163,37.47882173450991,0.9907144818987165,0.006617810853202549
2014-09-04,121.4800033569336,122.66000366210938,121.25,122.4800033569336,7310600,124.23950004577637,125.4209085637873,124.8606663386027,123.76094982147217,34.64808139567249,1.0628574916294642,0.005637574166983561
2014-09-05,122.05999755859375,122.05999755859375,121.62999725341797,121.83000183105469,3490100,124.03349990844727,125.40981764359908,124.78083299001058,123.75674980163575,38.94696865946946,0.9685717991420201,0.005678059977225742
2014-09-08,120.7300033569336,121.61000061035156,120.37000274658203,121.58000183105469,7506500,123.76049995422363,125.29690856933594,124.69841639200847,123.7456498336792,33.504330770649204,1.0299998692103796,0.006022758511957259
2014-09-09,120.87000274658203,120.94000244140625,120.0,120.56999969482422,6157300,123.5060001373291,125.19454498291016,124.63824977874756,123.7493998336792,34.54129615512849,1.060000283377511,0.006069119129772437
2014-09-10,120.26000213623047,120.54000091552734,119.63999938964844,120.12999725341797,7021500,123.21950035095215,125.07472686767578,124.57491645812988,123.75099983215333,32.186095041694585,1.0807146344866072,0.00607962621914846
2014-09-11,119.47000122070312,119.69999694824219,118.7699966430664,119.61000061035156,7612000,122.8830005645752,124.93818137428977,124.49991645812989,123.74874984741211,29.39106371229633,1.0607147216796875,0.006075225499351587
2014-09-12,118.37999725341797,118.9000015258789,118.06999969482422,118.62999725341797,8126500,122.4865005493164,124.78163590864702,124.43491643269857,123.73834983825684,26.03204896350836,1.106428963797433,0.0061746320701565735
2014-09-15,118.63999938964844,118.86000061035156,118.45999908447266,118.79000091552734,4775400,122.14450035095214,124.63454492742365,124.37016639709472,123.73244983673095,28.141683213137597,1.1071434020996094,0.006235016167853257
2014-09-16,118.83000183105469,119.43000030517578,118.44000244140625,118.8499984741211,6544500,121.83800048828125,124.49218125776811,124.31533304850261,123.72929985046386,29.71917596469855,1.0900001525878906,0.006300881163626025
2014-09-17,117.54000091552734,119.23999786376953,117.5,118.94999694824219,8328700,121.48100051879882,124.30127230557528,124.25658308664957,123.7134998703003,25.60868962395614,1.1814286368233817,0.006571412740847462
2014-09-18,117.77999877929688,118.08999633789062,117.19000244140625,117.41000366210938,5368700,121.15900039672852,124.12090870250356,124.2000830968221,123.71449985504151,27.614590744826074,1.1735709054129464,0.0066606181287948915
2014-09-19,117.08999633789062,117.56999969482422,116.72000122070312,117.51000213623047,10930200,120.86950035095215,123.92799960049716,124.14574972788493,123.71014984130859,25.48679257287408,1.206427982875279,0.006430388507518273
2014-09-22,116.8499984741211,117.37000274658203,116.58000183105469,116.72000122070312,7601600,120.5525001525879,123.74054496071555,124.09124972025553,123.69459983825683,24.77181714262302,1.089285169328962,0.006326955466464813
2014-09-23,117.5999984741211,117.98999786376953,117.30999755859375,117.98999786376953,4664800,120.29550018310547,123.56927226673473,124.03524971008301,123.69109981536866,31.26137822090361,1.1314283098493303,0.006633714676292215
2014-09-24,117.05000305175781,117.72000122070312,116.9000015258789,117.12000274658203,5515000,119.98050041198731,123.38709050958806,123.97799975077311,123.68359981536865,29.267481753831348,1.089285169328962,0.0064392674130243225
2014-09-25,117.38999938964844,117.76000213623047,116.19999694824219,116.30000305175781,7631700,119.68400039672852,123.19709056507457,123.90983308156332,123.67194980621338,32.14854947793182,1.1592859540666853,0.006537577323669421
2014-09-26,117.05999755859375,117.0999984741211,116.58000183105469,117.0199966430664,4185200,119.33700027465821,122.98836337002841,123.84441636403402,123.64814979553222,30.83569995184665,1.0964290073939733,0.0062637329137659
2014-09-29,117.02999877929688,117.4000015258789,116.9000015258789,117.2699966430664,4049500,118.99550018310546,122.77472700639204,123.76891638437907,123.62899978637695,30.71291461158941,1.065000261579241,0.006279424448009955
2014-09-30,116.20999908447266,117.3499984741211,115.8499984741211,116.54000091552734,10170100,118.72350006103515,122.6018178766424,123.6846663792928,123.61859977722168,27.49057492069987,1.0842857360839844,0.005306507955520537
2014-10-01,116.7699966430664,117.26000213623047,116.58999633789062,116.61000061035156,7018800,118.45449981689453,122.46072692871094,123.59933300018311,123.60554977416992,32.68479767154443,1.0528569902692522,0.0053535220207766515
2014-10-02,116.73999786376953,117.20999908447266,116.33000183105469,116.86000061035156,6349900,118.21749954223633,122.31109050403941,123.51441631317138,123.59079975128174,32.55027888069752,1.015713827950614,0.005314021320693305
2014-10-03,114.61000061035156,115.51000213623047,114.41999816894531,115.16999816894531,11301300,117.84499969482422,122.08418149081143,123.40408299763997,123.5705997467041,24.75870458910167,1.1471421377999442,0.006195243747938751
2014-10-06,116.02999877929688,116.30999755859375,114.94000244140625,115.16000366210938,7644100,117.60999946594238,121.90054515491832,123.32524967193604,123.56269973754883,35.793036819052205,1.1978563581194197,0.0068151280015534155
2014-10-07,116.36000061035156,116.62999725341797,116.08999633789062,116.30999755859375,5274700,117.38449935913086,121.71909068714488,123.24874966939291,123.57039974212647,38.066200781077576,1.1164278302873885,0.006865947274050737
2014-10-08,117.47000122070312,117.70999908447266,115.8499984741211,117.02999877929688,10670900,117.2449993133545,121.5687271118164,123.18808301289876,123.57804973602295,45.106068809206455,1.184999738420759,0.0072740843696587395
2014-10-09,117.63999938964844,118.26000213623047,117.48999786376953,117.86000061035156,6610500,117.15349922180175,121.42363614169034,123.13308302561443,123.58839973449707,46.1162523745056,1.1657142639160156,0.007179881944499702
2014-10-10,117.58999633789062,117.73999786376953,117.19000244140625,117.69999694824219,4651400,117.11399917602539,121.3007270119407,123.08149967193603,123.59584972381592,45.8489870227521,1.1485710144042969,0.00690390580412249
2014-10-13,118.5199966430664,118.66999816894531,117.93000030517578,118.13999938964844,5396300,117.10799903869629,121.16854511607777,123.037832959493,123.60474971771241,51.481094250612614,1.1442854745047433,0.007127682923481444
2014-10-14,118.58999633789062,118.81999969482422,118.3499984741211,118.58000183105469,5174800,117.09599876403809,121.04145410711115,122.98808294932047,123.61209968566895,51.886721404738985,1.1192855834960938,0.007119110557774316
2014-10-15,118.98999786376953,120.18000030517578,118.58999633789062,119.2300033569336,9453800,117.16849861145019,120.928545032848,122.93441626230876,123.63009967803956,54.24092203992173,1.1214283534458704,0.006682841038063129
2014-10-16,119.22000122070312,119.6500015258789,118.87999725341797,119.0199966430664,6545400,117.24049873352051,120.8265450217507,122.8872496287028,123.64559967041015,55.5866259005091,1.1185716901506697,0.006681678536163314
2014-10-17,118.98999786376953,119.2300033569336,118.41999816894531,119.05999755859375,8059000,117.33549880981445,120.74654499400745,122.83833293914795,123.65054965972901,53.88020502111753,1.1407149178641183,0.006537090698364465
2014-10-20,119.80000305175781,119.86000061035156,119.54000091552734,119.68000030517578,3033700,117.48299903869629,120.66327237215908,122.8014996210734,123.65309967041016,58.68982920786388,1.095715114048549,0.0066313869536237455
2014-10-21,120.0199966430664,120.5,119.91000366210938,120.2699966430664,4566100,117.60399894714355,120.59109053178267,122.76999956766764,123.65569965362549,59.9125822967225,1.0707146780831474,0.006522348866014548
2014-10-22,119.33999633789062,119.79000091552734,119.25,119.69000244140625,3740200,117.7184986114502,120.50872677889737,122.72233289082845,123.65829963684082,54.53890081662815,1.0628574916294642,0.006571525045682901
2014-10-23,118.5199966430664,118.81999969482422,117.87999725341797,118.70999908447266,6417500,117.77499847412109,120.37872675115412,122.65816618601481,123.66029960632324,48.84906888250661,1.0014288766043526,0.0067817987829666615
2014-10-24,118.3499984741211,118.62999725341797,118.12000274658203,118.62000274658203,3610600,117.83949851989746,120.23636308149858,122.59458281199137,123.65974960327148,47.737170827646985,0.916428702218192,0.006753336035666367
2014-10-27,118.05999755859375,118.37000274658203,118.01000213623047,118.18000030517578,2443600,117.8909984588623,120.088544810902,122.54366614023844,123.6487495803833,45.8210896615526,0.8992859976632255,0.006785208419526187
2014-10-28,118.0999984741211,118.4800033569336,118.01000213623047,118.4800033569336,3260100,117.98549842834473,119.9456357088956,122.49308280944824,123.63414958953858,46.1422049922533,0.8000003269740513,0.006554645321087989
2014-10-29,116.41000366210938,117.91000366210938,116.13999938964844,117.6500015258789,7900800,117.96749877929688,119.77145399613813,122.42899951934814,123.61674961090088,36.34191892902566,0.8835716247558594,0.007295331693678432
2014-10-30,115.19000244140625,115.83000183105469,114.94000244140625,115.80000305175781,7852200,117.8899990081787,119.57127227783204,122.34774951934814,123.59439960479736,31.191564220826365,0.9492863246372768,0.007654104176912564
2014-10-31,112.66000366210938,112.87999725341797,111.66000366210938,111.83000183105469,18208200,117.7924991607666,119.32309057062322,122.24824956258138,123.55874961853027,23.69279075868519,1.124286106654576,0.008134299692539333
2014-11-03,112.1500015258789,112.68000030517578,112.0,112.38999938964844,6589800,117.5984992980957,119.08072690096769,122.13441626230876,123.51484962463378,22.517591825596824,1.1392860412597656,0.007545990648175235
2014-11-04,112.22000122070312,112.70999908447266,112.08000183105469,112.12000274658203,6430100,117.39149932861328,118.84909057617188,122.0298329671224,123.47744964599609,23.08153405699896,1.0707141331263952,0.007492201858245717
2014-11-05,109.79000091552734,110.83999633789062,109.66999816894531,109.91999816894531,13560100,117.00749931335449,118.5783633145419,121.90724964141846,123.4304496383667,18.144453039488397,1.1978569030761719,0.008222372161570303
2014-11-06,109.87999725341797,110.48999786376953,109.75,109.91999816894531,7019900,116.61949920654297,118.31763596968217,121.78474960327148,123.37089962005615,18.836869789508654,1.1928563799176897,0.008204312311386793
2014-11-07,112.97000122070312,113.1500015258789,110.7300033569336,110.77999877929688,10916500,116.3884994506836,118.13745422363282,121.6870829264323,123.32429962158203,38.17459223772117,1.3642850603376115,0.010812839923551748
2014-11-10,110.45999908447266,112.23999786376953,110.27999877929688,112.23999786376953,8548500,115.98549957275391,117.90599961714311,121.57099959055583,123.27179962158203,31.59041386897529,1.5064283098493303,0.011447506896122898
2014-11-11,112.04000091552734,112.76000213623047,110.87000274658203,111.08000183105469,8603200,115.65799980163574,117.71145421808416,121.465749613444,123.22724964141845,38.751676022567,1.6157144818987166,0.012094830321861868
2014-11-12,111.5,112.16999816894531,111.2300033569336,112.05000305175781,5133300,115.28349990844727,117.49599970037286,121.35733292897542,123.17239963531495,37.3139841383847,1.5785713195800781,0.0120143925582681
2014-11-13,111.66999816894531,112.26000213623047,111.22000122070312,111.88999938964844,4874600,114.90599975585937,117.28418149081143,121.27249959309896,123.13189964294433,38.09265148858849,1.6164289202008928,0.01200559610831329
2014-11-14,114.47000122070312,114.72000122070312,110.6500015258789,110.76000213623047,14173600,114.67999992370605,117.11090878573332,121.21641629536947,123.1037996673584,49.27013309928253,1.8814288548060827,0.013571932182275832
2014-11-17,114.05000305175781,114.2699966430664,113.55999755859375,113.97000122070312,5441000,114.39249992370605,116.93254519375888,121.15899963378907,123.06744968414307,47.87384934542461,1.9128576006208147,0.013421663883887101
2014-11-18,115.05000305175781,115.16999816894531,114.55000305175781,114.86000061035156,5586700,114.14400024414063,116.81254522150213,121.11416632334391,123.037749710083,51.405019521136346,1.8528573172433036,0.013624002264809929
2014-11-19,113.68000030517578,115.3499984741211,112.87999725341797,114.93000030517578,11997700,113.86100044250489,116.65854519930753,121.06399968465169,122.99969970703125,46.734094005661085,1.924285888671875,0.013782389473856642
2014-11-20,114.86000061035156,115.0199966430664,114.08999633789062,114.56999969482422,5607800,113.67800064086914,116.53818151300604,121.02108300526938,122.96779972076416,50.87456008579209,1.7678571428571428,0.014021410098466374
2014-11-21,115.38999938964844,115.95999908447266,114.47000122070312,115.58000183105469,6564300,113.53000068664551,116.41690881902521,120.98466631571452,122.93389972686768,52.65470031862209,1.825714111328125,0.014087387240961627
2014-11-24,115.11000061035156,115.37000274658203,114.79000091552734,115.1500015258789,4695000,113.3825008392334,116.31472695090554,120.9384162902832,122.8948497390747,51.59107589776776,1.8235713413783483,0.014087274421564884
2014-11-25,115.37999725341797,115.47000122070312,114.9000015258789,115.0999984741211,9051800,113.24650077819824,116.21490866921165,120.89483292897542,122.84994972229003,52.58567404467801,1.6821425301688058,0.014105723639043881
2014-11-26,115.16000366210938,115.33999633789062,114.9800033569336,115.25,3184000,113.18400077819824,116.12218142422763,120.84908294677734,122.80359973907471,51.65442446321431,1.6578565325055803,0.013761448447071715
2014-11-28,112.11000061035156,113.83000183105469,111.94999694824219,113.52999877929688,9616300,113.03000068664551,115.98836323131215,120.77174962361654,122.73669975280762,40.85267554415017,1.6535709926060267,0.014801459208633787
2014-12-01,116.58000183105469,117.36000061035156,113.73999786376953,113.80000305175781,15644000,113.22600059509277,115.95563604181463,120.73149960835775,122.6838497543335,55.529970448542564,1.836427961077009,0.016596349470418312
2014-12-02,115.13999938964844,115.70999908447266,114.72000122070312,115.12999725341797,6378100,113.37550048828125,115.89199967817827,120.66899960835775,122.62254974365234,51.12834651609264,1.8049992152622767,0.016844769371063786
2014-12-03,116.33000183105469,116.76000213623047,115.55999755859375,115.68000030517578,5758800,113.58100051879883,115.84654513272372,120.61374963124594,122.57284976959228,54.34873050343834,1.8535712105887276,0.016959272277081612
2014-12-04,115.87999725341797,116.33999633789062,115.61000061035156,116.01000213623047,3623600,113.88550033569337,115.8163632479581,120.55924962361654,122.51424976348876,52.92838808884124,1.831427982875279,0.016101835970760262
2014-12-05,114.43000030517578,115.18000030517578,114.23999786376953,115.16000366210938,6331000,114.11300048828124,115.75545418479226,120.49383296966553,122.44849975585937,48.527629276912,1.6578565325055803,0.016461218502502737
2014-12-08,115.77999877929688,116.16000366210938,114.45999908447266,114.97000122070312,5224500,114.25350036621094,115.73163604736328,120.43641630808513,122.38244972229003,52.488481867492226,1.716427939278739,0.01548168870270669
2014-12-09,118.19000244140625,118.98999786376953,116.9800033569336,117.04000091552734,10467200,114.64000053405762,115.75599975585938,120.36349964141846,122.32734970092774,58.61147246360964,1.8657139369419642,0.015018347460229908
2014-12-10,117.95999908447266,118.47000122070312,117.80999755859375,118.1500015258789,4277400,114.93600044250488,115.76254522150214,120.29233296712239,122.27659969329834,57.84528715253505,1.7364283970424108,0.0148412765579031
2014-12-11,117.69000244140625,118.37999725341797,116.81999969482422,116.9800033569336,5214500,115.2455005645752,115.7741815740412,120.21599966684977,122.22404972076416,56.90489352423723,1.7521427699497767,0.014784632830702358
2014-12-12,117.41000366210938,117.80000305175781,116.68000030517578,117.38999938964844,4736500,115.53250083923339,115.77454528808593,120.13624966939291,122.1729997253418,55.89014279384757,1.7257145472935267,0.014828174471630273
2014-12-15,114.38999938964844,116.97000122070312,114.36000061035156,116.22000122070312,8796000,115.52850074768067,115.72599986683238,120.03124968210857,122.09349975585937,46.29996748225547,1.9007148742675781,0.015125750118790653
2014-12-16,114.94999694824219,116.5,114.06999969482422,116.27999877929688,9174000,115.57350044250488,115.6881816517223,119.93308296203614,122.02484977722168,48.07905445516507,2.0335720607212613,0.015135460350332752
2014-12-17,114.2699966430664,115.4800033569336,113.58000183105469,115.0999984741211,9097300,115.53450012207031,115.65290888006037,119.8298329035441,121.95174976348876,46.082565388112684,2.1407154628208707,0.015069349396462468
2014-12-18,115.1500015258789,115.80999755859375,114.58000183105469,115.58999633789062,5258100,115.60800018310547,115.62345442338423,119.722416305542,121.87664978027344,49.032195782089445,2.0214293343680247,0.014906786544975827
2014-12-19,114.7699966430664,115.22000122070312,114.7699966430664,115.05999755859375,4652300,115.6034999847412,115.58763621937145,119.61466630299886,121.80504978179931,47.81573532297886,1.678572518484933,0.014754621430383117
2014-12-22,112.55000305175781,114.97000122070312,112.41000366210938,114.80999755859375,7483200,115.46150016784668,115.5501817183061,119.4884163538615,121.72214977264404,41.360016780369016,1.7285723005022322,0.015327117140558235
2014-12-23,112.73999786376953,113.31999969482422,112.61000061035156,112.87999725341797,7763300,115.34300003051757,115.49036351984198,119.36824963887533,121.63654975891113,42.08074482604746,1.6678575788225447,0.015336469422399702
2014-12-24,112.7699966430664,112.91999816894531,112.66000366210938,112.83000183105469,1501600,115.2125,115.42509072043678,119.24949963887532,121.54159976959228,42.201537444304684,1.6342860630580358,0.015320145166319044
2014-12-26,114.83000183105469,114.9800033569336,114.52999877929688,114.81999969482422,3765600,115.19599990844726,115.3770907315341,119.14749965667724,121.45469974517822,49.924626435160256,1.6750008719308036,0.015912254689948155
2014-12-29,113.66999816894531,114.63999938964844,113.2300033569336,114.61000061035156,12963700,115.27399978637695,115.30490889115767,119.0294163386027,121.35754970550538,46.18242456173218,1.6657148088727678,0.01486563170765512
2014-12-30,115.19999694824219,116.26000213623047,114.9000015258789,114.98999786376953,7987300,115.20499954223632,115.26145435680043,118.91824970245361,121.27534969329834,51.36103368380622,1.621429443359375,0.012133729176741671
2014-12-31,113.58000183105469,115.0,113.27999877929688,114.88999938964844,7624200,115.12699966430664,115.1716362693093,118.79158306121826,121.19014972686767,46.28276574027031,1.7114290509905135,0.012227141915644371
2015-01-02,114.08000183105469,114.80000305175781,112.31999969482422,112.48999786376953,7109600,115.01449966430664,115.08963636918502,118.69458306630453,121.1200997543335,47.99196723841373,1.7771437508719308,0.012017775913142422
2015-01-05,115.80000305175781,116.0,114.7300033569336,114.77999877929688,8177400,115.01049995422363,115.03163646351207,118.62183310190836,121.05979976654052,53.47600069346327,1.8342862810407365,0.012508737833050253
2015-01-06,117.12000274658203,117.5,115.80000305175781,116.22000122070312,11238300,115.14500007629394,114.99345467307351,118.55641644795736,121.00304977416992,57.2054751477095,1.7378572736467635,0.012387954263604997
2015-01-07,116.43000030517578,116.87999725341797,116.16999816894531,116.47000122070312,6434200,115.1775001525879,114.94690926291726,118.46758314768473,120.95429977416993,54.73545329713884,1.632143293108259,0.012224560199457085
2015-01-08,115.94000244140625,116.87000274658203,115.8499984741211,116.44999694824219,7033700,115.06500015258788,114.87672743363814,118.3826665242513,120.9019497680664,52.98580414573585,1.5692863464355469,0.011262536891667244
2015-01-09,117.26000213623047,117.33999633789062,116.5,116.51000213623047,7962900,115.03000030517578,114.82654571533203,118.30699990590414,120.86119976043702,56.97569018283391,1.5592858450753349,0.01158719591826666
2015-01-12,118.55999755859375,118.70999908447266,117.31999969482422,117.45999908447266,8318200,115.07350006103516,114.81236391934482,118.24716657002767,120.83104976654053,60.52846866737054,1.630713871547154,0.011845434691847042
2015-01-13,118.16000366210938,119.19000244140625,117.87000274658203,118.95999908447266,7693200,115.11100006103516,114.80581859241832,118.1849999109904,120.7990497970581,58.91638877150548,1.542142595563616,0.011859951426803511
2015-01-14,117.97000122070312,119.31999969482422,117.9000015258789,119.08000183105469,7727400,115.2900001525879,114.79890955144708,118.13183326721192,120.77084980010986,58.1244776564649,1.588571275983538,0.010171729643647072
2015-01-15,120.94000244140625,121.69999694824219,120.33999633789062,120.41000366210938,17692500,115.5895004272461,114.85127327658914,118.0914166132609,120.75859981536865,65.85123757530368,1.836428506033761,0.011449141713570522
2015-01-16,122.5199966430664,123.1500015258789,121.70999908447266,121.7300033569336,14428200,116.00200042724609,114.93163687966087,118.06591657002767,120.74959980010986,69.11601828942582,1.836427961077009,0.011492219170073613
2015-01-20,124.19999694824219,124.5999984741211,123.48999786376953,123.62999725341797,14968600,116.45450019836426,115.07327312122692,118.05758323669434,120.75099979400635,72.16344382955386,1.8707139151436942,0.011683388427046687
2015-01-21,124.2300033569336,125.33999633789062,123.37000274658203,125.18000030517578,11082700,116.92750053405761,115.2376367742365,118.05258324940999,120.7442998123169,72.21617667034724,1.8264274597167969,0.01159574770612935
2015-01-22,125.2300033569336,125.58000183105469,124.1500015258789,125.06999969482422,10518400,117.5615005493164,115.4661822232333,118.06791661580404,120.74589981079102,73.98490732780206,1.7914276123046875,0.010226410875311537
2015-01-23,124.2300033569336,124.5,123.3499984741211,124.43000030517578,6270900,118.13600082397461,115.68581862016158,118.06666666666666,120.73659984588623,69.2381213197722,1.7485705784388952,0.010631995829536915
2015-01-26,122.98999786376953,123.33999633789062,122.5199966430664,123.33000183105469,6768600,118.64700088500976,115.8816367409446,118.05833333333334,120.71994983673096,63.77413748839318,1.7335711887904577,0.011104403189690507
2015-01-27,124.4000015258789,124.63999938964844,123.51000213623047,123.55999755859375,9584800,119.12550086975098,116.14727311567826,118.06274998982748,120.7068998336792,66.96641845227884,1.7300000871930803,0.010756172977574795
2015-01-28,123.41999816894531,123.88999938964844,122.94000244140625,123.5199966430664,8470600,119.61300086975098,116.39345495050604,118.04399998982747,120.68934982299805,62.822693393922115,1.7664282662527901,0.010612532968592901
2015-01-29,120.76000213623047,122.29000091552734,120.26000213623047,121.98999786376953,11998000,119.8910011291504,116.53509133078835,117.9988333384196,120.6538998413086,53.20024481181833,1.9192848205566406,0.0118196675761481
2015-01-30,123.44999694824219,123.55000305175781,120.91999816894531,121.30000305175781,14555900,120.38450088500977,116.77127311012961,117.9759999593099,120.64369983673096,59.890879568900125,2.018571036202567,0.011943973879500762
2015-02-02,122.41999816894531,123.16000366210938,121.81999969482422,121.83999633789062,8885200,120.8015007019043,116.96000033291904,117.94649995168051,120.62809982299805,56.556781435154065,2.03142820085798,0.012270579930617023
2015-02-03,121.05000305175781,121.76000213623047,120.55999755859375,121.73999786376953,8255900,121.06400070190429,117.13363675204191,117.90533332824707,120.60959983825684,52.37992496522241,2.0699996948242188,0.012383367066950847
2015-02-04,121.58000183105469,122.22000122070312,120.91999816894531,121.62999725341797,5386700,121.28700065612793,117.31381863680753,117.86683336893718,120.59629985809326,53.801384050447986,2.0614286150251115,0.012209918324345533
2015-02-05,121.79000091552734,121.83000183105469,120.61000061035156,120.9800033569336,6879900,121.55500068664551,117.4469095403498,117.82916673024495,120.58634986877442,54.382420980662374,1.882143293108259,0.012070749048115567
2015-02-06,118.63999938964844,119.5199966430664,117.94999694824219,119.1500015258789,13206900,121.69000053405762,117.53036401922053,117.77216669718425,120.56074985504151,45.1994015601627,1.9985722133091517,0.013566056939827405
2015-02-09,119.16999816894531,119.4000015258789,118.7699966430664,118.83000183105469,5237200,121.78550033569336,117.60527302135121,117.72391668955485,120.53379985809326,46.826344317360665,1.9042865208217077,0.013380673280925218
2015-02-10,118.47000122070312,119.05999755859375,118.20999908447266,118.62999725341797,4086300,121.78100051879883,117.69236394708807,117.67216669718424,120.4989998626709,44.92911093663905,1.832144056047712,0.013237342244086563
2015-02-11,117.06999969482422,118.56999969482422,117.0,118.48999786376953,6784400,121.72650032043457,117.73254574862393,117.61258335113526,120.45994987487794,41.32299764021849,1.8421440124511719,0.013484463054611706
2015-02-12,117.33999633789062,117.81999969482422,117.08999633789062,117.68000030517578,4344400,121.69500007629395,117.76800023859198,117.5664166768392,120.42234985351563,42.28508420003267,1.7614293779645647,0.013494057528286911
2015-02-13,117.9800033569336,118.58000183105469,117.79000091552734,118.05000305175781,4108900,121.54700012207032,117.82018210671164,117.52300001780192,120.39114986419678,44.60374741168463,1.7278578622000558,0.012202308639222002
2015-02-17,116.01000213623047,116.54000091552734,115.58000183105469,116.4000015258789,7225200,121.22150039672852,117.8316367409446,117.46691672007243,120.35219985961913,39.361817709534705,1.7814292907714844,0.012190156556287563
2015-02-18,116.33999633789062,116.52999877929688,114.98999786376953,115.98999786376953,8336000,120.82850036621093,117.85309115323153,117.40850003560384,120.30859985351563,40.620683795697076,1.7871437072753906,0.011652533076709179
2015-02-19,115.94000244140625,116.54000091552734,115.73999786376953,116.4000015258789,6528700,120.41400032043457,117.9227275501598,117.34700005849203,120.25719985961913,39.5489184519075,1.618572780064174,0.011624368879369034
2015-02-20,115.27999877929688,116.45999908447266,115.05000305175781,116.0999984741211,6681700,119.91650009155273,117.89909113103693,117.27433338165284,120.20369983673096,37.7777252066979,1.520001002720424,0.011315074802261625
2015-02-23,115.43000030517578,116.22000122070312,115.06999969482422,115.11000061035156,4812400,119.47649993896485,117.9043638749556,117.2040833791097,120.15999984741211,38.45237232380344,1.485715593610491,0.01133646494657709
2015-02-24,115.26000213623047,115.55000305175781,114.29000091552734,115.0,7612900,119.09000015258789,117.88490933504971,117.15083338419596,120.11544986724853,37.95017109312644,1.4428585597446986,0.011243873560239525
2015-02-25,115.69999694824219,115.88999938964844,115.33000183105469,115.83000183105469,5032500,118.65499992370606,117.88163660222834,117.09708334604899,120.07344985961915,40.129658503407015,1.395001002720424,0.010842532257054048
2015-02-26,116.06999969482422,116.55000305175781,115.83000183105469,116.54000091552734,4025400,118.2875,117.91145477294921,117.05199998219808,120.02909984588624,41.975388182211496,1.368572780064174,0.01089325389609585
2015-02-27,116.16000366210938,117.06999969482422,116.16000366210938,116.73999786376953,8255600,118.05750007629395,117.91836395263672,117.00283336639404,119.98689987182617,42.440242325007226,1.1657153538295202,0.010000315756199134
2015-03-02,115.68000030517578,116.63999938964844,115.62000274658203,116.5,7993300,117.66900024414062,117.8727275501598,116.9607500076294,119.93624988555908,40.5733772709506,1.184286390032087,0.008227633348277003
2015-03-03,115.47000122070312,116.61000061035156,115.3499984741211,116.04000091552734,4738300,117.32150039672851,117.82745486172763,116.91574999491374,119.88974990844727,39.74957056585419,1.2057151794433594,0.008142422695458545
2015-03-04,115.11000061035156,115.79000091552734,115.0199966430664,115.69999694824219,4762400,117.02450027465821,117.78054573752664,116.87283331553141,119.84279991149903,38.31340205796515,1.1485726492745536,0.007905723982737181
2015-03-05,115.0,116.12000274658203,114.83999633789062,115.43000030517578,5872200,116.69550018310547,117.73672748912465,116.83558330535888,119.79489990234374,37.86324165318196,1.1864302498953683,0.007750536381563659
2015-03-06,111.86000061035156,113.26000213623047,111.69999694824219,113.16999816894531,11190800,116.19900016784668,117.69072751131925,116.78125,119.73074989318847,27.816279450101476,1.3335729326520647,0.009409162029159058
2015-03-09,111.97000122070312,112.62000274658203,111.94999694824219,112.41999816894531,5534000,115.86550025939941,117.63654577081854,116.72566668192546,119.66864990234374,28.531731365927556,1.2164301191057478,0.007959276723201701
2015-03-10,111.41999816894531,112.3499984741211,111.22000122070312,112.08999633789062,7019800,115.47800025939941,117.5847276167436,116.66391665140787,119.60239990234375,27.086148061512887,1.1871441432407923,0.0077791994398038345
2015-03-11,110.75,111.25,110.16000366210938,111.2300033569336,6550400,115.09200019836426,117.50472758900035,116.60733331044516,119.5335998916626,25.39801027189914,1.2200006757463728,0.007781661906997901
2015-03-12,110.72000122070312,111.19999694824219,110.25,111.1500015258789,6631500,114.77450027465821,117.43109130859375,116.54849999745687,119.4779499053955,25.32191252501063,1.1871435982840401,0.007543873548937596
2015-03-13,110.87999725341797,111.27999877929688,110.51000213623047,111.0999984741211,4557600,114.45150032043458,117.40072756680576,116.49675000508627,119.42634990692139,26.585325394665645,1.1600003923688615,0.0075158556712659344
2015-03-16,110.80999755859375,111.20999908447266,110.41999816894531,111.08999633789062,3265300,114.09300003051757,117.36563665216619,116.44641666412353,119.37569988250732,26.375084313075348,1.1264288766043526,0.007283686213500347
2015-03-17,110.20999908447266,111.3499984741211,109.7699966430664,109.91999816894531,8923300,113.8029998779297,117.31909124200995,116.38483333587646,119.32459987640381,24.5807266962221,1.1942863464355469,0.00657820734403501
2015-03-18,112.37000274658203,112.87000274658203,110.08999633789062,110.33000183105469,12448000,113.60450019836426,117.27436398592862,116.34583333333333,119.28794990539551,40.32138543258482,1.3321435110909599,0.008173446021287044
2015-03-19,112.29000091552734,112.58000183105469,111.58000183105469,111.8499984741211,6537700,113.42200012207032,117.24927312677556,116.30333334604899,119.24934989929199,39.98849163333495,1.3321435110909599,0.008165707220541704
2015-03-20,113.56999969482422,114.0,112.66999816894531,112.70999908447266,8033400,113.33650016784668,117.21963681307706,116.27425003051758,119.21839988708496,47.462204629729534,1.3814293997628349,0.008594254195211292
2015-03-23,114.29000091552734,114.37000274658203,113.48999786376953,113.69999694824219,4240300,113.27950019836426,117.2325458873402,116.25141671498616,119.18654987335205,51.147695103917165,1.3542867388044084,0.008729152877516575
2015-03-24,114.56999969482422,114.6500015258789,113.81999969482422,114.3499984741211,2979300,113.24500007629395,117.24145493940874,116.23775005340576,119.15634986877441,52.54194609620934,1.358572278703962,0.008749239664194242
2015-03-25,114.7300033569336,115.13999938964844,114.6500015258789,115.11000061035156,3021400,113.19650039672851,117.22200039950285,116.22075010935465,119.12674987792968,53.361094745048696,1.3078575134277344,0.008706449577365338
2015-03-26,115.4800033569336,115.83999633789062,115.33999633789062,115.7300033569336,5495200,113.16700057983398,117.19218222878196,116.21025015513102,119.09719989776612,57.09906289639188,1.15142822265625,0.008810164808616511
2015-03-27,115.05999755859375,115.36000061035156,114.44999694824219,115.13999938964844,4921700,113.1120002746582,117.16727308793502,116.21400012969971,119.06544986724853,54.466403623009,1.1707142421177454,0.008839186324209452
2015-03-30,113.75,114.01000213623047,113.54000091552734,113.9000015258789,4383900,113.01550025939942,117.12745486172763,116.19500013987223,119.02099987030029,47.162393077413455,1.1985713413783483,0.009142309458381103
2015-03-31,113.66000366210938,114.27999877929688,113.41000366210938,113.83999633789062,4383300,112.92500038146973,117.06200034401634,116.17250016530355,118.97449989318848,46.69907419828727,1.1707142421177454,0.009139196544138395
2015-04-01,115.5999984741211,115.98999786376953,114.54000091552734,114.55999755859375,7324000,112.9495002746582,117.00818217884411,116.15691680908203,118.94039989471436,56.59737363943252,1.2692854745047433,0.009943207394155995
2015-04-02,115.27999877929688,115.72000122070312,114.68000030517578,115.47000122070312,3884100,112.96350021362305,116.95581845370207,116.1372501373291,118.90539989471435,54.789948145538055,1.288571493966239,0.009963106044951046
2015-04-06,116.69000244140625,117.47000122070312,116.5199966430664,117.31999969482422,5914200,113.20500030517579,116.93254574862394,116.12975018819174,118.87549991607666,60.73939361294979,1.3885716029575892,0.007942463891006328
2015-04-07,116.11000061035156,116.51000213623047,115.94000244140625,116.2699966430664,2468500,113.4120002746582,116.84472753351385,116.1096668879191,118.82134990692138,57.39360284480692,1.3292857578822546,0.008098368110497224
2015-04-08,115.47000122070312,116.02999877929688,114.9000015258789,115.9800033569336,5568500,113.6145004272461,116.7165457985618,116.08366692860922,118.7661999130249,53.867537717087224,1.2171423775809151,0.008125790952888689
2015-04-09,114.66999816894531,114.8499984741211,114.4800033569336,114.80000305175781,4707000,113.81050033569336,116.54327309348366,116.04766693115235,118.70529991149903,49.75280894045168,1.216427939278739,0.008174630363246395
2015-04-10,115.97000122070312,116.19000244140625,115.5,116.0,3932400,114.07300033569337,116.39309123646129,116.02058359781901,118.65024990081787,55.67762082340586,1.2028568812779017,0.008430017646496235
2015-04-13,115.13999938964844,115.38999938964844,114.80000305175781,115.3499984741211,3190100,114.28600044250489,116.20963661887428,115.98850027720134,118.59099990844726,51.50213181155195,1.2235706874302454,0.00869406606596832
2015-04-14,114.44000244140625,115.06999969482422,114.38999938964844,114.69000244140625,3651500,114.46750068664551,116.03163660222833,115.9438336054484,118.52954990386962,48.217879155316034,1.2178562709263392,0.008862028568564995
2015-04-15,115.43000030517578,115.5999984741211,114.47000122070312,114.80000305175781,3656000,114.72850074768067,115.894182101163,115.90558363596598,118.47339988708497,52.802016222265856,1.2599988664899553,0.008829920521907996
2015-04-16,115.02999877929688,115.66000366210938,114.63999938964844,115.55000305175781,3132300,114.8615005493164,115.72381841486151,115.86966698964437,118.40834991455078,50.84350824726288,1.2535711015973772,0.007918103094460735
2015-04-17,115.5999984741211,115.79000091552734,115.2300033569336,115.37999725341797,3496300,115.0270004272461,115.58163660222834,115.84533367156982,118.34784992218017,53.49085513214353,1.2342850821358817,0.0079474234308
2015-04-20,114.72000122070312,114.94999694824219,114.31999969482422,114.81999969482422,3932800,115.08450050354004,115.4718184037642,115.81508369445801,118.28294994354248,49.09485841213506,1.2171423775809151,0.007835198127974516
2015-04-21,115.37999725341797,115.55999755859375,114.6500015258789,114.72000122070312,3317700,115.13900032043458,115.32509113658558,115.79275035858154,118.22404991149902,52.26349976991041,1.2199995858328683,0.007813384471803887
2015-04-22,113.83000183105469,114.95999908447266,113.7699966430664,114.83000183105469,5696000,115.1020004272461,115.16890938498757,115.75716705322266,118.15809993743896,45.154814691702434,1.1685714721679688,0.008391036648969256
2015-04-23,114.66000366210938,114.95999908447266,113.80999755859375,113.9000015258789,3459500,115.09850044250489,115.05272757790306,115.74258371988932,118.0960499572754,49.14384747710393,1.1764286586216517,0.008555347961460182
2015-04-24,113.05000305175781,114.06999969482422,112.7699966430664,113.95999908447266,7152900,114.9770004272461,114.89763669100675,115.72475039164225,118.02209999084472,42.66195886358329,1.1550004141671317,0.008956369632949926
2015-04-27,115.33000183105469,115.81999969482422,113.66999816894531,113.87000274658203,7487600,114.99050064086914,114.78018216219816,115.74700037638347,117.95605003356934,52.26414963299653,1.299285888671875,0.010099742640912809
2015-04-28,116.33000183105469,116.62000274658203,115.33999633789062,115.36000061035156,8054400,115.11950073242187,114.73818220658735,115.78183371225992,117.89380004882813,55.76328255168315,1.3050003051757812,0.009885918100442285
2015-04-29,115.51000213623047,116.38999938964844,115.27999877929688,116.05999755859375,7170500,115.21200065612793,114.67163682417436,115.80925038655599,117.84275005340577,52.37310478671877,1.3135719299316406,0.010048884098695421
2015-04-30,113.47000122070312,113.87999725341797,112.95999908447266,113.87999725341797,9440300,115.10550079345703,114.58072773326526,115.83991705576578,117.78745006561279,45.03729889747909,1.387143271309989,0.010100302513864493
2015-05-01,113.08000183105469,113.30999755859375,112.27999877929688,112.41999816894531,7597000,114.99550094604493,114.50818231756037,115.86658376057943,117.72800006866456,43.774938663737665,1.3885721479143416,0.010107984279463246
2015-05-04,114.0999984741211,114.44000244140625,113.87999725341797,114.18000030517578,3648100,114.86600074768066,114.44927326549183,115.87600040435791,117.66305007934571,47.888904412497304,1.4321436200823103,0.009911794603196002
2015-05-05,114.41999816894531,115.11000061035156,114.38999938964844,114.88999938964844,3856500,114.78150062561035,114.3845458984375,115.90900039672852,117.60450008392334,49.14606512754482,1.4214297703334264,0.009903439217791897
2015-05-06,114.36000061035156,114.75,114.0199966430664,114.58999633789062,3280700,114.72600059509277,114.35454587069425,115.92833372751872,117.54460010528564,48.90782896773052,1.4007154192243303,0.009838107279025341
2015-05-07,113.41999816894531,114.01000213623047,113.31999969482422,113.83999633789062,5455100,114.66350059509277,114.30145499489524,115.94433371225993,117.48300010681152,45.21010466998644,1.42071533203125,0.009887071852992759
2015-05-08,113.97000122070312,114.43000030517578,113.58999633789062,114.33999633789062,9964100,114.56350059509278,114.26563679088245,115.96350040435792,117.42475009918213,47.70162884893691,1.4014298575265067,0.009579881150105548
2015-05-11,113.52999877929688,114.30999755859375,113.08000183105469,114.08999633789062,2916700,114.48300056457519,114.23381860906427,115.95566705067952,117.370650100708,45.90324380451592,1.4242869785853796,0.009493186760191109
2015-05-12,114.5,114.66999816894531,114.05999755859375,114.0999984741211,3256700,114.48600044250489,114.21690951260653,115.95941702524821,117.31420009613038,50.34743786661183,1.3907154628208704,0.009616245909914079
2015-05-13,116.55000305175781,116.93000030517578,115.68000030517578,115.73999786376953,11768200,114.54200057983398,114.24036407470703,115.9719170252482,117.26905010223389,58.16890058569912,1.4821439470563615,0.010252362024786164
2015-05-14,117.18000030517578,117.75,117.02999877929688,117.27999877929688,6923000,114.64950065612793,114.26727322665128,116.00108369191487,117.22895011901855,60.241635027836764,1.4328575134277344,0.010262169138667027
2015-05-15,117.52999877929688,117.62999725341797,116.68000030517578,116.80000305175781,4447300,114.74600067138672,114.29381866455078,116.0233336766561,117.19245010375977,61.38635014319926,1.3028575352260046,0.010231394036321279
2015-05-18,117.5199966430664,117.87999725341797,117.2699966430664,117.77999877929688,5079900,114.88600044250488,114.31854580965908,116.0410836537679,117.16310009002686,61.33200417182183,1.2542860848563058,0.010039279014371455
2015-05-19,115.88999938964844,116.7300033569336,115.6500015258789,116.55000305175781,5052100,114.9115005493164,114.32236397483132,116.04758364359537,117.120650100708,53.08417912625911,1.3085714067731584,0.010523671274853805
2015-05-20,116.08000183105469,116.37999725341797,115.76000213623047,116.02999877929688,4432600,115.02400054931641,114.33345489501953,116.05341701507568,117.08110012054443,53.86303711343033,1.1707136971609933,0.010017960987076203
2015-05-21,115.69000244140625,116.0,115.47000122070312,115.52999877929688,2514700,115.07550048828125,114.34400038285689,116.05783367156982,117.04020011901855,51.95640255354213,1.1292849949428014,0.009950278872570916
2015-05-22,115.5999984741211,115.93000030517578,115.31999969482422,115.51000213623047,1780200,115.20300025939942,114.35490944602273,116.08691698710123,116.98985012054443,51.50330250366432,1.0757135663713728,0.009354670334409537
2015-05-26,113.91000366210938,114.2300033569336,113.69999694824219,113.83999633789062,5769600,115.13200035095215,114.39218222878196,116.06466700236003,116.9285001373291,43.78247655220141,1.139284951346261,0.008854615653820818
2015-05-27,113.88999938964844,114.01000213623047,113.62999725341797,113.77999877929688,2681100,115.01000022888184,114.42709128639915,116.05425033569335,116.86700012207031,43.69896973032561,1.1142850603376115,0.008584929676987143
2015-05-28,114.0199966430664,114.16000366210938,113.20999908447266,113.8499984741211,5266000,114.93549995422363,114.47436398592862,116.03500029246013,116.80730010986328,44.440579492525096,1.1078567504882812,0.008477087845466235
2015-05-29,114.0999984741211,114.4800033569336,114.0,114.13999938964844,3407500,114.96699981689453,114.53527304909446,116.02016696929931,116.74785011291505,44.92141036085186,1.0699996948242188,0.0074680557866307765
2015-06-01,114.0,115.5,113.9000015258789,115.0199966430664,8254000,115.0129997253418,114.59490939053622,116.01658363342285,116.68685012817383,44.404118063742175,1.096428462437221,0.007422365946658017
2015-06-02,114.45999908447266,114.6500015258789,114.16999816894531,114.36000061035156,3988600,115.03099975585937,114.66000033291904,116.00558363596598,116.62760013580322,47.40451929357179,1.0614286150251115,0.00719910949549051
2015-06-03,113.63999938964844,114.37000274658203,113.08000183105469,114.12999725341797,4885200,114.99199981689453,114.71145491166548,115.967666943868,116.5684001159668,42.95426888217945,0.9864283970424107,0.007351467709319654
2015-06-04,112.83999633789062,113.1500015258789,112.4800033569336,112.9800033569336,5566600,114.91599960327149,114.7592730435458,115.92500025431315,116.50780010223389,39.0978822182269,0.9835711887904576,0.007503954123701702
2015-06-05,112.23999786376953,112.38999938964844,111.56999969482422,111.5999984741211,5561300,114.8569995880127,114.75690931840377,115.87958354949951,116.44560009002686,36.4544511467465,1.0064283098493303,0.00737668138153456
2015-06-08,112.56999969482422,112.66000366210938,112.12999725341797,112.38999938964844,3122100,114.78699951171875,114.76200020530007,115.83925018310546,116.38735008239746,38.90124837785415,1.0007144383021764,0.007315961606236018
2015-06-09,112.81999969482422,113.2300033569336,112.70999908447266,113.1500015258789,3529900,114.75149955749512,114.7483638416637,115.82616685231527,116.33705009460449,40.762137789892236,0.9142864772251674,0.007299336442024234
2015-06-10,113.77999877929688,114.13999938964844,113.69000244140625,114.13999938964844,5452900,114.71549949645996,114.73909107555042,115.81641686757406,116.29000007629395,47.38862513340659,0.9642868041992188,0.0072971185190929206
2015-06-11,113.26000213623047,113.41000366210938,112.91999816894531,113.2699966430664,4434700,114.55099945068359,114.71527293812144,115.80800024668376,116.24260009765625,44.485806711070175,0.9821439470563617,0.00595488968021244
2015-06-12,113.2300033569336,113.5,112.95999908447266,113.05999755859375,2998500,114.35349960327149,114.68800021084873,115.79200026194255,116.19200012207031,44.31714934831702,0.9771439688546317,0.00574440249065511
2015-06-15,113.7300033569336,114.1500015258789,113.20999908447266,113.27999877929688,5055100,114.16349983215332,114.65618202903055,115.78333365122477,116.14405014038086,47.864992256161116,0.9085726056780133,0.005814191212526396
2015-06-16,113.31999969482422,113.44999694824219,112.79000091552734,113.08000183105469,4033300,113.95349998474121,114.62454570423473,115.789750289917,116.09065013885498,45.315286490499844,0.9485724312918526,0.005818371646584293
2015-06-17,113.8499984741211,114.04000091552734,112.62999725341797,113.06999969482422,6456000,113.85149993896485,114.62636385830966,115.79900029500325,116.04060012817382,49.09050973696245,0.9814295087541852,0.005243301199595848
2015-06-18,115.31999969482422,115.61000061035156,114.88999938964844,115.19000244140625,8041300,113.81349983215333,114.65654560435902,115.82025032043457,116.00895011901855,57.79375001614259,1.0728579929896764,0.006068636389512394
2015-06-19,115.12000274658203,115.45999908447266,114.94999694824219,115.33999633789062,4611600,113.78499984741211,114.64781840931286,115.82266699473062,115.97380012512207,56.38150755230986,0.9950011117117745,0.006036454868459492
2015-06-22,113.63999938964844,113.94000244140625,113.33999633789062,113.79000091552734,5763700,113.68699989318847,114.61800023859197,115.82241700490316,115.93460010528564,47.19149434454872,1.0757157461983817,0.0066655931985625735
2015-06-23,112.88999938964844,113.16999816894531,112.79000091552734,112.95999908447266,4522800,113.63599967956543,114.54890927401456,115.80316702524821,115.88875011444092,43.33655880434293,1.0378586905343192,0.0060006928835001794
2015-06-24,112.58999633789062,112.73999786376953,112.30999755859375,112.4800033569336,2975500,113.57099952697754,114.48490919633345,115.79491697947184,115.8480500793457,41.86344123779437,0.9964305332728794,0.006020729002452087
2015-06-25,112.44000244140625,112.70999908447266,112.31999969482422,112.43000030517578,2904700,113.49199981689453,114.42981830943714,115.78125031789143,115.80590007781983,41.110998238278974,0.9335735866001674,0.006009407377263632
2015-06-26,112.55999755859375,112.68000030517578,112.12999725341797,112.19999694824219,4392600,113.41499977111816,114.39145466197621,115.75425027211507,115.76740005493164,42.00899340353299,0.9350019182477679,0.006014385569378366
2015-06-29,113.06999969482422,113.2300033569336,112.52999877929688,112.80999755859375,5820200,113.36849975585938,114.33872736150568,115.72050024668376,115.73540004730225,45.79248202959409,0.937859126499721,0.006124767885379923
2015-06-30,112.37000274658203,113.05000305175781,111.83999633789062,112.23999786376953,7897000,113.26399993896484,114.2883637861772,115.68666693369548,115.70535007476806,41.76483511037889,0.9314308166503906,0.00616248660888276
2015-07-01,111.9800033569336,112.51000213623047,111.94000244140625,112.12000274658203,4409000,113.18100013732911,114.24363653009588,115.65366694132487,115.67205009460449,39.67127318892,0.9107164655412946,0.0060186471452503025
2015-07-02,111.76000213623047,111.83999633789062,111.41000366210938,111.66000366210938,3838600,113.12700042724609,114.17690929066052,115.60783360799154,115.63670009613037,38.49889127899221,0.9128592354910714,0.005842504035804263
2015-07-06,112.05999755859375,112.58000183105469,111.62999725341797,111.70999908447266,4259800,113.11800041198731,114.1229092684659,115.55366694132486,115.6093000793457,41.05688951573895,0.9135736737932477,0.005766177183871082
2015-07-07,110.76000213623047,111.13999938964844,110.05000305175781,111.08000183105469,9073400,113.02750053405762,114.03490933504972,115.49200026194255,115.57420009613037,34.38307813309174,0.9900016784667969,0.006262741463059518
2015-07-08,111.08999633789062,111.6500015258789,111.08000183105469,111.37999725341797,5694900,112.94100036621094,113.96890924627131,115.43466688791911,115.54420009613037,37.17479252285393,0.9528585161481585,0.006284203831831327
2015-07-09,111.36000061035156,111.93000030517578,111.1500015258789,111.80000305175781,3802900,112.82000045776367,113.89581839821555,115.35483353932699,115.51675010681153,39.444942568104935,0.8871443612234933,0.005950790950335702
2015-07-10,111.48999786376953,111.70999908447266,111.02999877929688,111.18000030517578,3594900,112.73150024414062,113.85327287153764,115.26291688283284,115.48620010375977,40.55861576975486,0.8992870875767299,0.005910701799146938
2015-07-13,110.98999786376953,111.13999938964844,110.36000061035156,110.43000030517578,4279300,112.61949996948242,113.78654549338601,115.1528335571289,115.45590007781982,37.68765673484499,0.8528578622000558,0.0059667485816308615
2015-07-14,110.73999786376953,111.08000183105469,110.62999725341797,111.0,2601000,112.46999969482422,113.74454539905895,115.04041684468588,115.42265007019043,36.30392426654286,0.824286869594029,0.005834106946954886
2015-07-15,110.16000366210938,110.19000244140625,109.58000183105469,110.0,9286200,112.31199989318847,113.65054543235085,114.91483351389567,115.388150100708,33.2535100514898,0.8657150268554688,0.005879075598924326
2015-07-16,109.76000213623047,110.01000213623047,109.5999984741211,109.66999816894531,4629700,112.10750007629395,113.53109089244495,114.79425017038982,115.35180011749267,31.30018369776826,0.8778582981654576,0.005718663232222881
2015-07-17,108.6500015258789,109.16000366210938,108.4000015258789,109.11000061035156,14858300,111.77400016784668,113.40636360862038,114.67475020090738,115.3140001296997,26.626149049134327,0.9357152666364398,0.004850214445286112
2015-07-20,105.69999694824219,106.6500015258789,105.62000274658203,106.5999984741211,15751700,111.3029998779297,113.26509080366655,114.51891682942708,115.25865013122558,18.653668719278144,1.1021434238978796,0.007248307367565389
2015-07-21,105.37000274658203,106.31999969482422,105.25,105.80999755859375,10519800,110.88950004577637,113.12490900213068,114.36850020090739,115.20180015563965,18.004244758094302,1.090714590890067,0.006959965261222541
2015-07-22,104.80000305175781,105.08999633789062,104.18000030517578,104.38999938964844,8349200,110.48500022888183,112.95581817626953,114.23550020853678,115.15275016784668,16.9091804947887,1.135000501360212,0.006939349914880736
2015-07-23,104.33000183105469,105.30000305175781,104.19999694824219,104.9800033569336,5779300,110.07200050354004,112.77236369739879,114.07616691589355,115.09425018310547,16.042714356645362,1.1728581019810267,0.006937097415924012
2015-07-24,105.3499984741211,105.58999633789062,103.43000030517578,103.61000061035156,11572700,109.71750030517578,112.60854547674006,113.93391691843668,115.03920017242432,25.022102279562247,1.2592860630580358,0.00756010287436602
2015-07-27,104.86000061035156,105.68000030517578,104.66000366210938,104.94000244140625,10690100,109.33250045776367,112.4529091574929,113.79900023142497,114.97615016937256,23.71019369398607,1.1885719299316406,0.007497146942677735
2015-07-28,105.0199966430664,105.33000183105469,104.83000183105469,105.08999633789062,5549200,108.93000030517578,112.29018180153587,113.66100018819174,114.91305015563965,25.091252044553798,1.160714830671038,0.007356306102873648
2015-07-29,105.16999816894531,105.62999725341797,104.48999786376953,104.93000030517578,5616900,108.57000007629395,112.13818179043857,113.52250016530355,114.85095016479492,26.435820924084524,1.182143075125558,0.007415393949088452
2015-07-30,104.2699966430664,104.97000122070312,103.86000061035156,104.02999877929688,6652000,108.18449974060059,111.9521817294034,113.40275014241537,114.77970016479492,23.688438005142473,1.2271428789411272,0.007508961181926193
2015-07-31,104.93000030517578,105.75,104.69000244140625,105.41000366210938,6689200,107.84299964904785,111.74090895219283,113.28408349355063,114.71140018463134,29.476683015637164,1.252143314906529,0.007822662001460564
2015-08-03,104.0999984741211,104.81999969482422,104.05000305175781,104.58999633789062,3528600,107.44499969482422,111.50309073708274,113.16433347066244,114.63695018768311,26.730777768942815,1.2828570774623327,0.007767534572229697
2015-08-04,104.30999755859375,104.75,103.94999694824219,104.55999755859375,3241000,107.12249946594238,111.2627270785245,113.05800011952718,114.56240016937255,28.544479050225704,1.257143293108259,0.007629385187875306
2015-08-05,103.93000030517578,104.5,103.77999877929688,104.41999816894531,5041000,106.76449966430664,111.0156362360174,112.9462501525879,114.48710018157959,27.230906636904407,1.2685715811593192,0.007500319570806357
2015-08-06,104.38999938964844,104.86000061035156,104.13999938964844,104.1500015258789,3908100,106.41599960327149,110.8065453269265,112.83300011952718,114.41005016326905,31.34939156988851,1.2378572736467635,0.007593243681644322
2015-08-07,104.6500015258789,105.37999725341797,104.55000305175781,104.55999755859375,4400900,106.07399978637696,110.59872713955966,112.73833344777425,114.3332001876831,33.635673791088195,1.0921429225376673,0.007638920546464007
2015-08-10,105.72000122070312,106.2699966430664,104.91999816894531,105.02999877929688,5892600,105.81049995422363,110.41745439009233,112.64983348846435,114.26510021209717,42.17104158043798,1.1314283098493303,0.008190105197328013
2015-08-11,106.26000213623047,106.62999725341797,105.7699966430664,106.48999786376953,4060900,105.58650016784668,110.24763627485795,112.56916681925456,114.203800239563,45.94924096578565,1.1114278520856584,0.008360542861492968
2015-08-12,107.75,107.91000366210938,106.93000030517578,106.98999786376953,10022500,105.46599998474122,110.13563620827415,112.50641682942708,114.15080024719238,54.73667011469576,1.1507132393973214,0.00905213708592062
2015-08-13,106.86000061035156,107.18000030517578,106.70999908447266,106.94999694824219,4761700,105.32099990844726,110.00781804865056,112.43500016530355,114.09480026245117,49.55428157844541,1.0707135881696428,0.009179442308335683
2015-08-14,106.8499984741211,107.41000366210938,106.54000091552734,107.06999969482422,3509200,105.23099975585937,109.87745444557883,112.36491680145264,114.03855026245117,49.49756328492339,1.059999738420759,0.008943393697645404
2015-08-17,107.12999725341797,107.51000213623047,107.0,107.37000274658203,5769100,105.30249977111816,109.75072715065696,112.2935001373291,113.99215023040772,51.18205740676151,1.0714285714285714,0.006458315797561346
2015-08-18,107.11000061035156,107.33000183105469,106.30999755859375,106.66999816894531,4121800,105.38949966430664,109.62545443448154,112.21883347829183,113.95175022125244,51.05109463280296,1.0628574916294642,0.006400173839902881
2015-08-19,108.55000305175781,108.66999816894531,107.62999725341797,107.62999725341797,7035100,105.57699966430664,109.51799996115945,112.1554168065389,113.93120021820069,59.156019653108494,1.0807146344866072,0.006806991047855107
2015-08-20,110.44000244140625,110.61000061035156,109.69999694824219,109.80999755859375,12549000,105.88249969482422,109.45981819846413,112.11175015767415,113.92265022277832,66.90220953135085,1.1221427917480469,0.007474262521081226
2015-08-21,111.12999725341797,111.33000183105469,110.12000274658203,110.93000030517578,13917600,106.17149963378907,109.42872730601917,112.07558345794678,113.9172002029419,69.19886399225689,1.145714351109096,0.007343293925319869
2015-08-24,110.52999877929688,112.12000274658203,109.7699966430664,111.54000091552734,18388700,106.45499954223632,109.39763641357422,112.03741677602132,113.92090019226075,64.97662501608158,1.2564288548060827,0.00738448787720581
2015-08-25,109.16000366210938,110.05000305175781,108.72000122070312,110.01000213623047,9974200,106.66199989318848,109.33563648570667,111.98875013987224,113.9173002243042,56.49961169917268,1.3342857360839844,0.008116967138010592
2015-08-26,107.66999816894531,108.05999755859375,107.08000183105469,107.72000122070312,10856600,106.78699989318848,109.24200009432705,111.95383345286051,113.89080020904541,49.01052880404053,1.416428702218192,0.00883778197199491
2015-08-27,107.7300033569336,108.04000091552734,107.11000061035156,107.33000183105469,8102100,106.96000022888184,109.13200017755682,111.9185001373291,113.87715023040772,49.30197596032368,1.4121431623186385,0.008537360951353674
2015-08-28,108.69999694824219,109.30000305175781,108.12000274658203,108.16999816894531,7558900,107.14850006103515,109.04909099232067,111.89583346048991,113.86045021057129,53.89012970590898,1.408572060721261,0.008634599244555256
2015-08-31,108.81999969482422,108.91999816894531,108.02999877929688,108.19000244140625,4532100,107.3845001220703,108.96890910755505,111.87975012461344,113.8470502090454,54.43947155706454,1.4071437290736608,0.00833089784391599
2015-09-01,109.19999694824219,109.7699966430664,108.94000244140625,109.62999725341797,7077800,107.62900009155274,108.88654535466975,111.86708342234293,113.83470020294189,56.218226385189446,1.3571434020996094,0.008335231022595237
2015-09-02,108.62000274658203,109.33999633789062,108.45999908447266,109.01000213623047,4115700,107.86350021362304,108.8010908647017,111.84825013478597,113.8054502105713,52.82806831905641,1.3457145690917969,0.00840616029804411
2015-09-03,107.83999633789062,108.31999969482422,107.55999755859375,107.7699966430664,3913100,108.03600006103515,108.69181809858843,111.82350012461345,113.77440017700195,48.584782616579325,1.359286172049386,0.008644787574030255
2015-09-04,107.48999786376953,107.55999755859375,107.06999969482422,107.13999938964844,4025000,108.1779998779297,108.54945442893289,111.80083344777425,113.736600151062,46.76946505494995,1.367142813546317,0.008710769001399716
2015-09-08,107.5199966430664,107.94000244140625,107.30999755859375,107.5999984741211,5982100,108.26799964904785,108.41127249977805,111.76041673024496,113.70580013275146,46.95241827221534,1.3392857142857142,0.008459273894641123
2015-09-09,106.12999725341797,106.70999908447266,105.4800033569336,106.63999938964844,8855100,108.26149940490723,108.27472700639204,111.70908336639404,113.6621501159668,40.07874284662131,1.3735711233956474,0.008932751625977857
2015-09-10,106.37999725341797,106.69999694824219,106.18000030517578,106.61000061035156,6204000,108.19299926757813,108.15636333118786,111.64916667938232,113.61710010528564,41.731003929303604,1.2671427045549666,0.008327707097839228
2015-09-11,106.16000366210938,106.19999694824219,105.2699966430664,105.6500015258789,4023900,108.15799942016602,108.03945437344638,111.5814167022705,113.57235012054443,40.66830907674708,1.2599999564034599,0.00814122384346334
2015-09-14,106.22000122070312,106.38999938964844,105.77999877929688,105.86000061035156,2350800,108.12649955749512,107.92636344216086,111.51183338165283,113.52655014038086,41.10877122509199,1.135713849748884,0.00814342283628054
2015-09-15,105.9000015258789,106.05999755859375,105.68000030517578,105.83000183105469,2905000,108.06499977111817,107.80527260520242,111.43825003306071,113.48025012969971,39.42755941972671,1.0449998038155692,0.00813581284675414
2015-09-16,107.30999755859375,107.70999908447266,106.55999755859375,106.5999984741211,5315600,108.07499961853027,107.70054529363459,111.37016665140787,113.45625011444092,49.27195526505385,1.0257137843540736,0.00870722794362088
2015-09-17,108.41000366210938,108.58000183105469,106.95999908447266,107.06999969482422,8403800,108.06799964904785,107.62854531028054,111.31475003560384,113.41540012359619,55.36644515724128,1.0749996730259486,0.0084764333664016
2015-09-18,109.20999908447266,109.37999725341797,108.81999969482422,109.0999984741211,6794300,108.00649948120117,107.5781815962358,111.27691669464112,113.3857501220703,59.20504456023863,1.032142094203404,0.007646142548332534
2015-09-21,108.52999877929688,108.66000366210938,108.33000183105469,108.48999786376953,4104800,107.87649955749512,107.51945426247336,111.23416665395101,113.34675010681153,54.88423414367728,1.0314276559012276,0.007572418219507223
2015-09-22,107.79000091552734,107.95999908447266,107.44000244140625,107.58000183105469,5483300,107.73949966430663,107.44181795987215,111.16908334096273,113.30630012512206,50.55990456550268,1.0414276123046875,0.0076207737508438445
2015-09-23,108.22000122070312,108.63999938964844,108.19999694824219,108.54000091552734,2744200,107.69249954223633,107.39563612504439,111.11025002797444,113.27525012969971,52.88302415461425,1.0392848423549108,0.007227528567354926
2015-09-24,110.48999786376953,110.81999969482422,109.62999725341797,109.66999816894531,11024300,107.83349952697753,107.38472706187855,111.0585833231608,113.24880012512207,62.81618281052417,1.1492843627929688,0.007994891502706245
2015-09-25,109.80999755859375,110.02999877929688,109.55000305175781,109.87000274658203,5209500,107.93749923706055,107.35654518821023,111.00608329772949,113.20690010070801,58.81605013713502,1.1614270891462053,0.00816775026482707
2015-09-28,108.41999816894531,108.91000366210938,108.2699966430664,108.37000274658203,3809600,107.9234992980957,107.3007270119407,110.94733327229818,113.15920009613038,51.58477946829766,1.2264268057686942,0.008479201504683044
2015-09-29,107.9800033569336,108.69000244140625,107.87999725341797,108.23999786376953,4043600,107.88149948120117,107.24599983908914,110.8915833155314,113.11065010070801,49.50973690177904,1.1385705130440849,0.008519261043095456
2015-09-30,106.86000061035156,107.08000183105469,106.47000122070312,106.77999877929688,7405600,107.76449966430664,107.17545443448154,110.81566664377848,113.05790008544922,44.59247617776865,1.2057135445731026,0.00875084707154775
2015-10-01,106.7300033569336,107.20999908447266,106.62999725341797,106.9800033569336,4278600,107.66999969482421,107.11309079256925,110.74558334350586,113.01960010528565,44.045667266389636,1.1678564889090401,0.008693521959821558
2015-10-02,108.98999786376953,109.31999969482422,108.54000091552734,108.54000091552734,7730600,107.72749977111816,107.09909071488813,110.70016663869222,112.98980010986328,54.49309125663686,1.3092847551618303,0.009841635154857831
2015-10-05,108.7699966430664,109.37999725341797,108.45999908447266,109.13999938964844,5490200,107.791499710083,107.10127244429155,110.64466660817465,112.96230010986328,53.446925224208215,1.3364274161202567,0.009820358651212299
2015-10-06,109.86000061035156,110.26000213623047,109.62999725341797,109.80000305175781,7513900,107.90849990844727,107.17690887451172,110.6015832901001,112.93585010528564,57.77248543593506,1.313570840018136,0.01004077605699642
2015-10-07,109.69999694824219,110.13999938964844,109.33999633789062,109.75,5355500,108.08699989318848,107.25563604181463,110.55241661071777,112.91050010681153,56.9361725521382,1.2549994332449776,0.009509371822367399
2015-10-08,109.13999938964844,110.2699966430664,109.05999755859375,109.16000366210938,5038200,108.225,107.33454506613991,110.50591659545898,112.89345008850097,53.99036164179407,1.2721426827566964,0.009627816991474542
2015-10-09,110.87000274658203,111.05000305175781,110.2300033569336,110.54000091552734,7907300,108.46049995422364,107.45345417369495,110.46833330790201,112.88410011291504,60.74705671325091,1.3457145690917969,0.01011678165902437
2015-10-12,111.30999755859375,111.7300033569336,111.01000213623047,111.66999816894531,6257900,108.71499977111816,107.56181779341264,110.44733327229818,112.87680011749268,62.26486426681102,1.3292863028390067,0.010116082818145357
2015-10-13,111.86000061035156,111.87000274658203,111.27999877929688,111.36000061035156,5149600,109.0129997253418,107.68909052068537,110.42399991353354,112.86195011138916,64.13191001871476,1.3107152666364397,0.010048571874880457
2015-10-14,113.80999755859375,113.94999694824219,112.30000305175781,112.62999725341797,10207800,109.3379997253418,107.8489087191495,110.43033320109049,112.8626501083374,69.83119824699368,1.2742865426199776,0.010314273500464512
2015-10-15,113.29000091552734,113.98999786376953,112.94000244140625,113.19999694824219,14083900,109.58199958801269,107.99654513272372,110.4133331934611,112.85310012817382,66.78376258481548,1.2821437290736608,0.010297899300514982
2015-10-16,112.48999786376953,113.44000244140625,112.43000030517578,113.23999786376953,7328000,109.74599952697754,108.14599970037287,110.38133316040039,112.8476501083374,62.28063868936897,1.2442866734095983,0.010425100854615506
2015-10-19,112.0199966430664,112.69000244140625,111.88999938964844,112.63999938964844,3959400,109.92049942016601,108.27490872469815,110.3522497812907,112.83735008239746,59.73237243908316,1.2435722351074219,0.010354691606555317
2015-10-20,112.7300033569336,113.08999633789062,112.37999725341797,112.37999725341797,4903200,110.16749954223633,108.43181790438565,110.34608313242595,112.82200008392334,62.24546792318367,1.2121434892926897,0.01020628012708387
2015-10-21,111.7300033569336,112.37000274658203,111.41000366210938,112.37000274658203,3908800,110.34299964904785,108.5667271007191,110.3348331451416,112.7950500869751,56.8627340103551,1.265000479561942,0.010494756105345187
2015-10-22,111.69000244140625,112.20999908447266,111.43000030517578,111.5199966430664,3436400,110.40299987792969,108.70781804865057,110.31474984486898,112.77135009765625,56.65169502075539,1.1357149396623885,0.00946021002215182
2015-10-23,111.5,111.83999633789062,110.95999908447266,111.80999755859375,4868400,110.4875,108.8370907870206,110.29041652679443,112.74915008544922,55.596205211839276,1.1328577314104353,0.009345004810573616
2015-10-26,111.43000030517578,111.9800033569336,111.33000183105469,111.7300033569336,2573500,110.63800010681152,108.96036349209872,110.26599985758463,112.72000007629394,55.188252870418886,1.072857448032924,0.008804324161405945
2015-10-27,111.68000030517578,111.80999755859375,111.29000091552734,111.30999755859375,2646100,110.82299995422363,109.0687271118164,110.25149987538656,112.68560009002685,56.4182318026063,1.0528569902692522,0.008710716827672936
2015-10-28,110.77999877929688,113.25,110.30999755859375,112.68000030517578,8201200,111.0189998626709,109.15090886896307,110.22491652170817,112.64870006561279,50.99202913251022,1.1764286586216517,0.008555635407055943
2015-10-29,109.72000122070312,110.5999984741211,109.66000366210938,110.2300033569336,5150800,111.16849975585937,109.18672707297586,110.19316654205322,112.6074500656128,45.44786215742458,1.1199994768415178,0.008909075020129642
2015-10-30,109.30000305175781,109.58000183105469,109.05999755859375,109.5,5543200,111.18400001525879,109.2310907537287,110.1498332341512,112.54925006866455,43.43284166398406,1.1057139805385046,0.007657414041837096
2015-11-02,108.58999633789062,108.83999633789062,108.45999908447266,108.63999938964844,5843300,111.175,109.2627270785245,110.08349984486898,112.47960006713868,40.18890805962214,1.1235711233956474,0.007789075736216871
2015-11-03,106.9800033569336,107.80999755859375,106.68000030517578,107.79000091552734,7145300,111.0310001373291,109.25999991677024,109.9984998703003,112.39350009918213,33.9895667025026,1.1107139587402344,0.008073874137267107
2015-11-04,105.97000122070312,107.08999633789062,105.91999816894531,107.0199966430664,7617800,110.84450035095215,109.23927265514027,109.90216655731201,112.30220008850098,30.781709198156236,1.1192855834960938,0.008277050477049469
2015-11-05,105.63999938964844,106.0999984741211,105.58000183105469,106.01000213623047,5931100,110.66950035095215,109.18636349764738,109.8031665802002,112.20425006866455,29.7923523231931,1.0842851911272322,0.00824580764022298
2015-11-06,104.0999984741211,104.41999816894531,104.0199966430664,104.16999816894531,8831900,110.3310001373291,109.07109069824219,109.7049165725708,112.10360004425048,25.649261752423058,1.1428565979003906,0.007642290382146967
2015-11-09,104.4000015258789,104.58000183105469,104.19000244140625,104.29000091552734,4129200,109.98550033569336,108.94872713955967,109.60758323669434,112.01065006256104,27.756943907922405,1.1007140023367745,0.0075929616257268346
2015-11-10,104.18000030517578,104.6500015258789,103.87000274658203,104.08999633789062,4450800,109.60150032043457,108.83327262184837,109.51166655222575,111.90955005645752,27.14914475838195,1.0621425083705358,0.007356466588913258
2015-11-11,103.83000183105469,104.2300033569336,103.77999877929688,104.08999633789062,3527600,109.10250053405761,108.73636349764737,109.41358324686686,111.81160007476807,26.16745192830973,1.038571493966239,0.005464986354541977
2015-11-12,103.8499984741211,104.31999969482422,103.04000091552734,103.08999633789062,6300500,108.6305004119873,108.66690895774148,109.32974987030029,111.72705005645751,26.331351491272343,1.0671430315290178,0.005567513619139853
2015-11-13,103.55999755859375,103.73999786376953,103.44999694824219,103.54000091552734,3224200,108.18400039672852,108.59109067049893,109.24366652170816,111.62760005950928,25.449027501776897,1.049285888671875,0.005538874297870784
2015-11-16,103.70999908447266,104.02999877929688,103.5199966430664,103.9800033569336,2951200,107.76850051879883,108.50036343661222,109.15774987538656,111.53405006408691,26.815049557194556,1.048571995326451,0.005676544654465157
2015-11-17,102.33999633789062,103.4000015258789,101.9800033569336,103.37999725341797,8593100,107.24900016784667,108.38254519375887,109.05974985758463,111.44050003051758,22.720287541387407,0.9621429443359375,0.005513999591555233
2015-11-18,102.43000030517578,102.94999694824219,102.04000091552734,102.38999938964844,5043800,106.78400001525878,108.25945434570312,108.9633331934611,111.34475002288818,23.54627529646808,0.9471430097307477,0.005566716024822156
2015-11-19,103.55999755859375,104.08999633789062,103.06999969482422,103.06999969482422,5087600,106.37749977111817,108.16745425137607,108.87249984741212,111.25360000610351,33.19980738477952,1.018571036202567,0.006498172803988319
2015-11-20,103.08999633789062,103.66000366210938,102.97000122070312,103.58000183105469,5971600,105.95699958801269,108.08109061501243,108.78458315531412,111.17584999084472,31.4226081903129,1.0078566414969308,0.006482004995895605
2015-11-23,102.26000213623047,102.75,102.16000366210938,102.4800033569336,4042500,105.49849967956543,107.98599978360262,108.69641653696696,111.09130001068115,28.519257394655966,0.9378564017159599,0.006497687168102621
2015-11-24,102.94000244140625,103.25,102.69000244140625,103.12000274658203,3479600,105.06149978637696,107.90272716175426,108.61891657511393,111.01365001678467,33.90728264914536,0.9249992370605469,0.006797732167986554
2015-11-25,102.45999908447266,102.69000244140625,102.20999908447266,102.47000122070312,2931300,104.64549980163574,107.83599992231889,108.53466657002767,110.9406000137329,32.069666251182554,0.9399997166224888,0.0067342962156548445
2015-11-27,101.25,101.62000274658203,100.98999786376953,101.01000213623047,4993600,104.22199974060058,107.74272724498402,108.43824990590413,110.86015003204346,27.956550717676123,0.9292853219168526,0.0068516440675656645
2015-11-30,101.91999816894531,102.37999725341797,101.5199966430664,101.52999877929688,6773000,103.85299949645996,107.6656362360174,108.33941656748453,110.77985000610352,33.07499673043435,0.9757134573800224,0.007250827975893021
2015-12-01,102.27999877929688,102.43000030517578,101.80999755859375,102.30000305175781,4645900,103.53749961853028,107.59399982799184,108.24791653951009,110.71119998931884,35.71770548874963,0.964285169328962,0.007375802305534606
2015-12-02,100.69000244140625,101.3499984741211,100.52999877929688,101.3499984741211,10223500,103.2229995727539,107.49927257191051,108.1434165318807,110.63295001983643,30.070001533461166,1.0571419852120536,0.007438173306428542
2015-12-03,101.76000213623047,101.97000122070312,100.8499984741211,101.2300033569336,6499900,103.01249961853027,107.39836356423118,108.04366652170818,110.56205001831054,37.259648001944875,1.0571419852120536,0.00786470520629341
2015-12-04,104.0199966430664,104.20999908447266,102.6500015258789,102.73999786376953,10670200,102.93149948120117,107.31854525479403,107.96616649627686,110.50575000762939,49.15108014568167,1.2035702296665736,0.009535974201783568
2015-12-07,102.66999816894531,103.37000274658203,102.5,103.31999969482422,4393500,102.85999946594238,107.19963614723899,107.87299982706706,110.44194999694824,43.8095401663681,1.2757126944405692,0.00941971267436135
2015-12-08,102.83999633789062,103.26000213623047,102.52999877929688,103.12999725341797,3412300,102.78199920654296,107.09618155739524,107.76899979909261,110.37984996795655,44.62562980893158,1.20428466796875,0.009399489815017509
2015-12-09,102.63999938964844,103.66000366210938,102.31999969482422,103.62999725341797,6026300,102.7049991607666,107.00254516601562,107.66499977111816,110.31454998016358,43.81931493353257,1.234999520438058,0.009398288752836461
2015-12-10,102.55000305175781,102.83000183105469,102.33999633789062,102.51000213623047,3853500,102.64099922180176,106.89945429021662,107.57258313496908,110.24694999694825,43.43896275138438,1.1514287676130022,0.009377719695581295
2015-12-11,103.11000061035156,103.31999969482422,101.8499984741211,101.91000366210938,6798400,102.60399932861328,106.76527252197266,107.4910831451416,110.18169998168945,46.54802937887326,1.2071429661342077,0.009474006536291206
2015-12-14,101.79000091552734,102.72000122070312,101.73999786376953,102.58000183105469,5563800,102.51549949645997,106.61945440118963,107.40108318328858,110.11224998474121,40.84824476999386,1.238572256905692,0.009867956921623145
2015-12-15,101.5199966430664,102.05999755859375,101.41000366210938,101.70999908447266,6831100,102.40599937438965,106.49399982799183,107.31008313496908,110.04249996185303,39.77536078865337,1.2142862592424666,0.009861045516299337
2015-12-16,102.75,103.19999694824219,101.66000366210938,102.58999633789062,8292200,102.42649955749512,106.39890885786576,107.22833315531413,109.98069995880127,46.6497786989451,1.2821431841169084,0.009839430728593926
2015-12-17,100.5,100.98999786376953,100.2300033569336,100.91999816894531,10156200,102.32999954223632,106.28327248313211,107.12358315785725,109.90819995880128,38.0856368790293,1.3571428571428572,0.011010696323279525
2015-12-18,102.04000091552734,102.52999877929688,101.30000305175781,101.3499984741211,8345900,102.25399971008301,106.19799971147017,107.03749980926514,109.85909996032714,45.46520718173296,1.4214286804199219,0.011293502479577855
2015-12-21,103.1500015258789,103.5199966430664,102.83000183105469,102.94999694824219,6378900,102.25699996948242,106.09181795987216,106.96391646067302,109.81499996185303,50.08339533994544,1.4828567504882812,0.01153961437184263
2015-12-22,102.61000061035156,103.19999694824219,102.55999755859375,103.08999633789062,4123500,102.27449989318848,105.97981803200462,106.88766644795736,109.77094997406006,47.95577172529767,1.4035709926060267,0.011451866304268114
2015-12-23,102.30999755859375,102.58999633789062,102.20999908447266,102.4000015258789,2821400,102.24299964904785,105.84254524924539,106.80641644795736,109.72874996185303,46.76711226171417,1.3407140459333147,0.011369328957501356
2015-12-24,103.05000305175781,103.05000305175781,102.7699966430664,102.81999969482422,1710200,102.2724998474121,105.7216362693093,106.74216645558676,109.6903999710083,50.05560778495181,1.2185717991420202,0.011437033618362534
2015-12-28,102.2699966430664,102.5999984741211,102.02999877929688,102.4800033569336,3356200,102.32349967956543,105.59672712846236,106.66866645812988,109.64734996795654,46.77553201959163,1.1828580583844865,0.011237336209397169
2015-12-29,102.19999694824219,102.58000183105469,102.11000061035156,102.5199966430664,2832200,102.33749961853027,105.43909065940163,106.59233309427897,109.60429996490478,46.481163889079646,1.1642864772251673,0.011148491805701106
2015-12-30,101.41999816894531,101.5999984741211,101.3499984741211,101.47000122070312,3745000,102.2944995880127,105.25927248868075,106.50841643015544,109.56034996032714,43.21743901443304,1.1292860848563058,0.01125169096106306
2015-12-31,101.45999908447266,101.72000122070312,101.30999755859375,101.4800033569336,3823600,102.33299942016602,105.07018155184659,106.42899977366129,109.50579994201661,43.43678582256784,1.1235716683523995,0.010669036327823735
2016-01-04,102.88999938964844,103.66999816894531,102.48999786376953,103.12999725341797,6440000,102.38949928283691,104.87163613059305,106.36358311971028,109.4587999343872,50.75975828959601,1.1764286586216517,0.01086966170989654
2016-01-05,103.18000030517578,103.45999908447266,102.93000030517578,103.12999725341797,3500300,102.34749946594238,104.68781793767755,106.30541642506917,109.40684993743896,52.11373807373798,1.1192855834960938,0.009636382962644212
2016-01-06,104.66999816894531,104.80000305175781,103.93000030517578,104.37000274658203,9316600,102.44749946594239,104.5456361250444,106.2629997253418,109.35874992370606,58.437362439238214,1.1885719299316406,0.009697128096475003
2016-01-07,106.1500015258789,106.23999786376953,105.19000244140625,105.83000183105469,11730400,102.6129997253418,104.43890894109552,106.24216639200846,109.31664993286132,63.581773446811894,1.1807147434779577,0.010132895483407869
2016-01-08,105.68000030517578,105.80000305175781,105.04000091552734,105.4800033569336,7678200,102.76499977111817,104.31072706742721,106.24199975331625,109.27139991760254,60.99962792812057,1.080000741141183,0.010194076227614823
2016-01-11,104.73999786376953,105.56999969482422,104.70999908447266,105.47000122070312,6272400,102.87449951171875,104.18363605846058,106.23674971262614,109.21769989013671,56.09312158562752,1.004286629813058,0.010447389726418685
2016-01-12,104.20999908447266,104.58999633789062,103.6500015258789,104.08999633789062,5540200,102.9294994354248,104.04763599742543,106.23183301289876,109.16344989776611,53.48110390304197,0.9764295305524554,0.010481554648651975
2016-01-13,104.72000122070312,104.81999969482422,103.77999877929688,103.88999938964844,7324200,103.0759994506836,103.9243632923473,106.2350830078125,109.11829990386963,55.62256650583036,1.0050010681152344,0.010029357787695635
2016-01-14,103.0199966430664,104.18000030517578,102.5,103.75,9989100,103.1509994506836,103.77145413485441,106.21566632588704,109.06509986877441,47.73441134717847,1.1350010463169642,0.010756435624126117
2016-01-15,104.08000183105469,104.95999908447266,103.97000122070312,104.91999816894531,10052700,103.21749954223633,103.63327234441584,106.20916633605957,109.00749988555908,52.27882764105884,1.220715114048549,0.010662544154451193
2016-01-19,103.9800033569336,104.44999694824219,103.6500015258789,104.05999755859375,4588400,103.39149971008301,103.50963606400923,106.2004997253418,108.95099990844727,51.82106675954791,1.2050001961844308,0.009263391938505571
2016-01-20,105.37000274658203,106.16000366210938,104.94000244140625,105.16999816894531,10120900,103.55799980163575,103.43054518266158,106.20216643015543,108.89439990997315,57.404285739692796,1.3271429879324776,0.009121761116719458
2016-01-21,105.48999786376953,105.48999786376953,104.5199966430664,104.98999786376953,5425000,103.67499961853028,103.3612723610618,106.21233310699463,108.84129989624023,57.858303813394784,1.335714612688337,0.00885917593295107
2016-01-22,105.0,105.51000213623047,104.76000213623047,104.93000030517578,4185300,103.7944995880127,103.29599970037287,106.21291643778483,108.78894989013672,55.267740321260916,1.3600000653948103,0.008837713859047098
2016-01-25,106.08000183105469,106.08999633789062,105.5999984741211,105.76000213623047,6819400,103.98299980163574,103.27963603626598,106.22941646575927,108.74599990844726,59.56508390491553,1.2799998692103796,0.00900617163343254
2016-01-26,107.29000091552734,107.43000030517578,106.26000213623047,106.31999969482422,8443400,104.19499969482422,103.30363603071733,106.25424982706706,108.70259990692139,63.76510508151824,1.3357140677315849,0.009184068528060012
2016-01-27,107.69000244140625,107.93000030517578,106.6500015258789,106.86000061035156,8273400,104.46599998474122,103.34090881347656,106.28558317820232,108.66534992218017,65.05725596956495,1.3114280700683594,0.00890392576507902
2016-01-28,106.54000091552734,106.86000061035156,106.4800033569336,106.55000305175781,5914200,104.68300018310546,103.3852724942294,106.30349985758464,108.62584991455078,58.58850955823987,1.2857137407575334,0.009367699243476503
2016-01-29,106.94999694824219,107.0,106.26000213623047,106.61000061035156,8098700,104.95950012207031,103.43163604736328,106.32266648610432,108.58344989776612,60.11130015659932,1.2592849731445312,0.009085967325620916
2016-02-01,108.05000305175781,108.1500015258789,107.52999877929688,107.54000091552734,10471800,105.28900032043457,103.50199973366477,106.34208316802979,108.54854991912842,63.94234255054127,1.2757137843540736,0.009222181194531165
2016-02-02,108.08999633789062,108.18000030517578,107.3499984741211,107.91999816894531,6656000,105.54900016784669,103.57945417924361,106.35733311971029,108.51099990844726,64.07742880804119,1.2571427481515067,0.008872208339895467
2016-02-03,109.25,109.58000183105469,107.9000015258789,107.91000366210938,15785200,105.8525001525879,103.67763602516868,106.3698331197103,108.48364990234376,67.84079065322837,1.3028569902692522,0.009061333049707174
2016-02-04,110.56999969482422,110.69999694824219,109.91999816894531,110.44999694824219,13213700,106.14750022888184,103.80509060946378,106.40074977874755,108.45959991455078,71.49974105957793,1.247856685093471,0.008917464015331363
2016-02-05,112.31999969482422,112.3499984741211,109.58000183105469,109.79000091552734,14777300,106.4560001373291,103.96163607510654,106.44633312225342,108.45204990386964,75.48243865706918,1.3071419852120536,0.009037732882884281
2016-02-08,113.83000183105469,114.87000274658203,113.38999938964844,113.66999816894531,28341200,106.86350021362304,104.17054526589133,106.50216649373372,108.44789989471435,78.30022438857903,1.4321425301688058,0.009161106020032317
2016-02-09,113.58000183105469,114.69000244140625,113.55000305175781,114.43000030517578,18156700,107.30550041198731,104.37327256636186,106.55608317057292,108.45054988861084,76.72793907225014,1.3578567504882812,0.008788939241371337
2016-02-10,114.45999908447266,114.5199966430664,112.9800033569336,113.91999816894531,13311100,107.8180004119873,104.57145441228693,106.6053331375122,108.44619987487793,78.37408677158864,1.3985704694475447,0.008550028337939632
2016-02-11,119.05999755859375,120.83999633789062,117.7699966430664,118.58999633789062,49139000,108.53500022888184,104.86181807084517,106.67716643015544,108.45984985351562,84.53296965846977,1.800713130405971,0.011660766792498542
2016-02-12,118.36000061035156,118.73999786376953,117.87999725341797,118.12000274658203,16981200,109.3020004272461,105.1545453158292,106.73741645812989,108.47409984588623,80.76362014185207,1.8071419852120536,0.010796027345102181
2016-02-16,114.7699966430664,116.30999755859375,114.73999786376953,116.0,14601700,109.83650016784668,105.36963611949574,106.77274977366129,108.48059982299804,64.80391119226019,1.969285147530692,0.013604138553136042
2016-02-17,115.4800033569336,116.06999969482422,114.88999938964844,115.47000122070312,10582400,110.41150016784668,105.60636346990412,106.82541643778482,108.49259983062744,66.22542566009103,1.9707140241350447,0.013533335735235855
2016-02-18,118.29000091552734,118.5999984741211,115.29000091552734,115.30000305175781,13586500,111.05750007629395,105.91618166836825,106.91391646067301,108.51354984283448,71.18557748437001,2.120713915143694,0.014086267107090144
2016-02-19,117.58000183105469,117.97000122070312,117.0999984741211,117.26000213623047,15192000,111.6620002746582,106.20090900767933,106.99599978129069,108.52934986114502,68.45020564032583,2.152857099260603,0.014301984517420983
2016-02-22,115.48999786376953,116.19000244140625,115.41000366210938,115.44000244140625,10677800,112.18650016784667,106.4410908092152,107.05258312225342,108.53499984741211,61.01741088770781,2.222142355782645,0.015074451859594034
2016-02-23,117.22000122070312,117.41999816894531,116.5199966430664,116.68000030517578,9033400,112.74350013732911,106.74163624156606,107.12258313496908,108.55399986267089,64.45779020438684,2.300713675362723,0.015199068231060738
2016-02-24,117.61000061035156,119.86000061035156,117.3499984741211,119.0,17938800,113.2595001220703,107.02981803200461,107.19266649881999,108.57219985961915,65.20333700296364,2.3692850385393416,0.01513025699840953
2016-02-25,117.91999816894531,118.91000366210938,117.54000091552734,117.62000274658203,12500300,113.77099990844727,107.28254533247514,107.27016646067301,108.59414985656738,65.81712459559992,2.3635711669921875,0.015135961719146326
2016-02-26,117.11000061035156,117.72000122070312,115.86000061035156,117.43000030517578,12505100,114.29949989318848,107.5450908314098,107.34741649627685,108.60719985961914,62.70475541617712,2.3128569466727122,0.014955710306145792
2016-02-29,118.63999938964844,118.69999694824219,117.52999877929688,117.58999633789062,11517500,114.88400001525879,107.83236361416904,107.44033317565918,108.61764984130859,65.97748878609099,2.2442850385393416,0.01506491664449364
2016-03-01,117.7699966430664,119.11000061035156,117.33999633789062,118.73999786376953,14139300,115.36999969482422,108.1074544733221,107.52574984232585,108.62059982299805,62.61287637090308,2.2892853873116628,0.015272215306737244
2016-03-02,118.68000030517578,118.97000122070312,118.06999969482422,118.33999633789062,8903000,115.89949989318848,108.40072715065696,107.6303332010905,108.62634983062745,64.64388159704885,2.265000479561942,0.015257960704969601
2016-03-03,120.7300033569336,121.30000305175781,118.80999755859375,118.86000061035156,18724100,116.47350006103515,108.72109083695845,107.74991658528646,108.64239986419678,68.76090622161175,1.996429443359375,0.015460702767011848
2016-03-04,120.54000091552734,122.37000274658203,120.22000122070312,121.12999725341797,16261100,116.97200012207031,109.06199992786755,107.8697498957316,108.66564987182618,67.97089864951019,2.0657152448381697,0.015438642991340108
2016-03-07,121.13999938964844,121.58000183105469,120.41000366210938,121.18000030517578,9358600,117.41300010681152,109.41872725053267,107.99408321380615,108.69094985961914,69.17528114351077,1.8907149178641183,0.015206287124483069
2016-03-08,120.58000183105469,121.87999725341797,120.47000122070312,121.79000091552734,11531000,117.75050010681153,109.7429091020064,108.11641654968261,108.71539985656739,66.65598343289618,1.898571559361049,0.015145765624948519
2016-03-09,119.58000183105469,120.38999938964844,118.83999633789062,119.19999694824219,8672900,118.05050010681153,110.08981822620738,108.21866658528646,108.73529987335205,62.29316155793806,1.7864292689732142,0.015316110230840374
2016-03-10,121.5,121.76000213623047,120.41999816894531,120.5,18104900,118.40250015258789,110.44363639137961,108.32774988810222,108.7732498550415,66.7879524357752,1.8571434020996094,0.01557111937335949
2016-03-11,119.41000366210938,121.38999938964844,119.36000061035156,121.19000244140625,10812300,118.42000045776368,110.73927279385653,108.41274992624919,108.8008498764038,58.59932060112937,1.8550006321498327,0.01353171069364929
2016-03-14,117.87000274658203,120.30999755859375,117.5,120.2699966430664,14236200,118.3955005645752,111.01672737815163,108.49058329264322,108.82009990692139,53.403620727518195,1.9178575788225447,0.013787136286056956
2016-03-15,117.95999908447266,118.04000091552734,117.36000061035156,117.77999877929688,9941800,118.55500068664551,111.30127286044033,108.57533327738444,108.83939990997314,53.66218917610244,1.7778576442173548,0.011812444483934707
2016-03-16,120.58999633789062,120.76000213623047,117.33999633789062,117.41999816894531,17334000,118.81050033569336,111.62018182927912,108.67841657002766,108.8723498916626,60.55140835423687,1.9242864336286272,0.012671286436035286
2016-03-17,120.12999725341797,121.18000030517578,120.02999877929688,121.16000366210938,9914300,118.90250015258789,111.94490911310369,108.75874989827474,108.90069988250733,58.901916145419335,1.8592867170061385,0.011607139365706313
2016-03-18,119.80000305175781,120.33999633789062,119.51000213623047,119.58999633789062,16965900,119.01350021362305,112.2649092240767,108.84199994405111,108.93149990081787,57.68784438949025,1.8050008501325334,0.011528764073397707
2016-03-21,118.95999908447266,119.33000183105469,118.7300033569336,119.0,7240600,119.1870002746582,112.58381833163175,108.92983328501383,108.96209991455078,54.60261078508314,1.7550005231584822,0.010836712464415777
2016-03-22,119.30999755859375,120.16000366210938,118.95999908447266,119.7300033569336,6786800,119.29150009155273,112.90836375843395,109.024249903361,108.99744991302491,55.66652117616843,1.7550005231584822,0.010375254859626874
2016-03-23,116.61000061035156,117.12000274658203,116.16000366210938,116.73999786376953,15993700,119.24150009155274,113.1578183260831,109.10549990336101,109.01764991760254,46.59473465637487,1.7928570338657923,0.011610280961727957
2016-03-24,116.33000183105469,116.94000244140625,116.30000305175781,116.7699966430664,6280900,119.1620002746582,113.39690926291726,109.18549989064535,109.03519992828369,45.76185941716775,1.684999738420759,0.011596432391380761
2016-03-28,116.5999984741211,116.91000366210938,116.2699966430664,116.7300033569336,3879100,119.13650016784668,113.613818359375,109.24891656239828,109.04929992675781,46.750292436917945,1.6471432277134486,0.011517370835449472
2016-03-29,118.76000213623047,118.80999755859375,116.80000305175781,117.36000061035156,14472400,119.14250030517579,113.84309109774503,109.33216660817465,109.07679992675781,53.97639171058771,1.7042863028390067,0.011905414127614988
2016-03-30,117.0999984741211,118.19999694824219,116.91000366210938,117.87999725341797,10769100,119.10900039672852,114.05072742808949,109.39249992370605,109.09614990234375,48.52630781726715,1.7121429443359375,0.012213022609140284
2016-03-31,117.63999938964844,118.38999938964844,117.5999984741211,118.16000366210938,9348200,119.05700035095215,114.2852729103782,109.45866661071777,109.11569988250733,50.284871258384236,1.648571559361049,0.012125958495286557
2016-04-01,116.93000030517578,116.9800033569336,115.55000305175781,116.08000183105469,10405400,118.86700019836425,114.51654565984552,109.52358328501383,109.13374988555908,47.96458592536027,1.6449999128069197,0.011441776472634004
2016-04-04,116.1500015258789,116.7300033569336,116.06999969482422,116.66999816894531,7643700,118.64750022888184,114.72436384721236,109.56758327484131,109.14524990081787,45.481674019160714,1.5057144165039062,0.011499286878307773
2016-04-05,117.66000366210938,117.93000030517578,117.1500015258789,117.76000213623047,8865900,118.47350044250489,114.99054579301314,109.62049999237061,109.1569499206543,50.792258986553115,1.5842857360839844,0.011881399447688923
2016-04-06,116.94000244140625,117.38999938964844,116.26000213623047,116.69999694824219,7549400,118.29150047302247,115.22436398592862,109.66283334096273,109.16604991912841,48.37267708521536,1.439999716622489,0.011907519480909755
2016-04-07,118.61000061035156,118.8499984741211,115.0,118.6500015258789,11900500,118.24300041198731,115.49036393599077,109.70283336639405,109.19089992523193,53.86256740662543,1.6328566414969308,0.012289879095083953
2016-04-08,118.43000030517578,118.7699966430664,117.9800033569336,118.06999969482422,9078900,118.0895004272461,115.72781843705611,109.74566669464112,109.21859992980957,53.20583976757095,1.6299994332449776,0.01166878383755517
2016-04-11,120.02999877929688,120.30000305175781,119.41999816894531,119.47000122070312,9846000,118.12050018310546,115.9921820900657,109.80850003560384,109.25579994201661,58.09662162729395,1.6871425083705358,0.011473299286427676
2016-04-12,120.05000305175781,120.3499984741211,119.55000305175781,120.2300033569336,9689500,118.22950019836426,116.26581850918856,109.87541675567627,109.29384994506836,58.15550773018117,1.6585704258510046,0.011045044526422085
2016-04-13,118.7699966430664,119.43000030517578,118.55999755859375,119.37000274658203,8841500,118.27000007629394,116.49654568758878,109.92575003306071,109.32489994049072,53.02114072919212,1.5399998256138392,0.011347875765696423
2016-04-14,117.11000061035156,118.19000244140625,116.94999694824219,118.08999633789062,13165800,118.09600028991699,116.67509113658558,109.97058334350587,109.34509994506836,47.201079216463114,1.6242855616978236,0.010534231838473004
2016-04-15,117.91999816894531,118.12000274658203,117.19000244140625,117.33000183105469,7838100,117.98550033569336,116.86109105890448,110.02249997456869,109.37284992218018,50.0805309820172,1.6507137843540736,0.010677644002466503
2016-04-18,117.73999786376953,118.55999755859375,117.62999725341797,118.52999877929688,5809800,117.88250007629395,117.06472736705433,110.07449995676676,109.40164989471435,49.43532795406419,1.5592853001185827,0.01066985961969651
2016-04-19,119.58000183105469,120.08999633789062,119.37000274658203,119.87000274658203,21031500,117.91350021362305,117.29436381946911,110.1424166361491,109.44074989318848,55.71597971967243,1.5949995858328683,0.011166929054215766
2016-04-20,118.97000122070312,120.08000183105469,118.72000122070312,119.66999816894531,10233200,117.89650039672851,117.49290924072265,110.20316664377849,109.47529991149902,53.35011935578344,1.5999995640345983,0.011212239867539511
2016-04-21,119.41999816894531,120.55000305175781,119.12999725341797,120.41999816894531,14612800,118.0370002746582,117.69890927401455,110.27516663869223,109.5185998916626,54.87247063540351,1.5635713849748885,0.00989486353331495
2016-04-22,117.88999938964844,119.0199966430664,117.27999877929688,118.70999908447266,10047000,118.1150001525879,117.85600017200817,110.34324995676677,109.55259990692139,49.01560926997265,1.6549998692103796,0.010359305410901364
2016-04-25,118.2300033569336,118.70999908447266,118.11000061035156,118.13999938964844,4369400,118.19650039672851,117.9952729658647,110.41766662597657,109.58694992065429,50.28551350340517,1.586428506033761,0.010364657823542268
2016-04-26,118.69999694824219,118.88999938964844,118.44999694824219,118.79000091552734,9906800,118.1935001373291,118.11127291592685,110.50191663106283,109.62299991607667,52.06296414030821,1.5335709708077567,0.009527881917420856
2016-04-27,119.04000091552734,119.69999694824219,118.43000030517578,118.97000122070312,7976400,118.29050025939941,118.20600017200817,110.60241661071777,109.66324993133544,53.36202939384645,1.3492851257324219,0.008952720478931558
2016-04-28,121.29000091552734,121.41999816894531,119.7300033569336,119.91999816894531,15133600,118.47300033569336,118.34618197354403,110.7300832748413,109.71599994659424,60.91114325618871,1.4628568376813615,0.009798165705851474
2016-04-29,123.6500015258789,123.93000030517578,122.33999633789062,122.43000030517578,19043900,118.80900039672852,118.51327292702415,110.88016662597656,109.78344993591308,66.95337907073608,1.5178565979003906,0.010396049288482895
2016-05-02,123.23999786376953,123.95999908447266,123.05000305175781,123.77999877929688,12137500,119.16350021362305,118.5892729325728,111.0396666208903,109.85084991455078,65.07148268324869,1.5257137843540736,0.01026054637904365
2016-05-03,122.95999908447266,123.81999969482422,122.51000213623047,123.7300033569336,9063600,119.42849998474121,118.67290926846592,111.19433326721192,109.92239990234376,63.75358734769399,1.5128560747419084,0.010044461559166253
2016-05-04,122.20999908447266,123.2300033569336,121.51000213623047,122.8499984741211,9398200,119.69199981689454,118.80818204012785,111.34458325703939,110.0049499130249,60.23453605634395,1.5057133265904017,0.01004359418624998
2016-05-05,122.06999969482422,122.7300033569336,121.25,122.62999725341797,8846900,119.86499977111816,118.92800015536221,111.49658323923747,110.08844989776611,59.57350225911411,1.5392848423549108,0.009656252940054453
2016-05-06,123.18000030517578,123.80999755859375,122.58999633789062,122.83000183105469,11366800,120.10249977111816,119.01690923517401,111.6576665878296,110.1803498840332,63.037088648404094,1.5971418108258928,0.009773503203852002
2016-05-09,120.6500015258789,121.29000091552734,120.58999633789062,121.19999694824219,9236200,120.13349990844726,119.07272741144354,111.80008328755697,110.26194988250732,52.08380390005097,1.6142850603376115,0.010596366282670255
2016-05-10,120.9800033569336,121.37999725341797,120.08000183105469,120.73999786376953,9845000,120.17999992370605,119.17254569313742,111.94399998982747,110.34009990692138,53.225468149764325,1.6099989754813058,0.010610082099179652
2016-05-11,122.12000274658203,122.16000366210938,121.37999725341797,121.8499984741211,7590100,120.34750022888184,119.26163662997159,112.10883337656657,110.42639991760254,57.03397062078315,1.5814274379185267,0.010453386185570014
2016-05-12,121.16000366210938,122.38999938964844,121.0,122.0199966430664,7447100,120.55000038146973,119.32618214000355,112.26491673787434,110.50709995269776,53.112134593008776,1.5278560093470983,0.010060654249018045
2016-05-13,121.70999908447266,121.86000061035156,120.66000366210938,121.08999633789062,7672800,120.7395004272461,119.3950912475586,112.41616675059001,110.58979995727539,55.020423499851155,1.5549986703055245,0.0100103121739327
2016-05-16,121.80000305175781,122.97000122070312,121.37999725341797,122.93000030517578,7103000,120.9425006866455,119.48036401922053,112.57208347320557,110.67744998931884,55.34074229765471,1.6214278084891183,0.009985492742685079
2016-05-17,122.22000122070312,122.5199966430664,121.4800033569336,121.58000183105469,8619800,121.07450065612792,119.54545496160334,112.73841679890951,110.76389999389649,56.883785600164515,1.604998997279576,0.009451310067448017
2016-05-18,120.0999984741211,121.91999816894531,119.87999725341797,121.22000122070312,13381700,121.13100051879883,119.58781863125888,112.8814167658488,110.84389999389649,47.889256729198294,1.602142333984375,0.010240188323674338
2016-05-19,119.87000274658203,119.9800033569336,118.91999816894531,119.0,14339700,121.15350074768067,119.60945503928444,113.02650012969971,110.92170001983642,47.020604053746425,1.497856685093471,0.010223966926754046
2016-05-20,119.70999908447266,120.31999969482422,119.30999755859375,120.19000244140625,10379400,121.24450073242187,119.59090950705789,113.18033345540364,111.0006000137329,46.3901854635457,1.5049999782017298,0.009764741371632042
2016-05-23,119.37000274658203,119.5999984741211,118.75,118.86000061035156,8628200,121.3015007019043,119.56963681307705,113.32575016021728,111.07550003051757,45.00925555079096,1.4800000871930803,0.009784669400735128
2016-05-24,117.30000305175781,118.2300033569336,117.25,118.16999816894531,12772000,121.23150100708008,119.49981869784268,113.45091686248779,111.13875003814697,37.65910480759793,1.5085716247558594,0.010522268005064237
2016-05-25,116.9800033569336,117.05999755859375,116.31999969482422,116.58999633789062,10487300,121.1285011291504,119.4343641801314,113.58666687011718,111.19505004882812,36.66237157835624,1.4728573390415736,0.010501312169972202
2016-05-26,116.58000183105469,117.62999725341797,116.38999938964844,117.56999969482422,5893500,120.89300117492675,119.37981872558593,113.71016686757406,111.24665004730224,35.401061133412426,1.437143053327288,0.009426145980253141
2016-05-27,115.62000274658203,116.36000061035156,115.29000091552734,116.2699966430664,8686700,120.49150123596192,119.2729096846147,113.80683358510335,111.28600006103515,32.51027517143568,1.3442856924874442,0.008051927690927965
2016-05-31,116.05999755859375,116.4000015258789,115.5,115.76000213623047,8187600,120.13250122070312,119.2120004827326,113.91841691335043,111.33200004577637,35.125072096040526,1.3157146998814173,0.00820809694991199
2016-06-01,115.94000244140625,116.13999938964844,115.19999694824219,115.97000122070312,8399600,119.7815013885498,119.17690956809304,114.02758363087972,111.37745006561279,34.72988356051816,1.298571995326451,0.008218257870902643
2016-06-02,115.66999816894531,115.97000122070312,115.58000183105469,115.77999877929688,4591600,119.45450134277344,119.13527318781072,114.13616695404053,111.42015007019043,33.80816061030083,1.2271434238978796,0.008184240646375233
2016-06-03,118.87999725341797,118.88999938964844,118.2300033569336,118.25,14605100,119.29500122070313,119.10418229536576,114.27225023905436,111.47900005340576,50.59551925102749,1.371429443359375,0.010653860078152761
2016-06-06,118.91999816894531,119.16999816894531,118.45999908447266,118.88999938964844,9887900,119.08200111389161,119.08218231201172,114.40400021870931,111.5308500289917,50.76309776942338,1.3085719517299108,0.010382053927605672
2016-06-07,118.81999969482422,119.0199966430664,118.41000366210938,118.5,4602900,118.99050102233886,119.06436406915839,114.54591687520345,111.57275001525879,50.30373020881242,1.2778576442173548,0.009388300444064905
2016-06-08,120.58000183105469,120.77999877929688,120.2300033569336,120.30000305175781,11661700,118.97050094604492,119.09381866455078,114.70475025177002,111.62000003814697,57.579693707492666,1.2507144383021764,0.009991417570184104
2016-06-09,121.25,121.4800033569336,120.55000305175781,120.61000061035156,12174000,118.92700080871582,119.12909143621272,114.85891691843669,111.67360004425049,59.981680793834705,1.2328572954450334,0.009833234775846262
2016-06-10,121.73999786376953,122.0999984741211,121.18000030517578,121.55000305175781,13940000,118.95600051879883,119.22236411354758,115.03591690063476,111.73650001525878,61.69017040622295,1.226428440638951,0.009711710407268646
2016-06-13,122.63999938964844,122.83000183105469,122.02999877929688,122.80000305175781,12594200,119.00250053405762,119.33709134188565,115.20758355458578,111.8113500213623,64.67341522334084,1.2357145036969865,0.00979809898826141
2016-06-14,122.7699966430664,123.05999755859375,122.30000305175781,123.0,11651700,119.05100021362304,119.44927312677557,115.37108351389567,111.88654998779298,65.09620736700096,1.138571058000837,0.009798900628953678
2016-06-15,123.68000030517578,123.87000274658203,122.37999725341797,122.5199966430664,15053000,119.12400016784667,119.53872763893821,115.54666684468587,111.96145000457764,67.98473180383581,1.174999782017299,0.009902448380262377
2016-06-16,122.37999725341797,125.66999816894531,122.2300033569336,125.16999816894531,26635000,119.23800010681153,119.6347276167436,115.71391684214274,112.02924999237061,60.30662160138849,1.3321424211774553,0.009351690037595336
2016-06-17,123.94999694824219,124.0999984741211,122.69000244140625,123.26000213623047,15573800,119.44199981689454,119.74945484508167,115.88808345794678,112.1029999923706,65.39032651939652,1.362856728690011,0.00968643637561544
2016-06-20,123.20999908447266,123.33000183105469,122.12999725341797,122.26000213623047,11866200,119.61699981689453,119.8636366410689,116.06258347829183,112.17594997406006,61.39881108602311,1.4285708836146764,0.009817917953349242
2016-06-21,120.83999633789062,121.86000061035156,120.7699966430664,121.6500015258789,14585600,119.69049949645996,119.94890927401455,116.2179168065389,112.24094997406006,50.72033078623214,1.5357137407575334,0.010830537115344341
2016-06-22,120.9000015258789,121.25,120.68000030517578,120.83000183105469,7861000,119.87049942016601,120.0078183260831,116.38025016784668,112.30799999237061,50.952918779462756,1.5485709054129464,0.009969732945983226
2016-06-23,120.11000061035156,121.02999877929688,120.05999755859375,120.48999786376953,10704900,120.02699928283691,120.06545465642756,116.53566684722901,112.37095001220703,47.75710836409255,1.3878566196986608,0.010091474292245719
2016-06-24,126.0,126.81999969482422,125.0,126.62000274658203,35782900,120.49799919128418,120.1998182816939,116.7282501856486,112.47030002593993,65.2547554263034,1.8164280482700892,0.014594053236793861
2016-06-27,126.68000030517578,127.05000305175781,125.83000183105469,126.44000244140625,21228800,121.05099906921387,120.34981828169389,116.92408351898193,112.57180004119873,66.64377351190123,1.8600000653948103,0.014308496197202432
2016-06-28,125.31999969482422,126.0199966430664,125.05999755859375,125.55999755859375,16001500,121.5139991760254,120.44600011652166,117.09616686503092,112.6676000213623,61.360354367304815,1.835714612688337,0.01471850427477425
2016-06-29,125.83999633789062,126.80999755859375,125.69999694824219,125.91000366210938,12218400,122.00899887084961,120.55127272172408,117.26025015513102,112.76569999694824,62.581828207781854,1.8757144383021764,0.014671749950514663
2016-06-30,126.47000122070312,126.5199966430664,125.5,125.94999694824219,15981600,122.5489990234375,120.69127280495384,117.43350016276041,112.86854999542237,64.06403371163108,1.882857186453683,0.014591261994460402
2016-07-01,128.41000366210938,128.4199981689453,127.44000244140625,127.66000366210938,14940700,123.02549934387207,120.8967274058949,117.63075021107991,112.97405002593995,68.23653750055246,1.9442852565220423,0.013795813558173662
2016-07-05,129.47000122070312,129.58999633789062,128.1699981689453,128.8000030517578,19026200,123.55299949645996,121.1067274613814,117.84125022888183,113.0793500137329,70.26786864535497,1.9914283752441406,0.01380021352319577
2016-07-06,130.22999572753906,131.14999389648438,129.82000732421875,130.5,17376700,124.12349929809571,121.33381833163175,118.0538335164388,113.18444999694825,71.6669301064534,2.0049988882882253,0.01374890100695683
2016-07-07,129.74000549316406,130.1199951171875,128.97999572753906,129.82000732421875,16508500,124.58149948120118,121.51854567094283,118.27650025685628,113.29050003051758,69.39952609723636,1.8485706874302454,0.013655733812911398
2016-07-08,130.52000427246094,130.52000427246094,128.97000122070312,129.85000610351562,17634200,125.04499969482421,121.72854572642933,118.49683361053467,113.40415004730225,70.97383843421417,1.836427961077009,0.013659276738843883
2016-07-11,129.2899932861328,129.89999389648438,129.16000366210938,129.49000549316406,10855600,125.42249946594238,121.90800018310547,118.70775019327799,113.5095000076294,65.27110028078646,1.8035708836146764,0.013973816856632354
2016-07-12,127.1500015258789,128.5399932861328,126.98999786376953,128.52000427246094,26459600,125.6479995727539,122.07636385830966,118.88925018310547,113.59280002593994,56.730480406168205,1.7935703822544642,0.014598823406717445
2016-07-13,128.32000732421875,128.42999267578125,127.61000061035156,128.0,7377700,125.92550010681153,122.25981847589667,119.07950026194254,113.68535007476807,59.825606749628236,1.8442840576171875,0.014687210722861862
2016-07-14,127.33000183105469,127.37000274658203,126.02999877929688,126.30999755859375,12132400,126.10800018310547,122.41672765558417,119.26558361053466,113.77990009307861,56.16465759244297,1.938570295061384,0.014799931008636002
2016-07-15,126.83999633789062,127.19000244140625,126.33000183105469,126.37999725341797,13892100,126.3310001373291,122.55854575417258,119.4385835647583,113.8742000579834,54.39055747981907,1.5307132175990514,0.01458743544728875
2016-07-18,127.04000091552734,127.5,126.62999725341797,127.0199966430664,8489700,126.48550033569336,122.66309120871804,119.60316689809163,113.97510005950927,55.01516159765291,1.5057133265904017,0.014358565920371675
2016-07-19,127.20999908447266,127.3499984741211,126.81999969482422,126.94999694824219,5170700,126.68550033569336,122.72781843705611,119.76583353678386,114.07750003814698,55.572084411087275,1.4278559003557478,0.014255678309386555
2016-07-20,125.38999938964844,126.12000274658203,125.30999755859375,125.5,11777700,126.91300048828126,122.76690937389027,119.92291685740153,114.15950004577637,48.630629738238014,1.4571418762207031,0.013913345258168104
2016-07-21,127.30000305175781,127.37000274658203,125.5999984741211,125.66000366210938,9399200,127.23300056457519,122.84581853693182,120.09250024159749,114.25215007781982,54.98533479088754,1.5257137843540736,0.014219684880349172
2016-07-22,126.3499984741211,126.5199966430664,126.01000213623047,126.43000030517578,7716000,127.54500045776368,122.92109125310725,120.24500020345052,114.33460006713867,51.56829445289812,1.4785712105887276,0.01425281382042644
2016-07-25,125.47000122070312,126.20999908447266,125.11000061035156,125.52999877929688,13139400,127.51850051879883,122.98290946266867,120.38983357747396,114.41345008850098,48.558030372600776,1.4657140459333147,0.009294222021793289
2016-07-26,126.0,126.13999938964844,125.75,126.08999633789062,7613200,127.48450050354003,123.03418218439276,120.52941691080729,114.49775009155273,50.43465827482186,1.3935715811593192,0.009260894814337207
2016-07-27,128.02999877929688,128.1199951171875,126.04000091552734,126.79000091552734,17066400,127.62000045776367,123.16836395263672,120.6749169031779,114.5835500717163,56.91752140087374,1.4557140895298548,0.009597294105840478
2016-07-28,127.66000366210938,128.1999969482422,127.20999908447266,128.08999633789062,9261800,127.71100082397462,123.28981850363992,120.80275026957194,114.66530010223389,55.492862887386124,1.4157137189592635,0.009609188844559271
2016-07-29,128.97999572753906,129.41000366210938,127.87999725341797,128.4199981689453,13708200,127.83650054931641,123.41454564874823,120.9290002187093,114.75090007781982,59.39747462844381,1.443570818219866,0.009805186853581963
2016-08-01,129.22000122070312,129.33999633789062,128.55999755859375,128.57000732421875,7109900,127.87700042724609,123.56109105890448,121.05933354695638,114.82795009613037,60.083181746162936,1.3349996294294084,0.009215258616850444
2016-08-02,130.27000427246094,130.5500030517578,129.94000244140625,130.0399932861328,7652800,127.91700057983398,123.71672751686789,121.19108359018962,114.91285011291504,63.025200906947475,1.3385718209402901,0.00920947756362748
2016-08-03,129.64999389648438,129.9600067138672,129.27000427246094,129.9499969482422,5010700,127.88800048828125,123.85945462313565,121.27933355967204,114.99865009307861,60.20354082311449,1.2464283534458704,0.009180717141989455
2016-08-04,129.8699951171875,130.27999877929688,129.82000732421875,130.00999450683594,4908100,127.89449996948242,123.99854542125355,121.37525018056233,115.08790008544922,60.87292986868594,1.2200001307896204,0.009149800634487594
2016-08-05,127.55000305175781,128.5500030517578,127.38999938964844,128.4600067138672,16205100,127.74599990844726,124.13400004993785,121.4817502339681,115.16200008392335,51.10988728997675,1.3349996294294084,0.009866000691850242
2016-08-08,127.44000244140625,127.69999694824219,127.2699966430664,127.29000091552734,6773800,127.65350036621093,124.27163640802557,121.58141689300537,115.24055007934571,50.69472582534647,1.3278568812779017,0.009669793017058257
2016-08-09,127.95999908447266,128.13999938964844,127.75,127.94000244140625,7500400,127.69400024414062,124.42163640802556,121.66200021107991,115.32190006256104,52.6526588697419,1.2421422685895647,0.008961565182027597
2016-08-10,128.55999755859375,129.1999969482422,128.14999389648438,129.1199951171875,6196200,127.70599975585938,124.58872722278942,121.75350017547608,115.407200050354,54.87912581802925,1.1892847333635603,0.008782126854877961
2016-08-11,127.66999816894531,129.19000244140625,127.4800033569336,128.61000061035156,9763800,127.7229995727539,124.77727258855646,121.85500017801921,115.48840003967285,51.044739264294556,1.2192846025739397,0.00874659083069371
2016-08-12,127.4000015258789,129.25999450683594,127.19999694824219,127.66999816894531,15395800,127.75099983215333,124.96672710071911,121.93983351389566,115.56700004577637,49.905562796952765,1.2778560093470983,0.00871320374658983
2016-08-15,127.83999633789062,128.25,127.5999984741211,127.62000274658203,4530800,127.79099960327149,125.17145427357067,122.02508347829183,115.65230003356933,51.79363364469832,1.290713174002511,0.00873824424455097
2016-08-16,128.47000122070312,129.0399932861328,128.0,128.1199951171875,8678100,127.853999710083,125.40509060946378,122.11300017038981,115.74605003356933,54.44140310268982,1.224999019077846,0.008796284415849537
2016-08-17,128.5,128.99000549316406,127.45999908447266,128.1699981689453,12034800,128.00949974060057,125.6312724720348,122.20791683197021,115.84205001831054,54.56936155019742,1.263571058000837,0.008076948350746571
2016-08-18,129.11000061035156,129.1699981689453,128.5800018310547,128.88999938964844,9500600,128.09999961853026,125.87072698419745,122.29516684214273,115.94465003967285,57.20167021232929,1.1864280700683594,0.007436991546931702
2016-08-19,127.97000122070312,128.6699981689453,127.86000061035156,128.0800018310547,10660100,128.18099975585938,126.09436340332032,122.3801668802897,116.0496000289917,51.2278378457889,1.2199995858328683,0.0075220658641038975
2016-08-22,127.77999877929688,127.91999816894531,127.44999694824219,127.62999725341797,8627200,128.29649963378907,126.25618161288175,122.45600020090738,116.15865001678466,50.28524500215694,1.162142617361886,0.007326822949664489
2016-08-23,127.76000213623047,128.22000122070312,127.61000061035156,128.13999938964844,9038500,128.38449974060057,126.41690895774148,122.5145835240682,116.26925003051758,50.18059565561066,1.1342855181012834,0.007288799291826131
2016-08-24,126.33999633789062,126.97000122070312,126.30000305175781,126.91999816894531,13539700,128.29999961853028,126.55363616943359,122.56291681925455,116.38045001983643,43.29075994046198,1.193570818219866,0.006788016233727084
2016-08-25,126.2300033569336,126.30999755859375,125.95999908447266,125.9800033569336,5926300,128.22849960327147,126.65636346990412,122.60533351898194,116.4896000289917,42.80055019157149,1.0435709272112166,0.006767811661023295
2016-08-26,126.05000305175781,128.11000061035156,125.81999969482422,126.87999725341797,17967700,128.0819999694824,126.74363625266335,122.65091686248779,116.59895004272461,41.96312218632841,1.1764281136648995,0.006264872897868653
2016-08-29,126.30000305175781,126.4800033569336,125.93000030517578,126.0,5562400,127.93600006103516,126.8265454378995,122.70691687266032,116.71130004882812,43.613283439253294,1.1657142639160156,0.006268010566867374
2016-08-30,125.02999877929688,125.94999694824219,124.87999725341797,125.7300033569336,9877000,127.67399978637695,126.86999997225675,122.73633352915446,116.817200050354,37.74242039916579,1.1785719735281808,0.0061737098258902836
2016-08-31,124.77999877929688,125.11000061035156,124.63999938964844,124.7300033569336,13324100,127.43050003051758,126.90654546564275,122.78108348846436,116.92330005645752,36.69526132611787,1.0900006975446428,0.006140302819752526
2016-09-01,125.29000091552734,125.51000213623047,124.55000305175781,124.66999816894531,12877700,127.20150032043458,126.93581820401279,122.8429168065389,117.0312000656128,40.33222864830206,1.0114293779645647,0.006236395776088088
2016-09-02,126.56999969482422,126.56999969482422,125.58000183105469,126.29000091552734,11318600,127.15250015258789,127.01200006658381,122.91466681162517,117.15235008239746,48.352270848455795,1.0421436854771204,0.00554630523622358
2016-09-06,128.7100067138672,129.0800018310547,127.2699966430664,127.4000015258789,15115300,127.21600036621093,127.09854569868608,122.9823335647583,117.28375011444092,58.41589709684238,1.1357154846191406,0.006755073146151647
2016-09-07,128.27000427246094,128.86000061035156,128.1199951171875,128.7899932861328,8859800,127.23150062561035,127.19054579301314,123.05016695658365,117.40730014801025,55.999800361356776,1.079286847795759,0.006755027178081425
2016-09-08,127.58999633789062,128.52000427246094,127.4000015258789,128.16000366210938,10561800,127.1830005645752,127.31327306574042,123.11508356730143,117.52980014801025,52.393170879283815,1.1114300319126673,0.006770505707569039
2016-09-09,126.75,127.51000213623047,126.69999694824219,127.23999786376953,12485600,127.13700065612792,127.4196366743608,123.1800002415975,117.6522501373291,48.25853490984948,1.0857157026018416,0.006753592631329584
2016-09-12,126.58999633789062,126.91999816894531,125.97000122070312,126.30999755859375,11140300,127.09650039672852,127.53745477849787,123.24066689809163,117.77050010681153,47.48975898518996,1.1164294651576452,0.006744485548399233
2016-09-13,125.75,126.5999984741211,125.52999877929688,126.47000122070312,8866400,126.99200057983398,127.53290932395241,123.31683355967203,117.88695011138915,43.565973820584254,1.1492865426199776,0.0068259871470676865
2016-09-14,126.18000030517578,126.54000091552734,126.02999877929688,126.0999984741211,5820700,126.87750053405762,127.52381841486151,123.39891688028972,118.01160011291503,46.02451703746547,1.1014295305524553,0.006767422052014185
2016-09-15,125.37000274658203,126.0999984741211,124.91000366210938,125.7300033569336,12790400,126.72100067138672,127.52472756125711,123.4720002492269,118.12885013580322,42.28731519873396,1.1650009155273438,0.006872642719152272
2016-09-16,125.05999755859375,125.25,124.66999816894531,124.80999755859375,18995100,126.51850051879883,127.51054576526988,123.52450021107991,118.2427501296997,40.91788339497813,1.0514297485351562,0.006731445295131264
2016-09-19,125.31999969482422,125.62000274658203,125.25,125.61000061035156,4959600,126.38600044250488,127.48963664661754,123.59300022125244,118.3659001159668,42.596912358178166,1.0521441868373327,0.006551879395875316
2016-09-20,125.44000244140625,125.58999633789062,125.16999816894531,125.30999755859375,5672000,126.26900062561035,127.43563662442294,123.65800024668376,118.48430011749268,43.39646062055848,0.9807150704520089,0.0065656132108995666
2016-09-21,127.2699966430664,127.41999816894531,125.95999908447266,126.33000183105469,13646400,126.24450035095215,127.39563654119318,123.74416688283284,118.60055011749267,53.933880220184506,1.0885718209402901,0.007425447241191334
2016-09-22,127.56999969482422,128.1999969482422,127.5,127.56999969482422,15188000,126.30600051879883,127.347272976962,123.83933353424072,118.72505012512207,55.399727875296364,1.0864290509905135,0.0069775135973231045
2016-09-23,127.6500015258789,127.86000061035156,127.43000030517578,127.5999984741211,7702300,126.37700042724609,127.30927290482954,123.9225835164388,118.84910015106202,55.80360843978571,1.0257148742675781,0.0069699768994187505
2016-09-26,127.55000305175781,128.0399932861328,127.41999816894531,127.95999908447266,5842700,126.45200042724609,127.25527288263494,124.01100018819173,118.97365016937256,55.1315702739615,0.8907143729073661,0.0069617075489638285
2016-09-27,126.62000274658203,126.9000015258789,126.33999633789062,126.86000061035156,6220700,126.4680004119873,127.20672760009765,124.07775020599365,119.09400016784667,49.19754382528703,0.924285888671875,0.007171471381268173
2016-09-28,126.22000122070312,126.4000015258789,125.7300033569336,126.25,6757700,126.52750053405762,127.18981850363991,124.14266688028971,119.20955017089844,46.86125633589597,0.9078570774623326,0.006811672822057918
2016-09-29,126.06999969482422,126.33999633789062,125.54000091552734,125.83999633789062,7448400,126.59200057983398,127.14890927401456,124.19300022125245,119.33095016479493,45.97946567592568,0.90142822265625,0.006798436776395792
2016-09-30,125.63999938964844,126.55000305175781,125.23999786376953,126.5199966430664,11204300,126.60950050354003,127.11818195689808,124.2395835240682,119.45155017852784,43.45511195236932,0.9271430969238281,0.006799050625688668
2016-10-03,125.31999969482422,125.45999908447266,124.9000015258789,125.31999969482422,9044100,126.54700050354003,127.09054565429688,124.29416688283284,119.56440017700196,41.62367409891488,0.903571537562779,0.0063924389570281705
2016-10-04,120.97000122070312,123.18000030517578,120.86000061035156,123.16000366210938,24372700,126.16000022888184,126.98018202348189,124.32633355458577,119.66675018310546,25.74151277976729,1.1657142639160156,0.008923481668753654
2016-10-05,120.77999877929688,121.58999633789062,120.4000015258789,121.33000183105469,14718100,125.78549995422364,126.86327292702414,124.35016689300537,119.76045017242431,25.287641936991818,1.1599998474121094,0.008929114411412692
2016-10-06,119.66000366210938,119.9800033569336,119.23999786376953,119.69000244140625,17917700,125.38900032043458,126.75909118652343,124.36616694132486,119.84300018310547,22.742151880367516,1.2199995858328683,0.00902742400993362
2016-10-07,119.73999786376953,120.58000183105469,118.41999816894531,120.48999786376953,17907300,125.03850021362305,126.62163654674183,124.3675002415975,119.92865016937256,23.33573712725979,1.3342851911272322,0.009028486794094048
2016-10-10,120.16000366210938,120.41999816894531,119.73999786376953,119.73999786376953,4514400,124.71700057983398,126.50909118652343,124.37741692860921,120.01790019989014,26.527613756680253,1.3528567722865514,0.009133671951451728
2016-10-11,119.55000305175781,120.16000366210938,119.52999877929688,119.91999816894531,6065300,124.40700073242188,126.40145485617897,124.37850030263265,120.10040019989013,24.90575681930021,1.2564288548060827,0.009103688016085633
2016-10-12,119.73999786376953,120.06999969482422,119.29000091552734,119.72000122070312,4848600,124.08500061035156,126.28763663552024,124.39391695658365,120.18775020599365,26.414797687523915,1.2457144601004464,0.009050254371355594
2016-10-13,120.02999877929688,120.41999816894531,119.80000305175781,120.0,7184600,123.8180004119873,126.1421820900657,124.40891691843669,120.27690021514893,28.76775107040227,1.2635716029575892,0.009068573950252566
2016-10-14,119.36000061035156,120.16000366210938,119.29000091552734,119.37000274658203,6577300,123.53300056457519,125.9912729436701,124.41441694895427,120.36660022735596,26.64772182929552,1.2814292907714844,0.009101270888641965
2016-10-17,119.68000030517578,119.91999816894531,119.58000183105469,119.69999694824219,4777900,123.25100059509278,125.82218211780895,124.41975027720133,120.45770023345948,29.32659757831148,1.2350000653948103,0.009117459554651665
2016-10-18,120.41999816894531,120.63999938964844,119.81999969482422,120.08000183105469,4919700,123.00000038146973,125.66218206232244,124.41250025431314,120.54535022735595,35.21850004186528,1.2400000435965401,0.009287792910870438
2016-10-19,121.11000061035156,121.45999908447266,120.88999938964844,121.12999725341797,6019800,122.69200057983399,125.49563654119318,124.39133358001709,120.63500022888184,40.22276415342646,1.257143293108259,0.008644052939386885
2016-10-20,120.73999786376953,121.58999633789062,120.62999725341797,121.38999938964844,6496700,122.35050048828126,125.33363661332564,124.37050024668376,120.71535022735596,38.5050688386299,1.2321428571428572,0.008570324903016123
2016-10-21,120.83000183105469,120.93000030517578,120.55000305175781,120.9000015258789,6707800,122.00950050354004,125.16927309903231,124.35275026957194,120.78875022888184,39.18540479976999,1.2064285278320312,0.008572791546313296
2016-10-24,120.55999755859375,121.30000305175781,120.16000366210938,121.27999877929688,5481100,121.66000022888184,125.0421820900657,124.33900025685628,120.86315021514892,37.83317481610128,0.9692856924874442,0.008561795815493125
2016-10-25,121.47000122070312,121.76000213623047,120.86000061035156,120.88999938964844,6141100,121.40250015258789,124.93363661332565,124.33400026957194,120.9468002319336,44.7529573531287,0.9700006757463727,0.008790097935002236
2016-10-26,120.79000091552734,121.52999877929688,120.61000061035156,121.37000274658203,3905900,121.1310001373291,124.8032730102539,124.31408360799153,121.02970024108886,41.073792768168694,0.9257147652762276,0.008823345695786923
2016-10-27,121.01000213623047,121.18000030517578,120.75,121.11000061035156,4336000,120.87800025939941,124.66600036621094,124.3170836130778,121.11115024566651,42.71465337300242,0.8021430969238281,0.008866326198246075
2016-10-28,121.58000183105469,122.4800033569336,120.80999755859375,121.19999694824219,11639900,120.67500038146973,124.55527316006747,124.32208360036215,121.20395027160644,46.84460323767294,0.8728577750069755,0.00898389150087308
2016-10-31,121.94000244140625,122.0,121.2300033569336,121.51000213623047,7722100,120.50600051879883,124.4560004494407,124.32058359781901,121.2932502746582,49.329289318657914,0.882857186453683,0.009037663489292013
2016-11-01,122.7300033569336,123.20999908447266,122.56999969482422,122.80000305175781,13384300,120.59400062561035,124.36309148615057,124.33366692860922,121.3870002746582,54.36991535373872,0.9178570338657924,0.004664977766764112
2016-11-02,123.63999938964844,124.76000213623047,123.55999755859375,123.76000213623047,15692400,120.73700065612793,124.27527327104049,124.34975026448568,121.47835025787353,59.38224870442604,1.0142854963030135,0.004860052078139053
2016-11-03,124.30000305175781,124.33000183105469,123.3499984741211,123.36000061035156,10093100,120.96900062561035,124.19890969016335,124.370583597819,121.57240028381348,62.59181832380366,1.0221426827566964,0.004267818395690798
2016-11-04,124.38999938964844,124.54000091552734,124.04000091552734,124.4000015258789,8594600,121.2015007019043,124.11309148615057,124.38866691589355,121.66935028076172,63.02091022448086,1.0178571428571428,0.00426698464427661
2016-11-07,122.1500015258789,122.70999908447266,121.87999725341797,122.66000366210938,10015000,121.30100059509277,124.00727330988104,124.4057502746582,121.74970027923584,48.200957093555104,1.1285716465541296,0.00614385370279218
2016-11-08,121.63999938964844,123.08999633789062,121.36000061035156,122.12000274658203,9480600,121.4055004119873,123.89563695734198,124.42050024668376,121.82145027160645,45.57322551250455,1.1778569902692522,0.006101330368848167
2016-11-09,121.55999755859375,124.3499984741211,121.11000061035156,124.30000305175781,18236500,121.49650039672852,123.78290960138494,124.43591690063477,121.89080024719239,45.1573471031957,1.3407140459333147,0.006108357479060416
2016-11-10,119.75,121.54000091552734,119.37999725341797,121.5199966430664,22268000,121.48250045776368,123.66309148615056,124.43908354441325,121.95685024261475,36.94333327184503,1.4692856924874442,0.007020737682644915
2016-11-11,117.0999984741211,119.69000244140625,116.2300033569336,119.6500015258789,20381800,121.36950035095215,123.49709139737216,124.4374168395996,122.00760025024414,28.709450078435964,1.6392854963030135,0.008517173840918615
2016-11-14,116.11000061035156,117.13999938964844,115.48999786376953,116.12000274658203,20729400,121.19100036621094,123.31636408025568,124.43016681671142,122.04790023803712,26.346950217308816,1.6714281354631697,0.008632522169756516
2016-11-15,117.12000274658203,117.23999786376953,116.29000091552734,116.45999908447266,9348600,121.02600059509277,123.14945498379794,124.43466682434082,122.09305027008057,32.45384281926704,1.6864280700683594,0.008767284449933991
2016-11-16,116.7699966430664,117.2699966430664,116.58000183105469,117.2699966430664,5486100,120.80900039672852,122.99927312677556,124.44425010681152,122.1306502532959,31.47975328630379,1.7049991062709264,0.00861201922180093
2016-11-17,116.16999816894531,117.22000122070312,115.44000244140625,116.91000366210938,10342300,120.5805004119873,122.84272766113281,124.44516677856446,122.15865024566651,29.8270234210803,1.7128557477678572,0.00864070728164913
2016-11-18,115.1500015258789,115.7699966430664,114.95999908447266,115.5199966430664,10444300,120.29650039672852,122.65836403586648,124.43858343760172,122.17280025482178,27.211512615661746,1.7442844935825892,0.008749542539939302
2016-11-21,115.58000183105469,115.94000244140625,115.29000091552734,115.72000122070312,6654200,120.04750061035156,122.45854589288885,124.43783346811931,122.18155025482177,29.998337392748013,1.7099990844726562,0.008855486683367369
2016-11-22,115.54000091552734,115.79000091552734,114.9800033569336,115.72000122070312,6391900,119.75100059509278,122.21909124200994,124.41000016530354,122.19135025024414,29.883715542807394,1.6228561401367188,0.008575756366979034
2016-11-23,113.25,113.87999725341797,112.6500015258789,113.87000274658203,20982100,119.3740005493164,121.94600025523792,124.36275018056234,122.18530025482178,24.18617072406984,1.759284428187779,0.00939937469613526
2016-11-25,112.61000061035156,113.51000213623047,112.3499984741211,113.41999816894531,5345900,118.95400047302246,121.67363669655539,124.31100018819173,122.15305027008057,22.873618429165575,1.8064275469098772,0.009338624030368408
2016-11-28,113.80000305175781,113.83999633789062,112.7699966430664,113.2300033569336,5655400,118.56500053405762,121.43818220658736,124.25450019836425,122.13025028228759,30.433305925446987,1.714998517717634,0.009696254945852134
2016-11-29,113.2699966430664,113.4800033569336,112.69000244140625,112.76000213623047,7438600,118.13150024414062,121.1960003939542,124.18800017038981,122.1227502822876,29.066786352021523,1.670713152204241,0.00958820279650415
2016-11-30,111.75,112.79000091552734,111.5,112.69000244140625,10925500,117.58250007629394,120.94145493940873,124.10475018819173,122.10410026550294,25.52674484932288,1.5657130650111608,0.009515387399993079
2016-12-01,111.54000091552734,111.98999786376953,110.62999725341797,111.11000061035156,10237000,116.9775001525879,120.67527313232422,124.01225020090739,122.07035026550292,25.072419430633886,1.5071416582380022,0.009114619650584663
2016-12-02,112.13999938964844,112.31999969482422,111.77999877929688,111.88999938964844,7416500,116.36949996948242,120.43472761674361,123.92366689046224,122.04315025329589,28.96265370088244,1.3114275251116072,0.009117101271143558
2016-12-05,111.54000091552734,112.11000061035156,110.30999755859375,111.1500015258789,10187900,115.72700004577636,120.18890949596059,123.82250022888184,122.02340026855468,27.428995328167034,1.3242846897670202,0.009013656659975226
2016-12-06,111.43000030517578,112.02999877929688,111.19000244140625,111.69000244140625,5533700,115.19099998474121,119.93636405251243,123.73125025431315,121.99445026397706,27.145195010860974,1.303570338657924,0.008552165904294749
2016-12-07,111.83000183105469,112.5,111.7699966430664,112.12999725341797,4901800,114.70050010681152,119.68890949596059,123.63025029500325,121.96555027008057,29.98221615970047,1.3307135445731026,0.008744041823569729
2016-12-08,111.56999969482422,111.87000274658203,111.45999908447266,111.72000122070312,5977800,114.20100021362305,119.40345500599254,123.53325030008952,121.93380027770996,29.186628113219015,1.2328567504882812,0.008716810244360539
2016-12-09,110.4000015258789,111.25,110.19000244140625,111.18000030517578,10507700,113.73350028991699,119.09127322110263,123.44625034332276,121.9002502822876,25.86107396224061,1.2449994768415178,0.008486296893950085
2016-12-12,110.81999969482422,111.11000061035156,110.2699966430664,110.58999633789062,6156700,113.41950035095215,118.78527318781073,123.36225032806396,121.86115028381347,28.988973448496893,1.2485711233956474,0.007497642287293875
2016-12-13,110.44999694824219,110.79000091552734,110.05999755859375,110.56999969482422,7961600,113.13650016784668,118.47436398592862,123.28175029754638,121.82455028533936,27.873299940946964,1.2450000217982702,0.00737822611738573
2016-12-14,108.83000183105469,110.9800033569336,108.5199966430664,110.94999694824219,12933600,112.72200012207031,118.15090942382812,123.13866697947184,121.77530029296875,23.59210988955553,1.2142862592424666,0.0073666267699810965
2016-12-15,107.33999633789062,107.98999786376953,107.0,107.8499984741211,14427500,112.25050010681153,117.80763660777698,122.97750027974446,121.70835025787353,20.476826140534385,1.262143271309989,0.007698234425472278
2016-12-16,108.05000305175781,108.77999877929688,107.4800033569336,107.94999694824219,10602800,111.84450035095215,117.48000030517578,122.83358364105224,121.64590026855468,25.523544793787778,1.2771437508719308,0.008060719994893361
2016-12-19,108.58999633789062,108.87999725341797,108.33999633789062,108.5999984741211,5339100,111.51650009155273,117.17000024968928,122.68983364105225,121.5831502532959,29.203461601842605,1.257143293108259,0.008181240818280372
2016-12-20,107.79000091552734,108.0,107.29000091552734,107.47000122070312,7321100,111.12700004577637,116.8512729991566,122.53416697184245,121.51920024871826,27.069516115990595,1.22357177734375,0.0080836979674787
2016-12-21,107.8499984741211,108.30999755859375,107.68000030517578,108.25,5188700,110.74249992370605,116.6127274946733,122.36283359527587,121.4605502319336,27.497407247212806,1.1714286804199219,0.008104443839361108
2016-12-22,107.58999633789062,108.0999984741211,107.48999786376953,107.68000030517578,4942800,110.45949974060059,116.3729092684659,122.18050022125244,121.39100021362304,26.764561875094685,1.1592859540666853,0.007124432146051299
2016-12-23,107.93000030517578,108.25,107.80000305175781,107.83999633789062,5012200,110.22549972534179,116.15963648015803,121.99466692606607,121.33360019683838,29.413865624605833,1.0757146562848772,0.0071937609615503224
2016-12-27,108.55999755859375,108.66999816894531,108.23999786376953,108.61000061035156,3685500,109.9634994506836,115.95636374733665,121.81816685994467,121.28705017089844,34.16611589001022,1.0685719081333704,0.0068237606889142086
2016-12-28,108.86000061035156,108.91000366210938,108.29000091552734,108.4000015258789,5091200,109.74299964904785,115.7509091463956,121.63766682942709,121.24155017852783,36.36326481794136,1.0364292689732142,0.006892075927609178
2016-12-29,110.29000091552734,110.52999877929688,109.16000366210938,109.2300033569336,7563900,109.66999969482421,115.58254547119141,121.47933355967204,121.19005020141601,45.67086918609405,1.1264288766043526,0.007122550399122444
2016-12-30,109.61000061035156,110.62000274658203,109.52999877929688,110.37999725341797,8873700,109.57349967956543,115.39836370294745,121.33316688537597,121.13745021820068,42.48844189350741,1.105715070452009,0.007225757641305568
2017-01-03,110.47000122070312,111.0,109.37000274658203,109.62000274658203,7527400,109.48999977111816,115.22454556551847,121.18441683451334,121.09080020904541,47.47351873534922,1.1621431623186385,0.00735749021629081
2017-01-04,110.86000061035156,111.22000122070312,110.61000061035156,111.05999755859375,4904100,109.45599975585938,115.07000011097301,121.04716682434082,121.0503002166748,49.60675472507925,1.161428724016462,0.0073315310310210395
2017-01-05,112.58000183105469,112.94000244140625,112.06999969482422,112.16000366210938,9606800,109.51349983215331,114.94090922962536,120.92833353678385,121.01665023803712,57.75533542273852,1.1342855181012834,0.008132619590056215
2017-01-06,111.75,112.37999725341797,111.56999969482422,111.80999755859375,7686100,109.50949974060059,114.78327289928089,120.8009168624878,120.99235023498535,53.278257676811954,1.075714111328125,0.008284602565343082
2017-01-09,112.66999816894531,113.04000091552734,112.18000030517578,112.38999938964844,5674600,109.56449966430664,114.62981830943714,120.67975018819173,120.97405021667481,57.23538219692533,1.064999716622489,0.008463304008957784
2017-01-10,113.1500015258789,113.44999694824219,112.63999938964844,112.94000244140625,6093400,109.70199966430664,114.49181837602096,120.57775020599365,120.9568002319336,59.17804097215899,1.0635713849748885,0.008087523826469439
2017-01-11,113.5,114.19000244140625,112.16999816894531,112.87000274658203,9918700,109.83599967956543,114.35854561545632,120.46275018056234,120.93050022125244,60.58405743351579,1.1150005885532923,0.008077315650626775
2017-01-12,113.91000366210938,114.93000030517578,113.80999755859375,114.5199966430664,8457300,110.00900001525879,114.23763663552025,120.35908355712891,120.91455024719238,62.22541257799671,1.1721436636788505,0.008019883779235338
2017-01-13,114.20999908447266,114.30999755859375,113.19000244140625,113.6500015258789,7261500,110.27799987792969,114.10563659667969,120.26525020599365,120.8974002456665,63.425520691035686,1.2085718427385603,0.007050305651619027
2017-01-17,115.8499984741211,115.95999908447266,115.5,115.88999938964844,9142400,110.70349998474121,114.0158183704723,120.18066685994467,120.89200023651124,69.1885018481091,1.286428724016462,0.006435915015953109
2017-01-18,114.87000274658203,115.91999816894531,114.55999755859375,115.73999786376953,6498100,111.04449996948242,113.90418201793324,120.07100022633871,120.88560024261474,62.81873663431117,1.3307146344866072,0.006955721303983076
2017-01-19,114.7699966430664,114.95999908447266,113.94000244140625,114.31999969482422,6437000,111.3534999847412,113.780363741788,119.96358350118001,120.87115020751953,62.189529301672124,1.359285627092634,0.006994586635163364
2017-01-20,115.05000305175781,115.76000213623047,114.31999969482422,114.6500015258789,12261500,111.71650009155273,113.65509102561258,119.84750022888184,120.86170021057129,63.29799068249693,1.3428573608398438,0.006575947011193746
2017-01-23,115.79000091552734,116.16999816894531,115.19999694824219,115.51000213623047,6373100,112.11350021362304,113.52890916304155,119.73558355967204,120.84760021209716,66.12444565733219,1.3449995858328683,0.006578886619880157
2017-01-24,115.2699966430664,116.0199966430664,114.94000244140625,115.69000244140625,5798800,112.49750022888183,113.37672729492188,119.61058349609375,120.83180019378662,62.482988910266975,1.3057136535644531,0.00669399459075399
2017-01-25,114.31999969482422,114.44000244140625,113.68000030517578,114.13999938964844,6697500,112.81700019836425,113.19527268843217,119.48283354441325,120.80325019836425,56.37498213050062,1.365713391985212,0.007189358824189769
2017-01-26,113.26000213623047,113.51000213623047,112.83000183105469,113.23999786376953,5390500,113.0520004272461,112.9929091020064,119.3444169362386,120.76930019378662,50.44903324904086,1.3235702514648438,0.007644433080394718
2017-01-27,113.48999786376953,113.55000305175781,112.80999755859375,112.93000030517578,6706600,113.28350028991699,112.83545448996804,119.22725022633871,120.74290019989013,51.63694665165545,1.3042847769601005,0.0076430893732393704
2017-01-30,113.97000122070312,114.30000305175781,113.54000091552734,113.61000061035156,7687800,113.46750030517578,112.6959999778054,119.11500021616618,120.7272002029419,54.10960241936411,1.2699993678501673,0.007214434212374782
2017-01-31,115.55000305175781,115.81999969482422,115.18000030517578,115.2699966430664,10421900,113.76450042724609,112.58672735040838,119.01158358256022,120.71535022735596,61.150573482738054,1.344285147530692,0.00745601666869084
2017-02-01,115.19999694824219,115.44999694824219,114.13999938964844,114.66000366210938,6932900,114.00100021362304,112.5040000221946,118.90025024414062,120.70265022277832,58.991329902270465,1.3007136753627233,0.007455111363833758
2017-02-02,115.83999633789062,116.56999969482422,115.62999725341797,116.26000213623047,7189500,114.25,112.48109089244495,118.80166689554851,120.6839501953125,61.65739841116477,1.2964281354631697,0.007488884195860897
2017-02-03,116.12999725341797,116.37000274658203,115.70999908447266,115.7300033569336,9455500,114.42749977111816,112.48145446777343,118.70775019327799,120.66975017547607,62.8364092065072,1.2635716029575892,0.006807884582533417
2017-02-06,117.69999694824219,117.73999786376953,116.73999786376953,117.06999969482422,8547800,114.72499961853028,112.49199981689453,118.62325019836426,120.66115016937256,68.48608411591593,1.2535716465541296,0.006963675943332901
2017-02-07,117.45999908447266,117.73999786376953,117.19999694824219,117.30999755859375,8621000,114.96449966430664,112.50454531582919,118.53150018056233,120.65900016784668,66.81397133288473,1.195000239780971,0.0069064968982931
2017-02-08,118.19000244140625,118.58999633789062,117.80999755859375,118.08999633789062,9633400,115.21649971008301,112.54127266623757,118.44558353424073,120.65880016326905,69.27154278139953,1.202857426234654,0.0069522568016757835
2017-02-09,117.29000091552734,118.58000183105469,117.19999694824219,118.19000244140625,8177200,115.40599975585937,112.58018174604936,118.34708353678386,120.65175018310546,63.07029866110252,1.1985718863351005,0.00728457237067723
2017-02-10,117.5999984741211,117.86000061035156,116.66999816894531,116.68000030517578,9072100,115.59049949645996,112.61690895774147,118.260666847229,120.64455017089844,64.25719373259929,1.2035724094935827,0.007274177761550205
2017-02-13,116.80000305175781,116.94999694824219,116.1500015258789,116.7300033569336,7354900,115.71999969482422,112.63981808749112,118.16916688283284,120.62210018157958,58.988334707215394,1.2300011771065849,0.007507288771172233
2017-02-14,116.93000030517578,117.55999755859375,116.37999725341797,117.51000213623047,6927800,115.77399978637695,112.70672718394886,118.07891686757405,120.58850017547607,59.568492481664784,1.2007157461983817,0.006834611891439549
2017-02-15,117.44999694824219,117.4800033569336,116.25,116.33000183105469,7088400,115.90299949645996,112.79472711736506,118.00483353932698,120.55955017089843,61.89079930775708,1.1821447099958147,0.006548869787362021
2017-02-16,118.08000183105469,118.3499984741211,117.83000183105469,117.93000030517578,6378700,116.06849975585938,112.87254527698863,117.93691685994466,120.53515018463135,64.5476818829284,1.193572998046875,0.006596762262238065
2017-02-17,117.68000030517578,118.4000015258789,117.62000274658203,118.19000244140625,7338100,116.19999961853027,112.95272716175427,117.86716683705647,120.51250019073487,61.61070121233238,1.191429683140346,0.006678615155739005
2017-02-21,117.75,118.0,116.7699966430664,117.04000091552734,6166900,116.29799957275391,113.06181807084518,117.79591681162516,120.49090019226074,61.9370947520009,1.1471443176269531,0.006562259297314813
2017-02-22,117.91000366210938,118.0199966430664,117.23999786376953,117.86000061035156,6057200,116.42999992370605,113.1776363026012,117.73658351898193,120.46455020904541,62.71738503722473,1.1021439688546317,0.006440442365368327
2017-02-23,118.94000244140625,119.16000366210938,118.68000030517578,118.76000213623047,7523300,116.66100006103515,113.30127272172408,117.68791688283285,120.45600021362304,67.35656845193871,1.0935723440987724,0.006253205651320756
2017-02-24,119.69999694824219,119.87999725341797,119.25,119.73999786376953,9809000,116.98299980163574,113.44963628595525,117.6413335164388,120.44960018157958,70.29381551285715,1.1135717119489397,0.005725512547412594
2017-02-27,119.12000274658203,120.4000015258789,119.12000274658203,119.7300033569336,9263500,117.26450004577637,113.58945451216265,117.57925020853678,120.43460018157958,65.45348177443796,1.0900001525878906,0.005974203853948877
2017-02-28,119.2300033569336,119.83999633789062,118.81999969482422,119.70999908447266,8727800,117.52750015258789,113.72399999445135,117.50025018056233,120.42495018005371,65.93261154762374,1.1242855616978236,0.005967838244494333
2017-03-01,119.05999755859375,119.12000274658203,117.94999694824219,117.9800033569336,8679600,117.70299987792968,113.86018177379262,117.42350012461344,120.41170017242432,64.44499368929701,1.135000501360212,0.005352901208374645
2017-03-02,117.58000183105469,118.33999633789062,117.2300033569336,117.76000213623047,10986300,117.8220001220703,113.99072723388672,117.34008350372315,120.3906001663208,53.19305301934202,1.167142595563616,0.006129112766929508
2017-03-03,117.51000213623047,117.7300033569336,116.44000244140625,116.94999694824219,10665800,117.9055004119873,114.11236364191228,117.26308352152506,120.36705017089844,52.72416586604954,1.1742853437151228,0.006044384468280296
2017-03-06,116.72000122070312,117.3499984741211,116.62999725341797,117.3499984741211,4883500,117.93500061035157,114.2263637195934,117.18083356221517,120.35015018463135,47.62218457372593,1.1335716247558594,0.006250730924434514
2017-03-07,115.77999877929688,116.25,115.62000274658203,116.12999725341797,6846300,117.8390007019043,114.35272730047052,117.09775021870931,120.32970016479493,42.368561253270634,1.1278572082519531,0.005679660629290376
2017-03-08,115.05999755859375,115.36000061035156,114.94999694824219,114.98999786376953,7620900,117.71900062561035,114.49309095902876,117.00508352915446,120.30645015716553,38.834632784523734,1.099285670689174,0.005802949130403954
2017-03-09,114.47000122070312,115.02999877929688,114.41000366210938,114.77999877929688,6410900,117.53300056457519,114.60981819846414,116.91425018310547,120.28195014953613,36.17213675522583,1.081427982875279,0.005610166875850028
2017-03-10,114.72000122070312,114.7300033569336,114.12999725341797,114.44999694824219,7929500,117.40450057983398,114.72127283269708,116.82808354695638,120.26905014038086,38.1084538262514,1.0685713631766183,0.005482062004631302
2017-03-13,114.73999786376953,114.91000366210938,114.51000213623047,114.62999725341797,5807400,117.26150054931641,114.84763641357422,116.73991686503092,120.25785011291504,38.269765524883745,1.0092855181012834,0.005420970454598884
2017-03-14,114.12000274658203,115.01000213623047,114.02999877929688,114.54000091552734,5301800,117.12750053405762,114.96163649125533,116.64558353424073,120.24555011749267,35.205925044241894,1.023571559361049,0.005353691987518296
2017-03-15,116.25,116.25,114.0199966430664,114.29000091552734,13524100,117.09350051879883,115.11909110329368,116.55375022888184,120.24870010375976,50.012305726024735,1.0935717991420202,0.006945430434206899
2017-03-16,116.7300033569336,117.29000091552734,116.69000244140625,117.2699966430664,9322000,117.0575008392334,115.27909115878019,116.46341692606607,120.25205013275146,52.638855988857344,1.100715092250279,0.00693442119225969
2017-03-17,116.98999786376953,117.2699966430664,116.91000366210938,117.04000091552734,4683000,117.00300064086915,115.43236389160157,116.37458356221516,120.25730010986328,54.04729571594642,1.0478575570242745,0.006834695851432141
2017-03-20,117.51000213623047,117.5999984741211,117.20999908447266,117.30999755859375,4000200,116.99450073242187,115.58963664661755,116.29091688791911,120.26650012969971,56.81354348384933,1.0185721261160714,0.0068812403864726285
2017-03-21,118.54000091552734,118.80000305175781,117.76000213623047,117.7699966430664,9567900,117.03400077819825,115.73963664661754,116.22358353932698,120.26480014801025,61.72800145239751,1.0192860194614954,0.007158468596663029
2017-03-22,118.83000183105469,119.1500015258789,118.68000030517578,118.87000274658203,7287400,117.0800006866455,115.90727303244851,116.16200021107991,120.2643501663208,63.004511286363716,0.9321436200823102,0.007170587181940581
2017-03-23,118.66999816894531,119.25,118.31999969482422,119.1500015258789,6201100,117.06650047302246,116.0563638860529,116.10033353169759,120.2636001586914,61.78015655171435,0.9064292907714844,0.006904155973552245
2017-03-24,118.86000061035156,119.20999908447266,118.38999938964844,118.5,6879600,117.02450065612793,116.20181843150746,116.04383354187011,120.2550001525879,62.70693856482469,0.9021432059151786,0.006748864538872064
2017-03-27,119.52999877929688,120.08000183105469,119.2699966430664,119.93000030517578,8519600,117.04500045776368,116.32818201238459,115.99558353424072,120.24640014648438,65.85149574480297,0.910714830671038,0.006786702524181543
2017-03-28,119.04000091552734,119.83000183105469,118.77999877929688,119.73999786376953,7112800,117.03550033569336,116.460727483576,115.97950019836426,120.23290016174316,61.7506073752268,0.926429203578404,0.006850904864104622
2017-03-29,119.33000183105469,119.44999694824219,119.05000305175781,119.22000122070312,4911000,117.0490005493164,116.58181845925071,115.96741689046225,120.21635017395019,63.21083997973292,0.9092864990234375,0.006864720410579028
2017-03-30,118.47000122070312,119.12000274658203,118.31999969482422,118.7699966430664,6894600,117.09350051879883,116.67854572642933,115.95750020345052,120.19485019683837,56.341570971562845,0.9385719299316406,0.006448175467861462
2017-03-31,118.72000122070312,119.08000183105469,118.45999908447266,118.61000061035156,8520800,117.15400047302246,116.77345483953303,115.94900023142496,120.17005020141602,57.777998475995766,0.9542863028390067,0.006454643525079532
2017-04-03,119.3499984741211,119.37000274658203,118.66999816894531,118.69000244140625,6105700,117.28550033569336,116.87236383611506,115.94225018819174,120.15490020751953,61.23894235895182,0.934286390032087,0.006301684497526105
2017-04-04,119.62000274658203,119.7699966430664,119.37999725341797,119.58999633789062,4687300,117.47750053405761,116.9707275390625,115.94283351898193,120.13325023651123,62.65193691246178,0.8050003051757812,0.005920817801872522
2017-04-05,119.62000274658203,119.62999725341797,118.4000015258789,118.62000274658203,8106000,117.70550079345703,117.03927307128906,115.94183355967203,120.11530025482178,62.65193691246178,0.8185713631766183,0.0056426316990807095
2017-04-06,119.18000030517578,119.41999816894531,118.9800033569336,119.22000122070312,4633500,117.94100074768066,117.1176366632635,115.93475023905437,120.1070002746582,58.61364755657105,0.8257146562848773,0.005555441800299494
2017-04-07,119.45999908447266,120.66999816894531,119.13999938964844,120.30000305175781,12351100,118.17800064086914,117.20290943492543,115.93558355967204,120.09980026245117,60.36443614897777,0.8914288112095424,0.0055558019173272384
2017-04-10,119.45999908447266,119.69000244140625,118.8499984741211,119.04000091552734,4623700,118.4140007019043,117.2830911809748,115.93375021616617,120.09655025482178,60.36443614897777,0.8592861720493862,0.005559020092706477
2017-04-11,121.19000244140625,121.4000015258789,120.29000091552734,120.33000183105469,12455300,118.7675006866455,117.38127302689986,115.94016691843669,120.07250026702881,69.58446354889587,0.9542863028390067,0.005925333491080899
2017-04-12,122.0199966430664,122.22000122070312,121.13999938964844,121.37999725341797,9502500,119.05600051879883,117.50400029962714,115.94775021870932,120.04920024871826,72.84782105459492,0.9650006975446429,0.004758168346787094
2017-04-13,122.5999984741211,122.6500015258789,122.02999877929688,122.54000091552734,9892600,119.3495002746582,117.65454573197799,115.96325022379557,120.03560024261475,74.87639187260781,0.9514296395438058,0.004771888987856667
2017-04-17,122.23999786376953,123.06999969482422,121.98999786376953,122.55000305175781,8469600,119.6120002746582,117.81781838156961,115.97500019073486,120.01760025024414,71.31495965478615,0.941429683140346,0.004922841927632678
2017-04-18,122.81999969482422,123.02999877929688,121.7300033569336,122.43000030517578,10903700,119.87750015258788,117.98745477849786,115.99383354187012,119.99935024261475,73.50175293452665,0.9592862810407367,0.004930462880941173
2017-04-19,121.7300033569336,122.26000213623047,121.27999877929688,122.25,8472700,120.0370002746582,118.12854572642934,115.99600022633871,119.96595024108886,63.67712582880771,1.0400009155273438,0.005265119865566964
2017-04-20,121.95999908447266,122.16999816894531,121.5,121.81999969482422,11787300,120.1935001373291,118.24509110884233,116.00575021107991,119.92840023040772,64.74786386539563,1.0157149178641183,0.005260439960709454
2017-04-21,122.30999755859375,122.61000061035156,121.7300033569336,122.13999938964844,15608000,120.37550010681153,118.37436384721236,116.01658350626627,119.88880023956298,66.37240209568711,1.0342859540666853,0.0052326222894456455
2017-04-24,121.4800033569336,121.51000213623047,120.66000366210938,120.7699966430664,11053600,120.50650024414062,118.47690942937678,116.0157501856486,119.84750022888184,59.38357310617312,1.102142333984375,0.005552484179719383
2017-04-25,120.25,120.87000274658203,120.05000305175781,120.52999877929688,10344800,120.54250030517578,118.55181857022372,116.00166683197021,119.79615020751953,50.84002017957962,1.1742853437151228,0.005977765649297764
2017-04-26,120.83999633789062,120.95999908447266,119.87000274658203,120.20999908447266,9758800,120.63250007629395,118.60890946821733,115.9859167734782,119.75390022277833,54.2407985387197,1.164285387311663,0.005966741516982494
2017-04-27,120.38999938964844,120.5999984741211,119.97000122070312,120.41999816894531,8267000,120.68549995422363,118.6621822010387,115.95883344014486,119.72010021209717,51.324472580800595,1.1807136535644531,0.006034680142722017
2017-04-28,120.7699966430664,120.7699966430664,120.2699966430664,120.33999633789062,9134200,120.8004997253418,118.70909118652344,115.92941672007242,119.6823501586914,53.59352307380033,1.1071423121861048,0.00578135840549816
2017-05-01,119.66999816894531,120.75,119.3499984741211,120.20999908447266,9331800,120.8479995727539,118.7523638638583,115.89008337656657,119.64405014038086,46.793432373653935,1.1485704694475447,0.006195112473642242
2017-05-02,119.6500015258789,119.6500015258789,119.23999786376953,119.30000305175781,4900800,120.8629997253418,118.78963664661754,115.86925004323324,119.6081001663208,46.67748536597272,1.040713174002511,0.006087701040960399
2017-05-03,117.9800033569336,119.33999633789062,117.91999816894531,119.18000030517578,10811100,120.78099975585937,118.81109119762074,115.83875007629395,119.56280017852784,38.170974298201436,1.087141854422433,0.006826114508455066
2017-05-04,116.79000091552734,117.27999877929688,116.62999725341797,116.80999755859375,12406900,120.63949966430664,118.80854575417258,115.79900010426839,119.5107001876831,33.487735135849235,1.1385705130440849,0.007139579938757952
2017-05-05,117.01000213623047,117.06999969482422,116.68000030517578,116.86000061035156,7127200,120.53099975585937,118.80054584849964,115.77616678873697,119.46880020141602,35.073707505798765,1.0892846243722099,0.007145147084088718
2017-05-08,116.75,117.13999938964844,116.68000030517578,117.02999877929688,5438400,120.39549980163574,118.77636399702592,115.77325013478597,119.41605018615722,34.040641374394255,1.029284885951451,0.007108956629612358
2017-05-09,116.05000305175781,116.23999786376953,115.55999755859375,116.18000030517578,6801300,120.225,118.74672768332742,115.77275015513102,119.3645502090454,31.362343545210507,1.0042849949428014,0.007185133788231338
2017-05-10,116.04000091552734,116.5,115.86000061035156,116.41999816894531,4290500,119.96749992370606,118.71563679088246,115.76375013987223,119.31740020751953,31.324418556899545,1.0021422249930245,0.00615212538421108
2017-05-11,116.5,116.8499984741211,116.19000244140625,116.20999908447266,6274400,119.69150009155274,118.69000036066228,115.76150016784668,119.26990020751953,35.205088729372235,0.9971422467912946,0.005960879171632873
2017-05-12,116.83000183105469,117.16000366210938,116.7300033569336,117.06999969482422,5434500,119.40300025939942,118.65163671320136,115.76700019836426,119.21390022277832,37.91547875037081,0.9264286586216518,0.005855894194668838
2017-05-15,117.13999938964844,117.54000091552734,116.98999786376953,117.5199966430664,5019600,119.14800033569335,118.6050913030451,115.78358351389566,119.16130020141601,40.436061190000416,0.875,0.005960951279128437
2017-05-16,117.6500015258789,117.91000366210938,117.4000015258789,117.44999694824219,4942800,118.88950042724609,118.57836400812323,115.80083351135254,119.10465023040771,44.43304658280658,0.8521434238978794,0.005937877740261209
2017-05-17,119.79000091552734,120.0199966430664,119.2699966430664,119.36000061035156,13936900,118.79250030517578,118.58854578191584,115.8362501780192,119.05750022888184,57.36220432314163,0.9592862810407367,0.0072574482210182555
2017-05-18,118.80999755859375,119.83999633789062,118.55999755859375,119.7699966430664,10341100,118.63500022888184,118.58400032737039,115.88258349100748,119.0002001953125,51.457466185921696,1.015000479561942,0.007410378862977358
2017-05-19,119.4000015258789,119.55000305175781,118.87999725341797,119.38999938964844,6787300,118.4895004272461,118.61709123091264,115.93916683197021,118.94895023345947,54.49450737785085,0.9664295741489956,0.007486613263640979
2017-05-22,119.9000015258789,120.13999938964844,119.58000183105469,119.62999725341797,5132500,118.41050033569336,118.66054576526989,115.9900001525879,118.89910026550292,56.95247513639303,0.988572256905692,0.007455933390323259
2017-05-23,119.13999938964844,120.19000244140625,118.9800033569336,120.12999725341797,8305400,118.35500030517578,118.70454573197799,116.03891684214274,118.85705024719238,52.32591036469066,0.9514290945870536,0.007247236552147214
2017-05-24,119.61000061035156,119.73999786376953,118.91999816894531,119.06999969482422,7025000,118.29350051879882,118.77418212890625,116.104416847229,118.81790023803711,54.77280117594026,0.9135714939662388,0.007213023006914283
2017-05-25,119.4800033569336,119.69999694824219,119.29000091552734,119.5199966430664,4105100,118.24800071716308,118.85454587069425,116.17058353424072,118.77550025939941,53.94804090318463,0.9149998256138393,0.007174734192112568
2017-05-26,120.54000091552734,120.79000091552734,120.33000183105469,120.48999786376953,6791600,118.23650093078614,118.96490950150924,116.24058354695639,118.73540027618408,59.326191869740015,0.9757140023367745,0.007431185646648154
2017-05-30,120.13999938964844,120.33000183105469,119.94999694824219,120.23999786376953,4507500,118.26000099182129,119.06345492276279,116.31225020090739,118.6977502822876,56.638153691865455,0.9328569684709821,0.007168661190062266
2017-05-31,120.62000274658203,121.2300033569336,120.26000213623047,120.30999755859375,10360700,118.30850105285644,119.17036410245028,116.38883355458577,118.66385028839112,59.036716168958904,0.9650001525878906,0.007217079111397318
2017-06-01,120.72000122070312,120.73999786376953,120.05999755859375,120.16999816894531,8702500,118.44550094604492,119.29036407470703,116.46291688283284,118.62825031280518,59.53884519311188,0.9557146344866071,0.006373934075168744
2017-06-02,121.61000061035156,121.70999908447266,121.19000244140625,121.30999755859375,7268100,118.68650093078614,119.38781863125888,116.54658355712891,118.59395030975342,63.79283198323047,0.979285648890904,0.005931675228099843
2017-06-05,121.7300033569336,121.94000244140625,121.58000183105469,121.91000366210938,3979200,118.9225009918213,119.47872772216797,116.64100023905436,118.56010032653809,64.33728255283916,0.9542857578822544,0.005936314020499877
2017-06-06,123.0999984741211,123.30999755859375,122.7699966430664,123.08999633789062,10798500,119.24000091552735,119.58981864235618,116.74333356221517,118.53005031585694,69.90168571182276,1.0121421813964844,0.0061916899939196655
2017-06-07,122.44999694824219,123.16000366210938,122.0199966430664,122.79000091552734,9039200,119.56000061035157,119.6796367298473,116.84333356221516,118.50245029449462,64.74038157955127,0.924285888671875,0.0061408505775966404
2017-06-08,121.6500015258789,122.08000183105469,120.94999694824219,122.06999969482422,8169800,119.84050064086914,119.73618219549006,116.95016689300537,118.47180030822754,58.969319730800414,0.9400002615792411,0.006456223934184348
2017-06-09,120.54000091552734,120.91000366210938,120.4000015258789,120.45999908447266,7054700,120.04250068664551,119.76727308793501,117.06016693115234,118.43570030212402,52.03792201561045,0.9764284406389508,0.006933275712667494
2017-06-12,120.36000061035156,120.69000244140625,120.2699966430664,120.33000183105469,4927400,120.21900062561035,119.7980004050515,117.16275024414062,118.40580032348633,50.99121586555318,0.9535718645368304,0.006964432336946934
2017-06-13,120.4800033569336,120.70999908447266,119.91999816894531,119.94999694824219,3786600,120.38600082397461,119.82745500044389,117.26183363596598,118.37705032348633,51.68889293252835,0.9235719953264508,0.006959997307184518
2017-06-14,119.81999969482422,121.87999725341797,119.56999969482422,121.51000213623047,21124800,120.49450073242187,119.83272774436257,117.36208362579346,118.34590030670167,47.66949578184806,1.0300004141671317,0.007088621159155714
2017-06-15,119.31999969482422,119.5,119.12999725341797,119.22000122070312,6796700,120.47100067138672,119.83781863125888,117.45766696929931,118.31100028991699,44.82569564861341,1.0500008719308036,0.005885868093189822
2017-06-16,119.33999633789062,119.5,119.23999786376953,119.3499984741211,6435700,120.49750061035157,119.83800034956498,117.55558363596599,118.28255027770996,44.96709672335963,0.9750011989048549,0.005576486231934984
2017-06-19,118.43000030517578,118.83999633789062,118.33000183105469,118.73999786376953,6787000,120.44900054931641,119.83727306019176,117.64308363596598,118.25080028533935,39.94951511974882,1.0050005231584822,0.005723359624363305
2017-06-20,118.18000030517578,118.45999908447266,118.06999969482422,118.41999816894531,4617400,120.36300048828124,119.82745486172763,117.72325032552084,118.2152502822876,38.672810232011315,0.9550001961844308,0.005630628627018251
2017-06-21,118.5199966430664,118.66000366210938,118.1500015258789,118.1500015258789,4723700,120.33200035095214,119.81236391934482,117.80375029246012,118.1750002670288,41.41492068749662,0.9428574698311942,0.005521543773483184
2017-06-22,118.91999816894531,119.19999694824219,118.5999984741211,119.12999725341797,5811900,120.29750022888183,119.79963656338778,117.8756669362386,118.1260502243042,44.555860539461506,0.9207147870744977,0.0055002017544884515
2017-06-23,119.43000030517578,119.66000366210938,119.30999755859375,119.6500015258789,9258600,120.29500007629395,119.79618197354404,117.9575002670288,118.08185020446777,48.35753228350449,0.9478579929896763,0.005589056851950961
2017-06-26,118.36000061035156,118.54000091552734,118.16999816894531,118.29000091552734,6593400,120.18600006103516,119.7812728881836,118.02325026194255,118.03570022583008,41.87079231723904,0.9250014168875558,0.0055200983503246705
2017-06-27,118.80999755859375,119.05000305175781,118.4800033569336,118.87000274658203,5759300,120.11949996948242,119.76945467862215,118.08950023651123,117.99600021362305,45.20009125100336,0.8928582327706474,0.0055849860529401125
2017-06-28,118.9000015258789,119.05999755859375,118.69000244140625,119.05999755859375,4220100,120.03349990844727,119.75927290482954,118.14216690063476,117.95755023956299,45.86789685152055,0.8121435982840401,0.005492715829822744
2017-06-29,118.31999969482422,118.63999938964844,117.91000366210938,117.97000122070312,7705200,119.91349983215332,119.70709103670987,118.19691689809163,117.9204002380371,42.29127219505976,0.793572017124721,0.005556779017217532
2017-06-30,118.0199966430664,118.41000366210938,117.94999694824219,118.08000183105469,7272600,119.73399963378907,119.6343637639826,118.2415002187093,117.87960021972657,40.53079403262801,0.7964292253766742,0.005202480654255704
2017-07-03,116.08999633789062,116.8499984741211,115.94000244140625,116.54000091552734,12145000,119.45199928283691,119.51600008877841,118.26600017547608,117.8332001876831,31.458221529615642,0.8885716029575893,0.006131000380379778
2017-07-05,116.5199966430664,116.66999816894531,115.87000274658203,115.91000366210938,7223300,119.12299919128418,119.4120000665838,118.29116681416829,117.79050018310546,34.951847224474776,0.7807143075125558,0.005442990047247286
2017-07-06,116.47000122070312,116.61000061035156,116.23999786376953,116.58000183105469,4443400,118.82399940490723,119.29654554887252,118.31250012715658,117.74625019073487,34.73019383718906,0.757857186453683,0.00543138372544899
2017-07-07,115.27999877929688,115.79000091552734,114.80000305175781,115.77999877929688,11153600,118.50549926757813,119.17927273837003,118.32141679128011,117.69545017242432,29.873962522997914,0.8585711887904576,0.005634528429247224
2017-07-10,115.47000122070312,115.56999969482422,114.83000183105469,115.0199966430664,4970900,118.25199928283692,119.06127277721058,118.31825014750163,117.6364501953125,31.52041533385541,0.8392857142857143,0.005498337889479736
2017-07-11,115.62000274658203,115.7699966430664,114.87999725341797,115.26000213623047,6637900,118.01499938964844,118.93963650790128,118.32450014750162,117.57670021057129,32.860612036961484,0.875,0.005550608539919211
2017-07-12,116.02999877929688,116.33000183105469,115.87000274658203,116.20999908447266,4654400,117.7924991607666,118.84054551558062,118.33500016530355,117.51860019683838,36.51764693350123,0.8892854963030133,0.005651212022159694
2017-07-13,115.81999969482422,116.04000091552734,115.66999816894531,116.04000091552734,4148900,117.59249916076661,118.7600000554865,118.34141680399577,117.45995018005371,35.45247261448304,0.867142813546317,0.005586927347544522
2017-07-14,116.7699966430664,117.25,116.63999938964844,117.04000091552734,5788200,117.46499900817871,118.68600006103516,118.34958343505859,117.41070014953613,43.4836869442618,0.9164281572614398,0.0059687030971529356
2017-07-17,117.29000091552734,117.52999877929688,117.2300033569336,117.41999816894531,5170800,117.36249923706055,118.62963645241477,118.36641680399576,117.36605014801026,47.34562623721578,0.880713871547154,0.0060908700324631216
2017-07-18,118.11000061035156,118.33000183105469,117.87999725341797,117.98999786376953,7158600,117.34649925231933,118.58127288818359,118.3980001449585,117.32625015258789,52.82052605825779,0.9057137625558036,0.006111781042002038
2017-07-19,118.08000183105469,118.2699966430664,117.83999633789062,118.18000030517578,3205100,117.34149932861328,118.5523638638583,118.43816680908203,117.28845016479492,52.605027903493365,0.9099998474121094,0.00609398174551522
2017-07-20,118.23999786376953,118.62000274658203,117.66000366210938,117.91999816894531,5571600,117.32749938964844,118.52672743363814,118.47775014241536,117.25305015563964,53.69021327063596,0.9078570774623326,0.006065277210400984
2017-07-21,119.26000213623047,119.38999938964844,118.75,119.0,10135900,117.3444995880127,118.55000013871627,118.52183348337809,117.24450016021729,59.981130027685545,0.9571424211774554,0.006331499967712513
2017-07-24,119.30999755859375,119.58000183105469,119.18000030517578,119.5199966430664,3654300,117.3384994506836,118.5958182594993,118.55316677093506,117.23715015411376,60.266045400773386,0.8371429443359375,0.006257448676364645
2017-07-25,118.91999816894531,119.31999969482422,118.79000091552734,118.98999786376953,6203000,117.36649932861329,118.63054546009411,118.58416678110758,117.23345012664795,56.864984889217126,0.8178574698311942,0.005952069244017256
2017-07-26,119.87999725341797,120.1500015258789,118.55000305175781,118.56999969482422,8527900,117.4199993133545,118.68745450106535,118.61783345540364,117.2341501235962,62.47825866590376,0.9057143075125558,0.006159101093269404
2017-07-27,119.79000091552734,120.13999938964844,119.27999877929688,120.0999984741211,6385200,117.46449928283691,118.75545446222479,118.64833348592123,117.23230010986327,61.66807153648041,0.8478573390415737,0.00616458082052816
2017-07-28,120.69000244140625,120.86000061035156,120.13999938964844,120.1500015258789,7393600,117.58299942016602,118.8399999445135,118.67325019836426,117.23800010681153,66.3653511438101,0.8714288984026227,0.006229483100511483
2017-07-31,120.75,120.80999755859375,120.44999694824219,120.5,3944600,117.7194995880127,118.91727267178622,118.70066687266032,117.24305011749267,66.65867247510909,0.8335718427385602,0.00617529656140627
2017-08-01,120.6500015258789,121.13999938964844,120.44000244140625,120.44000244140625,7365100,117.9474998474121,118.98672721169211,118.72116686503092,117.24615013122559,65.63133654850985,0.8328574044363839,0.004643457032100436
2017-08-02,120.4000015258789,121.0199966430664,120.33999633789062,120.51000213623047,5945300,118.14150009155273,119.0459999778054,118.74708353678385,117.25135013580322,63.016518116191634,0.8550000871930804,0.004707060102714334
2017-08-03,120.58999633789062,120.83000183105469,120.30999755859375,120.30999755859375,4275600,118.34749984741211,119.09945442893289,118.7720001856486,117.2559001159668,64.18437399845824,0.7900003705705915,0.004681735701407418
2017-08-04,119.6500015258789,120.04000091552734,119.22000122070312,119.97000122070312,8644800,118.56599998474121,119.09690898548473,118.79575017293294,117.25205013275146,54.94071053248782,0.833571297781808,0.00437728682016642
2017-08-07,119.51000213623047,119.79000091552734,119.43000030517578,119.43000030517578,3010100,118.76800003051758,119.10963634144176,118.81725018819174,117.24405014038086,53.70026803048081,0.7849998474121094,0.004429889059488033
2017-08-08,119.86000061035156,120.12000274658203,118.97000122070312,120.0199966430664,7227200,118.97999992370606,119.11799996115944,118.83733355204264,117.23965015411378,56.35339207773737,0.8364285060337612,0.004436521850179068
2017-08-09,121.30999755859375,121.55000305175781,120.76000213623047,121.0199966430664,9186200,119.2439998626709,119.14363625266336,118.86425018310547,117.24205013275146,65.24013766879818,0.8885716029575893,0.004990006336782571
2017-08-10,122.20999908447266,122.44000244140625,122.02999877929688,122.08000183105469,9817900,119.56349983215333,119.19945442893288,118.90200017293294,117.25030014038086,69.40418044199626,0.8871432713099888,0.005022467065926933
2017-08-11,122.79000091552734,122.83000183105469,122.02999877929688,122.23999786376953,8019500,119.86450004577637,119.25727261629972,118.94400018056234,117.25690013885497,71.75265355745924,0.9157148088727679,0.0048806603339137476
2017-08-14,121.91999816894531,122.23999786376953,121.68000030517578,121.9800033569336,6035300,120.09599990844727,119.3016361583363,118.97741680145263,117.26255012512208,63.83724103808603,0.9571435110909599,0.005304645971592959
2017-08-15,120.9800033569336,121.2300033569336,120.58000183105469,120.5999984741211,6731300,120.23950004577637,119.3096362027255,118.99441680908203,117.26240013122559,56.575311111895104,0.9385719299316406,0.005580838975411254
2017-08-16,121.87000274658203,122.05999755859375,120.66000366210938,120.66000366210938,8267300,120.42900009155274,119.3410908092152,119.01250019073487,117.26385013580322,61.08869874730776,0.9771428789411273,0.005732733094536664
2017-08-17,122.48999786376953,122.61000061035156,121.76000213623047,122.29000091552734,8183800,120.64150009155273,119.37509072043679,119.04058348337809,117.26660011291504,63.9032987152801,0.9614285060337612,0.005784970448370295
2017-08-18,122.30000305175781,123.54000091552734,122.0,123.37000274658203,13654200,120.7935001373291,119.40381802645597,119.0661668141683,117.26445011138917,62.41339940926663,1.0457142421177454,0.005595845082200785
2017-08-21,122.76000213623047,122.9800033569336,122.5,122.54000091552734,5549700,120.96600036621093,119.4247271451083,119.0970001856486,117.26005012512206,64.56735676326957,1.0442859104701452,0.005618822025359236
2017-08-22,122.20999908447266,122.55999755859375,121.8499984741211,122.55999755859375,6493900,121.1305004119873,119.43345434015447,119.13558349609374,117.24960010528565,60.130345168358296,1.0607147216796875,0.005678487560134745
2017-08-23,122.66999816894531,122.69000244140625,122.30999755859375,122.58000183105469,5038400,121.27000045776367,119.42563615278765,119.17858346303304,117.24100009918213,62.454232627661206,1.0578575134277344,0.0054898431651616295
2017-08-24,122.29000091552734,122.63999938964844,122.12999725341797,122.38999938964844,4193400,121.39500045776367,119.42272713401101,119.22500012715658,117.24170009613037,59.37539151972535,0.9985722133091518,0.005557621245086661
2017-08-25,122.73999786376953,123.0199966430664,121.29000091552734,122.7699966430664,12398200,121.49750022888183,119.44254524924538,119.28300011952719,117.24720008850097,61.7783622786178,1.0964290073939733,0.005386379238678162
2017-08-28,124.69000244140625,124.7300033569336,123.33000183105469,123.33000183105469,11578300,121.69450035095215,119.51799982244319,119.36325016021729,117.26285011291503,70.04664796439482,1.1564292907714844,0.006346187831701702
2017-08-29,124.41999816894531,125.87000274658203,124.05000305175781,125.80999755859375,9861500,121.88300018310547,119.59181795987216,119.44616680145263,117.28620010375977,67.85775093238365,1.1657148088727678,0.006380355610303557
2017-08-30,124.36000061035156,124.62000274658203,124.16000366210938,124.33000183105469,6328400,122.0810001373291,119.66236336447976,119.52650012969971,117.32250011444091,67.35407698248423,1.1178572518484933,0.0063425269369623985
2017-08-31,125.81999969482422,125.83999633789062,124.55000305175781,124.58000183105469,11775500,122.34250030517578,119.77145427357067,119.61883347829183,117.37105010986328,72.67015027883713,1.1664281572614397,0.006732491701725115
2017-09-01,126.05999755859375,126.16999816894531,125.12000274658203,126.01000213623047,11567400,122.66300010681152,119.89399968927557,119.7183334350586,117.41575008392334,73.43591669800277,1.162142072405134,0.006315060166712909
2017-09-05,127.45999908447266,127.77999877929688,126.56999969482422,126.6500015258789,11813100,123.06049995422363,120.0416361028498,119.81175009409587,117.46920009613036,77.41190031227282,1.1892852783203125,0.006519379456358274
2017-09-06,126.80999755859375,127.44000244140625,126.55000305175781,127.33999633789062,10059300,123.40799980163574,120.19399968927557,119.89575004577637,117.52240009307862,72.02194518403708,1.1542854309082031,0.006781791566742438
2017-09-07,128.1300048828125,128.32000732421875,127.38999938964844,127.55999755859375,10219700,123.74900016784667,120.37490886341442,119.98858343760172,117.58730010986328,75.71925672389253,1.2014290945870536,0.006670150529664224
2017-09-08,127.97000122070312,128.3000030517578,127.58999633789062,128.2100067138672,9020000,124.0370002746582,120.54672712846236,120.075750096639,117.64925010681152,74.43519725335493,1.142143794468471,0.006632962786544217
2017-09-11,126.19000244140625,126.94000244140625,126.05000305175781,126.73999786376953,9126600,124.20700035095214,120.67890902432528,120.13950010935466,117.70250011444092,61.86605396328456,1.230715070452009,0.007526340266117798
2017-09-12,126.55999755859375,126.58999633789062,125.94000244140625,126.02999877929688,8349000,124.43900032043457,120.80854533802379,120.20391674041748,117.76905010223389,63.25500364924442,1.2121429443359375,0.007261038816235025
2017-09-13,125.61000061035156,126.44999694824219,125.5,126.4000015258789,8491000,124.67050018310547,120.94036351984198,120.26175009409586,117.83405010223389,57.46729788737983,1.2535711015973772,0.007246991736574465
2017-09-14,126.16000366210938,126.44000244140625,125.62000274658203,125.66000366210938,5330700,124.88500022888184,121.07399999445136,120.32258345286051,117.89585010528565,59.76274592886277,1.2742854527064733,0.007159137501303567
2017-09-15,125.52999877929688,125.98999786376953,125.41000366210938,125.98999786376953,8375100,125.0370002746582,121.19454539905895,120.37258345286051,117.9571501159668,56.03241522701432,1.2042857578822546,0.00726629906114872
2017-09-18,124.36000061035156,124.76000213623047,123.97000122070312,124.70999908447266,8859800,125.14000015258789,121.30436359752308,120.41691678365072,118.02020011901855,49.81381619722938,1.1735709054129464,0.007622948358158468
2017-09-19,124.62000274658203,124.6500015258789,124.02999877929688,124.48999786376953,5826500,125.23300018310547,121.42436370849609,120.46100012461345,118.08560012817382,51.11227873472421,1.0878568376813615,0.00759863483453771
2017-09-20,123.62000274658203,125.05999755859375,123.1500015258789,124.68000030517578,11415400,125.30350036621094,121.56127291592685,120.50391680399576,118.14300014495849,46.16500536391001,1.1914280482700892,0.00776720873106581
2017-09-21,122.68000030517578,123.06999969482422,122.48999786376953,122.55999755859375,7757900,125.30400047302246,121.67327298251065,120.53691679636637,118.19870014190674,42.0452513695776,1.166428702218192,0.007937742089621823
2017-09-22,123.23999786376953,123.38999938964844,122.93000030517578,123.02999877929688,6011900,125.35150032043457,121.7963638305664,120.56933345794678,118.2577501296997,45.183665291592995,1.1421432495117188,0.007963508440022188
2017-09-25,124.52999877929688,124.66000366210938,122.70999908447266,122.77999877929688,10257200,125.44100036621094,121.96454564874823,120.61025009155273,118.32125011444091,51.67562754982816,1.158572060721261,0.008249376283170233
2017-09-26,123.13999938964844,123.80999755859375,122.9000015258789,123.56999969482422,8673600,125.36350021362304,122.10400016091087,120.63958339691162,118.37910011291504,45.431998292849535,1.210000719342913,0.007845602141130528
2017-09-27,121.9800033569336,122.51000213623047,121.87999725341797,122.04000091552734,6903900,125.24150047302246,122.21963653564453,120.66291675567626,118.43700012207032,40.981896202164066,1.1921430315290178,0.00808600739085763
2017-09-28,122.20999908447266,122.4800033569336,121.83000183105469,122.04000091552734,5968200,125.13400039672851,122.33200017755682,120.68583342234294,118.49395011901855,42.19096715210151,1.187856946672712,0.008110646764021269
2017-09-29,121.58000183105469,122.30000305175781,121.55000305175781,122.29000091552734,10208000,124.92200050354003,122.43672748912465,120.70350011189778,118.54960014343261,39.786567906474886,1.104285648890904,0.007594823709534714
2017-10-02,120.7699966430664,121.33999633789062,120.73999786376953,121.16999816894531,11755400,124.65750045776367,122.50945476185191,120.70000006357829,118.60930011749268,36.87670182876484,1.1178577968052454,0.00762316255501822
2017-10-03,120.83000183105469,121.0999984741211,120.69999694824219,120.72000122070312,3728700,124.32600059509278,122.5738184148615,120.69008344014486,118.67675014495849,37.242873932292255,1.0707152230398995,0.0069983946851753425
2017-10-04,121.16999816894531,121.2699966430664,120.70999908447266,121.20999908447266,6475200,124.04400062561035,122.62945473410866,120.67816677093506,118.74235012054443,39.38834106182265,1.051429203578404,0.007075533977677246
2017-10-05,120.5199966430664,121.23999786376953,120.4000015258789,121.1500015258789,6205400,123.66350021362305,122.67381827614524,120.6638334274292,118.80200012207031,36.79827356417244,1.0578575134277344,0.006441035785833118
2017-10-06,121.08999633789062,121.20999908447266,119.77999877929688,120.26000213623047,10013300,123.31949996948242,122.72563643022018,120.64941673278808,118.86850009918213,40.49359351836557,1.048571995326451,0.006663278783949872
2017-10-09,122.08000183105469,122.11000061035156,121.55000305175781,121.63999938964844,5264100,123.11399993896484,122.77690915194425,120.6523333867391,118.9396501159668,46.35984642670757,1.0771435328892298,0.006543430280254873
2017-10-10,122.4000015258789,122.97000122070312,122.36000061035156,122.62000274658203,9315500,122.9060001373291,122.83309104225852,120.65600007375082,119.01370014190674,48.139479912834034,1.004286629813058,0.00653237502040829
2017-10-11,122.79000091552734,122.87999725341797,122.02999877929688,122.56999969482422,5649400,122.76500015258789,122.90345472856002,120.66000010172526,119.0880001449585,50.30351966696265,0.9842861720493862,0.006465010885452987
2017-10-12,122.88999938964844,123.04000091552734,122.5,122.83999633789062,3037600,122.60149993896485,122.95818204012784,120.67175006866455,119.15965015411376,50.86961898044785,0.9721434456961495,0.00635377831306018
2017-10-13,123.81999969482422,123.86000061035156,123.33999633789062,123.66000366210938,6820300,122.51599998474121,123.03145474520596,120.70150006612143,119.23445014953613,55.90082251834224,0.9021432059151786,0.006585342006234159
2017-10-16,122.97000122070312,123.97000122070312,122.56999969482422,123.81999969482422,8202000,122.44650001525879,123.0729092684659,120.71925010681153,119.29785015106201,50.78220105014476,0.8857149396623883,0.006436680815100557
2017-10-17,122.12999725341797,122.31999969482422,121.7300033569336,122.02999877929688,7041300,122.32199974060059,123.09800012761896,120.7337500890096,119.36045013427734,46.27289831698624,0.8842860630580357,0.006552716061445321
2017-10-18,121.66999816894531,121.94000244140625,121.55000305175781,121.70999908447266,3666400,122.22449951171875,123.11654552112927,120.74125010172526,119.41645011901855,43.970302864073986,0.8792855398995536,0.006378946666271031
2017-10-19,122.38999938964844,122.55000305175781,122.11000061035156,122.19999694824219,5567300,122.20999946594239,123.15272730047053,120.76391677856445,119.47410011291504,48.3063047937692,0.8885716029575893,0.006333505753047739
2017-10-20,121.61000061035156,121.9800033569336,121.38999938964844,121.68000030517578,8481100,122.12849960327148,123.17127283269708,120.78025010426839,119.51925010681153,44.30611805396979,0.8999998910086495,0.006381630349541588
2017-10-23,121.80000305175781,121.9000015258789,120.95999908447266,120.9800033569336,5069700,121.99199981689453,123.21036376953126,120.8120834350586,119.56950012207031,45.49025128813612,0.9385713849748883,0.005854287348256498
2017-10-24,121.33000183105469,121.70999908447266,120.9800033569336,121.26000213623047,5114100,121.90149993896485,123.24345467307351,120.84991677602132,119.61280014038086,43.05182764191876,0.9571429661342076,0.005403489550700398
2017-10-25,121.3499984741211,121.58999633789062,120.83999633789062,121.30999755859375,4282400,121.86999969482422,123.27054554332386,120.88608341217041,119.65380012512207,43.19135137117721,0.9507146562848773,0.005001961618801954
2017-10-26,120.33000183105469,121.16000366210938,120.22000122070312,121.16000366210938,6438800,121.77599983215332,123.25272743918678,120.91591676076253,119.68795013427734,38.067994437524945,0.9292858668736049,0.0052919493276887865
2017-10-27,120.9000015258789,120.98999786376953,120.20999908447266,120.37999725341797,6664200,121.74199981689453,123.22890930175781,120.95633341471354,119.72290012359619,42.19454533727138,0.9121426173618862,0.005321891162895066
2017-10-30,121.12999725341797,121.47000122070312,120.37999725341797,120.37999725341797,5119200,121.7599998474121,123.19872741699218,120.99875005086263,119.75750011444092,43.821123511546325,0.9264286586216518,0.005120984744950704
2017-10-31,120.66999816894531,120.83999633789062,120.37999725341797,120.81999969482422,3910500,121.75199966430664,123.17600014426492,121.03350003560384,119.78160011291504,41.316994370220975,0.9192859104701451,0.005195661640939553
2017-11-01,121.11000061035156,121.55000305175781,120.83999633789062,120.9800033569336,4647800,121.74899978637696,123.17836373069069,121.06916669209798,119.8128001022339,44.57932396281854,0.9435719081333706,0.0052231035810425515
2017-11-02,121.19000244140625,121.95999908447266,121.05000305175781,121.29000091552734,5369500,121.78250007629394,123.1660000887784,121.1029167175293,119.84490013122559,45.17610484031137,0.9392858232770648,0.005069633087523089
2017-11-03,120.62000274658203,121.43000030517578,120.18000030517578,121.36000061035156,6330600,121.75900039672851,123.13200017755682,121.12766672770182,119.87275012969971,41.72836983858318,0.9285714285714286,0.005073602805993188
2017-11-06,121.6500015258789,121.8499984741211,120.68000030517578,120.72000122070312,6953800,121.73750038146973,123.12018196799538,121.14316673278809,119.90205013275147,49.263524343280274,0.9278569902692523,0.005105661796339941
2017-11-07,121.20999908447266,121.55999755859375,120.77999877929688,121.51000213623047,4165900,121.67800025939941,123.09200009432706,121.16316674550374,119.9317501449585,46.497429913692855,0.9485718863351005,0.005117087997972613
2017-11-08,121.62999725341797,122.25,121.58999633789062,121.94999694824219,5565200,121.62000007629395,123.0814546064897,121.18175004323324,119.96830013275147,49.41702666732129,0.9600001743861607,0.005127956920820843
2017-11-09,122.12999725341797,122.41000366210938,121.7300033569336,121.8499984741211,6072400,121.58199996948242,123.07163640802557,121.20033334096273,120.0126501083374,52.72446653010976,0.9442863464355469,0.005223233192436753
2017-11-10,121.12999725341797,122.11000061035156,120.94000244140625,121.98999786376953,7116200,121.4474998474121,123.05054543235086,121.21691665649413,120.05085010528565,46.21579034095655,0.9621429443359375,0.005162400097747106
2017-11-13,121.30999755859375,121.55000305175781,121.2699966430664,121.43000030517578,6249300,121.36449966430663,123.0245454268022,121.2310832977295,120.0875500869751,47.4727548647119,0.9335719517299107,0.005005648150116966
2017-11-14,121.55999755859375,121.91000366210938,120.7699966430664,120.9000015258789,6189000,121.33599967956543,122.9676362471147,121.24841658274333,120.11760005950927,49.2468728014109,0.9614295959472656,0.004820868103279092
2017-11-15,121.41000366210938,122.36000061035156,121.25,122.12999725341797,4984800,121.32299995422363,122.91290907426314,121.2556666056315,120.14865009307861,48.19510693419118,0.9600012642996651,0.004755710189855004
2017-11-16,121.4000015258789,121.70999908447266,121.29000091552734,121.44999694824219,2796500,121.27350006103515,122.85909090909091,121.26616662343343,120.17645011901855,48.12130263657383,0.9342869349888393,0.0045407655970664965
2017-11-17,122.86000061035156,123.16999816894531,121.94999694824219,122.1500015258789,10614000,121.33600006103515,122.80527274391868,121.28483327229817,120.21010013580322,58.18682561070214,0.9828578404017857,0.0050960388830868725
2017-11-20,121.30999755859375,122.41000366210938,121.04000091552734,122.30000305175781,8356700,121.31149978637696,122.71890910755505,121.28974990844726,120.22815013885499,47.62285144735545,1.059286390032087,0.005871188768335315
2017-11-21,121.51000213623047,122.0,121.5,121.66999816894531,4956500,121.32049980163575,122.61072734485973,121.28891658782959,120.24840015411377,48.911741378899535,1.0457147870744978,0.005818740418250496
2017-11-22,122.62999725341797,122.94999694824219,122.16999816894531,122.26000213623047,5211800,121.38449974060059,122.53472733931108,121.29641653696696,120.27060012817383,55.513545720591814,1.0835718427385603,0.0061665387833489006
2017-11-24,122.31999969482422,122.61000061035156,122.22000122070312,122.36000061035156,1779700,121.48399963378907,122.42909088134766,121.28991654713948,120.29575012207032,53.45456090739368,1.023571559361049,0.005849555906101563
2017-11-27,122.83000183105469,123.33000183105469,122.66999816894531,123.26000213623047,4961200,121.58049964904785,122.33563634699041,121.29308325449625,120.32190013885499,56.324610294382325,1.0078577314104353,0.005830985921399823
2017-11-28,122.80999755859375,123.16999816894531,122.52999877929688,123.05000305175781,5603100,121.66449966430665,122.27418171275745,121.30274988810221,120.35195011138916,56.17828608944283,0.9914289202008929,0.005828878393344346
2017-11-29,122.04000091552734,122.33000183105469,121.73999786376953,122.23999786376953,6138900,121.73299980163574,122.1919999556108,121.31524988810222,120.37750011444092,50.716689381591,0.9935716901506696,0.005954257547389286
2017-11-30,121.0999984741211,121.69999694824219,120.63999938964844,121.44000244140625,7936300,121.73249969482421,122.10999991677024,121.32141653696696,120.39575012207031,44.96904792444173,1.0378570556640625,0.006183169564752964
2017-12-01,121.58999633789062,122.43000030517578,120.73999786376953,120.94000244140625,13080100,121.75249938964843,122.02690887451172,121.33066647847494,120.4133000946045,48.26066640016279,1.0735718863351005,0.006247810402149145
2017-12-04,121.18000030517578,121.19999694824219,120.83999633789062,121.1500015258789,6943700,121.78049926757812,121.94781799316407,121.34199981689453,120.43080009460449,45.79254025940256,1.0971429007393974,0.006199912243602076
2017-12-05,120.31999969482422,120.51000213623047,119.72000122070312,120.0999984741211,10041200,121.7139991760254,121.87436343106357,121.35033315022787,120.44365009307862,41.050196161590165,1.1199994768415178,0.006084394237822613
2017-12-06,120.06999969482422,120.44000244140625,119.87000274658203,120.04000091552734,6643000,121.65699920654296,121.7916361028498,121.35641651153564,120.45445007324219,39.76110766268733,1.081427982875279,0.0060529724994570775
2017-12-07,118.48999786376953,119.23999786376953,118.0999984741211,119.01000213623047,12900200,121.49999923706055,121.69836328679865,121.35691649119059,120.45220005035401,32.75937706329354,1.1921424865722656,0.006602788089748327
2017-12-08,118.4800033569336,118.91999816894531,118.33000183105469,118.48999786376953,5231300,121.31749954223633,121.62199970592152,121.3594165166219,120.44610008239746,32.720126096944284,1.1078567504882812,0.0064879494227027155
2017-12-11,118.01000213623047,118.54000091552734,117.80000305175781,118.37000274658203,4522200,121.16149978637695,121.52690887451172,121.35516656239828,120.4405500793457,30.848288799530607,1.0307137625558036,0.006325418177192403
2017-12-12,118.1500015258789,118.16999816894531,117.4000015258789,117.6500015258789,8020100,121.00349998474121,121.41090892444957,121.34874992370605,120.43515007019043,32.0944387674447,1.0364276341029577,0.00631886057117325
2017-12-13,119.16999816894531,119.3499984741211,118.01000213623047,118.19000244140625,10086700,120.88400001525879,121.33872708407316,121.34658323923746,120.43570007324219,40.506360110135056,1.029284885951451,0.006664283795724261
2017-12-14,118.93000030517578,119.29000091552734,118.70999908447266,119.0999984741211,6993600,120.7599998474121,121.28327248313211,121.35133323669433,120.44245006561279,39.273585367657965,1.0414281572614397,0.0066681830546244415
2017-12-15,119.18000030517578,119.5,118.97000122070312,119.41000366210938,7532000,120.64899978637695,121.2281815962358,121.35441659291585,120.45080005645752,41.27840661290338,1.0099994114467077,0.006701985758757142
2017-12-18,119.7300033569336,119.98999786376953,119.5999984741211,119.62999725341797,5452200,120.49249992370605,121.19454526034268,121.36133327484131,120.46585006713867,45.538302299316385,1.0221421377999442,0.006130070683272604
2017-12-19,119.81999969482422,119.9000015258789,119.52999877929688,119.66999816894531,4018900,120.41800003051758,121.17727258855646,121.3738332748413,120.4860500717163,46.225719137513146,0.9721423557826451,0.005527160343904929
2017-12-20,120.13999938964844,120.36000061035156,119.80999755859375,119.9800033569336,5734600,120.34949989318848,121.1647270896218,121.39149996439616,120.51145008087158,48.704933056994825,0.9114281790597099,0.005553734947622159
2017-12-21,120.30999755859375,120.44999694824219,120.0,120.06999969482422,4823700,120.23349990844727,121.14909071488815,121.42666664123536,120.54065006256104,50.02315219832502,0.8228563581194196,0.005085685136128333
2017-12-22,120.94000244140625,121.13999938964844,120.56999969482422,120.66999816894531,5791300,120.16450004577636,121.15672718394886,121.46350002288818,120.57175006866456,54.67217084526266,0.8285707746233258,0.005251905733276162
2017-12-26,121.7699966430664,121.87000274658203,121.51000213623047,121.55000305175781,8224400,120.11149978637695,121.16909082586115,121.50766665140787,120.60690006256104,59.95704202237538,0.7907137189592633,0.0054115094337446575
2017-12-27,122.2300033569336,122.33999633789062,121.87999725341797,122.0,6232700,120.08250007629394,121.17181812633167,121.56558335622152,120.64745006561279,62.56230956766354,0.7907137189592633,0.005492468020092692
2017-12-28,122.8499984741211,122.91999816894531,122.55999755859375,122.81999969482422,5732700,120.12299995422363,121.17999988902699,121.62708333333333,120.68045005798339,65.79269144571987,0.6992846897670201,0.00542026268619281
2017-12-29,123.6500015258789,124.08999633789062,123.45999908447266,123.69999694824219,7852100,120.25050010681153,121.19563626376065,121.69399998982747,120.71505004882812,69.45513608632682,0.745713370186942,0.005238421619873179
2018-01-02,125.1500015258789,125.18000030517578,124.38999938964844,124.66000366210938,11762500,120.42850036621094,121.23672721169211,121.77000001271566,120.75585006713867,74.88480159438683,0.8021420070103237,0.005766665204894092
2018-01-03,124.81999969482422,125.08999633789062,124.0999984741211,125.05000305175781,7904300,120.61050033569336,121.25490902987393,121.84500001271566,120.79240005493165,71.85842914701439,0.8221424647739956,0.005736512050699048
2018-01-04,125.45999908447266,125.8499984741211,124.73999786376953,124.88999938964844,7329700,120.86750030517578,121.3001817183061,121.91741669972738,120.82700004577637,74.04887617216943,0.8057141985212054,0.005414933924009044
2018-01-05,125.33000183105469,125.4800033569336,124.83000183105469,124.93000030517578,5739900,121.1305004119873,121.35836361971768,121.98441670735677,120.85950004577637,72.80919516071032,0.8107141767229352,0.005377437735267107
2018-01-08,125.30999755859375,125.31999969482422,124.9000015258789,125.19999694824219,3566700,121.47150039672852,121.4245454268022,122.04441668192545,120.89270004272461,72.60775421612189,0.8007142203194755,0.004050237959314726
2018-01-09,124.7300033569336,124.86000061035156,124.2300033569336,124.48999786376953,9153600,121.78400039672852,121.46709095348011,122.09983336130777,120.92205005645752,66.83416820074619,0.8199996948242188,0.00433834421068012
2018-01-10,125.02999877929688,125.30999755859375,124.72000122070312,125.16999816894531,14809300,122.13500022888184,121.52927273837003,122.1564167022705,120.94955005645753,68.24088504226009,0.8357135227748326,0.00405688940901191
2018-01-11,125.44000244140625,125.66000366210938,125.25,125.37000274658203,5994700,122.4995002746582,121.59545454545454,122.20791670481364,120.98155006408692,70.1070189787759,0.8414279392787388,0.004037272988560103
2018-01-12,126.95999908447266,127.12999725341797,125.80999755859375,126.01000213623047,9258600,122.88900032043458,121.69781813188033,122.2716667175293,121.019700050354,75.78716646177357,0.9299992152622768,0.0043555069192615
2018-01-16,127.16999816894531,127.18000030517578,126.4000015258789,126.5999984741211,8083900,123.30100021362304,121.80363630814986,122.3404167175293,121.06320003509522,76.45288037222922,0.9264275687081474,0.004199731476097076
2018-01-17,126.13999938964844,127.22000122070312,125.9000015258789,126.7699966430664,10130500,123.64900016784668,121.90927262739702,122.39258340199788,121.10030002593994,66.75786608150568,0.95428466796875,0.0049189161270894715
2018-01-18,125.86000061035156,126.5199966430664,125.80000305175781,126.12999725341797,6289300,123.95550003051758,121.99945442893288,122.44316673278809,121.1328500366211,64.36823789082663,0.9649985177176339,0.0050263352242195455
2018-01-19,126.41999816894531,126.7300033569336,126.41000366210938,126.56999969482422,8773800,124.28549995422364,122.09563626376065,122.49091669718425,121.16685001373291,66.91873412067876,0.9778562273297992,0.0050261972573048845
2018-01-22,126.6500015258789,126.75,126.27999877929688,126.51000213623047,4893500,124.61100006103516,122.20436359752308,122.54008337656657,121.2020000076294,67.93396625430933,0.9228564671107701,0.005030031005273278
2018-01-23,127.27999877929688,127.3499984741211,126.33999633789062,126.52999877929688,6190400,124.95950012207031,122.316545382413,122.59533335367838,121.2425,70.59580473142685,0.8857138497488839,0.00504682631220961
2018-01-24,128.8300018310547,129.25999450683594,128.22999572753906,128.38999938964844,11827600,125.35400009155273,122.4554544622248,122.66558335622152,121.28935001373291,75.89712340131963,0.9521418980189732,0.005443947740160639
2018-01-25,127.97000122070312,129.50999450683594,127.36000061035156,128.69000244140625,15219700,125.66400032043457,122.5890907981179,122.72708339691162,121.33190002441407,68.51607614508201,1.0264271327427454,0.005792326698112134
2018-01-26,128.07000732421875,128.52000427246094,127.97000122070312,128.24000549316406,7828700,125.95600051879883,122.70581817626953,122.79725011189778,121.36630004882812,68.89489946831566,1.019284384591239,0.00579634351105078
2018-01-29,127.3499984741211,127.62999725341797,126.91999816894531,127.58000183105469,6956400,126.18100051879883,122.8174545288086,122.86258341471354,121.3929500579834,63.0160165085202,1.0707135881696428,0.006021128402747578
2018-01-30,126.80000305175781,127.91999816894531,126.73999786376953,127.91000366210938,9736100,126.33850059509277,122.91145463423295,122.92041676839193,121.41395008087159,58.88267580954272,1.0778568812779017,0.006063595610493519
2018-01-31,127.6500015258789,127.8499984741211,126.4000015258789,127.44999694824219,13418900,126.46350059509277,123.0118183482777,122.97325013478597,121.44100009918213,62.92956820944141,1.1392854963030135,0.005660248022876351
2018-02-01,128.07000732421875,128.14999389648438,127.08000183105469,127.18000030517578,10854600,126.6260009765625,123.13800034956499,123.02208353678385,121.4672501373291,64.77448178854186,1.170713152204241,0.005614535101748155
2018-02-02,126.38999938964844,126.8499984741211,125.95999908447266,126.80999755859375,16789200,126.6725009918213,123.23036401922053,123.0520835240682,121.49055011749267,53.33944414721346,1.200714111328125,0.006388951057782285
2018-02-05,126.70999908447266,127.30999755859375,126.44000244140625,126.81999969482422,13596300,126.74150085449219,123.32400041060014,123.09200019836426,121.51430011749268,54.97008273367728,1.2107140677315849,0.006396879775645251
2018-02-06,125.37999725341797,126.55000305175781,125.22000122070312,126.54000091552734,17672500,126.7450008392334,123.39618211226029,123.1286668141683,121.5296501159668,47.53466159988287,1.2228567940848214,0.006859541106526799
2018-02-07,124.79000091552734,125.7699966430664,124.41000366210938,125.4800033569336,8558500,126.74800071716308,123.45781846479936,123.15300013224284,121.54620010375976,44.64945383569535,1.268571036202567,0.006862333312426723
2018-02-08,124.9800033569336,125.44000244140625,124.51000213623047,124.91999816894531,7343600,126.74550094604493,123.49636396928267,123.1737501780192,121.56985012054443,45.79058600103108,1.2728565761021204,0.0068491920478673425
2018-02-09,124.7699966430664,125.13999938964844,124.38999938964844,124.6500015258789,14140700,126.71200065612793,123.55927304354582,123.19433345794678,121.58950012207032,44.693804682545924,1.2928564889090401,0.006813995441344103
2018-02-12,125.37000274658203,125.81999969482422,125.11000061035156,125.19000244140625,6984900,126.6325008392334,123.62945487282492,123.21608346303304,121.61440013885498,48.48995128542946,1.2957136971609933,0.00629207693039383
2018-02-13,126.08000183105469,126.18000030517578,125.5199966430664,125.66999816894531,5321300,126.57800102233887,123.69218222878196,123.24833348592122,121.64095016479492,52.63310383569775,1.2121423993791853,0.006430384513423982
2018-02-14,128.22999572753906,128.58999633789062,126.29000091552734,126.47000122070312,16416400,126.6825008392334,123.79963670210405,123.2946667989095,121.68375015258789,62.475808049958516,1.237856728690011,0.007254271958598012
2018-02-15,128.3800048828125,128.57000732421875,127.94000244140625,128.42999267578125,7276500,126.80850105285644,123.90054584849965,123.34541683197021,121.72740016937256,63.052690787985476,1.2435711451939173,0.00721836079976302
2018-02-16,127.95999908447266,128.6999969482422,127.56999969482422,128.3000030517578,7956900,126.88550109863282,123.99418223987927,123.38891684214273,121.77730014801026,60.25935664659177,1.2421417236328125,0.007231551078250032
2018-02-20,126.23999786376953,127.4000015258789,126.04000091552734,127.27999877929688,11148700,126.86500091552735,124.0705458207564,123.40183347066244,121.82455013275147,50.41026084624173,1.2949987139020647,0.007875934298462032
2018-02-21,125.66000366210938,126.76000213623047,125.44000244140625,126.36000061035156,7908800,126.78400115966797,124.15345500599254,123.41216684977213,121.86780014038087,47.585841332348316,1.2857131958007812,0.007839924917590559
2018-02-22,126.30000305175781,126.37000274658203,125.87999725341797,125.91999816894531,5346300,126.65750122070312,124.23909149169921,123.42833353678385,121.91555015563965,50.85778330310286,1.2599994114467077,0.007378110205219572
2018-02-23,126.13999938964844,126.30000305175781,125.8499984741211,126.05999755859375,4239700,126.5660011291504,124.32927329323509,123.43100020090739,121.9660001373291,50.01714168027196,1.141427721296038,0.007255910167218874
2018-02-26,126.44999694824219,126.62000274658203,126.18000030517578,126.44999694824219,3194300,126.48500061035156,124.44072778875177,123.43425019582112,122.01805011749268,51.683476148844,1.109999520438058,0.007283486525346764
2018-02-27,125.12999725341797,126.1500015258789,124.58999633789062,126.05999755859375,7082300,126.3740005493164,124.53272774436257,123.41483351389567,122.06120010375976,44.83001144810274,1.1364282880510603,0.007533262568391852
2018-02-28,125.0,125.45999908447266,124.80999755859375,125.08999633789062,4534900,126.28400039672852,124.65109141956677,123.39975020090739,122.1020500946045,44.20827396255518,1.085714612688337,0.007489392861656535
2018-03-01,124.72000122070312,125.30999755859375,123.58000183105469,124.1500015258789,12910100,126.13750038146972,124.76454592618076,123.37133350372315,122.13995010375976,42.8304384699636,1.1428571428571428,0.007289161318883971
2018-03-02,125.38999938964844,125.69000244140625,124.97000122070312,125.66999816894531,9994300,126.00349998474121,124.89872769442472,123.34983348846436,122.17865009307862,47.08064933123867,1.158571515764509,0.007370094387192926
2018-03-05,125.18000030517578,125.4800033569336,124.95999908447266,125.3499984741211,5778300,125.94300003051758,125.0265458540483,123.34141680399577,122.20560009002685,45.92811801649704,1.1207144601004464,0.006804885731982051
2018-03-06,126.52999877929688,126.95999908447266,126.12999725341797,126.19999694824219,8676800,125.93400001525879,125.16036404696378,123.34116681416829,122.24420009613037,53.76404965502527,1.190000261579241,0.007232550816522604
2018-03-07,125.72000122070312,126.29000091552734,125.41999816894531,126.22000122070312,5158700,125.95100021362305,125.28381860906427,123.34208348592122,122.27580009460449,49.160715865186454,1.0900006975446428,0.006974511487936575
2018-03-08,125.41999816894531,125.69999694824219,125.12999725341797,125.69000244140625,3474900,125.98250007629395,125.39727311567826,123.33591677347819,122.30340007781983,47.53725711269856,1.0871434892926897,0.006908344713203797
2018-03-09,125.54000091552734,125.69000244140625,124.77999877929688,124.94000244140625,5066800,126.01049995422363,125.50290943492543,123.33600012461345,122.33540008544922,48.27310770649879,1.071429661342076,0.006904121923470998
2018-03-12,125.54000091552734,125.56999969482422,124.83999633789062,125.04000091552734,2884300,126.04900016784669,125.60690945712003,123.34583346048991,122.3650500869751,48.27310770649879,0.9864300319126674,0.006889653462495546
2018-03-13,125.77999877929688,125.98999786376953,125.05000305175781,125.66999816894531,4798300,126.06949996948242,125.70945490056818,123.35550009409586,122.39655006408691,49.90291648206404,0.9592868259974888,0.006820641468073339
2018-03-14,125.69999694824219,125.76000213623047,125.33999633789062,125.48999786376953,3777000,126.0504997253418,125.80745488947088,123.37283337910971,122.42235004425049,49.34478215334805,0.9400013514927456,0.006698723148227438
2018-03-15,124.9000015258789,125.20999908447266,124.72000122070312,125.12000274658203,6130100,125.88400001525879,125.87945487282492,123.39133338928222,122.44615005493164,44.04038348420586,0.9778578622000558,0.005471497488429852
2018-03-16,124.5999984741211,124.87000274658203,124.20999908447266,124.83999633789062,7402200,125.69499969482422,125.93090945157138,123.40266672770183,122.46605003356933,42.20801544433696,0.9928577968052456,0.005444848681447825
2018-03-19,124.87000274658203,125.16000366210938,124.41999816894531,124.56999969482422,4335400,125.54049987792969,125.97890944047408,123.40550009409587,122.48680004119873,44.44822776755614,0.912858145577567,0.0054862646302722825
2018-03-20,124.30999755859375,124.55000305175781,123.95999908447266,124.41000366210938,3399400,125.44399986267089,126.00545487837358,123.41525007883708,122.50030002593994,40.90646384563849,0.9314297267368862,0.004751340366705369
2018-03-21,126.4800033569336,126.76000213623047,125.02999877929688,125.4000015258789,12532000,125.48499984741211,126.05690945712003,123.45275007883707,122.52405002593994,55.65281942082051,0.9828589303152901,0.006163226691005998
2018-03-22,125.9800033569336,126.33999633789062,125.63999938964844,126.08999633789062,5298700,125.4689998626709,126.07200039950284,123.48416678110759,122.538450050354,52.40767936151853,0.9735734122140067,0.006128141265134125
2018-03-23,127.61000061035156,128.05999755859375,127.61000061035156,127.81999969482422,12025900,125.54249992370606,126.12272768887607,123.53441677093505,122.56425006866455,60.49492627513284,1.0850012642996651,0.00677587999338402
2018-03-26,128.27999877929688,128.5800018310547,128.00999450683594,128.0500030517578,6169800,125.63400001525879,126.17400041060014,123.59700012207031,122.59740005493164,63.2586247314242,1.027144295828683,0.006844579422442661
2018-03-27,127.48999786376953,127.62000274658203,127.05000305175781,127.2300033569336,6180700,125.75200004577637,126.21327306574041,123.6525000890096,122.63215003967285,58.09761425999014,1.0357153756277901,0.006536593204619579
2018-03-28,125.7300033569336,126.61000061035156,125.51000213623047,126.4800033569336,10254900,125.78850021362305,126.22090953480114,123.69050013224283,122.65900005340576,48.58709317658192,1.135000501360212,0.007318119082413573
2018-03-29,125.79000091552734,125.80999755859375,125.30999755859375,125.41999816894531,7102000,125.84200019836426,126.24018221768466,123.73441683451334,122.68555004119872,48.894223681202334,1.1057145254952567,0.00729333948697754
2018-04-02,127.26000213623047,127.54000091552734,126.37999725341797,126.6500015258789,11421100,125.93550033569336,126.28072773326527,123.78583354949951,122.72275005340576,55.852832716698146,1.1785714285714286,0.007645653147886464
2018-04-03,126.30000305175781,126.58999633789062,126.01000213623047,126.54000091552734,6083700,125.99150047302246,126.29636410799894,123.82100022633871,122.75765007019044,50.97171276085708,1.2007146562848772,0.007854127636169128
2018-04-04,126.44999694824219,127.52999877929688,126.31999969482422,127.5,7488300,125.98750038146973,126.28709134188566,123.85475018819173,122.79320007324219,51.68222031121453,1.2571427481515067,0.007475119290888295
2018-04-05,125.80000305175781,126.08000183105469,125.43000030517578,125.44999694824219,5333000,125.99150047302246,126.26218233975497,123.87983353932698,122.83005008697509,48.40834181843343,1.2599999564034599,0.007423456347554592
2018-04-06,126.38999938964844,126.5999984741211,126.12999725341797,126.56999969482422,6121200,126.04000053405761,126.26672779430042,123.90900020599365,122.87110008239746,51.41672336798126,1.2678565979003906,0.007469322079892223
2018-04-09,126.81999969482422,126.86000061035156,126.2300033569336,126.44999694824219,4189900,126.10400047302247,126.28418232310902,123.93400020599366,122.91260009765625,53.5429482977264,1.2599988664899553,0.0074986714915473126
2018-04-10,127.12000274658203,127.30999755859375,126.66999816894531,127.0199966430664,5268800,126.1830005645752,126.29690967906605,123.96858355204265,122.95360012054444,55.02193663103549,1.2407128470284599,0.007508455760804121
2018-04-11,128.11000061035156,129.47000122070312,127.77999877929688,128.08999633789062,12348600,126.29950065612793,126.32345511696555,124.01841691335042,122.99700012207032,59.593432491727306,1.233569553920201,0.007673487931227887
2018-04-12,126.62000274658203,127.33999633789062,126.47000122070312,127.25,8141300,126.34550094604492,126.31145518909801,124.05966695149739,123.03830013275146,51.16466980682017,1.2907120840890067,0.008170523626526186
2018-04-13,127.44999694824219,127.75,127.02999877929688,127.06999969482422,6821300,126.47300071716309,126.2863641912287,124.10183359781901,123.0815001296997,54.9841557900858,1.2228551592145647,0.00811842877254519
2018-04-16,127.62999725341797,128.0500030517578,127.56999969482422,127.73999786376953,4600000,126.62450065612794,126.28018230091442,124.15200023651123,123.12515010833741,55.79168386786196,1.1964269365583147,0.00807796045440138
2018-04-17,127.75,127.77999877929688,127.0,127.0199966430664,4184100,126.76850051879883,126.27436398592862,124.20158354441325,123.17230010986329,56.35381948746801,1.1642842973981584,0.008075152488079438
2018-04-18,127.8499984741211,128.5399932861328,127.75,128.32000732421875,6755600,126.9455005645752,126.28345489501953,124.25591684977213,123.22145011901856,56.846247296250525,1.0792841230119978,0.007966122039802976
2018-04-19,127.5999984741211,127.87999725341797,127.12999725341797,127.80999755859375,8736100,127.00150032043457,126.29800026633522,124.30800018310546,123.27900012969971,55.17040249093546,1.0971412658691406,0.007040086450535169
2018-04-20,126.62999725341797,126.97000122070312,126.55000305175781,126.69000244140625,10403100,127.03400001525878,126.27945473410867,124.3605001449585,123.32955013275146,49.11971415093186,1.0471409388950892,0.0072059121986935044
2018-04-23,125.62000274658203,125.76000213623047,125.33999633789062,125.62000274658203,6921500,126.93450012207032,126.23490919633345,124.39983348846435,123.37530014038086,43.74055564776481,1.0499981471470423,0.006777339797568328
2018-04-24,126.2300033569336,126.33999633789062,125.66999816894531,125.77999877929688,4733100,126.83200035095214,126.23200017755681,124.44233353932698,123.43005016326904,47.48138354633234,1.0135694231305803,0.0067594682680382255
2018-04-25,125.41000366210938,125.51000213623047,125.05999755859375,125.2300033569336,5985700,126.72800064086914,126.2083638971502,124.48183358510336,123.47975017547607,43.31220330023802,1.0242843627929688,0.006774006153001474
2018-04-26,124.97000122070312,125.56999969482422,124.69000244140625,125.54000091552734,7517100,126.69000053405762,126.20090942382812,124.51400025685628,123.52650016784668,41.22065328015442,1.029998779296875,0.006090408373810804
2018-04-27,125.5,125.62000274658203,125.16999816894531,125.19999694824219,5654000,126.67550048828124,126.21381849809127,124.5499169031779,123.57385017395019,44.68563070715523,1.0314276559012276,0.006172807563264364
2018-04-30,124.58999633789062,125.19999694824219,124.19000244140625,124.41000366210938,9830600,126.54200019836426,126.20672746138139,124.58300018310547,123.61770015716553,40.29360627579824,1.07928466796875,0.005704860003218107
2018-05-01,123.70999908447266,123.9800033569336,123.38999938964844,123.9000015258789,7551600,126.4125,126.18745477849787,124.60016682942708,123.65240016937256,36.5522127684859,0.9971417018345424,0.005676994114334882
2018-05-02,123.6500015258789,124.54000091552734,123.58000183105469,123.9000015258789,7614000,126.27250022888184,126.15618202903055,124.62050018310546,123.68420017242431,36.304700317267844,0.9485702514648438,0.00565503701911789
2018-05-03,124.27999877929688,124.76000213623047,124.23999786376953,124.66000366210938,4857400,126.19650001525879,126.12345470081677,124.64258352915446,123.71505016326904,40.835107321943475,0.9471419198172433,0.005733108074789135
2018-05-04,124.54000091552734,124.6500015258789,124.0,124.0999984741211,5883600,126.10400009155273,126.0563638860529,124.66266689300537,123.7473501586914,42.64811836509596,0.9507130214146206,0.005635740370448426
2018-05-07,124.56999969482422,124.69999694824219,124.30000305175781,124.5,3397500,125.99150009155274,125.98709106445312,124.69133358001709,123.77900016784668,42.86566127006133,0.923569815499442,0.0055577789500107595
2018-05-08,124.58999633789062,124.94999694824219,123.79000091552734,124.13999938964844,5551100,125.86499977111816,125.92581828724255,124.71866690317789,123.80565013885499,43.02081124484839,0.9499985831124442,0.005511687325292439
2018-05-09,124.33000183105469,124.87000274658203,124.23999786376953,124.44999694824219,4405600,125.67599983215332,125.89109108664773,124.74175027211507,123.83075016021729,41.44495031429919,0.941427503313337,0.005111737112914061
2018-05-10,125.18000030517578,125.37000274658203,124.75,125.22000122070312,5218400,125.603999710083,125.8823637528853,124.77316691080729,123.86205017089844,48.133949301442705,0.940713609967913,0.00484329185360068
2018-05-11,125.0,125.58999633789062,124.94000244140625,125.56999969482422,4299200,125.4814998626709,125.85872733376243,124.80316689809163,123.88765018463135,46.911815390879376,0.8949988228934151,0.004545883509285524
2018-05-14,124.48999786376953,125.20999908447266,124.44000244140625,125.16000366210938,3753200,125.32449989318847,125.82872730601918,124.81675020853679,123.91115016937256,43.53873607856632,0.8985704694475446,0.004560886282000957
2018-05-15,122.4800033569336,122.81999969482422,122.12999725341797,122.81999969482422,10911900,125.06100006103516,125.75654560435902,124.82650025685628,123.92010017395019,33.35849036163674,0.9835700988769531,0.005611276913365027
2018-05-16,122.29000091552734,122.61000061035156,122.02999877929688,122.37999725341797,4943300,124.78300018310547,125.70490930730647,124.83300024668375,123.92780017852783,32.582919589602895,0.962141854422433,0.0055725416347565965
2018-05-17,122.36000061035156,122.43000030517578,122.04000091552734,122.2300033569336,7781300,124.521000289917,125.65690931840376,124.8307502746582,123.93635017395019,33.199115634268466,0.9435702732631138,0.005607080333840486
2018-05-18,122.41000366210938,122.6500015258789,122.01000213623047,122.05000305175781,6837100,124.31000061035157,125.61490936279297,124.83150030771891,123.94640018463134,33.66553144832815,0.8957132611955915,0.005476420931238384
2018-05-21,122.4800033569336,122.52999877929688,121.97000122070312,122.16000366210938,4126700,124.15300064086914,125.56200034401634,124.82858365376791,123.95585021972656,34.356513888900594,0.849999019077846,0.005289476756914843
2018-05-22,122.41000366210938,122.73999786376953,122.33999633789062,122.69999694824219,4579600,123.96200065612793,125.51163676868785,124.8252503712972,123.96965023040771,33.97538069687408,0.8099991934640067,0.005095309002781016
2018-05-23,122.54000091552734,122.73999786376953,122.11000061035156,122.13999938964844,7007300,123.81850051879883,125.43909135298296,124.82941703796386,123.9848002243042,35.40844647638262,0.7757132393973214,0.004986161452657969
2018-05-24,123.58999633789062,123.81999969482422,123.08000183105469,123.0999984741211,8850100,123.7495002746582,125.40036399147728,124.85016702016195,124.00345020294189,45.66651695427462,0.8207130432128906,0.00539907042361282
2018-05-25,123.20999908447266,123.69999694824219,123.20999908447266,123.66000366210938,7920700,123.63500022888184,125.36018218994141,124.86366704305013,124.01295021057129,43.00466872148491,0.8271418980189732,0.0053050273623347815
2018-05-29,123.19000244140625,123.63999938964844,122.66000366210938,122.83999633789062,9013200,123.56500053405762,125.31745494495739,124.88041706085205,124.01785022735595,42.86307953317307,0.8142847333635602,0.005091362326685623
2018-05-30,123.37000274658203,123.61000061035156,123.16999816894531,123.16999816894531,4573700,123.54800071716309,125.27800043279474,124.90583375295003,124.02075023651123,44.630287198237056,0.800713130405971,0.004869618377184741
2018-05-31,123.0999984741211,123.77999877929688,123.0999984741211,123.26000213623047,7862500,123.5205005645752,125.22927315451882,124.9310837427775,124.0266502380371,42.50651311824208,0.7749988010951451,0.004891075409450319
2018-06-01,122.48999786376953,123.08999633789062,122.44000244140625,122.58000183105469,8059100,123.43100051879883,125.17090953480114,124.96441707611083,124.03420021057129,38.09587975423322,0.7757132393973214,0.004833136861905209
2018-06-04,122.37000274658203,122.93000030517578,122.37000274658203,122.8499984741211,4345400,123.32250061035157,125.12490955699573,124.99683373769125,124.03670021057128,37.27647532571917,0.7607133047921317,0.004787868209431456
2018-06-05,122.8499984741211,123.2300033569336,122.27999877929688,122.55000305175781,6864200,123.2365005493164,125.09309137517755,125.037167040507,124.03850021362305,42.59541833252817,0.6599993024553571,0.004902138303785633
2018-06-06,122.91999816894531,123.3499984741211,122.62999725341797,123.08000183105469,4083700,123.15300064086914,125.05763674649326,125.07691701253255,124.04160018920898,43.34988342037325,0.669999258858817,0.004906699095134731
2018-06-07,122.86000061035156,123.1500015258789,122.69000244140625,122.95999908447266,3700700,123.07950057983399,125.03127316561613,125.1076670328776,124.04210018157958,42.83028754258111,0.6749992370605469,0.004895292382983177
2018-06-08,123.01000213623047,123.12000274658203,122.91000366210938,123.08000183105469,3865700,122.97100067138672,124.96818223433061,125.1416670481364,124.04610019683838,44.61758339288708,0.6478565761021206,0.004599423926627296
2018-06-11,123.2300033569336,123.41999816894531,123.0199966430664,123.0999984741211,3201200,122.8825008392334,124.91818223433062,125.17541707356771,124.04890022277831,47.22364071331958,0.6371421813964844,0.004634676083842729
2018-06-12,122.81999969482422,123.18000030517578,122.63999938964844,122.94999694824219,7279600,122.79900093078614,124.83109130859376,125.20116704305013,124.0515502166748,43.1486501776471,0.6507137843540737,0.004608784947642521
2018-06-13,123.19000244140625,123.33999633789062,122.47000122070312,122.83999633789062,5867700,122.83450088500976,124.7385459206321,125.22925039927165,124.05380023956299,47.54746347014163,0.6678564889090401,0.0028936358698600506
2018-06-14,123.37999725341797,123.86000061035156,123.31999969482422,123.62999725341797,8015400,122.8890007019043,124.66381863680753,125.25625038146973,124.04725021362304,49.69968480571294,0.6242850167410714,0.002872465746817219
2018-06-15,121.33999633789062,122.19999694824219,120.83000183105469,122.18000030517578,14537000,122.83800048828125,124.58400032737039,125.26483370463053,124.03185020446777,33.707188211523885,0.7714276994977679,0.004760089355686679
2018-06-18,121.11000061035156,121.44000244140625,120.98999786376953,121.3499984741211,3846000,122.77300033569335,124.49890941273082,125.26625035603841,124.01560020446777,32.43978532036736,0.7335711887904576,0.004767170670773072
2018-06-19,120.80000305175781,121.02999877929688,120.58000183105469,120.80999755859375,4925800,122.68900032043457,124.38145488392223,125.25816707611084,123.99050022125245,30.760924333103432,0.739999498639788,0.004780730363351228
2018-06-20,120.26000213623047,120.80999755859375,120.16000366210938,120.79000091552734,4548500,122.58150024414063,124.27163668545809,125.24175039927165,123.96150024414062,28.038747798419394,0.7378561837332589,0.004855006720047896
2018-06-21,120.05000305175781,120.31999969482422,119.81999969482422,119.91999816894531,5681900,122.45700035095214,124.15527316006747,125.21841710408529,123.92445026397705,27.03672283301526,0.7264278956821987,0.00483663191692341
2018-06-22,120.33999633789062,120.4000015258789,120.0999984741211,120.20999908447266,4489400,122.29450035095215,124.05600031072443,125.19083372751872,123.89210025787354,30.718781230784444,0.7114279610770089,0.004367950890140983
2018-06-25,119.88999938964844,120.2300033569336,119.83000183105469,120.0,9300200,122.12850036621094,123.93781849254262,125.14700037638346,123.85090023040772,28.329681189996137,0.6799986703055245,0.004384483234687512
2018-06-26,119.26000213623047,119.58999633789062,119.08999633789062,119.27999877929688,8674500,121.93200035095215,123.80036399147727,125.10066706339518,123.80735023498535,25.356426125841665,0.6857130868094308,0.00445877462331635
2018-06-27,118.58000183105469,119.05000305175781,118.4800033569336,118.95999908447266,6480100,121.69250030517578,123.6450912475586,125.04333375295003,123.7693002319336,22.59939070669165,0.7085702078683036,0.004486673115808726
2018-06-28,118.22000122070312,118.66999816894531,118.01000213623047,118.58999633789062,7760500,121.44850044250488,123.46527307683772,124.98408374786376,123.72760025024414,21.280196456840855,0.7371412004743304,0.0044928579798300654
2018-06-29,118.6500015258789,118.94000244140625,118.26000213623047,118.43000030517578,8002800,121.25650062561036,123.32036396373402,124.92858378092448,123.69280025482178,26.778171912584085,0.759284428187779,0.004605880313097543
2018-07-02,117.45999908447266,118.20999908447266,117.4000015258789,118.18000030517578,12021900,121.01100044250488,123.1387276389382,124.86800041198731,123.6493002319336,22.1645545339116,0.806427001953125,0.004973542952898082
2018-07-03,118.6500015258789,119.08000183105469,118.37999725341797,118.41000366210938,8901000,120.80100059509277,122.97545498934659,124.81483376820883,123.6149002456665,34.346182125533105,0.8599989754813058,0.0055277545658985175
2018-07-05,119.05000305175781,119.33000183105469,118.7699966430664,118.91999816894531,4951900,120.6075008392334,122.81727322665128,124.76158377329509,123.58835025787353,37.86627232254909,0.8607134137834821,0.005623582220242525
2018-07-06,118.86000061035156,119.02999877929688,118.7300033569336,118.97000122070312,2946900,120.40750083923339,122.6538187200373,124.69408378601074,123.55955024719238,36.85544339292492,0.7014280046735492,0.005617681354362998
2018-07-09,119.1500015258789,119.7300033569336,119.13999938964844,119.6500015258789,4074900,120.21450080871583,122.50018241188742,124.62725048065185,123.53720024108887,39.50965791145361,0.7314278738839286,0.0056568126482267125
2018-07-10,118.93000030517578,119.0,118.61000061035156,118.88999938964844,3754800,119.99950065612794,122.36018246737393,124.56716715494791,123.51845024108887,38.19791079690509,0.7321423121861049,0.005601091146194374
2018-07-11,117.63999938964844,118.52999877929688,117.62000274658203,118.44999694824219,6974500,119.74050064086914,122.21509149724787,124.4986671447754,123.49045024871826,31.577635281205644,0.7792854309082031,0.005953183809848027
2018-07-12,118.12999725341797,118.26000213623047,117.94000244140625,118.0,4585300,119.48750038146973,122.06781865900213,124.42958380381266,123.45845024108887,36.107402158936026,0.7878570556640625,0.006010943496391433
2018-07-13,117.61000061035156,117.75,117.44999694824219,117.62000274658203,5444300,119.19900054931641,121.92600042169744,124.35425046284993,123.43080024719238,33.567658649476456,0.8114286150251117,0.0059693447767528674
2018-07-16,117.55000305175781,117.62999725341797,117.27999877929688,117.51000213623047,3670700,119.00950088500977,121.79109136408026,124.27316716512044,123.40865024566651,33.27681931209881,0.8000003269740513,0.004958663904503814
2018-07-17,116.27999877929688,116.93000030517578,116.12000274658203,116.72000122070312,7939600,118.76800079345703,121.62345497824928,124.1685838063558,123.37900024414063,27.78835102203861,0.8450001307896206,0.005371977628517079
2018-07-18,116.30999755859375,116.3499984741211,115.83000183105469,116.02999877929688,5391800,118.54350051879882,121.47290954589843,124.07141710917155,123.35265022277832,28.09005524578869,0.8264285496303013,0.005393957620241467
2018-07-19,115.80999755859375,116.47000122070312,115.12000274658203,115.12999725341797,14227600,118.321000289917,121.32927315451882,123.96925036112468,123.32785022735595,26.130435190859288,0.8757144383021763,0.0053897584292776695
2018-07-20,116.55999755859375,116.70999908447266,116.23999786376953,116.4000015258789,7892000,118.1465000152588,121.20036399147727,123.87933368682862,123.30650020599366,33.61188183226318,0.8885716029575893,0.005704093783553754
2018-07-23,116.0,116.30999755859375,115.76000213623047,116.25,6247100,117.92950019836425,121.04981855912642,123.7893336613973,123.28065021514892,31.080715937493807,0.8564284188406808,0.005674393649919778
2018-07-24,116.04000091552734,116.43000030517578,115.91000366210938,116.22000122070312,4801000,117.7370002746582,120.89527310458097,123.69258365631103,123.25825023651123,31.47765921718289,0.7778565543038505,0.005675157624754217
2018-07-25,116.68000030517578,116.83999633789062,116.2699966430664,116.79000091552734,5479600,117.60800018310547,120.75181857022372,123.59766693115235,123.23620025634766,37.66383282314905,0.7864276341029576,0.005820751763010568
2018-07-26,115.7699966430664,116.51000213623047,115.7699966430664,116.23999786376953,6382700,117.46749992370606,120.59145493940873,123.50916690826416,123.20465023040771,33.08949424916236,0.8285707746233258,0.00592639396810336
2018-07-27,115.83000183105469,116.23999786376953,115.7699966430664,115.91999816894531,5242000,117.34799995422364,120.43690948486328,123.41850026448567,123.17180023193359,33.66162979982346,0.7999992370605469,0.005921152839457038
2018-07-30,115.6500015258789,116.0199966430664,115.63999938964844,115.80000305175781,4157400,117.19799995422363,120.26363677978516,123.33741696675618,123.13610023498535,32.75678313226638,0.7885704040527344,0.005819905131712407
2018-07-31,115.98999786376953,116.3499984741211,115.38999938964844,115.47000122070312,5508500,117.12449989318847,120.09981855912642,123.26408360799154,123.10160022735596,36.2429924416339,0.7635705130440849,0.005505838205463212
2018-08-01,115.13999938964844,115.69999694824219,115.12999725341797,115.62999725341797,7941700,116.94899978637696,119.92981858686967,123.18208357493083,123.05820022583008,31.80372278698171,0.7807132175990513,0.005079963459052437
2018-08-02,114.5199966430664,115.2300033569336,114.41999816894531,115.16999816894531,6204200,116.72249946594238,119.78509119207209,123.09666690826415,123.0159502029419,29.0122755580028,0.789999280657087,0.005016040941836854
2018-08-03,114.91999816894531,115.52999877929688,114.86000061035156,115.08999633789062,5953200,116.52549934387207,119.65109114213423,123.00958353678385,122.97990020751953,33.09245510908718,0.8371423993791852,0.005160637189758436
2018-08-06,114.33000183105469,114.72000122070312,114.30999755859375,114.55999755859375,5811600,116.28449935913086,119.50509116432883,122.91166687011719,122.94320022583008,30.323898513206714,0.7785709926060268,0.005120804650559657
2018-08-07,114.58999633789062,114.94000244140625,114.41999816894531,114.8499984741211,5188000,116.0674991607666,119.3629092129794,122.79800020853678,122.90420021057129,32.984614254538684,0.7849998474121094,0.005211516457216375
2018-08-08,114.91000366210938,114.94999694824219,114.41000366210938,114.75,3808000,115.93099937438964,119.22527285489168,122.68575019836426,122.87070022583008,36.21329592176578,0.727142333984375,0.004851412101323253
2018-08-09,114.73999786376953,115.12000274658203,114.69000244140625,115.0199966430664,4253000,115.76149940490723,119.08581820401278,122.57558352152506,122.83540019989013,35.24189511624556,0.6935708182198661,0.004686570285451703
2018-08-10,114.69000244140625,115.2300033569336,114.61000061035156,114.80999755859375,6757900,115.61549949645996,118.94309095902877,122.47933355967204,122.80220020294189,34.945024681602035,0.6807141985212054,0.004638502850629459
2018-08-13,112.95999908447266,113.80999755859375,112.83000183105469,113.80999755859375,9150900,115.3859992980957,118.74981828169389,122.37350018819173,122.76025020599366,26.596151273829832,0.7764287676130023,0.0055683830970309385
2018-08-14,113.06999969482422,113.4800033569336,112.83999633789062,113.25,7085900,115.22549934387207,118.56545465642756,122.26325016021728,122.7239501953125,27.777686710865638,0.7650010245186942,0.005195817606311292
2018-08-15,111.19000244140625,112.18000030517578,111.05999755859375,112.16999816894531,12398400,114.9694995880127,118.34727283824574,122.13866685231527,122.67540019989013,21.429081965305173,0.8435723440987724,0.006191101154790441
2018-08-16,111.0999984741211,111.87999725341797,111.0999984741211,111.45999908447266,7484600,114.73399963378907,118.12418185147372,122.01075019836426,122.62525020599365,21.179514858944543,0.8657150268554688,0.0061788880749146105
2018-08-17,112.12999725341797,112.1500015258789,111.37999725341797,111.69000244140625,8471000,114.51249961853027,117.92472728382458,121.90241686503093,122.58255020141601,31.07267306789386,0.9135725838797433,0.006409301145851222
2018-08-20,112.69000244140625,112.73999786376953,112.16000366210938,112.37999725341797,5313400,114.34699974060058,117.74654554887252,121.79983355204264,122.5404502105713,35.79144280590539,0.8885726928710938,0.006549847138125799
2018-08-21,113.0199966430664,113.0999984741211,112.44000244140625,112.7699966430664,5042400,114.19599952697754,117.5765454378995,121.70233351389567,122.4996001815796,38.46481721228819,0.8742866516113281,0.006611791011957148
2018-08-22,113.2699966430664,113.48999786376953,113.06999969482422,113.38999938964844,6215600,114.02549934387207,117.40236358642578,121.60133349100748,122.46285015106201,40.48644478766412,0.8500006539481026,0.006472455474008936
2018-08-23,112.19999694824219,112.87999725341797,112.05999755859375,112.68000030517578,5500100,113.84699935913086,117.20745447332209,121.49316679636637,122.41560012817382,35.16194433384628,0.8642861502511161,0.006567133438386536
2018-08-24,114.16000366210938,114.41999816894531,113.20999908447266,113.25,9214700,113.7634994506836,117.04927271062678,121.39008350372315,122.38035015106202,48.51812220887008,0.9792861938476562,0.007821353034305999
2018-08-27,114.58999633789062,114.77999877929688,114.12000274658203,114.12000274658203,4364000,113.71049919128419,116.89618169611151,121.29733346303304,122.34515014648437,50.90734638990746,0.9828572954450335,0.007880919505298574
2018-08-28,113.68000030517578,114.87000274658203,113.55000305175781,114.76000213623047,6101400,113.59499931335449,116.72254527698864,121.19950014750162,122.30290016174317,46.037884153631154,1.038572038922991,0.008010508311264387
2018-08-29,114.19999694824219,114.20999908447266,113.8499984741211,114.16000366210938,5616300,113.54799919128418,116.5658179543235,121.10500011444091,122.26825016021729,49.037704515591045,1.0457147870744978,0.007955597715944375
2018-08-30,113.63999938964844,113.93000030517578,113.23999786376953,113.91999816894531,5431600,113.50399932861328,116.39218153520063,121.00583343505859,122.22990016937256,46.06759735989891,1.070000239780971,0.0079403798273216
2018-08-31,113.51000213623047,114.05999755859375,113.44000244140625,113.72000122070312,5048700,113.43349952697754,116.21272707852451,120.90358346303304,122.18965019226074,45.380459931494784,0.9814284188406808,0.007889628895731013
2018-09-04,112.93000030517578,113.06999969482422,112.61000061035156,112.75,6617500,113.36349945068359,116.05981805974787,120.79716682434082,122.14725017547607,42.345615954434074,0.9999994550432477,0.007888894431470235
2018-09-05,113.31999969482422,113.44000244140625,113.12000274658203,113.36000061035156,4459200,113.29999961853028,115.91818167946555,120.70066680908204,122.1068501663208,45.0086756426138,0.8928565979003906,0.00791576290876209
2018-09-06,113.54000091552734,114.26000213623047,113.27999877929688,113.88999938964844,4784700,113.23149948120117,115.786181640625,120.60850016276042,122.06025016784668,46.509638493385474,0.9071426391601562,0.007899244381300985
2018-09-07,113.2300033569336,113.5999984741211,112.97000122070312,113.26000213623047,3714000,113.15599975585937,115.65836348100142,120.51150016784668,122.01985019683838,44.65989573528708,0.8771422249930245,0.00791176694847662
2018-09-10,113.1500015258789,113.43000030517578,113.0,113.26000213623047,2316500,113.07899971008301,115.53290890780362,120.41850020090739,121.97805019378661,44.171650141711474,0.8642850603376117,0.00791164440388793
2018-09-11,113.22000122070312,113.37000274658203,112.41999816894531,112.6500015258789,3791300,113.09199981689453,115.40345445112749,120.30800018310546,121.93100021362305,44.74090312243613,0.8849999564034599,0.007145464614975778
2018-09-12,114.16999816894531,114.38999938964844,113.05999755859375,113.12000274658203,6315900,113.14699974060059,115.29945442893289,120.20958347320557,121.89025020599365,51.90786833208969,0.9464285714285714,0.007379687129441432
2018-09-13,113.76000213623047,114.77999877929688,113.58000183105469,114.72000122070312,5635900,113.2754997253418,115.19945442893288,120.09416681925455,121.84490020751953,48.95675258577932,0.9457141331263951,0.0062802337810943685
2018-09-14,113.0199966430664,113.9000015258789,112.91000366210938,113.79000091552734,5375600,113.37149963378906,115.09836342551492,119.96700013478598,121.7959502029419,44.085013713156684,0.8578567504882812,0.006499625428972045
2018-09-17,113.61000061035156,114.02999877929688,113.55000305175781,113.5999984741211,4727300,113.44549980163575,115.01454523259943,119.85133349100748,121.75380020141601,48.48647923865244,0.882857186453683,0.006283832916747106
2018-09-18,113.44000244140625,113.91000366210938,113.27999877929688,113.79000091552734,4737800,113.48299980163574,114.9198179765181,119.74891681671143,121.71550022125244,47.330411304169225,0.8335718427385602,0.0062162393876975305
2018-09-19,113.87999725341797,114.1500015258789,113.68000030517578,113.94000244140625,4223200,113.52599983215332,114.8547270341353,119.64966678619385,121.67695022583008,50.61262352158235,0.8464290073939732,0.006240569428923082
2018-09-20,114.2699966430664,114.37000274658203,113.86000061035156,114.20999908447266,4384200,113.57599983215331,114.77509058172052,119.54141674041747,121.64240020751953,53.38548970864551,0.814286368233817,0.006264969771637037
2018-09-21,113.48999786376953,113.68000030517578,112.79000091552734,112.87000274658203,6831400,113.64049987792968,114.67399957830256,119.43466669718424,121.60825019836426,47.626145099481526,0.8757149832589286,0.006071331639403166
2018-09-24,113.47000122070312,113.95999908447266,113.43000030517578,113.68000030517578,4435300,113.60599975585937,114.57599958939986,119.32650006612143,121.57525020599365,47.48471185756059,0.8492862156459263,0.004590924601640254
2018-09-25,113.6500015258789,113.88999938964844,113.56999969482422,113.75,3004800,113.55900001525879,114.47599958939986,119.22525005340576,121.5510502243042,48.954202710870845,0.8428573608398438,0.004514706433374284
2018-09-26,113.05000305175781,113.5999984741211,112.66000366210938,113.11000061035156,8297300,113.52750015258789,114.36909054842862,119.11408341725668,121.52390022277832,44.485689478022145,0.8435712541852679,0.004315591170030685
2018-09-27,112.05000305175781,112.41999816894531,111.8499984741211,112.0999984741211,7683400,113.42000045776368,114.26745425137607,118.99100011189779,121.49410022735596,38.22335316751624,0.8842860630580357,0.0045593180832847234
2018-09-28,112.76000213623047,113.0,112.06999969482422,112.16000366210938,6020600,113.37600059509278,114.1698179765181,118.87133344014485,121.46715023040771,44.22659317462477,0.9214286804199219,0.004734413437019278
2018-10-01,112.56999969482422,112.62000274658203,112.1500015258789,112.4000015258789,3892600,113.32900047302246,114.0781815962358,118.74183343251546,121.4341502380371,43.021736502240614,0.8971426827566964,0.004740562747772501
2018-10-02,113.87000274658203,114.33000183105469,113.61000061035156,113.69999694824219,10776700,113.37600059509278,114.01127249977806,118.63558343251546,121.40885025024414,52.547154348728434,0.9278569902692523,0.005300751449251874
2018-10-03,113.41999816894531,114.05000305175781,113.26000213623047,113.87000274658203,6674500,113.38100051879883,113.95927248868075,118.51866677602132,121.38005023956299,49.46449423957619,0.8985715593610492,0.005336803213015292
2018-10-04,113.4800033569336,114.19000244140625,113.26000213623047,113.83000183105469,6616200,113.37800064086915,113.90781804865057,118.40075016021729,121.34880023956299,49.88666321446164,0.8942860194614956,0.005319881848024994
2018-10-05,113.80000305175781,114.0999984741211,113.56999969482422,113.80999755859375,7994400,113.40650062561035,113.87127269398083,118.2845001856486,121.31870025634765,52.18089144776162,0.8664283752441406,0.005315434478457531
2018-10-08,112.54000091552734,112.58999633789062,111.9000015258789,112.25,12111600,113.37600059509278,113.79818184592507,118.15691687266032,121.28070026397705,43.69787976826218,0.9571424211774554,0.005889446168446558
2018-10-09,112.5999984741211,112.66999816894531,111.97000122070312,112.37000274658203,8352300,113.34500045776367,113.73636363636363,118.03191687266032,121.24215026855468,44.16336381156357,0.956427982875279,0.005888810408320252
2018-10-10,112.87999725341797,112.95999908447266,112.25,112.47000122070312,10571300,113.2805004119873,113.67890902432528,117.91733353932699,121.20185024261474,46.39090511628035,0.9707134791782924,0.005571889662032767
2018-10-11,115.77999877929688,116.04000091552734,114.08999633789062,114.19999694824219,26810900,113.38150024414062,113.66254536021839,117.83533350626628,121.1719002532959,62.899577425140194,1.0907140459333147,0.008034575901759919
2018-10-12,115.2300033569336,115.70999908447266,115.08000183105469,115.58000183105469,12939300,113.49200057983398,113.65272730047053,117.74366683959961,121.13690025329589,59.17757728367103,1.1028567722865514,0.007958559139892931
2018-10-15,116.0,116.52999877929688,115.88999938964844,116.12000274658203,11828400,113.6115005493164,113.65581817626953,117.66525014241536,121.10265026092529,62.521281342915586,1.1657137189592635,0.008005947070128541
2018-10-16,115.80000305175781,116.5999984741211,115.80000305175781,116.48999786376953,9531800,113.72950057983398,113.65854547674006,117.58883349100749,121.06340026855469,61.12092615805938,1.152142116001674,0.008009953540531458
2018-10-17,115.79000091552734,116.33000183105469,115.68000030517578,115.88999938964844,7078600,113.82500076293945,113.6549091685902,117.50791683197022,121.01660026550293,61.04728327958946,1.112856183733259,0.007985557248217885
2018-10-18,115.91999816894531,116.41000366210938,115.62999725341797,115.83000183105469,7964100,113.90750083923339,113.66909096457742,117.435666847229,120.97210025787354,61.69329693589881,1.1007140023367745,0.007963235888016701
2018-10-19,116.01000213623047,116.23999786376953,115.95999908447266,116.2300033569336,7453900,114.03350105285645,113.69618197354403,117.37150020599366,120.92485027313232,62.161197415945566,1.0799996512276786,0.007761619678852488
2018-10-22,115.70999908447266,115.77999877929688,115.43000030517578,115.56999969482422,5200500,114.14550094604492,113.71054562655362,117.30533351898194,120.87675025939942,59.550175805795746,0.9957139151436942,0.0078015184940756835
2018-10-23,116.38999938964844,117.25,116.33000183105469,117.16000366210938,12704200,114.28250083923339,113.74800012761897,117.2395835240682,120.83215026855468,63.31188023200234,1.0492853437151228,0.007876922930723831
2018-10-24,116.66000366210938,116.72000122070312,116.11000061035156,116.37999725341797,8563300,114.46300086975097,113.78563662442293,117.17391688028971,120.79180027008057,64.71502989298617,1.02642822265625,0.0077287447102997574
2018-10-25,116.4000015258789,116.7300033569336,116.19000244140625,116.58000183105469,8303500,114.68050079345703,113.8127274946733,117.10583356221517,120.74865028381348,62.24624822388174,1.020714351109096,0.007392317813817321
2018-10-26,116.7699966430664,117.6500015258789,116.45999908447266,116.83000183105469,15733100,114.88100051879883,113.84963656338779,117.04066689809163,120.70530025482178,64.33153463004241,0.9742856706891742,0.007326723418656192
2018-10-29,116.30999755859375,116.54000091552734,115.83999633789062,116.41000366210938,8732500,115.0680004119873,113.87909102006392,116.97383352915446,120.65205024719238,59.90167257215828,0.9907144818987165,0.007399716481966402
2018-10-30,115.80000305175781,116.04000091552734,115.63999938964844,115.8499984741211,7233300,115.1645004272461,113.93072745583274,116.89566688537597,120.59520027160644,55.35090909581685,0.9878572736467633,0.007132089042814241
2018-10-31,115.1500015258789,115.16999816894531,114.66000366210938,114.88999938964844,11409300,115.25100059509278,113.96854567094283,116.8135835647583,120.5402502822876,50.12422178401225,0.8435712541852679,0.007200480984322761
2018-11-01,116.62999725341797,117.06999969482422,116.18000030517578,116.33000183105469,13662900,115.40850028991699,114.06745466752486,116.74808355967204,120.49410026550294,59.50140648816267,0.9307141985212054,0.007688500668396785
2018-11-02,116.6500015258789,116.9800033569336,116.38999938964844,116.61000061035156,8796900,115.55100021362304,114.16836381392045,116.69950021107992,120.4452502822876,59.61193715534681,0.8800005231584821,0.007685524169115636
2018-11-05,116.37000274658203,116.66999816894531,116.2300033569336,116.27999877929688,6291500,115.74250030517578,114.24545482288707,116.65016689300538,120.3938502883911,57.25642609802401,0.8542861938476562,0.007180909479359174
2018-11-06,116.04000091552734,116.52999877929688,115.73999786376953,116.44000244140625,7270800,115.9145004272461,114.3063638860529,116.59750022888184,120.33765029907227,54.52198563833467,0.8642861502511161,0.007248887047173075
2018-11-07,116.02999877929688,116.3499984741211,115.9000015258789,116.26000213623047,8392100,116.07200050354004,114.36109119762074,116.54433352152506,120.27365028381348,54.43712612750094,0.8407140459333148,0.007253852958400025
2018-11-08,115.77999877929688,116.1500015258789,115.5,115.7699966430664,7638800,116.07200050354004,114.40672760009765,116.48850015004476,120.21270027160645,52.24819509162786,0.8642856052943638,0.004493648192171703
2018-11-09,114.4800033569336,114.75,114.13999938964844,114.5999984741211,14159200,116.03450050354004,114.44818226207386,116.4224168141683,120.14475025177002,42.645437582460126,0.9399997166224888,0.005053377686657969
2018-11-12,113.66000366210938,114.05000305175781,113.58000183105469,114.01000213623047,7498600,115.91750068664551,114.43909135298296,116.34841683705648,120.07630027770996,37.91218155832861,0.8942854745047433,0.004992420801233283
2018-11-13,113.69999694824219,113.93000030517578,113.41999816894531,113.72000122070312,9309000,115.81250038146973,114.42290954589843,116.26600017547608,120.01080024719238,38.272036485499726,0.8871427263532367,0.004998295083295912
2018-11-14,114.63999938964844,115.05999755859375,113.45999908447266,113.52999877929688,13950200,115.75500030517578,114.44036407470703,116.19458351135253,119.94575023651123,46.169316257495446,0.9628568376813617,0.0054027894229172315
2018-11-15,114.7699966430664,114.98999786376953,114.55999755859375,114.83000183105469,8910600,115.69750022888184,114.45072770552201,116.12441679636638,119.87925018310547,47.17582642016408,0.9042854309082031,0.0054029664016268155
2018-11-16,115.62000274658203,115.87999725341797,115.37000274658203,115.83000183105469,8577000,115.67800025939941,114.48672776655717,116.05983346303304,119.82540019989014,53.32160280430651,0.9171425955636161,0.005680643144616884
2018-11-19,115.66999816894531,115.91999816894531,115.37000274658203,115.44999694824219,8508300,115.67600021362304,114.52600042169745,115.99791679382324,119.7702001953125,53.66308185808723,0.9085709708077567,0.00565263029045925
2018-11-20,115.66999816894531,115.94999694824219,115.37000274658203,115.94000244140625,9075100,115.64000015258789,114.57581856467507,115.94108346303304,119.72165019989014,53.66308185808723,0.8685706002371651,0.005481087851820139
2018-11-21,115.86000061035156,116.3499984741211,115.86000061035156,115.94000244140625,8834200,115.6,114.62200039950284,115.88683344523112,119.67700019836425,55.11049094971712,0.7799993242536273,0.005466149440258688
2018-11-23,115.7699966430664,115.87999725341797,115.58999633789062,115.76000213623047,3726600,115.56849975585938,114.66254577636718,115.82783342997233,119.63095016479492,54.246081163137085,0.7585705348423549,0.005449218389374174
2018-11-26,115.63999938964844,115.87000274658203,115.52999877929688,115.83999633789062,4018600,115.51199989318847,114.70636388605291,115.7671667734782,119.58530017852783,52.95414062233861,0.7514283316476005,0.00539104779446875
2018-11-27,114.94999694824219,115.62999725341797,114.5999984741211,115.55000305175781,9671100,115.44399986267089,114.73909107555042,115.70125007629395,119.53320014953613,46.60895081243156,0.7692854745047433,0.005478033367841582
2018-11-28,115.37999725341797,116.06999969482422,114.58999633789062,114.76000213623047,13788800,115.42299957275391,114.7783637306907,115.63766670227051,119.47970012664796,50.582920829111096,0.8428573608398438,0.005481820821031056
2018-11-29,115.73999786376953,116.23999786376953,115.55999755859375,115.97000122070312,6479300,115.45249938964844,114.8069091796875,115.57524998982747,119.4172501373291,53.69065542077377,0.8578572954450335,0.005371931045779567
2018-11-30,115.54000091552734,115.66000366210938,115.04000091552734,115.41999816894531,8169600,115.3979995727539,114.83927279385654,115.51458333333333,119.35305011749267,51.7438160571149,0.7907142639160156,0.004491569042800175
2018-12-03,116.41000366210938,116.7699966430664,116.30000305175781,116.5999984741211,8469500,115.38599967956543,114.90090928511187,115.45808334350586,119.29530014038086,58.75076909748189,0.8142852783203125,0.004834299422935817
2018-12-04,117.12000274658203,117.38999938964844,116.93000030517578,117.37000274658203,7186100,115.42349967956542,114.9647275057706,115.40591672261556,119.24970016479492,63.41901262341269,0.8478562491280692,0.0049917078828683945
2018-12-06,117.13999938964844,117.69000244140625,116.91999816894531,117.37999725341797,9267600,115.47849960327149,115.03200017755682,115.37091674804688,119.20710014343261,63.54415052262102,0.7885709490094867,0.004936215379057507
2018-12-07,118.08999633789062,118.2300033569336,117.54000091552734,117.62000274658203,10402900,115.58149948120118,115.10854561545632,115.34575004577637,119.16605010986328,68.97422593127467,0.8357140677315849,0.005218581543080253
2018-12-10,117.68000030517578,117.94000244140625,117.41999816894531,117.69999694824219,8117900,115.67649955749512,115.17054568204013,115.31975002288819,119.12375011444092,64.50844572970678,0.8042853219168526,0.005267159932928906
2018-12-11,117.54000091552734,117.88999938964844,117.3499984741211,117.66999816894531,6395400,115.82949943542481,115.24418210116299,115.29708334604899,119.07920013427734,63.00827978273715,0.8035714285714286,0.0044769029875369
2018-12-12,117.79000091552734,117.94999694824219,117.61000061035156,117.69999694824219,4136800,116.0359992980957,115.3227275501598,115.27824999491374,119.04250015258789,64.5918052762199,0.791428702218192,0.004006676028280374
2018-12-13,117.52999877929688,117.62000274658203,117.26000213623047,117.54000091552734,4131800,116.22749938964844,115.3932729547674,115.25483334859213,119.00515014648437,61.63664452110671,0.7807143075125558,0.0040950419888485835
2018-12-14,117.05999755859375,117.30000305175781,116.58000183105469,116.62999725341797,7501700,116.3484992980957,115.46618194580078,115.23125,118.96685012817383,56.595892276644804,0.8278568812779018,0.00397097634102789
2018-12-17,117.87000274658203,118.02999877929688,117.3499984741211,117.37000274658203,8454900,116.50349960327148,115.5720001220703,115.21966667175293,118.9292501449585,62.315801598129944,0.872856685093471,0.004182334424325507
2018-12-18,118.1500015258789,118.19999694824219,117.80999755859375,117.8499984741211,7542900,116.62999954223633,115.670000110973,115.21608333587646,118.894100151062,64.07806590025257,0.8264280046735492,0.003942834789265061
2018-12-19,117.43000030517578,118.95999908447266,117.4000015258789,118.23999786376953,13827500,116.71799964904785,115.75836375843394,115.20949999491374,118.84860015869141,56.731298885707176,0.8321418762207031,0.004257646534568195
2018-12-20,119.23999786376953,119.73999786376953,118.68000030517578,119.11000061035156,18615100,116.89649963378906,115.8560000332919,115.21441663106283,118.81620014190673,66.98044218769289,0.9357130868094308,0.00536346510031926
2018-12-21,118.72000122070312,119.25,118.56999969482422,119.19000244140625,13629800,117.03949966430665,115.95236372514205,115.22491664886475,118.78270015716552,62.406891543298414,0.9342847551618304,0.005522737455284763
2018-12-24,120.0199966430664,120.13999938964844,119.56999969482422,119.56999969482422,9736400,117.25199966430664,116.07127269398083,115.23633327484131,118.75510013580322,68.24467532986232,0.9478563581194196,0.005907108979645556
2018-12-26,119.66000366210938,121.0,119.56999969482422,120.62000274658203,14293500,117.45299987792968,116.17781815962358,115.24141661326091,118.72570014953614,65.22413266504665,0.9799995422363281,0.005970885740325715
2018-12-27,120.56999969482422,120.9000015258789,120.13999938964844,120.56999969482422,11874400,117.73400001525879,116.32381813742897,115.2556666056315,118.69965015411377,68.963661079208,1.0135705130440849,0.005819767248390026
2018-12-28,121.05999755859375,121.08000183105469,120.72000122070312,120.80000305175781,6864700,118.01800003051758,116.47763630260121,115.27158323923747,118.67645015716553,70.78536859236284,0.9721418108258929,0.0058241178222555754
2018-12-31,121.25,121.26000213623047,120.83000183105469,120.9800033569336,8449400,118.2935001373291,116.62981817072088,115.29091657002768,118.65820014953613,71.48431150216031,0.9549991062709263,0.0058246520092343
2019-01-02,121.33000183105469,121.75,120.87999725341797,121.3499984741211,12776200,118.58300018310547,116.73072731711648,115.32166659037271,118.64185016632081,71.79034188405515,0.9785706656319755,0.005760913736521504
2019-01-03,122.43000030517578,122.45999908447266,121.7300033569336,121.77999877929688,15440800,118.88400001525879,116.86163635253907,115.35749994913736,118.62965015411378,75.65850492295048,1.0299993242536272,0.005841697872698309
2019-01-04,121.44000244140625,121.5999984741211,120.69000244140625,121.31999969482422,13334000,119.1,116.96054548783736,115.38941663106283,118.61530017852783,66.78287983475457,1.1164278302873885,0.006234800768813668
2019-01-07,121.86000061035156,122.22000122070312,121.56999969482422,122.16000366210938,7473600,119.33600006103515,117.07072726162997,115.42533327738444,118.59220016479492,68.47264574278205,1.1042851039341517,0.006232061230245993
2019-01-08,121.52999877929688,121.70999908447266,121.05999755859375,121.1500015258789,7643100,119.50800018310547,117.17509085915306,115.46908327738444,118.56995014190674,65.64690410054965,1.0921423775809151,0.006142254812197294
2019-01-09,122.30999755859375,122.33999633789062,121.44000244140625,121.44999694824219,10555900,119.73950004577637,117.29127266623757,115.51908327738444,118.54345012664795,68.91250650300259,1.128570556640625,0.006122841854297029
2019-01-10,121.58999633789062,122.18000030517578,121.56999969482422,121.9800033569336,6672000,119.94199981689454,117.39272710626776,115.56724993387859,118.51000011444091,62.96267597227569,1.0699991498674666,0.006335943006999435
2019-01-11,121.80000305175781,122.05000305175781,121.66000366210938,121.73999786376953,8622400,120.14249992370605,117.50345445112748,115.61091664632161,118.48155014038086,63.940609993606046,0.937856946672712,0.00633520308080062
2019-01-14,122.08999633789062,122.23999786376953,121.87000274658203,122.1500015258789,6477100,120.37049980163575,117.60709075927734,115.66166661580404,118.46335010528564,65.30299963250476,0.9207136971609933,0.006269213140451786
2019-01-15,121.87999725341797,122.37999725341797,121.62000274658203,122.27999877929688,7512500,120.61149978637695,117.70199973366478,115.71033325195313,118.4438000869751,63.43395828106563,0.8735705784388951,0.006175915282060452
2019-01-16,122.2699966430664,122.44000244140625,122.0199966430664,122.04000091552734,6878100,120.83149948120118,117.80872691761364,115.75691655476888,118.41885005950928,65.41375414680354,0.8114280700683594,0.006076365573180865
2019-01-17,122.11000061035156,122.26000213623047,121.80999755859375,122.02999877929688,8558500,121.02949943542481,117.905817898837,115.80974992116292,118.39790004730224,63.88557166149005,0.755713871547154,0.0061153638655841525
2019-01-18,121.0199966430664,121.5199966430664,121.0199966430664,121.2300033569336,10896000,121.20899925231933,117.99145424582741,115.85299987792969,118.37075004577636,54.53781449350972,0.797142573765346,0.00633347402601638
2019-01-22,121.44999694824219,121.5,120.9000015258789,121.18000030517578,7896500,121.31949920654297,118.09418140758167,115.90133317311604,118.3490000152588,57.1984737597739,0.8092853001185826,0.0054596893085730545
2019-01-23,121.27999877929688,121.54000091552734,120.86000061035156,120.95999908447266,5224900,121.44749908447265,118.20563590309837,115.94541651407877,118.32345001220703,55.807897610218255,0.7957136971609933,0.005347575834978865
2019-01-24,121.08999633789062,121.36000061035156,120.91999816894531,121.16000366210938,5662500,121.50099906921386,118.28672679554333,115.9949998219808,118.29479999542237,54.22125354802334,0.7464283534458706,0.004840120323930565
2019-01-25,122.86000061035156,122.91000366210938,122.0199966430664,122.0199966430664,11103300,121.66099891662597,118.39963586980646,116.0644998550415,118.2734999847412,64.38068179918926,0.752143314906529,0.005704232897530787
2019-01-28,123.29000091552734,123.29000091552734,122.72000122070312,122.75,8522200,121.79699897766113,118.52545401833274,116.13424987792969,118.2493999862671,66.33528857422866,0.7371433803013393,0.005538228513469023
2019-01-29,123.9800033569336,124.0,123.45999908447266,123.70999908447266,11610200,121.94299926757813,118.66981769908558,116.21466655731201,118.23619998931885,69.25116436096688,0.7307145254952567,0.005591300403949532
2019-01-30,124.69000244140625,125.06999969482422,123.69999694824219,123.91000366210938,12104000,122.11499938964843,118.82727231112393,116.29883327484131,118.22240001678466,71.94401060562474,0.7642865862165179,0.0056820150971013846
2019-01-31,124.75,125.2300033569336,124.62000274658203,125.18000030517578,10209500,122.2859992980957,118.99036324240944,116.38083324432372,118.20800003051758,72.16584120650187,0.7550010681152344,0.005683405070794006
2019-02-01,124.5,125.05000305175781,124.37000274658203,124.88999938964844,12485500,122.38949928283691,119.17254499955611,116.46216659545898,118.19175003051758,69.69311046400327,0.7707148960658482,0.005431617049578865
2019-02-04,123.95999908447266,124.29000091552734,123.81999969482422,123.98999786376953,6878900,122.51549911499023,119.35981764359907,116.53941656748454,118.17230003356934,64.54830274672916,0.787858145577567,0.005165047453460254
2019-02-05,124.27999877929688,124.41999816894531,124.05000305175781,124.29000091552734,6291100,122.6364990234375,119.55218131325462,116.63374989827474,118.15570003509521,66.14331310828382,0.7664299011230469,0.00514712686977594
2019-02-06,123.44000244140625,124.19000244140625,123.4000015258789,124.16000366210938,6595100,122.73199920654297,119.71218136874113,116.7201665878296,118.13975006103516,58.680039152719864,0.7892864772251674,0.005375213490896773
2019-02-07,123.73999786376953,123.94999694824219,123.44000244140625,123.80000305175781,5935500,122.80349922180176,119.87527230002664,116.82474988301595,118.1303500366211,60.3986416557832,0.7928575788225446,0.005227529584991851
2019-02-08,124.20999908447266,124.33000183105469,123.9800033569336,124.05000305175781,4235200,122.93449935913085,120.03145405162465,116.9339998881022,118.12025001525879,62.99544893477417,0.7571432931082589,0.005040814891953112
2019-02-11,123.5999984741211,123.81999969482422,123.19000244140625,123.19000244140625,4821800,123.02449913024903,120.17563587535511,117.02958323160807,118.11119998931885,57.70648923818877,0.7871431623186383,0.005211514577088318
2019-02-12,123.86000061035156,124.02999877929688,123.61000061035156,123.95999908447266,4271900,123.11299934387208,120.32454501065341,117.12266654968262,118.1056499862671,59.27592533602752,0.7692860194614956,0.005207304788288287
2019-02-13,123.37000274658203,124.55000305175781,123.30999755859375,123.83999633789062,7640500,123.18749961853027,120.46109050403942,117.20891660054525,118.095,55.12432855512141,0.8264290945870536,0.005286145706637598
2019-02-14,124.05999755859375,124.19999694824219,123.52999877929688,123.83999633789062,6276500,123.27699966430664,120.61181779341264,117.29883327484131,118.09235000610352,59.4330238549288,0.755713871547154,0.005373944496368452
2019-02-15,124.80000305175781,125.0,124.18000030517578,124.58999633789062,12190100,123.41149978637695,120.7783633145419,117.40383332570394,118.09780002593995,63.48259080055353,0.7821426391601562,0.00547316427798401
2019-02-19,126.69999694824219,126.79000091552734,125.93000030517578,125.9800033569336,15614000,123.69549980163575,120.99199967817826,117.50833326975504,118.11305000305175,71.38175140290875,0.8735711233956474,0.0057981463535224246
2019-02-20,126.4800033569336,127.20999908447266,126.30999755859375,127.0,8889700,123.9470001220703,121.19381797096946,117.6074166615804,118.12405002593994,69.50696490233015,0.8399996076311383,0.005858864159602021
2019-02-21,125.05000305175781,126.22000122070312,125.05000305175781,126.1500015258789,8634600,124.13550033569337,121.36309079256925,117.7021666844686,118.1266000366211,58.71239802808269,0.8985710144042969,0.00654428711540203
2019-02-22,125.5,125.94999694824219,125.38999938964844,125.52999877929688,5439400,124.35600051879882,121.54418168501421,117.79633337656657,118.13125003814697,60.77672673327823,0.9142848423549107,0.006516594739605794
2019-02-25,125.37000274658203,125.9000015258789,125.2300033569336,125.77999877929688,4882600,124.48150062561035,121.70709075927735,117.89408340454102,118.13515007019043,59.84582815933564,0.9135704040527344,0.0057978467026065465
2019-02-26,125.58000183105469,125.62000274658203,125.05000305175781,125.33000183105469,5153200,124.59600067138672,121.86090892444957,117.99466673533122,118.14140007019043,60.88800854669327,0.9214275905064174,0.005771189665289868
2019-02-27,124.69000244140625,125.2300033569336,124.4000015258789,125.16999816894531,7935600,124.63150062561036,121.9981817072088,118.09266675313314,118.13895008087158,54.4391805589382,0.9428563799176898,0.00592693119389146
2019-02-28,123.98999786376953,124.70999908447266,123.9800033569336,124.70999908447266,7811700,124.59650039672852,122.10545446222478,118.18158340454102,118.13390007019044,49.95745571195313,0.9585707528250558,0.005923135597575022
2019-03-01,121.87999725341797,123.95999908447266,121.87000274658203,123.4800033569336,16411700,124.45300025939942,122.18181804310191,118.25108337402344,118.12085006713868,39.42228096901106,1.0678558349609375,0.007001402958100838
2019-03-04,121.55999755859375,121.8499984741211,121.18000030517578,121.55999755859375,10272600,124.30600013732911,122.25490889115767,118.3204999923706,118.11625003814697,38.109692623051416,1.0449987139020647,0.00700681816883885
2019-03-05,121.72000122070312,121.7300033569336,121.02999877929688,121.37999725341797,7120100,124.19400024414062,122.32636344216087,118.39191665649415,118.11340003967285,39.199769340805325,1.0642847333635603,0.00698635875025648
2019-03-06,121.61000061035156,121.63999938964844,121.26000213623047,121.43000030517578,4820400,124.06050033569336,122.4005452936346,118.46183331807454,118.10965003967286,38.69517646863526,1.0085699898856026,0.006938563578716699
2019-03-07,121.51000213623047,121.70999908447266,121.18000030517578,121.2699966430664,6088800,123.96400032043456,122.48145446777343,118.52300001780192,118.10515003204345,38.2136073839431,0.9871417454310826,0.006807793539371552
2019-03-08,122.83999633789062,122.88999938964844,122.37000274658203,122.69999694824219,10427700,123.91900024414062,122.57181798761542,118.59866663614909,118.10694999694825,47.56112314820301,1.0185699462890625,0.007268846350750927
2019-03-11,122.23999786376953,122.54000091552734,121.91999816894531,122.5199966430664,6708700,123.82050018310547,122.64618155739524,118.67549997965494,118.10609996795654,44.30471805506158,0.9421413966587612,0.007267976873580643
2019-03-12,122.9800033569336,123.02999877929688,122.4000015258789,122.54000091552734,6289900,123.7895004272461,122.74709070379083,118.75358333587647,118.10829998016358,48.947446414287505,0.9342842102050781,0.007352537095099566
2019-03-13,123.83999633789062,123.87999725341797,123.43000030517578,123.55999755859375,7377300,123.78850021362305,122.83072703968395,118.8402499516805,118.10954998016358,53.770466041745756,0.8964266095842633,0.007513581948897967
2019-03-14,122.41000366210938,122.55000305175781,122.12000274658203,122.33000183105469,6778200,123.74050025939941,122.89781799316407,118.9113333384196,118.10555000305176,45.99026129351959,0.9549980163574219,0.007906403449939783
2019-03-15,122.97000122070312,123.4000015258789,122.91000366210938,123.05999755859375,9412000,123.68600044250488,122.95145444003019,118.98383337656657,118.10444999694825,49.096480092908294,0.9778551374162946,0.007869242977321287
2019-03-18,123.04000091552734,123.4000015258789,122.88999938964844,123.30000305175781,7783200,123.59800033569336,123.01290893554688,119.06341673533122,118.10279998779296,49.48754883779054,0.9735695975167411,0.007730392291718944
2019-03-19,123.37999725341797,123.79000091552734,123.33999633789062,123.72000122070312,6558700,123.43200035095215,123.06399980024858,119.14600003560385,118.10419998168945,51.43899137687577,0.9428552900041852,0.006830769829544422
2019-03-20,124.18000030517578,124.41999816894531,122.6500015258789,123.66000366210938,11304900,123.31700019836425,123.1207271229137,119.23375002543132,118.11264999389648,55.76897647162076,1.0171410696847099,0.007047305519575271
2019-03-21,123.68000030517578,124.37000274658203,123.11000061035156,124.36000061035156,7739800,123.24850006103516,123.16490894664418,119.32233333587646,118.11919998168945,52.61148417078075,0.9557129996163505,0.006658466386771576
2019-03-22,123.97000122070312,124.22000122070312,123.7300033569336,123.93000030517578,5874000,123.17200012207032,123.21290893554688,119.42166665395101,118.12479999542236,54.23009947663099,0.9442847115652901,0.0066233653404490925
2019-03-25,124.91999816894531,125.11000061035156,124.4800033569336,124.55999755859375,7288300,123.14949989318848,123.25818162397904,119.52299995422364,118.13479999542237,59.152162093315965,0.9757129124232701,0.006873597412809262
2019-03-26,124.30000305175781,124.51000213623047,124.06999969482422,124.4800033569336,5056100,123.08549995422364,123.31018163507635,119.62074998219808,118.14200000762939,54.99549695551272,1.0035700116838728,0.006940409266244021
2019-03-27,123.6500015258789,124.37999725341797,123.55999755859375,124.3499984741211,6595000,123.03349990844727,123.34272710626776,119.70224997202556,118.14520000457763,50.952954603795405,1.0242843627929688,0.006859414351889779
2019-03-28,121.9000015258789,122.36000061035156,121.70999908447266,122.27999877929688,11878300,122.92900009155274,123.34945442893289,119.77291666666666,118.13854999542237,42.00138122451525,1.0642847333635603,0.0074422448201265385
2019-03-29,122.01000213623047,122.75,122.01000213623047,122.63999938964844,7093900,122.93550033569336,123.3439999667081,119.84399998982748,118.1345000076294,42.68302115587187,1.0592847551618303,0.0063949816333850945
2019-04-01,121.52999877929688,122.43000030517578,121.45999908447266,122.4000015258789,13560000,122.93400039672852,123.34290910200639,119.90841662089029,118.12619998931885,40.44904024667728,1.0721419198172433,0.0064306372662428
2019-04-02,121.9800033569336,122.01000213623047,121.68000030517578,121.72000122070312,4475000,122.94700050354004,123.34618183482777,119.98708330790201,118.11920001983643,43.437910683008035,1.042142595563616,0.006478171476248163
2019-04-03,121.80000305175781,122.01000213623047,121.68000030517578,121.7300033569336,6152200,122.95650062561035,123.34090922962535,120.06375001271566,118.12150005340577,42.518649795782494,0.9428574698311942,0.006484218868359923
2019-04-04,122.11000061035156,122.23999786376953,120.95999908447266,121.0999984741211,7508400,122.9865005493164,123.34509110884233,120.14066670735677,118.12650005340576,44.68958319808856,0.9635718209402901,0.006502756016213605
2019-04-05,121.9800033569336,122.12999725341797,121.66000366210938,121.87999725341797,5114500,122.94350090026856,123.33981850363992,120.19233341217041,118.13240005493164,43.940135180687435,0.9607140677315849,0.005999767273286164
2019-04-08,122.51000213623047,123.0199966430664,122.4000015258789,122.97000122070312,4270800,122.95700111389161,123.3470912586559,120.25300006866455,118.14365005493164,47.78479215912934,0.9814278738839286,0.0059862814540897575
2019-04-09,123.1500015258789,123.3499984741211,123.02999877929688,123.26000213623047,4648400,122.96550102233887,123.38581862016157,120.31258341471354,118.15915004730225,52.06032287103836,0.914999280657087,0.005945790689058247
2019-04-10,123.52999877929688,123.7699966430664,123.19000244140625,123.22000122070312,6344800,122.95000114440919,123.42363683527167,120.37700004577637,118.17510005950928,54.44544389011991,0.8692844935825893,0.005768444353610593
2019-04-11,121.94999694824219,122.75,121.79000091552734,122.54000091552734,11694500,122.92700080871582,123.43581862016158,120.42833334604899,118.18540004730225,44.52593485145876,0.9549985613141742,0.005903318525583809
2019-04-12,121.83000183105469,122.30999755859375,121.80000305175781,121.95999908447266,5272800,122.8700008392334,123.44927326549183,120.47758337656657,118.19825004577636,43.87218950432479,0.9099982125418526,0.005798007983114658
2019-04-15,121.5999984741211,121.81999969482422,121.0999984741211,121.19999694824219,4252400,122.79800071716309,123.42636413574219,120.52416667938232,118.2133500289917,42.58164414224226,0.9014271327427456,0.005801316042134873
2019-04-16,120.51000213623047,120.62999725341797,120.19000244140625,120.37999725341797,10097800,122.65450096130371,123.37581870339133,120.56416670481364,118.22480003356934,37.02342010655044,0.9435697283063617,0.006034384763433821
2019-04-17,120.27999877929688,120.51000213623047,120.19999694824219,120.45999908447266,4693900,122.45950088500976,123.30854589288884,120.59658336639404,118.23295001983642,35.95685078225367,0.827141353062221,0.005760527820412403
2019-04-18,120.37000274658203,120.54000091552734,120.1500015258789,120.23999786376953,4090400,122.29400100708008,123.23000044389205,120.62750002543132,118.24750003814697,36.72501970656961,0.7942842755998883,0.0057526683780621726
2019-04-22,120.37000274658203,120.5,120.2699966430664,120.45999908447266,2250900,122.11400108337402,123.15036413019354,120.66058336893717,118.25610004425049,36.72501970656961,0.7414272853306362,0.005697254513696066
2019-04-23,120.12000274658203,120.19999694824219,119.55000305175781,119.66999816894531,5574800,121.87400131225586,123.07072781649502,120.68850008646648,118.2614500427246,35.358773500298554,0.7657127380371094,0.00527746852927094
2019-04-24,120.47000122070312,120.72000122070312,120.04000091552734,120.05999755859375,4173000,121.68250122070313,123.00727330988104,120.72316678365071,118.26950004577637,38.79187641872606,0.7907126290457589,0.005333905402356501
2019-04-25,120.56999969482422,121.0999984741211,120.5,120.72000122070312,4836900,121.52850112915038,122.93981878107245,120.76291675567627,118.27660003662109,39.77602028832872,0.744283948625837,0.005285794078155622
2019-04-26,121.37000274658203,121.66999816894531,121.22000122070312,121.26000213623047,6022700,121.50200119018555,122.90218242298474,120.81475009918213,118.28880004882812,47.10357101505906,0.7892842973981585,0.004615859020692587
2019-04-29,120.83000183105469,120.91000366210938,120.66999816894531,120.87999725341797,4469300,121.44300117492676,122.84927340420809,120.8497501373291,118.30475006103515,43.27599373841241,0.7649993896484375,0.004702425250999367
2019-04-30,121.19999694824219,121.36000061035156,120.8499984741211,120.88999938964844,4758600,121.42650108337402,122.79454609264027,120.88766676584879,118.32010005950927,46.48473009185787,0.7428567068917411,0.0046917910927277776
2019-05-01,120.4000015258789,121.55000305175781,120.18000030517578,121.02999877929688,12331800,121.34750099182129,122.73636432994496,120.9212500890096,118.33405006408691,41.07450131232773,0.7964286804199219,0.004813409026445073
2019-05-02,119.94000244140625,120.11000061035156,119.54000091552734,119.69000244140625,6759600,121.2545009613037,122.66509163596413,120.95375010172526,118.34600006103516,38.313235033555955,0.7335717337472099,0.004863122203041347
2019-05-03,120.6500015258789,121.08000183105469,120.4800033569336,120.55999755859375,8414400,121.18150100708007,122.61563706831498,120.99225012461345,118.36785007476807,44.513481718377896,0.7785720825195312,0.005039104217216966
2019-05-06,120.80999755859375,121.12000274658203,120.54000091552734,120.61000061035156,3479600,121.12300071716308,122.55654615922408,121.03416678110759,118.39035007476807,45.834698992542364,0.7678576878138951,0.005055561146505875
2019-05-07,121.20999908447266,121.41999816894531,120.91000366210938,121.0199966430664,4010700,121.0580005645752,122.49127335981889,121.09025007883707,118.41735008239746,49.09801128449194,0.7107151576450893,0.0050088063205172674
2019-05-08,120.91000366210938,121.54000091552734,120.7699966430664,121.54000091552734,4178800,120.94600067138671,122.38600075461648,121.15066674550374,118.43910011291504,46.819746501212606,0.7435722351074219,0.004836911585859984
2019-05-09,121.19999694824219,121.62000274658203,120.86000061035156,120.95999908447266,5015500,120.82950057983399,122.29000063809481,121.21316674550374,118.46510009765625,49.27028062455476,0.7700010027204242,0.004809423637458025
2019-05-10,121.43000030517578,121.7300033569336,121.30000305175781,121.41000366210938,4586000,120.80350074768066,122.22418240633878,121.26975008646647,118.4920500946045,51.19132877488428,0.7914297921316964,0.003949228896360527
2019-05-13,122.66999816894531,122.8499984741211,122.33000183105469,122.62999725341797,11130900,120.84550056457519,122.17272782759233,121.33558343251546,118.52200008392334,59.988317745618424,0.8342868259974888,0.00457677936891658
2019-05-14,122.45999908447266,122.66000366210938,122.12000274658203,122.5999984741211,5556000,120.88850059509278,122.11981867009943,121.39258340199788,118.55545009613037,58.07917394526257,0.8250007629394531,0.004572409839793846
2019-05-15,122.38999938964844,122.7699966430664,122.22000122070312,122.70999908447266,10299000,120.98250045776368,122.06181862571023,121.44858341217041,118.58825008392334,57.42314595597575,0.8192863464355469,0.004023650739156269
2019-05-16,121.51000213623047,122.06999969482422,121.19000244140625,122.02999877929688,6349400,121.04400062561035,122.0040004383434,121.49725011189778,118.6175500869751,49.80659055886602,0.8264290945870536,0.004368100710375583
2019-05-17,120.6500015258789,121.05999755859375,120.33000183105469,121.02999877929688,6589300,121.0580005645752,121.94327323219993,121.53716678619385,118.64085010528565,43.70547076910187,0.8607145036969867,0.0046853757946123935
2019-05-20,120.63999938964844,120.73999786376953,120.41999816894531,120.51000213623047,4345800,121.07150039672851,121.92072781649503,121.57775014241537,118.66835010528564,43.63851755713557,0.8457145690917969,0.004685530360059789
2019-05-21,120.36000061035156,120.36000061035156,119.83000183105469,120.08000183105469,3845600,121.083500289917,121.89890969016335,121.61708348592123,118.69755012512206,41.71211994002993,0.8057141985212054,0.004691872221673637
2019-05-22,120.23999786376953,120.5,120.19000244140625,120.3499984741211,3741800,121.0720001220703,121.87200053821911,121.66116682688396,118.72415012359619,40.87920976599597,0.7664282662527901,0.004650192279241735
2019-05-23,121.16999816894531,121.5199966430664,120.7699966430664,120.81999969482422,6054600,121.10200004577636,121.8640004938299,121.70941683451335,118.75835010528564,49.324432592082154,0.77642822265625,0.004967206009197972
2019-05-24,121.30000305175781,121.30999755859375,120.88999938964844,121.12999725341797,2324700,121.09850006103515,121.86018232865767,121.75575021107991,118.79190013885498,50.391250792050485,0.7649993896484375,0.00474208442091762
2019-05-28,120.83000183105469,120.83999633789062,120.45999908447266,120.80000305175781,4303500,121.09850006103515,121.82363697398793,121.79983355204264,118.8215001296997,46.573929760765985,0.7814282008579799,0.00471549586447811
2019-05-29,120.87000274658203,121.26000213623047,120.75,121.11000061035156,4133200,121.08200035095214,121.79872797185725,121.83700021107991,118.85215015411377,46.942319424576255,0.7628566196986607,0.0046617134899658175
2019-05-30,121.69000244140625,121.69000244140625,120.80000305175781,120.95999908447266,7757000,121.14650039672851,121.77527340975675,121.87508354187011,118.88715015411377,53.95193265702819,0.7721421377999442,0.004644021068597056
2019-05-31,123.33000183105469,123.4000015258789,122.31999969482422,122.55000305175781,15367000,121.31600036621094,121.76600078235973,121.92666689554851,118.93900016784669,64.1524089418863,0.8564273289271763,0.005346160899536157
2019-06-03,125.11000061035156,125.33999633789062,123.9000015258789,124.08999633789062,14173600,121.53900032043457,121.81509163596414,121.98516693115235,118.99920017242431,71.52517978026125,0.8985699244907924,0.006020634435356022
2019-06-04,125.1500015258789,125.41999816894531,124.61000061035156,124.87999725341797,7997100,121.75600051879883,121.85472800514914,122.04741694132487,119.06900016784668,71.66620940454395,0.9171415056501117,0.006029300019462486
2019-06-05,125.47000122070312,126.37000274658203,125.23999786376953,126.18000030517578,7637900,121.96900062561035,121.89890982887961,122.11350027720134,119.1408501815796,72.82571231486557,0.9649990626743862,0.006021597770985215
2019-06-06,125.87999725341797,126.44999694824219,125.80000305175781,125.93000030517578,5551800,122.21750030517578,121.94436437433416,122.18091691335043,119.20960018157959,74.27810767432987,0.9492846897670201,0.005946187526472749
2019-06-07,126.58999633789062,127.25,126.31999969482422,126.79000091552734,8145900,122.4870002746582,121.98818248401989,122.25641689300537,119.27910015106201,76.60956660856368,0.9628562927246094,0.006000614181038034
2019-06-10,125.33000183105469,125.52999877929688,125.06999969482422,125.45999908447266,5410000,122.68200035095215,122.01818251176314,122.32533359527588,119.34065017700195,65.29805498629034,1.0485703604561942,0.006587911768305911
2019-06-11,125.18000030517578,125.4000015258789,124.87999725341797,124.94000244140625,4757800,122.80750045776367,122.0401824951172,122.3862502415975,119.4002001953125,64.08493077973105,1.0278565543038505,0.0062904307601768334
2019-06-12,125.83000183105469,126.19999694824219,125.55999755859375,125.5999984741211,5756200,122.97600059509277,122.05672801624645,122.45025024414062,119.46835021972656,66.95027168493615,1.078570774623326,0.006321302344068073
2019-06-13,126.5999984741211,126.7699966430664,125.95999908447266,126.02999877929688,5374800,123.1865005493164,122.09854611483487,122.5266668955485,119.53055019378662,70.00330879563293,1.0542847769601005,0.006389422777524795
2019-06-14,126.55999755859375,127.62999725341797,126.26000213623047,127.20999908447266,9226100,123.43900032043457,122.1514551336115,122.58766689300538,119.59040019989014,69.64338559013837,1.1221417018345423,0.006061853930994613
2019-06-17,126.4800033569336,126.7699966430664,126.16999816894531,126.69999694824219,4763300,123.73050041198731,122.23472789417613,122.65233357747395,119.65440021514893,68.88067125107096,1.1049984523228236,0.005711980773471418
2019-06-18,127.12000274658203,127.75,126.38999938964844,127.58000183105469,10309600,124.05450057983398,122.32763699618253,122.71150029500326,119.71900024414063,71.56390059191801,1.165712629045759,0.00571114031218923
2019-06-19,127.88999938964844,127.98999786376953,126.69999694824219,126.7699966430664,11660600,124.43100051879883,122.44327337091619,122.78008359273275,119.79025024414062,74.4214719122251,1.194284166608538,0.005635263429328529
2019-06-20,131.11000061035156,131.49000549316406,130.19000244140625,130.41000366210938,18636300,124.97450065612793,122.60927332097833,122.86791693369547,119.87825023651124,82.39076035945178,1.32928466796875,0.0074061755854064526
2019-06-21,131.97999572753906,132.1699981689453,131.07000732421875,131.77000427246094,15068000,125.51500053405762,122.79436409690163,122.95891691843669,119.97350021362304,83.85442930832451,1.264284406389509,0.007383885255155176
2019-06-24,133.94000244140625,134.0399932861328,132.5800018310547,132.77000427246094,17851800,126.14700050354004,123.00945503928445,123.06466693878174,120.07660022735595,86.56398542166913,1.3535701206752233,0.007702075254102975
2019-06-25,134.1999969482422,135.5500030517578,133.2100067138672,134.89999389648438,24772200,126.81550025939941,123.23163674094461,123.17191689809164,120.17990020751954,86.87855570015667,1.4335697719029017,0.007455351935144683
2019-06-26,132.97000122070312,133.5500030517578,132.41000366210938,132.99000549316406,12016400,127.42050018310547,123.42181854248047,123.25975023905436,120.27860019683838,77.61996706530414,1.491426740373884,0.008065096606255229
2019-06-27,132.83999633789062,132.97000122070312,132.25999450683594,132.3800048828125,8412800,127.97799987792969,123.59800026633523,123.35475018819173,120.37705017089844,76.68969506065108,1.444284166608538,0.008151513180259919
2019-06-28,133.1999969482422,133.33999633789062,132.61000061035156,133.0500030517578,8077000,128.47149963378905,123.77381841486151,123.44925015767416,120.47695014953614,77.49407569739982,1.3878555297851562,0.007872976749931582
2019-07-01,130.6199951171875,131.75999450683594,130.5500030517578,131.55999755859375,13317700,128.74699935913085,123.93145474520597,123.52500012715657,120.55920013427735,61.195946106184934,1.5399976457868303,0.009032520984528846
2019-07-02,133.41000366210938,133.6300048828125,131.16000366210938,131.27000427246094,13282100,129.15999946594238,124.14200023304332,123.6175001780192,120.65745014190674,68.83029718949493,1.6821414402553014,0.009978238256964598
2019-07-03,133.6300048828125,134.10000610351562,133.22999572753906,133.61000061035156,6351500,129.56799964904786,124.36072762229226,123.71783358256022,120.76050018310546,69.34249309723191,1.677142551967076,0.009983610839945771
2019-07-05,132.13999938964844,132.32000732421875,130.80999755859375,131.4600067138672,11536600,129.88099975585936,124.57218211780895,123.8040002187093,120.85315017700195,61.921036948262504,1.780714852469308,0.010486535450082787
2019-07-08,131.2899932861328,132.33999633789062,131.27999877929688,132.17999267578125,8028900,130.1159996032715,124.77236383611506,123.88066685994467,120.94240013122558,58.10079716526747,1.8135719299316406,0.010641478646321062
2019-07-09,131.75,132.10000610351562,131.16000366210938,131.42999267578125,6633400,130.43699951171874,124.97927287708629,123.96291688283284,121.0317501449585,59.55506162236434,1.783572060721261,0.010273081768488092
2019-07-10,133.8300018310547,133.8699951171875,132.35000610351562,132.94000244140625,13920600,130.8694995880127,125.2240001331676,124.05925025939942,121.12955017089844,65.40251064468234,1.8428573608398438,0.010642338395745434
2019-07-11,132.6999969482422,133.6999969482422,132.41000366210938,133.5800018310547,7535100,131.21299934387207,125.45272730047053,124.14750022888184,121.2256001663208,60.3017659858769,1.6871425083705358,0.010953706167293499
2019-07-12,133.52999877929688,133.69000244140625,132.52999877929688,132.88999938964844,6309500,131.55949935913085,125.69018180153587,124.25175024668376,121.32590015411377,62.60848971996661,1.6914291381835938,0.010955960183775265
2019-07-15,133.52999877929688,133.52999877929688,132.80999755859375,133.17999267578125,4026600,131.90799942016602,125.92581814852628,124.35241692860922,121.42530014038086,62.60848971996661,1.595715114048549,0.010951571302739304
2019-07-16,132.39999389648438,133.3000030517578,132.1300048828125,133.17999267578125,7966000,132.20399894714356,126.12636344216087,124.44508355458578,121.5220500946045,57.34703317569396,1.5285720825195312,0.011215297131008606
2019-07-17,134.5800018310547,134.60000610351562,132.88999938964844,133.0,11288300,132.57699890136718,126.37636344216087,124.55750026702881,121.63470008850098,63.68712853717178,1.557859148297991,0.01164222003400123
2019-07-18,136.47999572753906,136.6300048828125,133.61000061035156,133.8300018310547,18448200,133.00649871826172,126.65418160178444,124.6710002263387,121.75330005645752,68.13308658627982,1.7228589739118303,0.011893373961331615
2019-07-19,134.47000122070312,136.02999877929688,133.97000122070312,135.4499969482422,18079200,133.17449874877929,126.90999977805397,124.7641668955485,121.86280006408691,59.79279943702835,1.8500017438616072,0.01136967624595043
2019-07-22,134.4499969482422,134.82000732421875,134.32000732421875,134.55999755859375,7570400,133.29799880981446,127.17381785999645,124.85141684214274,121.96570003509521,59.71445377093111,1.6964307512555803,0.011303983717428037
2019-07-23,133.69000244140625,134.9499969482422,133.55999755859375,134.42999267578125,9981400,133.28549880981444,127.41090878573331,124.92641684214274,122.06705005645752,56.676099441837174,1.5807157244001115,0.01090322793561199
2019-07-24,134.3699951171875,134.83999633789062,133.97999572753906,134.58999633789062,6715200,133.29399871826172,127.65745419588956,125.0065834681193,122.17150001525879,58.70088113831074,1.6007145472935267,0.010955816866693524
2019-07-25,133.4199981689453,134.27999877929688,133.08999633789062,134.24000549316406,11708200,133.31649856567384,127.87945417924361,125.08091678619385,122.26959999084472,54.844446521725324,1.4907139369419642,0.010872044859709168
2019-07-26,133.63999938964844,134.2899932861328,133.58999633789062,134.24000549316406,6249900,133.35649871826172,128.11090864701706,125.16158345540364,122.37509998321534,55.5723639562903,1.477142333984375,0.010872616730726543
2019-07-29,134.52999877929688,134.72999572753906,133.44000244140625,134.05999755859375,9162400,133.42299880981446,128.3532723166726,125.24700012207032,122.48474998474121,58.48775285960204,1.5021416800362724,0.01095318882799402
2019-07-30,134.97999572753906,135.17999267578125,134.41000366210938,134.75999450683594,9458700,133.64099884033203,128.59963586980646,125.34316673278809,122.59524997711182,59.919864947037716,1.405712672642299,0.0099062319853376
2019-07-31,133.2100067138672,135.4199981689453,133.02000427246094,135.02999877929688,18797200,133.63099899291993,128.79127238880506,125.42208347320556,122.68240001678467,52.28005602023154,1.4757123674665178,0.009283013445458786
2019-08-01,136.41000366210938,136.42999267578125,132.30999755859375,132.4199981689453,27719800,133.76999893188477,129.04490883567115,125.5237501780192,122.78830001831055,61.77028004740823,1.6871403285435267,0.010731552491196457
2019-08-02,135.88999938964844,136.60000610351562,135.3699951171875,135.38999938964844,13753200,133.95749893188477,129.2903633811257,125.62616685231527,122.88775001525879,59.69278308159636,1.723569597516741,0.01041191882739516
2019-08-05,137.7899932861328,138.63999938964844,137.0500030517578,137.92999267578125,17519800,134.28249893188476,129.58636322021485,125.74225012461345,122.99769996643066,64.4036062974297,1.8199986049107142,0.010597339408210624
2019-08-06,138.91000366210938,139.02999877929688,138.00999450683594,138.3300018310547,9471200,134.64049911499023,129.9183632590554,125.87175013224284,123.11329998016357,66.86222859207943,1.7514266967773438,0.010671229903613137
2019-08-07,141.02000427246094,142.47000122070312,140.8800048828125,141.27999877929688,26671100,134.99999923706054,130.28890880237927,126.01308352152506,123.23880001068115,70.93509314702894,1.7899976457868303,0.010633423176456649
2019-08-08,141.72999572753906,142.3699951171875,140.7100067138672,140.89999389648438,13108600,135.45149917602538,130.6774541681463,126.15416679382324,123.36739997863769,72.17439339090564,1.7292829241071428,0.010314084483285102
2019-08-09,141.25999450683594,142.02999877929688,140.9600067138672,141.27999877929688,9485900,135.83799896240234,131.05963592529298,126.27550010681152,123.49514995574951,70.04519325654236,1.7699966430664062,0.010393817331802706
2019-08-12,142.6300048828125,143.3800048828125,141.63999938964844,141.6699981689453,15264000,136.29299926757812,131.4498178655451,126.41008345286052,123.62634998321533,72.58409280105998,1.8221402849469865,0.010478820009896075
2019-08-13,141.77999877929688,143.2899932861328,139.35000610351562,143.1699981689453,29842800,136.76199951171876,131.82218142422764,126.54950008392333,123.75194995880128,68.69382442695783,2.021425519670759,0.010344350413430623
2019-08-14,142.75,143.75,142.0500030517578,142.89999389648438,20672900,137.170499420166,132.22072684548118,126.69325008392335,123.88369995117188,70.62846241688608,2.070711408342634,0.00992375390782403
2019-08-15,143.6999969482422,144.02000427246094,142.61000061035156,142.9600067138672,13467800,137.53149948120117,132.63581764914773,126.84600003560384,124.01834995269775,72.42571286850625,2.109283447265625,0.00961924800876259
2019-08-16,142.77999877929688,143.1300048828125,141.8000030517578,142.75,11728800,137.94699935913087,133.01927212801846,126.98933334350586,124.15069995880127,68.0810357221345,2.1528549194335938,0.008988281179230737
2019-08-19,141.11000061035156,141.7899932861328,140.85000610351562,141.3300018310547,10552700,138.27999954223634,133.34254483309658,127.1261666615804,124.27724994659424,60.93529337735711,2.235712323869978,0.009556860493599594
2019-08-20,142.2100067138672,142.25999450683594,141.60000610351562,141.77000427246094,7478500,138.70599975585938,133.6534540349787,127.27800006866455,124.41254997253418,63.642253970739674,2.1464266095842635,0.009427991124440442
2019-08-21,141.75999450683594,142.1699981689453,141.4600067138672,141.6199951171875,8114700,139.07549972534179,133.95545390735973,127.44366671244303,124.53819995880127,61.756883835100616,1.905712672642299,0.009518235453363832
2019-08-22,141.39999389648438,141.89999389648438,141.1699981689453,141.38999938964844,6846500,139.47449951171876,134.24509013782847,127.60900001525879,124.6619499206543,60.2199502895454,1.869997297014509,0.00932484170655163
2019-08-23,144.1699981689453,144.3300018310547,141.63999938964844,141.83999633789062,20282200,140.0009994506836,134.5776356090199,127.7960833231608,124.80094989776612,67.02091086703527,1.882855006626674,0.010029438053974597
2019-08-26,144.19000244140625,144.97000122070312,143.91000366210938,144.35000610351562,12195800,140.48399963378907,134.8976357199929,127.98425000508627,124.94169990539551,67.06470274088221,1.869997297014509,0.010039175352456665
2019-08-27,145.57000732421875,145.67999267578125,144.27000427246094,144.3000030517578,12844100,141.01350021362305,135.2656358198686,128.1847500483195,125.08939994812012,70.02203156265412,1.722139630998884,0.010129549251557917
2019-08-28,145.16000366210938,145.67999267578125,144.63999938964844,145.38999938964844,11452400,141.61100006103516,135.6289086081765,128.37075010935465,125.23629997253418,68.06650694126448,1.677854265485491,0.009462708554844207
2019-08-29,144.1199951171875,145.49000549316406,143.27999877929688,145.39999389648438,14762500,141.99649963378906,135.96145394065164,128.5530834197998,125.38449993133545,63.24184417577548,1.7592838832310267,0.008578080630071379
2019-08-30,143.75,144.8800048828125,143.02000427246094,143.83999633789062,9642200,142.38949966430664,136.27327215021307,128.7261667251587,125.5349499130249,61.56981026084484,1.7407117571149553,0.008532067338372402
2019-09-03,145.75,146.1300048828125,144.74000549316406,144.9600067138672,15615200,142.7875,136.62218128551137,128.9087500890096,125.69519992828369,66.69560070975004,1.629284449986049,0.008527354847074429
2019-09-04,146.66000366210938,146.82000732421875,145.5,145.5399932861328,11285900,143.175,136.9890903819691,129.11083342234295,125.855299949646,68.73871637313385,1.5828563145228796,0.008476170774553041
2019-09-05,143.13999938964844,145.00999450683594,142.0,144.97999572753906,20293200,143.28099975585937,137.28036304820668,129.2789167404175,125.9971499633789,54.747887395702314,1.8149991716657365,0.00986572458177676
2019-09-06,141.9199981689453,144.05999755859375,141.86000061035156,143.63999938964844,14175200,143.29049987792968,137.535453935103,129.43625005086264,126.12864994049072,50.88234114944922,1.836427961077009,0.010023437718891857
2019-09-09,141.38999938964844,142.4600067138672,141.17999267578125,142.3699951171875,11323800,143.2970001220703,137.72236300381746,129.58633340199788,126.25724994659424,49.25531005536771,1.7900009155273438,0.01003140715528813
2019-09-10,140.17999267578125,141.52999877929688,140.16000366210938,141.22999572753906,12629200,143.17449951171875,137.87145385742187,129.71966667175292,126.37979991912842,45.6651696245668,1.8057152884347099,0.009941654204662876
2019-09-11,141.02999877929688,141.25999450683594,140.27999877929688,140.33999633789062,7453000,143.13699951171876,138.00036288174715,129.86424999237062,126.50564990997314,48.5046900895983,1.829286847795759,0.009977898314227183
2019-09-12,141.32000732421875,143.10000610351562,141.11000061035156,142.67999267578125,12673700,143.06549987792968,138.1298176158558,130.00883337656657,126.6333999633789,49.47485966153586,1.925001961844308,0.009856343198108125
2019-09-13,140.14999389648438,141.99000549316406,140.05999755859375,141.72999572753906,13451700,142.88799972534179,138.26036293723365,130.13575000762938,126.75594993591308,45.73151116385829,1.8535733904157365,0.009854883193858324
2019-09-16,141.32000732421875,142.0500030517578,141.02000427246094,141.60000610351562,8094600,142.81500015258788,138.41454495516692,130.27758337656658,126.88779998779297,49.82024560572295,1.91357421875,0.009996301425338798
2019-09-17,141.60000610351562,142.11000061035156,141.22000122070312,141.82000732421875,7010200,142.8395004272461,138.5672723943537,130.4271667480469,127.01890003204346,50.776046955275376,1.8707177298409599,0.009649426201061113
2019-09-18,140.7100067138672,142.52999877929688,139.80999755859375,141.92999267578125,15026300,142.7645004272461,138.75072715065696,130.5839167912801,127.14375007629394,47.668022025709604,1.9907182965959822,0.009580874651445618
2019-09-19,141.27999877929688,141.74000549316406,141.08999633789062,141.57000732421875,8057400,142.74050064086913,138.89381797096945,130.744500096639,127.27245006561279,49.78783871268728,1.9064320155552454,0.009610524853847616
2019-09-20,142.9499969482422,143.02999877929688,141.4600067138672,141.61000061035156,12110000,142.81800079345703,139.0632723721591,130.9230000813802,127.40515003204345,55.4781523458199,1.8985748291015625,0.009951074975548783
2019-09-23,143.75,143.94000244140625,143.07000732421875,143.22000122070312,9006500,142.79700088500977,139.2743632923473,131.10441672007244,127.53830001831055,57.93730086543418,1.7992891584123885,0.00899063584196986
2019-09-24,144.50999450683594,144.77000427246094,142.8800048828125,143.2100067138672,10576300,142.81300048828126,139.51472695090553,131.29366664886476,127.67514999389648,60.187076170244026,1.8400028773716517,0.009071386562817946
2019-09-25,141.8300018310547,144.2899932861328,141.44000244140625,144.0800018310547,11648400,142.62600021362306,139.69799971147017,131.45799999237062,127.7938500213623,50.02588493744122,1.7264306204659599,0.009691987995906329
2019-09-26,141.7899932861328,142.57000732421875,141.55999755859375,142.19000244140625,7984600,142.4574996948242,139.84272682883523,131.6230832417806,127.91439998626709,49.89047117125418,1.6414315359933036,0.009687073671101649
2019-09-27,141.05999755859375,141.67999267578125,140.16000366210938,140.35000610351562,9804200,142.30449981689452,139.99472683993253,131.77766653696696,128.03199996948243,47.370870873052425,1.6664297921316964,0.009631289324538493
2019-09-30,138.8699951171875,140.2100067138672,138.02999877929688,139.77000427246094,15459100,142.0604995727539,140.09181768243963,131.9086664835612,128.13739994049072,40.72589186357219,1.785001482282366,0.010161527130207224
2019-10-01,139.6300048828125,140.19000244140625,137.8000030517578,138.07000732421875,12476200,141.75449981689454,140.20272688432172,132.0428332010905,128.2478999710083,43.678563968257855,1.878572736467634,0.00964201383109002
2019-10-02,141.25999450683594,141.8800048828125,140.4600067138672,140.7899932861328,11914300,141.48449935913087,140.36381780450995,132.2037498474121,128.3688999557495,49.48993339962331,1.8914293561662947,0.009960454945003422
2019-10-03,141.89999389648438,143.25,141.2899932861328,141.36000061035156,12396100,141.42249908447266,140.49690856933594,132.3709997812907,128.48904991149902,51.601552581703935,1.8957148960658483,0.00856247590607248
2019-10-04,141.89999389648438,142.30999755859375,141.13999938964844,141.47999572753906,9651000,141.4214988708496,140.59545399058948,132.54016640981038,128.60779987335206,51.601552581703935,1.8435712541852678,0.008346276595256294
2019-10-07,140.69000244140625,141.77000427246094,140.24000549316406,141.16000366210938,6127200,141.3864990234375,140.708544921875,132.70833307902018,128.7240998840332,47.26861306071871,1.8985704694475447,0.00852677882507975
2019-10-08,141.9199981689453,142.2899932861328,141.1699981689453,142.02999877929688,10428900,141.4734992980957,140.84436312588778,132.88866640726727,128.83749988555908,51.70779436292866,1.8185697283063615,0.008513236342049499
2019-10-09,142.0500030517578,142.5800018310547,141.6199951171875,142.16000366210938,6927700,141.52449951171874,140.99636313698508,133.06933307647705,128.95414989471436,52.16615751987511,1.813570295061384,0.00841828428313867
2019-10-10,140.80999755859375,141.66000366210938,140.5800018310547,141.58999633789062,9301700,141.4989990234375,141.1134540904652,133.23966636657715,129.058099899292,47.532033196933654,1.7935703822544642,0.008648523342618774
2019-10-11,140.02999877929688,140.19000244140625,138.91000366210938,139.97000122070312,11333400,141.4929992675781,141.23363591974433,133.4055830001831,129.15994987487792,44.83403499386597,1.858569553920201,0.008533839224064296
2019-10-14,140.58999633789062,140.82000732421875,140.33999633789062,140.4499969482422,4006700,141.4564987182617,141.35999950062146,133.57324962615968,129.26004985809325,47.153298240757756,1.779998779296875,0.008363405337411117
2019-10-15,139.61000061035156,140.3000030517578,139.2100067138672,140.27000427246094,9128300,141.35699844360352,141.45236317027698,133.73191630045574,129.35279987335204,43.691523927235544,1.6592843191964286,0.008477842619260522
2019-10-16,140.41000366210938,140.52999877929688,139.6999969482422,140.13999938964844,10330300,141.3419982910156,141.5510905872692,133.8905829747518,129.4485998916626,47.10541776325603,1.6528549194335938,0.008484945871140947
2019-10-17,140.61000061035156,141.1199951171875,140.4199981689453,140.5,6131000,141.30849838256836,141.6856359308416,134.0554162979126,129.5449998855591,47.954935012076966,1.5871407645089286,0.008437966450465883
2019-10-18,140.4600067138672,140.7100067138672,140.32000732421875,140.5,6416100,141.18399887084962,141.75927234996448,134.2159163792928,129.63514991760255,47.34084516279025,1.3985693795340401,0.007949331778058281
2019-10-21,139.7899932861328,140.75999450683594,139.60000610351562,140.72000122070312,8306200,140.98599853515626,141.83018132990057,134.37749964396158,129.72689987182616,44.593788698343914,1.310711451939174,0.007844286809645181
2019-10-22,140.1999969482422,140.3000030517578,139.72000122070312,140.1300048828125,3879700,140.77049865722657,141.87399957830254,134.54633293151855,129.81859985351562,46.63449776023786,1.1914258684430803,0.007756372542873926
2019-10-23,140.52999877929688,141.0,140.5,140.58999633789062,4155300,140.70549850463868,141.9034540349787,134.71199957529703,129.91359985351562,48.28550222465741,1.1064256940569197,0.006668339774191475
2019-10-24,141.52999877929688,141.74000549316406,140.92999267578125,141.02000427246094,6174800,140.69249877929687,141.91272666237572,134.88466625213624,130.00969985961913,53.02787995362207,1.109283447265625,0.006879359197664446
2019-10-25,141.86000061035156,142.8300018310547,141.39999389648438,142.7899932861328,6011500,140.73249893188478,141.91509038751775,135.05674959818523,130.11104988098145,54.510388123676364,1.0928562709263392,0.006791460230849581
2019-10-28,140.63999938964844,141.25,140.39999389648438,141.25,5442000,140.8209991455078,141.90381774902343,135.22116622924804,130.2052498626709,48.42541227212125,1.082857404436384,0.00608129333357034
2019-10-29,140.25,140.6300048828125,139.77999877929688,140.0,3835400,140.85199890136718,141.8605449329723,135.37991625467936,130.29604988098146,46.63330450713067,1.075714111328125,0.00601636073397498
2019-10-30,141.02000427246094,141.0399932861328,139.5500030517578,140.5399932861328,6992900,140.83999938964843,141.84672685102984,135.54316628774006,130.39174991607666,50.526259913010584,1.0771418980189733,0.005537645665914898
2019-10-31,142.42999267578125,142.69000244140625,141.88999938964844,141.97999572753906,7050900,140.8664993286133,141.84090853604403,135.70783290863037,130.49254989624023,56.74813196003786,1.060713631766183,0.005899881579873141
2019-11-01,142.55999755859375,142.89999389648438,142.00999450683594,142.2100067138672,8090000,140.89949951171874,141.82018127441407,135.8753328959147,130.59479988098144,57.28157781242918,1.0678558349609375,0.005901758985364338
2019-11-04,142.14999389648438,142.4499969482422,141.74000549316406,142.25999450683594,4740300,140.97249908447264,141.8087266401811,136.039999516805,130.70044986724852,54.97858905104441,1.0278560093470983,0.005586348414111641
2019-11-05,139.85000610351562,140.88999938964844,139.3800048828125,140.64999389648438,11782300,140.86899948120117,141.78581764914773,136.19283288319906,130.7924499130249,44.23468215501669,1.1599982125418526,0.006381373465531175
2019-11-06,140.4499969482422,140.7899932861328,140.0,140.1199951171875,6416500,140.78899917602538,141.7538174715909,136.3578328450521,130.88829990386964,47.13686858756049,1.1764264787946428,0.006470741427256694
2019-11-07,138.27000427246094,140.1999969482422,137.60000610351562,140.11000061035156,15214200,140.66199951171876,141.6903631036932,136.50474955240887,130.9741999435425,39.16203741286948,1.352140154157366,0.007073028477193167
2019-11-08,137.38999938964844,138.3300018310547,137.38999938964844,137.72999572753906,10377400,140.52999954223634,141.6174541126598,136.64666620890299,131.04684993743896,36.47904778278622,1.3364268711635046,0.0071039352547932815
2019-11-11,137.05999755859375,137.7899932861328,136.44000244140625,137.61000061035156,7037300,140.35349960327147,141.48818137428978,136.78683287302653,131.1156999206543,35.49693685096578,1.3914260864257812,0.007013935152778693
2019-11-12,137.42999267578125,137.58999633789062,136.19000244140625,137.02999877929688,6448600,140.24449920654297,141.36527210582386,136.92233282725016,131.18294986724854,37.52774347560006,1.4342825753348214,0.006931445542698469
2019-11-13,137.97999572753906,138.22000122070312,137.63999938964844,137.8000030517578,8776000,140.12299880981445,141.22727189497513,137.061332766215,131.2493998336792,40.52534534657037,1.404282706124442,0.006856596423969876
2019-11-14,138.55999755859375,138.94000244140625,137.8699951171875,138.38999938964844,5220500,140.02049865722657,141.10727178400214,137.20908273061116,131.31844982147217,43.59878148503832,1.378568376813616,0.0069328544589412665
2019-11-15,138.2100067138672,138.4199981689453,137.97000122070312,138.02999877929688,10106700,139.90799865722656,140.99981744939632,137.35358276367188,131.3869998550415,42.182225459000286,1.316424778529576,0.006944461948771829
2019-11-18,138.6199951171875,138.85000610351562,138.3000030517578,138.44000244140625,5717900,139.8494987487793,140.90654463334516,137.49466603597006,131.4602998352051,44.45876152990577,1.3007104056222099,0.006926191534018288
2019-11-19,138.69000244140625,138.97000122070312,138.1300048828125,138.1300048828125,4824400,139.7739990234375,140.77818104137074,137.6226660410563,131.53234985351563,44.85801814907108,1.2542822701590401,0.006885909414496481
2019-11-20,138.75999450683594,139.0,138.10000610351562,138.52999877929688,6892100,139.68549880981445,140.63454451127487,137.73641599019368,131.60894981384277,45.281525120616195,1.199281964983259,0.006857667517891678
2019-11-21,138.0,138.55999755859375,137.77000427246094,138.38999938964844,4197200,139.5089988708496,140.54108997691762,137.84349931081135,131.6802498245239,41.549927635328054,1.2064241681780135,0.006686851093120309
2019-11-22,137.74000549316406,138.4600067138672,137.66000366210938,138.3699951171875,3620300,139.30299911499023,140.4650901100852,137.9457493464152,131.7478998565674,40.325612766875835,1.2049963814871651,0.006634552486194074
2019-11-25,137.0800018310547,137.6199951171875,136.99000549316406,137.32000732421875,6415800,139.12499923706054,140.3867265181108,138.0390827178955,131.81529987335205,37.319370235526605,1.060711451939174,0.006471226712335886
2019-11-26,137.74000549316406,137.8000030517578,136.5800018310547,136.97999572753906,4724400,138.99949951171874,140.3423631147905,138.13199946085612,131.88469989776613,41.977624875525606,1.0807124546595983,0.00659908388575652
2019-11-27,137.00999450683594,137.2100067138672,136.8300018310547,137.02999877929688,4111000,138.7989990234375,140.26927212801846,138.2293327331543,131.95289985656737,38.563827503416846,0.9421419416155133,0.006490913693249081
2019-11-29,137.86000061035156,138.1300048828125,137.0800018310547,137.10000610351562,4516400,138.57049942016602,140.20636291503905,138.3349994023641,132.02189987182618,44.24907394019732,0.9549996512276786,0.006187936827514922
2019-12-02,137.7899932861328,138.08999633789062,137.3000030517578,137.32000732421875,8274700,138.33199920654297,140.16345381303267,138.4346659978231,132.08684982299803,43.888839394992175,0.9149998256138393,0.006165555811856851
2019-12-03,139.11000061035156,139.57000732421875,138.97000122070312,139.0399932861328,8481700,138.17999954223632,140.12327187278055,138.538916015625,132.1488998413086,51.84872000451773,0.9421441214425224,0.0066487581759432125
2019-12-04,138.9199981689453,139.1699981689453,138.58999633789062,139.16000366210938,6322300,138.1334991455078,140.07454445578836,138.64191602071125,132.21109981536864,50.73310016837115,0.9271436418805804,0.005621370316931938
2019-12-05,139.0,139.4499969482422,138.7899932861328,138.8000030517578,5671500,138.0609992980957,140.04345342462713,138.74624932607014,132.28084980010988,51.20913869468223,0.897857666015625,0.005521564590230241
2019-12-06,137.6199951171875,137.8300018310547,137.39999389648438,137.75999450683594,8714500,138.02849884033202,139.97690790349787,138.83374926249186,132.3414497756958,43.41615746218834,0.970001220703125,0.004817690109671829
2019-12-09,137.5800018310547,137.80999755859375,137.4499969482422,137.8000030517578,2711600,138.03799896240236,139.8792716286399,138.9144992828369,132.40249977111816,43.210927437521576,0.9500013078962054,0.004596650640388187
2019-12-10,137.97000122070312,138.3300018310547,137.74000549316406,138.25,3240800,138.0834991455078,139.7741807417436,138.97166595458984,132.4644497680664,45.89673273891195,0.943572998046875,0.004597030276027021
2019-12-11,138.9199981689453,139.3000030517578,138.1199951171875,138.1999969482422,6097500,138.15799942016602,139.67254444469106,139.02949930826824,132.5355997467041,51.868246049293,0.974287850516183,0.004800841405176149
2019-12-12,138.42999267578125,139.85000610351562,137.8800048828125,139.77999877929688,8815100,138.1804992675781,139.61072609641334,139.0669158935547,132.60779972076415,48.87195468017629,1.0442886352539062,0.0048111182419164865
2019-12-13,139.0500030517578,139.2100067138672,137.97999572753906,138.52000427246094,6964300,138.20499954223632,139.56090809215198,139.107332611084,132.69364974975585,52.60288454321186,1.0750034877232142,0.004823634375407886
2019-12-16,139.0399932861328,139.38999938964844,138.8000030517578,139.1999969482422,4646100,138.24649887084962,139.5241807417436,139.1579158782959,132.78104972839355,52.53623050919623,1.0635746547154017,0.004782010018952462
2019-12-17,139.00999450683594,139.3000030517578,138.85000610351562,139.02000427246094,4287500,138.26599884033203,139.52672618519176,139.20933252970377,132.86749969482423,52.322253223233794,1.0085743495396204,0.004741752206095717
2019-12-18,139.02000427246094,139.25,138.80999755859375,138.86000061035156,3607600,138.28249893188476,139.51563526500354,139.25783259073893,132.95454971313475,52.39193100910596,0.9750028337751117,0.004741039933967133
2019-12-19,139.3800048828125,139.5500030517578,138.8699951171875,139.0399932861328,4975000,138.3134994506836,139.48145363547584,139.33083267211913,133.04389972686766,54.9423479679404,0.9435740879603794,0.004772539270174983
2019-12-20,139.52000427246094,139.52000427246094,138.97999572753906,139.3699951171875,4463900,138.38949966430664,139.43818109685725,139.38174934387206,133.12729976654052,55.93106221477338,0.9257180350167411,0.0045805408362258665
2019-12-23,139.9499969482422,139.9600067138672,139.52999877929688,139.52999877929688,5180900,138.49999923706054,139.40272660688922,139.4344159444173,133.2158497619629,58.91317725475703,0.830002920968192,0.004575801398314447
2019-12-24,141.27000427246094,141.3300018310547,140.42999267578125,140.44000244140625,5303700,138.70949935913086,139.41327209472655,139.51049931844076,133.30729976654052,66.42446950476537,0.88714599609375,0.004761555732494509
2019-12-26,142.3800048828125,142.47000122070312,141.91000366210938,142.05999755859375,8342500,138.94149932861328,139.42163585316052,139.60291608174643,133.39999980926513,71.1935382176611,0.9257169451032367,0.00491846912523761
2019-12-27,142.3300018310547,142.72999572753906,142.1699981689453,142.25999450683594,5119900,139.2074996948242,139.4267267400568,139.6910827636719,133.49959980010988,70.7063162242476,0.8514306204659599,0.004667479466319282
2019-12-30,142.6300048828125,142.8000030517578,142.4600067138672,142.55999755859375,4810600,139.44599990844728,139.45981778231535,139.76441612243653,133.59789981842042,71.94677667199846,0.8592878069196429,0.004558048171546664
2019-12-31,142.89999389648438,143.60000610351562,142.8000030517578,143.30999755859375,5313500,139.70149993896484,139.51199951171876,139.84941609700522,133.6971997833252,73.05271045377332,0.8750021798270089,0.004528023363555445
2020-01-02,143.9499969482422,144.2100067138672,143.39999389648438,143.86000061035156,7733800,139.94349975585936,139.57309043190696,139.93624941507974,133.80004978179932,76.87147924537416,0.8735743931361607,0.004351063771623214
2020-01-03,145.86000061035156,146.32000732421875,145.39999389648438,145.75,12272800,140.29049987792968,139.68672679554334,140.03899943033855,133.90844978332518,81.89705505379536,0.902146475655692,0.004988546504867185
2020-01-06,147.38999938964844,148.47999572753906,146.9499969482422,148.44000244140625,14403300,140.70999984741212,139.8136358087713,140.16391614278157,134.02699977874755,84.75474015203973,1.0014310564313615,0.0052765098876720925
2020-01-07,147.97000122070312,148.13999938964844,147.42999267578125,147.57000732421875,7978500,141.22750015258788,139.9474540016868,140.27549947102864,134.14699977874756,85.67773606093328,1.012859889439174,0.0043198654343835135
2020-01-08,146.86000061035156,148.61000061035156,146.13999938964844,148.49000549316406,22248500,141.69150009155274,140.06381752707742,140.36199951171875,134.2566997909546,76.17291282700282,1.1571459089006697,0.0049239634135910745
2020-01-09,146.02999877929688,146.41000366210938,145.44000244140625,146.07000732421875,10292300,142.09449996948243,140.17727217240767,140.45833282470704,134.36534976959229,69.92613443591955,1.2271456037248885,0.005314562580257198
2020-01-10,146.91000366210938,146.99000549316406,146.1699981689453,146.22000122070312,6183300,142.49400024414064,140.299272294478,140.56216621398926,134.48164978027344,72.50104658421292,1.247145516531808,0.0052836557385231055
2020-01-13,145.82000732421875,146.3800048828125,145.77999877929688,146.35000610351562,7593800,142.8635009765625,140.395454268022,140.6632495880127,134.60124980926514,65.0695603924003,1.289288112095424,0.005592159162502022
2020-01-14,145.69000244140625,145.80999755859375,145.0800018310547,145.4199981689453,6589700,143.19550094604492,140.4710906982422,140.7575829823812,134.71964981079103,64.22399341399904,1.3107169015066964,0.005626961852953926
2020-01-15,146.5399932861328,146.72999572753906,145.82000732421875,146.2100067138672,6510000,143.57050094604492,140.55618147416547,140.8669162750244,134.84469978332518,67.22300753137003,1.2864303588867188,0.0056481009956848155
2020-01-16,146.30999755859375,146.47000122070312,145.75999450683594,146.27000427246094,6069100,143.9355010986328,140.65927234996448,140.97249959309895,134.9663497543335,65.62008101055048,1.2564304896763392,0.005692134410487757
2020-01-17,146.5800018310547,146.99000549316406,146.30999755859375,146.50999450683594,11121100,144.3135009765625,140.7743632923473,141.07291628519695,135.09024974822998,66.62617197938332,1.265002659388951,0.005664793769493772
2020-01-21,146.74000549316406,146.86000061035156,145.5500030517578,145.77000427246094,6086100,144.68150100708007,140.8783633145419,141.17091636657716,135.21339977264404,67.23802408376358,1.3250023978097099,0.005675755581656104
2020-01-22,146.7899932861328,146.80999755859375,146.3800048828125,146.67999267578125,4778200,145.04500045776368,140.95763605291194,141.28408292134603,135.33744972229005,67.43886798683144,1.2864303588867188,0.0056874531603652925
2020-01-23,147.1199951171875,147.6199951171875,146.6199951171875,147.0,8419800,145.40350036621095,141.04054509943182,141.37333285013835,135.4604996871948,68.79873919881177,1.2642865862165178,0.0056864687191809414
2020-01-24,147.97999572753906,148.3800048828125,146.88999938964844,146.89999389648438,9919900,145.73899993896484,141.14654513272373,141.47408281962078,135.58464965820312,72.07216599118728,1.2014290945870536,0.0055107502801647066
2020-01-27,148.99000549316406,149.32000732421875,148.4600067138672,149.24000549316406,9988100,146.06949996948242,141.31272693980824,141.56741625467936,135.71194969177247,75.34382271925563,1.110001700265067,0.005460950463369958
2020-01-28,147.66000366210938,148.55999755859375,147.52999877929688,148.36000061035156,7543100,146.33600006103515,141.44381797096946,141.64033292134602,135.8404997253418,64.61027239743461,1.1607164655412947,0.0059899351229370165
2020-01-29,148.4600067138672,148.55999755859375,147.61000061035156,147.6999969482422,5013100,146.62750015258788,141.6290907426314,141.70233294169108,135.97364974975585,67.60020939458866,1.0521447317940849,0.006042728421158238
2020-01-30,148.47000122070312,149.30999755859375,148.00999450683594,148.69000244140625,9119500,146.90600051879883,141.83054532137785,141.7584996541341,136.10799976348878,67.63699585949269,1.0435736519949776,0.006058555370538252
2020-01-31,149.3300018310547,149.67999267578125,148.80999755859375,148.8800048828125,14788300,147.17500076293945,142.05363630814986,141.82574971516928,136.25209976196288,70.7178483858925,1.061429704938616,0.0059950150168098255
2020-02-03,148.36000061035156,148.77999877929688,147.67999267578125,148.66000366210938,9105300,147.30000076293945,142.25236372514203,141.87349967956544,136.39249977111817,63.388115825795005,1.0985728672572546,0.005632302390338489
2020-02-04,146.42999267578125,147.02999877929688,145.8000030517578,146.97000122070312,10525600,147.2520004272461,142.40600003329192,141.9122496287028,136.52279972076417,51.868580738262686,1.2285723005022322,0.005960341984766282
2020-02-05,146.61000061035156,146.80999755859375,146.16000366210938,146.3800048828125,6160700,147.18400039672852,142.55236372514204,141.94441630045574,136.653999710083,52.731394643391745,1.2007152012416296,0.005889201671352974
2020-02-06,147.39999389648438,147.6300048828125,147.0,147.27999877929688,4819800,147.21100006103515,142.71945440118964,141.97524960835776,136.79039966583252,56.42336804132757,1.2178584507533483,0.005780635399396826
2020-02-07,147.7899932861328,148.17999267578125,147.33999633789062,147.8300018310547,6379300,147.29899978637695,142.886181640625,142.0169995625814,136.92699962615967,58.160748341191095,1.2292861938476562,0.0056345101374911015
2020-02-10,148.1699981689453,148.4499969482422,147.91000366210938,148.2100067138672,5793600,147.36199951171875,143.05854519930753,142.07583287556966,137.06499961853027,59.84085043333922,1.1828580583844865,0.005511474800300162
2020-02-11,147.66000366210938,148.16000366210938,147.00999450683594,148.02999877929688,5179400,147.4539993286133,143.22036354758524,142.12124951680502,137.19644962310792,56.55831636611954,1.235001700265067,0.005279779269364677
2020-02-12,147.5399932861328,147.80999755859375,147.16000366210938,147.4199981689453,5040600,147.5464988708496,143.39381797096945,142.16941617329914,137.3299995803833,55.78287254277625,1.2100012642996651,0.005278605199303938
2020-02-13,148.3800048828125,148.5800018310547,147.9499969482422,148.24000549316406,7082100,147.63849945068358,143.5872725053267,142.22758293151855,137.46589962005615,59.924611976396214,1.177858625139509,0.005271408621282698
2020-02-14,149.0,149.1300048828125,148.6300048828125,148.74000549316406,5345400,147.77299957275392,143.80399974476208,142.26783294677733,137.60889961242677,62.70157687245986,1.1357149396623885,0.005301362029720399
2020-02-18,150.91000366210938,151.08999633789062,149.47000122070312,149.8800048828125,11524900,147.98949966430663,144.04345425692472,142.32383295694987,137.76374961853028,69.67340822661627,1.1807141985212053,0.005932004737681865
2020-02-19,151.7899932861328,151.82000732421875,150.82000732421875,151.0,9269800,148.24199905395508,144.31218150745738,142.37566617329915,137.91944957733153,72.24729672320959,1.1842858450753349,0.00601010736172334
2020-02-20,152.41000366210938,152.8300018310547,151.9499969482422,152.0,8457300,148.52299957275392,144.57672701748933,142.43608283996582,138.07744960784913,73.92638475379282,1.1657148088727678,0.006023491260171018
2020-02-21,154.6999969482422,155.22000122070312,154.17999267578125,154.42999267578125,16344500,148.90199966430663,144.8841816295277,142.52424952189128,138.24489959716797,78.98392847777109,1.280000959123884,0.006701984700512128
2020-02-24,156.08999633789062,158.52999877929688,155.36000061035156,158.5,27171000,149.30749969482423,145.19290882457386,142.62708282470703,138.42079956054687,81.34881307172887,1.4357147216796875,0.006819313559100363
2020-02-25,153.3000030517578,156.0800018310547,152.91000366210938,155.1199951171875,28091500,149.52299957275392,145.45436345880682,142.68999951680502,138.58129959106446,65.43301034719087,1.4800000871930803,0.00814025587308925
2020-02-26,153.97000122070312,155.27999877929688,152.89999389648438,153.82000732421875,17912500,149.8384994506836,145.72654529918324,142.75091616312662,138.7439995956421,67.09779284038282,1.6035723005022322,0.007782563646747445
2020-02-27,154.0,156.27000427246094,153.89999389648438,155.5800018310547,27878500,150.11549911499023,146.02436356977984,142.8414161682129,138.90064960479737,67.17402324914836,1.7000013078962053,0.007753771698886547
2020-02-28,148.3800048828125,152.77000427246094,147.0500030517578,152.7100067138672,42699600,150.1109992980957,146.22072726162997,142.8952495574951,139.03024963378905,45.77652242637114,2.136429922921317,0.011569918497303922
2020-03-02,149.1999969482422,150.72999572753906,149.0399932861328,150.0,16295400,150.10449905395507,146.42490900213068,142.9603328704834,139.16429962158202,48.3611424924345,2.257143293108259,0.011563098568362217
2020-03-03,153.88999938964844,155.24000549316406,150.74000549316406,150.83999633789062,28687700,150.38099899291993,146.6970908425071,143.0745829264323,139.32619960784913,60.08130809352403,2.605715070452009,0.01340229698879888
2020-03-04,154.16000366210938,154.9600067138672,153.6999969482422,154.39999389648438,12315500,150.76749954223632,146.98309104225854,143.18399963378906,139.49374961853027,60.63522817793256,2.649287632533482,0.012935355017629968
2020-03-05,157.49000549316406,157.6199951171875,155.72000122070312,156.05999755859375,17973500,151.31149978637694,147.31836381392046,143.31874961853026,139.67799964904785,66.76119609015069,2.8221435546875,0.013602033339222337
2020-03-06,157.5500030517578,159.25,154.5399932861328,158.3300018310547,26973400,151.81900024414062,147.6549094460227,143.46374969482423,139.86394966125488,66.86125983741445,3.1050011771065846,0.013614896720295299
2020-03-09,157.80999755859375,159.3699951171875,156.3300018310547,158.60000610351562,24868700,152.32000045776368,147.9967276833274,143.60116628011068,140.051799659729,67.32037716928481,3.172858101981027,0.013619709821984578
2020-03-10,154.47999572753906,156.41000366210938,154.38999938964844,156.17999267578125,18811500,152.63550033569337,148.2778184370561,143.70849952697753,140.21834964752196,56.5196678415826,3.345715114048549,0.014680469784509528
2020-03-11,153.92999267578125,156.5,153.61000061035156,156.25,18159900,152.94899978637696,148.54236366965554,143.81866607666015,140.38149959564208,54.951506823297876,3.4778573172433034,0.014682884156818414
2020-03-12,147.7899932861328,151.5500030517578,146.85000610351562,151.52999877929688,32893400,152.96149978637695,148.69272710626777,143.8729160308838,140.51629955291747,41.206506330426905,3.7828565325055803,0.017443039947600818
2020-03-13,143.27999877929688,149.60000610351562,141.5800018310547,149.4199981689453,35177200,152.70649948120118,148.7532725941051,143.87566604614258,140.62834953308106,34.40010843534412,4.082142421177456,0.018681402181669988
2020-03-16,141.63999938964844,142.9600067138672,136.1199951171875,137.55999755859375,24496000,152.3384994506836,148.75999977805398,143.85808270772299,140.72809951782227,32.31012639987081,4.366428920200893,0.01875447849331949
2020-03-17,143.55999755859375,146.1999969482422,139.92999267578125,140.17999267578125,24490300,151.97099914550782,148.7814541903409,143.85016606648762,140.82924949645997,37.126211815186835,4.644286019461496,0.018786556434917886
2020-03-18,140.6999969482422,142.8800048828125,138.5,141.75,21953400,151.41649932861327,148.75181773792613,143.84074935913085,140.9071994781494,33.322889549739486,4.836427961077009,0.01907845970322922
2020-03-19,138.0399932861328,140.5,137.85000610351562,139.0800018310547,20828900,150.69799880981446,148.66836298162286,143.80949935913085,140.97164943695068,30.221869295310384,4.543570382254464,0.019281832983546177
2020-03-20,140.11000061035156,141.1699981689453,139.13999938964844,140.7100067138672,20056000,149.96849899291993,148.6176358309659,143.8015827178955,141.04484943389892,35.27012180605686,4.5992856706891745,0.019280240268704073
2020-03-23,146.3000030517578,146.92999267578125,142.27999877929688,142.67999267578125,28275200,149.47899932861327,148.6603632146662,143.8634994506836,141.14694946289063,47.5014282920609,4.654998779296875,0.022013457841883292
2020-03-24,153.39999389648438,155.66000366210938,152.0500030517578,153.5,20743500,149.4839988708496,148.7974540016868,143.97824935913087,141.2809994506836,57.43624103671356,5.2335695539202005,0.024517807639439324
2020-03-25,151.3000030517578,152.8800048828125,151.00999450683594,152.5800018310547,16457200,149.35049896240236,148.8685449773615,144.0619160970052,141.4108494567871,54.170942557830955,5.157141549246652,0.024692618242308756
2020-03-26,153.24000549316406,154.80999755859375,152.0800018310547,153.30999755859375,12778200,149.31249923706054,148.9643632368608,144.15641619364422,141.55114948272706,56.62425778442048,5.0714263916015625,0.02487440056178482
2020-03-27,152.25,153.5500030517578,152.0,153.0,9824600,149.50599899291993,149.0623632257635,144.24266624450684,141.68324947357178,55.00601882245819,4.964998517717634,0.02341627777236711
2020-03-30,152.9199981689453,153.0800018310547,151.57000732421875,152.41000366210938,12080900,149.69199905395507,149.1876359419389,144.34458287556967,141.8148494720459,55.9240605127343,4.828569684709821,0.02340756112315524
2020-03-31,148.0500030517578,151.8000030517578,147.97000122070312,151.36000061035156,13319500,149.39999923706054,149.2083632035689,144.3956662495931,141.92229949951172,48.222216118062505,4.975712367466518,0.023423904833493978
2020-04-01,149.4499969482422,150.0800018310547,147.85000610351562,148.1999969482422,11827400,149.16449890136718,149.27436301491477,144.45733286539715,142.03714946746825,50.339548346364964,4.6292844499860495,0.023546211525021343
2020-04-02,151.89999389648438,152.5,150.6999969482422,151.1999969482422,9188300,148.8849983215332,149.38727195046164,144.54974950154622,142.16104942321778,53.89289431938528,4.274284362792969,0.023307360733493803
2020-04-03,152.64999389648438,153.08999633789062,151.66000366210938,152.22999572753906,8469100,148.63999786376954,149.49836287064986,144.6549161275228,142.28484939575196,54.95544471346007,3.8649978637695312,0.023349445825656935
2020-04-06,156.8800048828125,157.22000122070312,153.9600067138672,154.16000366210938,14739300,148.59349822998047,149.69054482199928,144.79066619873046,142.41369941711426,60.48632227710612,3.7435695103236606,0.024234346591603315
2020-04-07,156.0399932861328,156.13999938964844,154.3800048828125,155.3300018310547,9195400,148.67149810791017,149.86254466663706,144.92758280436198,142.53399940490723,58.93864516797382,3.5607125418526784,0.023764560593125855
2020-04-08,154.64999389648438,155.94000244140625,154.58999633789062,155.91000366210938,7600800,148.7074981689453,150.00636263760654,145.04624938964844,142.63754936218263,56.368409352368204,3.4607129778180803,0.023845786790109454
2020-04-09,158.69000244140625,159.0800018310547,157.2100067138672,158.0800018310547,18123000,149.25249862670898,150.22272644042968,145.1969160715739,142.75999938964844,61.60872785006777,3.553570338657924,0.022490927603910114
2020-04-13,161.41000366210938,162.3800048828125,158.6300048828125,159.1699981689453,20549200,150.15899887084962,150.4825447776101,145.37149937947592,142.90219940185546,64.68410480286113,3.334285191127232,0.021148012933128294
2020-04-14,162.67999267578125,164.4199981689453,161.77999877929688,162.72999572753906,17095100,151.21099853515625,150.74981744939632,145.56224937438964,143.05139938354492,66.0515240325488,2.880713326590402,0.02073749561686065
2020-04-15,161.85000610351562,162.5399932861328,160.80999755859375,161.8000030517578,12141900,152.12549896240233,150.98363564231178,145.74266611735027,143.1946494293213,64.29928483271311,2.8435701642717635,0.020853569939244507
2020-04-16,161.7100067138672,163.14999389648438,160.64999389648438,161.8800048828125,9233200,153.1759994506836,151.23909024325283,145.91916618347167,143.35009948730467,63.99091730120531,2.771427699497768,0.0200147966381073
2020-04-17,158.57000732421875,160.07000732421875,158.1199951171875,159.72000122070312,14652700,154.2025001525879,151.4229084361683,146.06116625467936,143.47589950561525,57.34786240929885,2.917142595563616,0.020050199922662642
2020-04-20,159.6999969482422,160.22000122070312,158.4600067138672,158.6199951171875,10688700,155.18199996948243,151.62709017666904,146.20983289082844,143.60624946594237,58.99750318964262,2.934999738420759,0.019965076652821993
2020-04-21,158.61000061035156,159.2100067138672,157.0399932861328,157.60000610351562,12478100,155.7974998474121,151.7958174272017,146.35958290100098,143.7385994720459,56.71868335969187,2.771428789411272,0.0181034298932787
2020-04-22,161.72999572753906,161.74000549316406,160.4199981689453,160.5,12902100,156.21399993896483,152.0389082475142,146.53858286539713,143.89079948425294,61.32373442213218,2.8357151576450894,0.015320417253071822
2020-04-23,163.33999633789062,163.60000610351562,161.83999633789062,162.38999938964844,14928500,156.81599960327148,152.34636285955256,146.7245827992757,144.0487494659424,63.48290529951004,2.751429966517857,0.014890577879617851
2020-04-24,162.63999938964844,163.30999755859375,160.88999938964844,163.1300048828125,11199300,157.2859992980957,152.6378173828125,146.89299952189128,144.19279945373535,61.86576515579454,2.8242874145507812,0.014844866620429045
2020-04-27,161.55999755859375,162.0,160.41000366210938,161.8800048828125,9033500,157.7514991760254,152.89527199485084,147.05133285522462,144.33709945678712,59.3535846243792,2.6571437290736606,0.01485101062372397
2020-04-28,160.83999633789062,160.97999572753906,159.16000366210938,160.88999938964844,10383000,158.14749908447266,153.1325447776101,147.20708287556965,144.47364944458008,57.672225097922336,2.650000435965402,0.014941245233566158
2020-04-29,161.72999572753906,161.85000610351562,159.75999450683594,160.10000610351562,12232300,158.8314987182617,153.37909018776634,147.38941612243653,144.61464942932128,59.21039495187831,2.695715767996652,0.012547174819116288
2020-04-30,158.8000030517578,160.82000732421875,158.1300048828125,160.22000122070312,13633500,159.2989990234375,153.58163563121448,147.5423328399658,144.74664947509766,52.452567245454986,2.6364288330078125,0.013456163835760863
2020-05-01,159.77999877929688,160.4499969482422,157.8000030517578,158.0,10914300,159.69299926757813,153.80418118563566,147.72158279418946,144.87264945983887,54.330075195289815,2.557856968470982,0.013115458440381755
2020-05-04,160.33999633789062,160.9499969482422,159.91000366210938,160.3300018310547,7986200,160.07749938964844,154.02163557572797,147.91283276875814,144.99194946289063,55.41351450087684,2.426428658621652,0.01310600523105187
2020-05-05,161.02000427246094,161.10000610351562,159.3300018310547,160.16000366210938,10563100,160.28449935913085,154.24018110795456,148.1124994913737,145.1246994781494,56.75511007397279,2.419286455426897,0.011710216434296128
2020-05-06,158.9499969482422,159.80999755859375,158.10000610351562,158.99000549316406,13352000,160.42999954223632,154.38636280406604,148.29183286031088,145.2471994781494,51.659340102449264,2.449286324637277,0.01205199696249553
2020-05-07,161.38999938964844,161.9600067138672,159.36000061035156,159.5,13691700,160.76699981689453,154.56090836958452,148.48691622416177,145.3856994628906,56.60523872896374,2.4078576224190846,0.012222603480985653
2020-05-08,160.4199981689453,162.0,160.0,161.0800018310547,12240900,160.85349960327147,154.70654463334517,148.66908289591473,145.51594947814942,54.22983401280007,2.4250008719308034,0.010959926227503938
2020-05-11,159.4199981689453,160.7100067138672,158.88999938964844,160.33999633789062,11209800,160.75399932861328,154.79236283735796,148.84583282470703,145.64594947814942,51.81573513218779,2.3650011335100447,0.010331473517880762
2020-05-12,160.0399932861328,160.9499969482422,159.72000122070312,160.3000030517578,10406000,160.62199935913085,154.86418096368962,149.02433280944825,145.77794944763184,53.206567023175104,2.2507149832589284,0.010197891755450985
2020-05-13,161.5800018310547,161.6199951171875,160.5399932861328,160.94000244140625,10950400,160.6084991455078,155.0147263960405,149.21508280436197,145.91319946289062,56.56063898198132,2.2300000871930803,0.010398111087159703
2020-05-14,163.00999450683594,163.33999633789062,161.50999450683594,161.52999877929688,17084400,160.67349853515626,155.1790899103338,149.41716613769532,146.05334945678712,59.466013680091685,2.1857147216796875,0.010582440779240553
2020-05-15,163.92999267578125,164.8000030517578,163.0800018310547,164.02000427246094,13918800,160.94149780273438,155.35963523171165,149.63324940999348,146.20694938659668,61.26117309177778,2.1542870657784596,0.009537859539767548
2020-05-18,162.69000244140625,164.5,162.41000366210938,164.3300018310547,14133800,161.09099807739258,155.61981700550427,149.84116605122884,146.33834938049316,57.56095213790367,2.1321443830217635,0.009663370847662051
2020-05-19,164.25999450683594,164.42999267578125,163.0399932861328,163.60000610351562,8535800,161.3734977722168,155.89363514293325,150.0676659901937,146.4801993560791,60.790196370641915,2.107142857142857,0.009665914418629688
2020-05-20,164.64999389648438,164.9600067138672,163.88999938964844,164.5399932861328,10666100,161.51949768066407,156.08927140669388,150.2919158935547,146.61449935913086,61.572417384797255,1.9264297485351562,0.00870883837305182
2020-05-21,162.25,163.5800018310547,161.3699951171875,163.4600067138672,11791000,161.46499786376953,156.236362249201,150.5022492726644,146.73119934082033,54.38248576819058,1.9714300973074776,0.009090192363325283
2020-05-22,163.2100067138672,163.47000122070312,162.74000549316406,162.8800048828125,8540900,161.49349822998047,156.3403622713956,150.71349932352703,146.84214935302734,56.56725058746354,1.9750017438616072,0.00914061633271925
2020-05-26,160.88999938964844,162.5800018310547,160.69000244140625,162.5800018310547,13972000,161.4599983215332,156.40108947753907,150.90599937438964,146.93794937133788,50.29789816312167,2.0285731724330356,0.009585673399377341
2020-05-27,161.17999267578125,161.33999633789062,159.1999969482422,159.4199981689453,13063500,161.47699813842775,156.46236211603338,151.08991597493488,147.03754936218263,51.028505852577666,1.9728589739118303,0.0095402181490538
2020-05-28,161.72000122070312,162.4600067138672,160.89999389648438,162.1199951171875,9758500,161.47649841308595,156.59399857954546,151.2799160003662,147.13299934387206,52.430779870919174,1.8692877633231026,0.009487713296913313
2020-05-29,162.91000366210938,163.39999389648438,162.32000732421875,162.5800018310547,12581800,161.6819984436035,156.7572715065696,151.4791660308838,147.23864936828613,55.45765505776189,1.8464300973074776,0.008589395816104387
2020-06-01,163.66000366210938,163.74000549316406,162.38999938964844,162.9199981689453,8140200,161.87599868774413,157.04581714976916,151.69616610209147,147.34319938659667,57.301723034280975,1.8128585815429688,0.00854979861140246
2020-06-02,162.60000610351562,164.0800018310547,161.86000061035156,163.88999938964844,10388900,161.9889991760254,157.39709001020952,151.9046661376953,147.43769943237305,53.90499228724918,1.8621444702148438,0.008700345692420626
2020-06-03,159.60000610351562,160.89999389648438,158.82000732421875,160.33999633789062,17000500,161.91799926757812,157.72363558682528,152.0849161783854,147.52179946899415,45.656137121834504,2.019287109375,0.009647220901162682
2020-06-04,161.27999877929688,161.8699951171875,159.83999633789062,161.13999938964844,10094000,162.03449935913085,158.0458174272017,152.271249516805,147.62264945983887,50.24758514358517,2.050714765276228,0.009473349582597964
2020-06-05,158.00999450683594,158.72000122070312,157.0399932861328,158.72000122070312,16021200,161.86549911499023,158.36054465553977,152.43441619873047,147.7016493988037,42.68751751125304,2.225714547293527,0.009926132475357964
2020-06-08,159.72000122070312,159.86000061035156,158.47000122070312,158.89999389648438,9244400,161.83049926757812,158.7547266179865,152.60666618347167,147.79144943237304,47.16435831364069,2.2085723876953125,0.010190002335028552
2020-06-09,161.25999450683594,161.77999877929688,160.8699951171875,161.10000610351562,9045600,161.92249908447266,159.13927196155896,152.79183286031088,147.8907494354248,50.8851945347535,2.2314300537109375,0.010310341015228066
2020-06-10,163.57000732421875,163.6300048828125,160.52000427246094,162.10000610351562,13009300,162.09899978637696,159.45327203924006,152.99649963378906,147.98774948120118,55.90184904988729,2.3771438598632812,0.010739376040893757
2020-06-11,162.38999938964844,164.05999755859375,161.97000122070312,163.35000610351562,11673900,162.13949966430664,159.61672668457032,153.19124959309895,148.0787494659424,52.92784731819482,2.2921436854771207,0.010699804505741485
2020-06-12,162.6199951171875,163.8800048828125,162.55999755859375,163.41000366210938,6895400,162.11999969482423,159.82254472212358,153.38491617838542,148.16399940490723,53.447694581152774,2.311429704938616,0.010514850566342757
2020-06-15,162.3300018310547,162.55999755859375,160.16000366210938,160.52000427246094,8532500,162.04000015258788,159.9878173828125,153.5749994913737,148.24984939575197,52.65805416797002,2.307143075125558,0.010433381109365312
2020-06-16,162.25,162.69000244140625,161.36000061035156,161.85000610351562,7964000,162.01800003051758,160.16963556463068,153.76083285013834,148.34049942016603,52.42793129949512,2.249286106654576,0.010298133491612085
2020-06-17,162.55999755859375,162.6199951171875,161.77000427246094,162.0,4758200,161.93300018310546,160.3449082808061,153.93824946085613,148.434549407959,53.279934921066975,2.1985702514648438,0.010055623517857208
2020-06-18,162.24000549316406,162.32000732421875,161.44000244140625,162.1999969482422,5397600,161.81250076293946,160.6029083251953,154.10374946594237,148.5169994354248,52.2398778390713,2.1585704258510043,0.010037804045971785
2020-06-19,164.02999877929688,164.08999633789062,162.77999877929688,162.8699951171875,12187400,161.9015007019043,160.8679992675781,154.2845827738444,148.60384941101074,57.26528420652995,2.1942836216517856,0.009803715152244338
2020-06-22,165.08999633789062,165.72999572753906,164.41000366210938,165.05999755859375,12385600,161.99550018310546,161.10781749378552,154.47174936930338,148.71359939575194,59.95259724073856,2.157140459333147,0.00982005193709697
2020-06-23,166.47999572753906,166.52000427246094,165.52000427246094,165.6300048828125,12137300,162.275,161.35927207253195,154.6682493845622,148.83639938354492,63.21890098159096,1.9892839704241072,0.00931166223809803
2020-06-24,165.89999389648438,166.99000549316406,165.4499969482422,166.00999450683594,10901400,162.51100006103516,161.52327187278053,154.85116602579754,148.9589493560791,60.98380504205842,1.9371425083705358,0.009384852165711917
2020-06-25,165.8000030517578,165.91000366210938,165.16000366210938,165.88999938964844,7093800,162.7150001525879,161.7007265957919,155.01733271280924,149.08704940795897,60.586121211458305,1.6878564017159599,0.009385153278805517
2020-06-26,166.5399932861328,166.55999755859375,164.22000122070312,164.8699951171875,9753500,162.89649963378906,161.91690840287643,155.17691599527996,149.21459938049315,62.533357378118524,1.722855704171317,0.009308617346427203
2020-06-29,166.6300048828125,166.8000030517578,166.17999267578125,166.55999755859375,6735700,163.0449996948242,162.06127208362926,155.33241602579753,149.34114936828612,62.774275665972404,1.6199994768415178,0.00927340262516367
2020-06-30,167.3699951171875,167.99000549316406,166.19000244140625,166.30999755859375,12762300,163.28349914550782,162.16963556463068,155.50333264668782,149.47724937438966,64.77936784550954,1.52642822265625,0.009134080638658306
2020-07-01,166.6199951171875,167.05999755859375,165.33999633789062,167.0500030517578,13214800,163.6344985961914,162.24127197265625,155.67491594950357,149.60374931335448,61.182391410793315,1.5221426827566964,0.007992036567308174
2020-07-02,166.97999572753906,167.24000549316406,166.02000427246094,166.1999969482422,8753500,163.91949844360352,162.33454451127486,155.84216588338217,149.7306492614746,62.26548580287233,1.502856663295201,0.007747681008032048
2020-07-06,167.97999572753906,168.0,167.19000244140625,167.75,7265700,164.41799850463866,162.44854431152345,156.02683245340984,149.86699920654297,65.17246370486467,1.4000004359654017,0.005794686072306618
2020-07-07,169.0399932861328,169.0399932861328,167.3800048828125,167.41000366210938,11633100,164.88399810791014,162.63890769264916,156.2214157104492,150.00579917907714,67.98766747266583,1.4235709054129464,0.00556050186700418
2020-07-08,170.08999633789062,170.86000061035156,169.77999877929688,170.32000732421875,11662700,165.32549819946288,162.82781677246095,156.41766573588055,150.14149917602538,70.52895064679853,1.4928577968052454,0.005390424394958885
2020-07-09,169.6300048828125,170.63999938964844,168.77999877929688,170.47999572753906,13327400,165.62849807739258,163.02818048650568,156.61199913024902,150.27089920043946,67.98283062940514,1.54571533203125,0.004763145130743592
2020-07-10,169.19000244140625,170.14999389648438,168.57000732421875,169.9499969482422,8218000,165.96849822998047,163.16381697221235,156.80041580200196,150.3942992401123,65.5453382672757,1.5264293125697546,0.004399516600312733
2020-07-13,169.39999389648438,170.4199981689453,169.16000366210938,170.2899932861328,11095900,166.3074981689453,163.27399874600496,156.9892490386963,150.53214920043945,66.16877581234624,1.4950005667550224,0.004401044395290435
2020-07-14,170.19000244140625,170.1999969482422,168.80999755859375,168.97000122070312,9812700,166.70049819946288,163.41127152876422,157.18424911499022,150.67414924621582,68.47952379202272,1.492142813546317,0.0043409140496058415
2020-07-15,170.33999633789062,170.42999267578125,169.38999938964844,169.6199951171875,7533800,167.10499801635743,163.57090787020596,157.37774912516275,150.8205492401123,68.91366486520302,1.4564274379185267,0.00430383399710892
2020-07-16,168.72999572753906,170.0,168.64999389648438,169.8000030517578,10242400,167.4134979248047,163.71436240456322,157.55066579182943,150.96984924316405,59.44872635669199,1.5235704694475447,0.005061303643347383
2020-07-17,170.1199951171875,170.27000427246094,169.61000061035156,169.94000244140625,10296000,167.80749740600587,163.86690784801135,157.72674903869628,151.12229919433594,64.04067698005835,1.466428484235491,0.00516667019005605
2020-07-20,170.94000244140625,171.07000732421875,170.27000427246094,170.75999450683594,10095500,168.15299758911132,164.08763510964133,157.92074902852377,151.2706992340088,66.45403008128511,1.4900000435965401,0.004792704737280041
2020-07-21,173.0,173.25,172.30999755859375,172.52999877929688,12826100,168.5484977722168,164.32799876819956,158.12524897257487,151.42619926452636,71.60897562652062,1.52642822265625,0.005206918472262295
2020-07-22,175.6300048828125,175.77000427246094,173.75999450683594,174.0500030517578,18712500,169.00599822998046,164.6059989235618,158.3515823364258,151.594849319458,76.56113712659503,1.5792857578822546,0.005808764792375191
2020-07-23,177.17999267578125,178.41000366210938,175.64999389648438,176.1699981689453,23006800,169.56999816894532,164.89981689453126,158.58366559346516,151.7772992706299,78.89732446030354,1.6907141549246651,0.005771638619113252
2020-07-24,178.6999969482422,179.16000366210938,178.1999969482422,179.13999938964844,15601300,170.21499786376953,165.25890780362215,158.83649889628092,151.96119926452636,80.90708611000645,1.7592860630580358,0.005809051827353364
2020-07-27,182.22999572753906,182.8300018310547,181.52999877929688,181.85000610351562,21115600,170.99949798583984,165.63781682794743,159.13483225504558,152.1620992279053,84.57996646478414,1.935715811593192,0.00682290142081702
2020-07-28,183.75,184.25999450683594,181.4199981689453,182.02000427246094,21164600,171.85549774169922,166.06199867942115,159.4443322499593,152.3767992401123,85.84285543737242,2.0085721697126115,0.006805545556132811
2020-07-29,185.1300048828125,186.13999938964844,182.38999938964844,184.00999450683594,25640100,172.74349822998047,166.529453346946,159.7587490081787,152.60229927062989,86.89245067450614,2.1435721261160716,0.0068286488520789175
2020-07-30,183.75999450683594,184.3300018310547,182.1300048828125,183.44000244140625,18061200,173.6004981994629,166.96072609641334,160.05849901835123,152.81814926147462,80.5108651398063,2.245001656668527,0.00707061889742009
2020-07-31,185.42999267578125,185.75,184.1699981689453,184.50999450683594,15876700,174.522998046875,167.3943622935902,160.36899897257487,153.04724922180176,82.22459683975511,2.297145298549107,0.007097366399569914
2020-08-03,185.63999938964844,185.82000732421875,184.1999969482422,185.0500030517578,12897000,175.40599822998047,167.80581692782314,160.68549893697102,153.27339920043946,82.43378177773629,2.313574654715402,0.007154600220519899
2020-08-04,189.58999633789062,189.60000610351562,185.2100067138672,185.61000061035156,20773200,176.43349838256836,168.2723624489524,161.03591562906902,153.51829917907716,85.81509653406394,2.552860804966518,0.008024888818673631
2020-08-05,191.35000610351562,193.1300048828125,190.6199951171875,191.64999389648438,27078100,177.49649887084962,168.79345342462713,161.39399897257488,153.7727491760254,87.01450936477977,2.685004098074777,0.008062820027385497
2020-08-06,193.88999938964844,194.4499969482422,192.52000427246094,193.74000549316406,20640100,178.7094985961914,169.33218078613282,161.76808230082193,154.04324920654298,88.52278586578008,2.796431405203683,0.007952386467750336
2020-08-07,190.80999755859375,192.9600067138672,189.3300018310547,192.7100067138672,24570200,179.79049835205078,169.807817216353,162.1005822499593,154.29629920959474,76.86410847374404,3.0542875017438615,0.009226413446835047
2020-08-10,190.14999389648438,192.61000061035156,189.66000366210938,191.1999969482422,19047200,180.82799835205077,170.3150898326527,162.42024892171224,154.54439918518065,74.59688181145043,3.100001743861607,0.009413869853454911
2020-08-11,179.94000244140625,183.97999572753906,179.42999267578125,183.57000732421875,45355000,181.31549835205078,170.6192715731534,162.64966557820637,154.73644920349122,50.01802794613687,3.667858668736049,0.016312796918943627
2020-08-12,179.10000610351562,183.10000610351562,179.0399932861328,182.61000061035156,28660500,181.75349884033204,170.95036260431462,162.85299898783367,154.92264923095703,48.59927288935255,3.7592882428850447,0.01639625440730763
2020-08-13,183.3300018310547,184.6999969482422,181.36000061035156,181.55999755859375,18596800,182.4834991455078,171.35309004350142,163.07999903361002,155.13609924316407,55.4519022262966,4.017858232770648,0.01677566846371072
2020-08-14,182.5399932861328,183.72000122070312,181.49000549316406,183.44000244140625,11792000,183.10449905395507,171.73163535378197,163.32366561889648,155.34754920959472,54.0038337032194,3.882143293108259,0.016854853385798483
2020-08-17,186.5,187.00999450683594,184.66000366210938,184.69000244140625,15709800,183.88249893188475,172.16054437810723,163.5947489420573,155.5749491882324,59.68672744976598,3.998572213309152,0.017331199639696995
2020-08-18,188.17999267578125,189.39999389648438,185.6300048828125,189.17999267578125,16291600,184.64149856567383,172.60636236017402,163.87958221435548,155.80369918823243,61.84072011687244,4.0,0.017274784989109684
2020-08-19,182.24000549316406,187.4600067138672,181.7100067138672,187.2100067138672,24646900,184.9719985961914,172.96345325816762,164.1617488861084,156.00209922790526,51.386172618718696,4.247856140136719,0.018825416423797123
2020-08-20,183.5,183.7100067138672,180.92999267578125,181.19000244140625,16692200,185.28799896240236,173.39799860174006,164.44758224487305,156.20884925842284,53.193771955802355,4.304285321916852,0.01879387649775212
2020-08-21,182.02999877929688,182.80999755859375,180.47000122070312,182.13999938964844,12713700,185.4544990539551,173.77527132901278,164.68208223978678,156.41974922180177,50.81962529071321,4.404998779296875,0.01885074250439885
2020-08-24,181.0,182.92999267578125,180.69000244140625,182.91000366210938,11605800,185.39299926757812,174.1932714288885,164.90574887593587,156.62249923706054,49.16386865213024,4.251426696777344,0.018377379999429212
2020-08-25,181.22000122070312,181.25,179.72999572753906,181.05999755859375,10056100,185.2664993286133,174.5841805197976,165.10349884033204,156.83724922180176,49.54202200328545,4.107140677315848,0.01827234989545965
2020-08-26,183.36000061035156,183.5800018310547,180.1999969482422,180.25999450683594,12715800,185.17799911499023,174.98599881258878,165.3185821533203,157.06709922790526,53.1896503936972,4.127141680036273,0.01839678184175253
2020-08-27,181.24000549316406,185.1699981689453,179.3699951171875,185.0,16299200,185.05199966430663,175.3072715065696,165.51383221944172,157.28799926757813,49.38120020321822,4.2157135009765625,0.018504339459776607
2020-08-28,184.38999938964844,185.39999389648438,183.39999389648438,183.97999572753906,13200800,185.0,175.7072715065696,165.7630822499593,157.52279930114747,54.58456374320683,4.302141462053571,0.018821252101305166
2020-08-31,184.8300018310547,185.52999877929688,184.27999877929688,184.7899932861328,10251200,184.95950012207032,176.11108981045808,166.02058232625325,157.75704933166503,55.27614249017325,3.6257128034319197,0.018827696208033373
2020-09-01,185.0500030517578,186.99000549316406,184.3300018310547,186.99000549316406,10662100,184.73250045776368,176.5241807417436,166.33108240763346,157.98949935913086,55.639877888994626,3.525712149483817,0.018153941604784417
2020-09-02,182.6199951171875,183.86000061035156,181.5,183.75,11536900,184.29599990844727,176.89454428932885,166.6589157104492,158.21154930114747,50.73198111060936,3.379284449986049,0.018174192520588
2020-09-03,181.13999938964844,182.82000732421875,180.49000549316406,182.3000030517578,12148100,183.65849990844725,177.23236250443892,166.9880823771159,158.42414932250978,47.95737034701102,3.386427743094308,0.017843545530060165
2020-09-04,181.63999938964844,182.10000610351562,180.0500030517578,180.9499969482422,11567900,183.2,177.58508966619317,167.305415725708,158.63889930725097,48.97272289955708,3.2135707310267856,0.017634042741846327
2020-09-08,181.2899932861328,182.27000427246094,179.02000427246094,179.5,13229200,182.75699996948242,177.89890774813566,167.64366569519044,158.85154930114746,48.26288173884211,3.176428658621652,0.01763211373311544
2020-09-09,183.0500030517578,183.22000122070312,182.19000244140625,182.5,8424100,182.9125,178.2254533247514,168.01874910990398,159.07679931640624,52.02832375426235,2.852144513811384,0.012978188121659242
2020-09-10,182.4600067138672,184.67999267578125,182.27999877929688,184.22999572753906,9143600,183.08050003051758,178.5159989790483,168.37166582743328,159.30039932250978,50.69630912901905,2.825000217982701,0.012949328561557574
2020-09-11,182.4499969482422,183.5500030517578,182.00999450683594,183.13999938964844,7662300,183.03649978637696,178.8169081254439,168.67291577657065,159.5272492980957,50.67260621849347,2.718572344098772,0.011805410102420625
2020-09-14,183.88999938964844,184.3000030517578,183.38999938964844,183.57000732421875,9709500,183.10400009155273,179.1458171497692,168.92699915568033,159.75799926757813,54.00431067502095,2.690716334751674,0.01189540714617414
2020-09-15,183.4499969482422,184.6699981689453,182.9199981689453,184.4600067138672,7993700,182.95149993896484,179.45327176180754,169.19491577148438,159.99019927978514,52.830125789710365,2.7071446010044644,0.010798658737443349
2020-09-16,183.97000122070312,185.00999450683594,183.3300018310547,184.97999572753906,12702400,182.74100036621093,179.76854442249646,169.45099906921388,160.22074928283692,54.100274740127034,2.5857151576450894,0.010590732414481763
2020-09-17,182.9600067138672,183.08999633789062,181.47999572753906,181.9199981689453,8836200,182.7770004272461,180.05199917879972,169.70691579182943,160.4465993499756,51.21564947333921,2.3492867606026784,0.00790416078570755
2020-09-18,183.1999969482422,184.08999633789062,182.63999938964844,183.07000732421875,9959700,182.7620002746582,180.35345375754616,169.95924911499023,160.66704933166503,51.87231489366683,2.1557159423828125,0.007752519036755267
2020-09-21,179.52000427246094,180.2899932861328,176.75,179.83999633789062,17436100,182.6365005493164,180.5814539129084,170.22149912516275,160.8700493621826,42.43895561653408,2.527144295828683,0.008803930843334754
2020-09-22,178.64999389648438,180.02000427246094,178.11000061035156,179.6300048828125,7977900,182.5190002441406,180.77545387961646,170.46483243306477,161.06829933166503,40.56093289640551,2.4735728672572543,0.008781494736092979
2020-09-23,174.7899932861328,177.25999450683594,174.10000610351562,176.97999572753906,18134000,182.1974998474121,180.87999933416194,170.65558242797852,161.25414932250976,33.48163165463258,2.5450003487723216,0.009937591715549018
2020-09-24,175.44000244140625,176.24000549316406,173.77000427246094,174.36000061035156,11759200,181.80149993896484,180.97727217240768,170.84549916585286,161.44344932556152,35.522465572958,2.5550003051757812,0.009511844311731755
2020-09-25,174.94000244140625,175.3000030517578,173.88999938964844,174.41000366210938,6779200,181.48649978637695,181.07381758256392,170.99599914550782,161.62829933166503,34.6420160776666,2.5192860194614957,0.009254729800871626
2020-09-28,176.6999969482422,176.80999755859375,175.08999633789062,175.8300018310547,7109700,181.10199966430665,181.21036293723367,171.16816584269205,161.81719932556152,40.255414763810165,2.4207142421177457,0.008579469377622384
2020-09-29,178.19000244140625,178.3300018310547,176.9499969482422,177.19000244140625,8718500,180.7699996948242,181.37018127441405,171.3643325805664,162.01599937438965,44.5939735560593,2.399285452706473,0.008847911618840914
2020-09-30,177.1199951171875,178.61000061035156,176.66000366210938,177.7100067138672,8371800,180.3734992980957,181.49618114124644,171.51791585286458,162.2063493347168,42.22272665398677,2.367142813546317,0.00886660426156848
2020-10-01,178.6999969482422,179.5,178.0399932861328,178.7100067138672,10402800,180.17749938964843,181.64818115234374,171.66199913024903,162.40464935302734,46.72736860419414,2.427142551967076,0.008800001497009552
2020-10-02,178.5399932861328,179.2899932861328,178.16000366210938,178.69000244140625,7488500,180.04749908447266,181.82654474431817,171.79416580200194,162.60229934692381,46.33340647012032,2.3757128034319197,0.008641959037637963
2020-10-05,179.41000366210938,180.13999938964844,178.89999389648438,179.02000427246094,6969600,179.9359992980957,181.99545399058948,171.94049911499025,162.80424934387207,48.85826919655826,2.3649989536830356,0.008699034912607031
2020-10-06,177.3000030517578,180.3699951171875,177.0500030517578,180.16000366210938,8632800,179.73649978637695,182.11109036532315,172.07041575113934,162.9938493347168,43.51161850278603,2.482141767229353,0.009049937507631459
2020-10-07,177.22000122070312,177.4199981689453,176.42999267578125,177.08999633789062,6410900,179.44499969482422,182.18781766024503,172.22583236694337,163.182349319458,43.31805888732199,2.3749989100864957,0.008690941626536573
2020-10-08,177.85000610351562,178.4499969482422,176.6699981689453,178.17999267578125,6530800,179.21449966430663,182.22818131880328,172.3770824432373,163.37184936523437,45.37869019785423,2.3985704694475447,0.008755450095584375
2020-10-09,181.0800018310547,181.1699981689453,179.92999267578125,180.1300048828125,15979800,179.14599990844727,182.29909057617186,172.56433245340983,163.57089935302736,54.509670016857186,2.1749986921037947,0.009773732193312384
2020-10-12,180.55999755859375,180.8300018310547,180.19000244140625,180.57000732421875,4843000,178.97949981689453,182.33290876908737,172.72124913533528,163.76179931640624,52.97430999285601,2.1021412440708707,0.009591718232428976
2020-10-13,177.72000122070312,178.60000610351562,177.10000610351562,178.55999755859375,8384300,178.69300003051757,182.25090886896308,172.84108250935873,163.9387493133545,45.445547940810485,2.0242843627929688,0.010150468312686215
2020-10-14,178.27000427246094,179.58999633789062,178.27000427246094,179.08999633789062,9076600,178.40800018310546,182.15127258300782,172.97133255004883,164.11694931030274,47.01603625860398,1.981426783970424,0.01015653002292665
2020-10-15,178.9199981689453,179.14999389648438,177.58999633789062,177.7100067138672,6815400,178.20599975585938,182.0383633700284,173.11599922180176,164.29704933166505,48.88866048588198,1.9821406773158483,0.010174169333696961
2020-10-16,178.3000030517578,179.32000732421875,178.1300048828125,179.22000122070312,7260700,177.96100006103515,181.9390907981179,173.26149927775066,164.4687993621826,47.17592501751882,1.9335697719029017,0.010171472710227909
2020-10-19,178.38999938964844,179.47999572753906,178.3699951171875,179.41000366210938,6084400,177.90449981689454,181.8110909201882,173.40033264160155,164.6314493560791,47.46364059724209,1.901426042829241,0.0091623625761411
2020-10-20,179.25,179.6699981689453,178.0800018310547,178.5399932861328,7121400,177.93450012207032,181.6949091131037,173.5707492828369,164.79074935913087,50.25210310478763,1.8757117135184151,0.00916354502530922
2020-10-21,180.60000610351562,181.30999755859375,180.22999572753906,180.47000122070312,7548100,178.22500076293946,181.53145474520596,173.74424934387207,164.95389938354492,54.34832269147505,1.8528540475027901,0.0077145402543054775
2020-10-22,178.8300018310547,179.02999877929688,177.72000122070312,178.8800048828125,8377000,178.39450073242188,181.3038183038885,173.89833272298176,165.11374938964843,48.687853877924525,1.9778551374162947,0.00810737828966078
2020-10-23,178.63999938964844,179.1999969482422,177.75999450683594,179.08999633789062,5919300,178.579500579834,181.02654557661577,174.045166015625,165.27679939270018,48.10861373836283,1.9664263044084822,0.00807261304730648
2020-10-26,178.5500030517578,179.13999938964844,178.22000122070312,178.75,5105100,178.67200088500977,180.80363658558238,174.20849939982097,165.43499938964842,47.81842296054375,1.7949981689453125,0.007794766837834072
2020-10-27,179.02000427246094,179.42999267578125,178.50999450683594,178.7100067138672,5826900,178.7135009765625,180.60127313787288,174.35541610717775,165.60099937438966,49.53059644761553,1.7899976457868303,0.007591298201499194
2020-10-28,176.1300048828125,176.85000610351562,175.44000244140625,176.4499969482422,11734100,178.66400146484375,180.53200045498934,174.4863328297933,165.7531993865967,40.6896632073527,1.9185692923409599,0.008333850590925838
2020-10-29,175.39999389648438,176.13999938964844,174.8300018310547,175.02000427246094,8474500,178.49900131225587,180.46472750577058,174.61949946085613,165.89749938964843,38.80543526100293,1.7749982561383928,0.00808578213590432
2020-10-30,176.1999969482422,177.36000061035156,175.9499969482422,177.17999267578125,7303000,178.38200149536132,180.33509105335582,174.75416615804036,166.04694938659668,41.976466008467916,1.8514273507254464,0.008177493066697636
2020-11-02,177.91000366210938,177.92999267578125,177.1300048828125,177.4499969482422,6498400,178.30700149536133,180.25090942382812,174.8902495066325,166.20359939575195,48.16008521182279,1.727856227329799,0.008416445338680927
2020-11-03,178.9199981689453,179.38999938964844,178.3000030517578,178.9499969482422,7577200,178.38800125122071,180.11309120871803,175.0228328704834,166.36449935913086,51.451057425431536,1.6999991280691964,0.008072258261243156
2020-11-04,178.82000732421875,179.19000244140625,177.66000366210938,178.92999267578125,11117300,178.46800155639647,179.94290965687145,175.14691632588705,166.5246494293213,51.105157414470625,1.6978563581194197,0.008072951750898245
2020-11-05,182.92999267578125,183.2899932861328,180.97000122070312,181.0,16102800,178.72200088500978,179.9554548783736,175.3155829111735,166.70369941711425,62.31878022634248,1.932140895298549,0.00950444906455642
2020-11-06,183.19000244140625,183.52999877929688,182.19000244140625,183.39999389648438,10378300,178.82750091552734,179.9498185591264,175.47333297729492,166.8797494506836,62.89848727107626,1.9435697283063615,0.008654605601613505
2020-11-09,175.0800018310547,176.4499969482422,173.63999938964844,176.4199981689453,29800700,178.5535011291504,179.8234549782493,175.560249710083,167.01019943237304,41.46863179084998,2.512141636439732,0.013258633396454222
2020-11-10,175.66000366210938,176.91000366210938,175.66000366210938,176.75,11728500,178.45050125122071,179.7263641357422,175.6719997406006,167.15019943237306,42.965252417786076,2.495713370186942,0.012857308649215356
2020-11-11,174.89999389648438,175.27999877929688,174.44000244140625,174.6999969482422,9008500,178.28200073242186,179.61145491166548,175.76941630045573,167.28239936828612,41.46894599874436,2.377141680036272,0.012855103909207515
2020-11-12,175.9600067138672,176.77000427246094,175.83999633789062,176.0399932861328,7167900,178.13400115966797,179.47690956809305,175.8949996948242,167.41984939575195,44.37847500155668,2.4078565325055803,0.012911005264549486
2020-11-13,177.16000366210938,177.8000030517578,176.83999633789062,177.64999389648438,6469800,178.07700119018554,179.40272771661932,176.0281664530436,167.55899940490724,47.556668445323645,2.4735706874302457,0.013001809344201481
2020-11-16,177.14999389648438,177.91000366210938,176.8699951171875,177.22999572753906,8358500,178.01500091552734,179.27109125310724,176.1567497253418,167.7029493713379,47.53227043305236,2.482142857142857,0.013000725145243055
2020-11-17,176.5,177.44000244140625,176.08999633789062,177.25,8229100,177.87750091552735,179.1196366743608,176.2699996948242,167.85329940795899,45.886028915200285,2.322857448032924,0.012964405700426083
2020-11-18,175.49000549316406,176.86000061035156,175.35000610351562,176.25999450683594,7384700,177.62200088500975,178.94581853693182,176.36858304341635,167.99769943237305,43.37233600044316,2.3371429443359375,0.012860276892260042
2020-11-19,175.16000366210938,175.22000122070312,174.1699981689453,174.3000030517578,6965100,177.4385009765625,178.81018232865767,176.47324968973797,168.13649948120118,42.55210752472304,2.291428702218192,0.01270753293830074
2020-11-20,175.69000244140625,176.3800048828125,175.5800018310547,176.1199951171875,6379400,177.2910011291504,178.71109147505328,176.60733299255372,168.27599952697753,44.37164680455396,2.255000523158482,0.012738612678302655
2020-11-23,172.22999572753906,175.24000549316406,171.77999877929688,175.10000610351562,15510600,176.97500076293946,178.54000049937855,176.6985829671224,168.3962995147705,36.29059061688968,2.428572518484933,0.013423112577359517
2020-11-24,169.58999633789062,169.69000244140625,168.86000061035156,169.3000030517578,19504000,176.50350036621094,178.32727328213778,176.7950829823812,168.5059494781494,31.56666690969179,2.5600008283342635,0.013714709960043169
2020-11-25,169.50999450683594,170.52000427246094,169.24000549316406,169.97999572753906,10286600,176.1724998474121,178.08109130859376,176.8766662597656,168.61579948425293,31.433137369578574,2.3321446010044644,0.013343545673191383
2020-11-27,167.7899932861328,167.8300018310547,166.77999877929688,166.89999389648438,10569100,175.79199981689453,177.81436379172584,176.93108291625975,168.71284942626954,28.629182118966426,2.4314302716936385,0.01346533912975328
2020-11-30,166.6699981689453,167.42999267578125,166.02999877929688,166.67999267578125,13210000,175.31549987792968,177.52745472301137,176.95691617329916,168.80119941711425,26.943742039345878,1.8750010899135046,0.013405837547988976
2020-12-01,170.17999267578125,170.47999572753906,169.3000030517578,169.75999450683594,13533300,174.9289993286133,177.27818187366833,177.02183278401694,168.89754936218262,39.0533295891176,2.0164293561662947,0.014176643945393759
2020-12-02,171.4600067138672,171.75999450683594,170.14999389648438,170.57000732421875,9199700,174.55599975585938,177.06018205122515,177.0954995473226,168.9958994293213,42.77832283909343,2.044286455426897,0.014235926818841045
2020-12-03,172.80999755859375,172.85000610351562,171.0800018310547,172.63999938964844,10457300,174.25549926757813,176.85727289373224,177.18283284505208,169.09789939880372,46.49272652047457,2.0371431623186385,0.014405639591125412
2020-12-04,172.32000732421875,173.32000732421875,171.58999633789062,172.77999877929688,10098600,173.725,176.663818359375,177.2667495727539,169.1859994506836,45.34226263249735,2.0292870657784596,0.013191565896557171
2020-12-07,174.88999938964844,175.2899932861328,172.50999450683594,172.55999755859375,10555100,173.30999984741212,176.5127274946733,177.3694995880127,169.27999946594238,52.044982522068786,2.167142595563616,0.013757048190183908
2020-12-08,175.5,175.92999267578125,174.72000122070312,175.50999450683594,6348400,173.33099975585938,176.43963650790127,177.47999954223633,169.39099945068358,53.50249486850222,2.157141549246652,0.009587681559597256
2020-12-09,172.5,174.0399932861328,171.24000549316406,173.9199981689453,10743200,173.1729995727539,176.3278184370561,177.5505828857422,169.48364944458007,46.08417325274038,2.353570120675223,0.010294683445821554
2020-12-10,172.1699981689453,173.5800018310547,171.6999969482422,172.89999389648438,6564000,173.03649978637696,176.28018216219814,177.60958290100098,169.5744994354248,45.33946225567715,2.3935699462890625,0.01026597585437673
2020-12-11,172.49000549316406,173.32000732421875,172.11000061035156,172.25,6084800,172.8629997253418,176.22654585404828,177.65966631571453,169.69504943847656,46.246593674264375,2.3928560529436385,0.010162023939078078
2020-12-14,171.5399932861328,172.52000427246094,170.91000366210938,171.91000366210938,7644400,172.58199920654297,176.1647275057706,177.70666631062826,169.80674942016603,43.916476563651365,2.228570120675223,0.01003930301660119
2020-12-15,173.94000244140625,173.97999572753906,173.05999755859375,173.42999267578125,6840500,172.42149963378907,176.1145457874645,177.7744996388753,169.9069994354248,50.677486790834244,2.162142072405134,0.010624561280696113
2020-12-16,174.89999389648438,175.02000427246094,173.02000427246094,174.1300048828125,8174700,172.34149932861328,176.0547274502841,177.84416631062825,170.01069938659668,53.11234655669478,2.2135707310267856,0.010695130136289482
2020-12-17,176.74000549316406,177.8699951171875,176.5800018310547,177.14999389648438,9475800,172.40399932861328,176.0478185480291,177.92841631571451,170.10694938659668,57.44829036660098,2.2307139805385043,0.010884790646196487
2020-12-18,176.44000244140625,176.97999572753906,176.10000610351562,176.64999389648438,6789900,172.46799926757814,176.0067277388139,178.003999710083,170.20139938354492,56.53038712746189,2.1678564889090404,0.010882839185845782
2020-12-21,175.8800048828125,176.94000244140625,175.75999450683594,176.2899932861328,8168900,172.47749938964844,175.958364313299,178.08116645812987,170.291749420166,54.77117976583682,1.9800000871930803,0.010893012090799736
2020-12-22,174.49000549316406,176.33999633789062,174.33999633789062,176.1999969482422,9442400,172.5904998779297,175.86890980113637,178.14374987284342,170.39179946899415,50.56490687371991,2.007857186453683,0.010051327099847936
2020-12-23,175.64999389648438,176.2100067138672,175.05999755859375,175.10000610351562,6542800,172.89349975585938,175.83890963467684,178.2076665242513,170.50039947509765,53.75658418936792,2.0042855398995534,0.009386098917034853
2020-12-24,176.35000610351562,176.3699951171875,175.50999450683594,175.5500030517578,3695400,173.23550033569336,175.82309154163707,178.2685832977295,170.64319953918456,55.61875597059109,1.9421419416155135,0.009382263635084829
2020-12-28,175.7100067138672,177.91000366210938,175.6300048828125,177.25999450683594,7778700,173.6315010070801,175.78418246182528,178.3154167175293,170.80534957885743,53.497646225485354,1.8928571428571428,0.009044465352643508
2020-12-29,176.35000610351562,176.97000122070312,175.57000732421875,176.25,5983700,174.1155014038086,175.6981825395064,178.3714167277018,170.97889961242674,55.33216213711834,1.9064287458147322,0.008793519448313828
2020-12-30,177.6999969482422,177.72000122070312,176.44000244140625,176.44000244140625,5914000,174.49150161743165,175.6461825284091,178.44233334859211,171.149599609375,59.005866507840885,1.700000217982701,0.007786866638443824
2020-12-31,178.36000061035156,178.39999389648438,177.32000732421875,178.07000732421875,7540800,174.83650131225585,175.65781888094816,178.5170000712077,171.33789962768554,60.70732393600611,1.6428560529436385,0.0076957526399238415
2021-01-04,182.3300018310547,182.39999389648438,180.9600067138672,181.97000122070312,14331400,175.3125015258789,175.73163701837714,178.6181667327881,171.55934967041014,69.03312055693097,1.8449979509626115,0.008857777886675463
2021-01-05,182.8699951171875,183.2100067138672,181.82000732421875,182.8699951171875,12718800,175.84000091552736,175.8034551447088,178.72258338928222,171.77314964294433,69.96534240799409,1.8292835780552454,0.008760666123441854
2021-01-06,179.89999389648438,181.5800018310547,178.24000549316406,181.49000549316406,18453500,176.09050064086915,175.8325458873402,178.81566670735677,171.94114959716796,59.37772291435676,1.9857112339564733,0.009286995807712537
2021-01-07,179.47999572753906,179.9199981689453,178.83999633789062,179.69000244140625,7110200,176.28950042724608,175.85236400257457,178.89366671244304,172.07154960632323,58.04014435849233,1.919997079031808,0.00931111602737844
2021-01-08,173.33999633789062,176.99000549316406,171.47999572753906,176.8300018310547,24399900,176.3315002441406,175.7449093905362,178.9136666615804,172.18174957275392,42.84508549370274,2.279282706124442,0.011586105548817154
2021-01-11,173.0,173.67999267578125,172.02999877929688,172.13999938964844,8571400,176.37300033569335,175.60672746138138,178.9136666615804,172.2805495452881,42.18646142704003,2.334283011300223,0.011586598622597657
2021-01-12,174.1199951171875,174.17999267578125,172.32000732421875,173.1300048828125,9798500,176.45449981689453,175.52109097567472,178.90108324686688,172.38989952087402,45.17619396542921,2.3828528267996654,0.011664871277051623
2021-01-13,173.3699951171875,174.4600067138672,173.0500030517578,173.67999267578125,14110300,176.54599990844727,175.4252727161754,178.8693332672119,172.49214950561523,43.55198985229896,2.340710231236049,0.011635193902595261
2021-01-14,173.27999877929688,174.22000122070312,172.66000366210938,173.44000244140625,13522700,176.51299972534179,175.32945445667613,178.82416661580405,172.61829948425293,43.35058303485638,2.3292813982282365,0.01120022479922019
2021-01-15,171.1300048828125,173.07000732421875,170.97999572753906,172.83999633789062,16172500,176.3245002746582,175.1859999223189,178.73166669209797,172.7266995239258,38.741261584247944,2.4321387154715404,0.01143912325602225
2021-01-19,172.5800018310547,172.85000610351562,171.9199981689453,172.7100067138672,7485700,176.11650009155272,175.12145441228694,178.63858337402343,172.83009956359862,43.13281649587621,2.392138889857701,0.011339081058574715
2021-01-20,175.38999938964844,175.47000122070312,173.82000732421875,174.3699951171875,9456000,176.06399993896486,175.1212726939808,178.5574166615804,172.94379959106445,50.53369504370408,2.498567853655134,0.011985899531772823
2021-01-21,175.27999877929688,175.50999450683594,174.50999450683594,175.11000061035156,7246800,176.03399963378905,175.10454545454544,178.48675003051758,173.03579956054688,50.257954768380316,2.472139630998884,0.011966486790669289
2021-01-22,173.89999389648438,174.2899932861328,172.35000610351562,172.88999938964844,7269600,176.00449905395507,175.03163618607954,178.39066670735676,173.12509956359864,46.80728934093844,2.604282924107143,0.011965460465462834
2021-01-25,174.0500030517578,174.9600067138672,173.19000244140625,174.82000732421875,5936800,175.92449951171875,174.9430908203125,178.29408340454103,173.222099609375,47.2314157444485,2.442140851702009,0.01186321693995442
2021-01-26,173.6199951171875,174.25999450683594,173.4199981689453,173.97999572753906,4685600,175.78799896240236,174.848545143821,178.16100006103517,173.2967495727539,46.09677820628064,2.4028549194335938,0.01182567079022534
2021-01-27,172.52000427246094,173.52000427246094,171.66000366210938,172.92999267578125,9036500,175.62849884033204,174.65927262739703,178.0040833791097,173.35229957580566,43.235476101733084,2.2121407645089284,0.01187617628287549
2021-01-28,172.67999267578125,174.72999572753906,172.0399932861328,174.27999877929688,9392400,175.44499816894532,174.4681815407493,177.82733332316081,173.40229957580567,43.78205420720527,2.3271408081054688,0.011837599748584319
2021-01-29,172.61000061035156,175.16000366210938,172.61000061035156,174.8699951171875,11252800,175.19049835205078,174.4232724276456,177.67566668192546,173.45609954833984,43.5843341916379,1.9378553118024553,0.011663930419453935
2021-02-01,174.22999572753906,175.25999450683594,174.05999755859375,175.02000427246094,9105500,174.98399810791017,174.3972722833807,177.5430000305176,173.5186994934082,49.292260193463285,2.009283883231027,0.011861726222368184
2021-02-02,172.11000061035156,172.52999877929688,171.50999450683594,172.49000549316406,7221700,174.472998046875,174.34654513272372,177.47775001525878,173.58639945983887,43.140869035108416,2.070713588169643,0.010737783450172289
2021-02-03,171.85000610351562,172.58999633789062,171.5,172.36000061035156,4658100,173.9219985961914,174.27181784889916,177.4173333485921,173.64714950561523,42.44135275767961,2.047855922154018,0.010657206015363598
2021-02-04,168.14999389648438,168.39999389648438,167.33999633789062,168.2899932861328,13736600,173.3344985961914,174.10799948952416,177.29083328247071,173.6948494720459,33.99377810138867,2.258571079799107,0.011059855010045002
2021-02-05,169.80999755859375,170.17999267578125,168.6699981689453,168.99000549316406,6538500,172.85099868774415,173.9745450106534,177.18474998474122,173.73524948120118,39.78460925452313,2.2392850603376115,0.011446727582498654
2021-02-08,171.52000427246094,172.39999389648438,171.49000549316406,171.97999572753906,6887500,172.75999908447267,173.88399963378907,177.0599166870117,173.77614952087401,45.1253471587379,2.301427568708147,0.009066731216997161
2021-02-09,172.0800018310547,173.02999877929688,171.75,172.57000732421875,5131800,172.7139991760254,173.82199956720527,176.925750096639,173.82334953308106,46.78976341192427,2.202855791364397,0.009097307857012247
2021-02-10,172.7100067138672,173.22000122070312,172.00999450683594,173.14999389648438,6112800,172.64349975585938,173.7774541681463,176.84633344014486,173.87909957885742,48.675819698568,2.2178562709263394,0.00900957764947824
2021-02-11,171.2100067138672,172.8699951171875,170.7100067138672,172.6999969482422,5994500,172.53550033569337,173.69599970037288,176.7439168294271,173.9309496307373,44.62049296528705,2.162855965750558,0.009162210688702986
2021-02-12,170.69000244140625,171.64999389648438,169.8800048828125,170.2899932861328,6018900,172.40600051879883,173.6679998224432,176.64941685994467,173.97574966430665,43.27449344247558,2.1628548758370534,0.009178520578717137
2021-02-16,168.24000549316406,170.07000732421875,167.72999572753906,168.13999938964844,14761100,172.2615005493164,173.64345453435723,176.5430835723877,174.02294967651366,37.53022158646468,2.314284188406808,0.009318262828552023
2021-02-17,166.3300018310547,167.33999633789062,165.85000610351562,166.9199981689453,11400700,171.9490005493164,173.5856364857067,176.41900024414062,174.05569969177247,33.76708561029123,2.344999040876116,0.009333296402581029
2021-02-18,166.32000732421875,167.3000030517578,165.72999572753906,166.97999572753906,7498200,171.49550094604493,173.55890946821734,176.27700030008953,174.0855997467041,33.74801656768305,2.2649993896484375,0.008328024802803391
2021-02-19,167.00999450683594,167.94000244140625,166.60000610351562,166.75999450683594,8273500,171.08200073242188,173.56509121981534,176.15841687520344,174.11554969787596,36.41755909484393,2.1985702514648438,0.008455609318048903
2021-02-22,169.50999450683594,169.88999938964844,168.3000030517578,168.5399932861328,10072000,170.86250076293945,173.55290943492543,176.03441683451334,174.16834968566894,45.05611232393111,2.2149996076311385,0.009185678707632892
2021-02-23,169.1199951171875,169.74000549316406,168.27999877929688,169.47999572753906,8616800,170.61600036621093,173.51036376953124,175.90350011189778,174.20699966430664,44.050652401790906,2.125,0.009174844020760754
2021-02-24,169.0,169.13999938964844,167.14999389648438,167.64999389648438,8890600,170.38500061035157,173.44109108664773,175.76975008646647,174.24989967346193,43.72732073089675,2.189286368233817,0.0091724340051292
2021-02-25,165.82000732421875,167.66000366210938,165.4499969482422,166.9199981689453,16359400,170.05000076293945,173.3229092684659,175.62975018819174,174.28189971923828,36.15381062158899,2.1207144601004466,0.009926128232003366
2021-02-26,161.80999755859375,165.10000610351562,160.9499969482422,165.0,23730400,169.5065010070801,173.08509105335582,175.46866683959962,174.29074974060057,29.26945917151717,2.323572431291853,0.011067865792289723
2021-03-01,161.52999877929688,163.35000610351562,161.16000366210938,163.02999877929688,13828300,168.95250091552734,172.8310910311612,175.30108350118002,174.2904997253418,28.856274120522258,2.295001438685826,0.011054295125238546
2021-03-02,162.41000366210938,162.92999267578125,161.22000122070312,161.92999267578125,11424600,168.36150131225585,172.6476365522905,175.14375025431315,174.28749977111818,32.10049302548195,2.3092869349888394,0.010850548269273234
2021-03-03,160.6199951171875,161.69000244140625,159.49000549316406,160.61000061035156,13059900,167.78700103759766,172.43763649680398,174.95683352152506,174.2709497833252,29.185146838251384,2.431429181780134,0.010805009948102821
2021-03-04,159.0399932861328,161.4600067138672,158.42999267578125,160.60000610351562,13870100,167.14650039672853,172.1930908203125,174.7616667429606,174.25269973754882,26.865801579248398,2.4935738699776784,0.010888750153340255
2021-03-05,159.13999938964844,159.82000732421875,158.5500030517578,159.66000366210938,12821600,166.6960006713867,171.96763638583096,174.56741676330566,174.2270997619629,27.25983350425072,2.457860674176897,0.01008864126126409
2021-03-08,157.49000549316406,158.74000549316406,157.1300048828125,158.5800018310547,12134900,166.08000106811522,171.66854553222657,174.3474168141683,174.1912998199463,24.878222806985036,2.390002659388951,0.009771175868216646
2021-03-09,160.83999633789062,161.25,160.4199981689453,160.75,10382600,165.5460006713867,171.4129092129794,174.15900014241535,174.18424980163573,36.92686149629477,2.487859453473772,0.01086279638677419
2021-03-10,161.66000366210938,161.77999877929688,160.66000366210938,161.05999755859375,7962000,165.02500076293944,171.1387273615057,173.97308349609375,174.17649978637695,39.4853950935614,2.4557157244001115,0.010927351596506903
2021-03-11,161.52000427246094,161.97999572753906,161.1199951171875,161.47000122070312,6749200,164.46550064086915,170.86745466752487,173.79441680908204,174.179649810791,39.19308138296771,2.401430402483259,0.010827195001140355
2021-03-12,161.49000549316406,161.69000244140625,159.35000610351562,159.5399932861328,8608500,163.979500579834,170.60581831498578,173.61350021362304,174.18119987487793,39.12624038266712,2.362858363560268,0.01077085869293031
2021-03-15,162.1999969482422,162.5500030517578,161.42999267578125,162.30999755859375,8104500,163.55500030517578,170.38236361416904,173.46916681925455,174.18359985351563,41.66206271928693,2.3385729108537947,0.010892107904832945
2021-03-16,162.35000610351562,163.1999969482422,161.80999755859375,162.36000061035156,7547400,163.26050033569337,170.1405456542969,173.33333358764648,174.18079986572266,42.20982488928711,2.29571533203125,0.010546656188838025
2021-03-17,163.50999450683594,164.14999389648438,161.47999572753906,162.27000427246094,12626700,163.11949996948243,169.9070908979936,173.239333597819,174.18004981994628,46.40084258100603,2.2328578404017856,0.010468914592777842
2021-03-18,162.55999755859375,162.82000732421875,161.11000061035156,161.14999389648438,8711100,162.93149948120117,169.6679998224432,173.1320002237956,174.17984977722168,43.61139195841783,2.0564280918666293,0.010526251021558984
2021-03-19,163.24000549316406,163.42999267578125,162.42999267578125,162.55999755859375,6868900,162.74300003051758,169.42963617498225,173.03450024922688,174.19804977416993,46.108786882109094,1.9714279174804688,0.010527159238350403
2021-03-22,163.0,163.1300048828125,162.16000366210938,162.27000427246094,5240000,162.4175003051758,169.16236350319602,172.92033360799152,174.20664978027344,45.345441003041564,1.9264286586216517,0.009825839402433388
2021-03-23,161.80999755859375,162.49000549316406,161.58999633789062,162.4499969482422,6048300,162.0520004272461,168.86145435680044,172.78383356730143,174.22564979553223,41.66250321061905,1.8185719081333704,0.009899627716905798
2021-03-24,162.3699951171875,162.88999938964844,161.94000244140625,162.2100067138672,6183700,161.72050018310546,168.49854514382102,172.66091690063476,174.23889976501465,43.96879208046946,1.6792853219168526,0.009975421181231887
2021-03-25,161.77999877929688,163.5800018310547,161.32000732421875,163.05999755859375,8398600,161.51849975585938,168.1150906649503,172.51991691589356,174.24149978637695,42.081226006321536,1.7499989100864954,0.009169601402474007
2021-03-26,162.24000549316406,162.72999572753906,161.64999389648438,161.7100067138672,6153900,161.54000015258788,167.7939999667081,172.38408368428549,174.23484977722168,44.096330098094505,1.6835708618164062,0.007429522827546001
2021-03-29,160.30999755859375,161.52000427246094,159.8300018310547,161.4600067138672,8409300,161.47900009155273,167.44545454545454,172.22491696675618,174.2244497680664,38.10599594354101,1.5871429443359375,0.00789850457455602
2021-03-30,157.57000732421875,158.1999969482422,157.5500030517578,157.94000244140625,8353200,161.23700027465821,167.1587274724787,172.06050033569335,174.19919982910156,31.552700584528267,1.7042857578822546,0.008604271575772112
2021-03-31,159.9600067138672,160.67999267578125,158.0500030517578,158.05999755859375,10623800,161.2040008544922,166.92163668545808,171.9166670481364,174.18734985351563,41.07231322137142,1.8649989536830358,0.009056157724003058
2021-04-01,161.97999572753906,162.11000061035156,161.27999877929688,161.55999755859375,7105200,161.3510009765625,166.70090942382814,171.78441696166993,174.18599983215333,47.69375281859655,1.8514273507254464,0.009185911049722205
2021-04-05,161.9199981689453,162.39999389648438,161.36000061035156,161.52000427246094,6163800,161.49000091552733,166.49272766113282,171.62475026448567,174.1827998352051,47.52294582970615,1.8457118443080358,0.009190501943279566
2021-04-06,163.22000122070312,163.52999877929688,162.75,162.7899932861328,6761200,161.7765007019043,166.30981861461294,171.48025029500326,174.18769981384278,51.57012958978152,1.8614262172154017,0.008919323923444737
2021-04-07,162.75999450683594,163.30999755859375,162.5,162.82000732421875,5436000,161.87250061035155,166.157636607777,171.3555835723877,174.18134979248046,50.097794821942024,1.7285690307617188,0.007698193828952335
2021-04-08,164.50999450683594,164.77000427246094,164.13999938964844,164.1699981689453,6574500,162.0150001525879,166.0109092018821,171.24091682434081,174.1784497833252,55.32351233663513,1.7007130214146204,0.007970231652163234
2021-04-09,163.27000427246094,163.66000366210938,162.47999572753906,162.75,6657900,162.10250015258788,165.79054565429686,171.1105002085368,174.1623998260498,51.22983115940118,1.7742843627929688,0.008184942577599195
2021-04-12,162.27999877929688,162.8000030517578,161.80999755859375,162.72999572753906,4896700,162.14199981689453,165.55418201793324,170.97700017293295,174.14429985046388,48.1654424831698,1.8014275687081474,0.008317983055907148
2021-04-13,163.42999267578125,163.85000610351562,163.02999877929688,163.17999267578125,6995900,162.2034996032715,165.363818359375,170.8523334503174,174.132449798584,51.774086185753745,1.8128564017159599,0.008409347563564625
2021-04-14,162.72000122070312,163.0500030517578,162.3000030517578,162.77000427246094,6312300,162.22199935913085,165.1578183260831,170.7145834604899,174.11334983825682,49.48359753252163,1.8164269583565849,0.008474700643761374
2021-04-15,165.35000610351562,165.7899932861328,164.02999877929688,164.07000732421875,8250600,162.31399993896486,165.0074548894709,170.58750012715657,174.10694984436034,57.06152485951659,1.874283926827567,0.009084516151611856
2021-04-16,166.35000610351562,166.80999755859375,165.94000244140625,166.24000549316406,10057600,162.50350036621094,164.89527310458098,170.4835001627604,174.101849899292,59.546393286639045,1.901426042829241,0.009031020608138662
2021-04-19,165.88999938964844,166.44000244140625,165.72000122070312,165.91000366210938,5721700,162.63600006103516,164.77181868119672,170.37725016276042,174.0981999206543,57.8868612673716,1.7807115827287947,0.009043528917073421
2021-04-20,166.47999572753906,166.80999755859375,165.6199951171875,165.64999389648438,6532000,162.80999984741212,164.6603640469638,170.27666676839192,174.09569992065428,59.44789887145427,1.6685692923409599,0.009045669221303048
2021-04-21,168.1300048828125,168.38999938964844,167.14999389648438,167.17999267578125,8380200,163.12600021362306,164.54945512251422,170.1859167734782,174.09644996643067,63.520453394077364,1.5828563145228796,0.009023542281452914
2021-04-22,167.0399932861328,167.52999877929688,166.49000549316406,167.11000061035156,7680100,163.3595001220703,164.4572731711648,170.11016667683919,174.08644996643068,59.284745942526655,1.5464281354631697,0.009208340683538952
2021-04-23,166.39999389648438,167.52999877929688,165.77999877929688,167.3699951171875,7106400,163.5904998779297,164.35818204012784,170.0351666768392,174.06799995422364,56.886176816368916,1.5971429007393974,0.009214201405952962
2021-04-26,166.83999633789062,166.8699951171875,166.0500030517578,166.6300048828125,4786600,163.82049942016602,164.33436390269887,169.95716667175293,174.05404991149902,58.140090862358655,1.5407137189592635,0.009212722766431342
2021-04-27,166.4199981689453,167.14999389648438,166.27999877929688,166.9199981689453,5363500,164.1259994506836,164.2727275501598,169.86141662597657,174.0401998901367,56.45233307547576,1.544999258858817,0.008723953569664007
2021-04-28,166.91000366210938,166.9600067138672,165.49000549316406,165.75,6932200,164.59299926757814,164.1889093572443,169.7613333384196,174.02774993896483,57.984759060587244,1.506427219935826,0.007490496993132093
2021-04-29,166.22000122070312,166.25999450683594,164.47000122070312,165.5800018310547,9067600,164.90599899291993,164.08236389160157,169.65633328755698,174.00789993286133,55.04721538888742,1.5357131958007812,0.0070590565220207
2021-04-30,165.66000366210938,166.0,165.24000549316406,165.86000061035156,6248700,165.08999938964843,163.95418201793325,169.51241671244304,173.9844999694824,52.71316741973638,1.5014266967773438,0.006681022760111014
2021-05-03,167.80999755859375,168.42999267578125,167.41000366210938,167.61000061035156,9014700,165.38449935913087,163.89236366965554,169.38425000508627,173.9798999786377,59.76655045954733,1.587139674595424,0.007170509546632816
2021-05-04,166.5800018310547,168.5500030517578,165.5,167.69000244140625,10267400,165.55249938964843,163.81763638583098,169.31341667175292,173.96220001220703,54.73636225010882,1.7242834908621651,0.007291128265931129
2021-05-05,167.27000427246094,167.30999755859375,166.61000061035156,166.6300048828125,5950000,165.7779998779297,163.8,169.24350001017254,173.9438500213623,56.92648312639943,1.557140895298549,0.007263108393781206
2021-05-06,170.05999755859375,170.2899932861328,167.9199981689453,167.9499969482422,13574100,166.05550003051758,163.8678181041371,169.20316670735676,173.92915000915528,64.42251021484759,1.6685692923409599,0.007768489007949664
2021-05-07,171.58999633789062,172.5500030517578,171.0,171.52999877929688,14748600,166.47149963378905,163.96363608620385,169.16674995422363,173.90894996643067,67.7382562679966,1.7949981689453125,0.007613178499714692
2021-05-10,172.11000061035156,172.83999633789062,171.77999877929688,172.74000549316406,8276600,166.9629997253418,164.0563634699041,169.124666595459,173.8836000061035,68.80246483939013,1.799283708844866,0.007340500479445321
2021-05-11,172.13999938964844,172.1699981689453,170.27000427246094,170.55999755859375,8348200,167.39850006103515,164.1041817405007,169.08291664123536,173.85080001831054,68.86626935757843,1.7985687255859375,0.007299106485335455
2021-05-12,170.42999267578125,171.83999633789062,170.35000610351562,171.42999267578125,12666300,167.78399963378905,164.12799987792968,169.03233324686687,173.79180000305175,61.18465371364334,1.8092825753348214,0.0076772025271682025
2021-05-13,171.1300048828125,171.27000427246094,170.22999572753906,170.35000610351562,8078300,168.0729995727539,164.16672723943537,168.99599990844726,173.72870002746583,63.00391175861641,1.7585688999720983,0.00697651611179593
2021-05-14,172.69000244140625,172.6999969482422,171.82000732421875,172.0500030517578,9686800,168.38999938964844,164.29163624156604,168.9754165649414,173.66650001525878,66.74463475679565,1.8121403285435267,0.007108646833419754
2021-05-17,174.6999969482422,175.0,173.27999877929688,173.3000030517578,11956800,168.83049926757812,164.5259998668324,168.96716651916503,173.62120002746582,70.83628269425583,1.9149976457868303,0.007337566997366919
2021-05-18,175.0399932861328,175.2100067138672,174.4600067138672,175.17999267578125,7294000,169.2584991455078,164.77163613059304,168.99058316548664,173.56925003051757,71.47560092955649,1.8635689871651786,0.007335539339844082
2021-05-19,175.16000366210938,177.0,174.35000610351562,175.13999938964844,20741100,169.60999908447266,165.0034543124112,169.03699989318847,173.51685005187989,71.71133152794478,1.878568376813616,0.007134646690859546
2021-05-20,175.9600067138672,176.4600067138672,175.11000061035156,175.32000732421875,9802800,170.05599975585938,165.28236361416904,169.09074999491375,173.44870010375976,73.29563798552752,1.9049976893833704,0.00685964414992208
2021-05-21,176.0399932861328,176.86000061035156,175.14999389648438,176.5800018310547,7677200,170.5379997253418,165.59145452325996,169.15949999491374,173.37215003967285,73.45570725774489,1.82928466796875,0.006712638985521901
2021-05-24,176.35000610351562,176.58999633789062,175.8699951171875,176.14999389648438,5557300,171.01350021362305,165.90436373623933,169.24016672770182,173.2844500732422,74.10361352172143,1.662855965750558,0.006716906242012677
2021-05-25,177.9499969482422,177.9499969482422,176.0399932861328,176.14999389648438,8986900,171.5900001525879,166.27636358087713,169.30491676330567,173.22015007019044,77.19713394542904,1.7471422467912947,0.006734229578583491
2021-05-26,177.63999938964844,178.61000061035156,177.0399932861328,178.3699951171875,8495400,172.12649993896486,166.5818181818182,169.3564167022705,173.15760009765626,75.31977088066775,1.6435721261160714,0.0068308958181706675
2021-05-27,177.7100067138672,177.82000732421875,176.80999755859375,177.38999938964844,7993000,172.70100021362305,166.87363641912287,169.3972501118978,173.14645011901857,75.46488347477475,1.537858145577567,0.006649677911686227
2021-05-28,178.3800048828125,178.42999267578125,177.24000549316406,177.4600067138672,9967000,173.3370002746582,167.18018188476563,169.44775009155273,173.14285011291503,76.86675220671019,1.533571515764509,0.006457814783879598
2021-06-01,177.89999389648438,178.85000610351562,177.19000244140625,178.75999450683594,9143300,173.84150009155275,167.47854531028054,169.4728333791097,173.11570007324218,73.62123033518961,1.5164293561662947,0.006222387034089156
2021-06-02,178.77000427246094,178.77999877929688,177.97000122070312,178.33999633789062,6613100,174.45100021362305,167.7798181707209,169.50008341471354,173.09685012817383,75.62969805779002,1.451430184500558,0.005742109904117862
2021-06-03,175.27000427246094,175.8300018310547,174.66000366210938,175.8300018310547,10153900,174.85100021362305,168.01472722833807,169.5231667836507,173.04070014953612,56.870129898090035,1.67071533203125,0.0077222899524053866
2021-06-04,177.16000366210938,177.57000732421875,176.61000061035156,176.64999389648438,8375300,175.20600051879882,168.2629092129794,169.56475016276042,172.98560020446777,62.307224516754644,1.7228589739118303,0.007244921651309408
2021-06-07,177.8699951171875,177.89999389648438,176.6300048828125,176.9600067138672,7709100,175.52000045776367,168.54127280495385,169.60958340962728,172.9637501525879,64.13625330238816,1.6485726492745536,0.007077912969324438
2021-06-08,177.32000732421875,177.5399932861328,176.3699951171875,177.22999572753906,5905800,175.78050079345704,168.79727283824573,169.657750193278,172.93285018920898,61.64098856173471,1.7021440778459822,0.007154913781881841
2021-06-09,176.97999572753906,177.8000030517578,176.77999877929688,177.3800048828125,6346100,176.02250061035156,169.05145457874644,169.68308347066244,172.9076001739502,60.084657460706566,1.5857162475585938,0.007190767946995807
2021-06-10,177.74000549316406,177.85000610351562,176.47999572753906,176.6999969482422,9896600,176.38800125122071,169.34109108664774,169.7067502339681,172.89130020141602,62.37161502584815,1.5871451241629464,0.006696002324910452
2021-06-11,175.74000549316406,176.57000732421875,175.47999572753906,176.3300018310547,7836900,176.61850128173828,169.58418218439274,169.69841690063475,172.8639002227783,53.65886534256161,1.6264310564313615,0.007309237591456882
2021-06-14,174.7100067138672,175.05999755859375,172.9499969482422,173.16000366210938,7733600,176.71950149536133,169.81927323774858,169.68400026957195,172.8206502532959,49.80058245119142,1.7742887224469865,0.007239190605905399
2021-06-15,174.0500030517578,174.9199981689453,173.33999633789062,174.77999877929688,7550200,176.6870018005371,170.03400046608664,169.66875025431315,172.78470024108887,47.44634810310384,1.7507171630859375,0.006810710677354953
2021-06-16,171.11000061035156,174.47000122070312,171.02999877929688,173.91000366210938,16919700,176.49050216674806,170.23036415793678,169.64058354695638,172.7183002471924,38.67557167779545,1.8842882428850447,0.007742371140262704
2021-06-17,165.85000610351562,167.6199951171875,165.44000244140625,167.02000427246094,27232200,176.02500228881837,170.38090959028764,169.55891698201498,172.6234002685547,28.518229340290887,2.217144557407924,0.010168435614715109
2021-06-18,164.92999267578125,166.72000122070312,164.8699951171875,166.13999938964844,15744300,175.47350158691407,170.47127297141336,169.46375020345053,172.5228002166748,27.17394954410159,2.264288766043527,0.010039867911200318
2021-06-21,166.9499969482422,167.22000122070312,166.0,166.52000427246094,8371000,175.01900177001954,170.5616366299716,169.3907501220703,172.44445022583008,34.47699080217161,2.309289114815848,0.010595685238326689
2021-06-22,166.25,166.9199981689453,166.00999450683594,166.35000610351562,7223900,174.51400146484374,170.64036393599076,169.30658340454102,172.37000022888185,33.23328182541357,2.313574654715402,0.010550445372905047
2021-06-23,166.13999938964844,168.02999877929688,165.97000122070312,166.97000122070312,8474300,173.92350158691406,170.69345481178976,169.21025009155272,172.29250022888183,33.031629586927224,2.1671458653041293,0.010187767895963292
2021-06-24,166.0399932861328,167.22999572753906,166.00999450683594,167.0,6903400,173.34350128173827,170.75309115323154,169.10758336385092,172.21625022888185,32.83655374827748,2.090002877371652,0.010200584722683191
2021-06-25,166.58999633789062,167.52999877929688,166.2899932861328,167.4499969482422,7473700,172.78750076293946,170.79090936834163,168.97641665140787,172.1339501953125,35.10641103592157,2.105718340192522,0.010277111068414462
2021-06-28,166.5800018310547,166.91000366210938,166.36000061035156,166.67999267578125,6508900,172.19750061035157,170.85109114213424,168.84066670735677,172.05455017089844,35.083207945549006,2.0378614153180803,0.010176070109711374
2021-06-29,164.8300018310547,165.27999877929688,164.00999450683594,164.33999633789062,7451400,171.54400100708008,170.89745483398437,168.71508344014487,171.9664501953125,31.195348127989476,2.148575919015067,0.010298060461750639
2021-06-30,165.6300048828125,166.10000610351562,164.2899932861328,164.57000732421875,7955800,170.88700103759766,170.9374550559304,168.59966684977215,171.87515022277833,34.754916734616216,2.180004664829799,0.010296430911329764
2021-07-01,166.1999969482422,166.8800048828125,165.5,166.64999389648438,7430500,170.43350067138672,171.00072770552202,168.5401668548584,171.78890022277832,37.245970126115125,2.1171471732003346,0.009704633083496287
2021-07-02,167.2899932861328,167.72000122070312,166.39999389648438,167.35000610351562,7873600,169.94000015258788,171.0360001997514,168.49258346557616,171.70550018310547,41.82049682462399,2.026432582310268,0.009440166866930333
2021-07-06,168.1199951171875,169.64999389648438,167.5399932861328,169.27000427246094,7932100,169.4525001525879,171.0681818181818,168.44258346557618,171.63130012512207,45.10219204931484,2.082146780831473,0.009478801926383723
2021-07-07,168.75999450683594,169.22999572753906,168.19000244140625,168.72000122070312,7108900,169.02449951171874,171.1203635475852,168.40416679382324,171.55910011291505,47.55853090969304,1.9157180786132812,0.009591387366511776
2021-07-08,168.64999389648438,169.86000061035156,167.91000366210938,169.82000732421875,7244300,168.607999420166,171.15981805974786,168.3655834197998,171.50475006103517,47.16788801927175,1.6500037057059151,0.009599096289894813
2021-07-09,169.2100067138672,169.6199951171875,168.66000366210938,168.83999633789062,4997400,168.18149948120117,171.17945445667613,168.3495834350586,171.45755012512208,49.44459251314496,1.587146214076451,0.009565962196678775
2021-07-12,169.0,169.16000366210938,167.63999938964844,168.6999969482422,7315400,167.84449920654296,171.2150909423828,168.31975008646648,171.4286001586914,48.59881857226669,1.535717555454799,0.009338246852340238
2021-07-13,169.22000122070312,169.89999389648438,168.92999267578125,169.50999450683594,7040300,167.56999893188475,171.26636380282315,168.2683334350586,171.3975001525879,49.57197807002187,1.537860325404576,0.009316134173452971
2021-07-14,171.0399932861328,171.0399932861328,170.27999877929688,170.91000366210938,8830300,167.41949844360352,171.3427273837003,168.2330000559489,171.37800010681153,56.850106860554305,1.5207170758928572,0.009692672740068282
2021-07-15,171.07000732421875,171.3000030517578,170.33999633789062,170.88999938964844,6520100,167.41749877929686,171.42727300470526,168.20941683451335,171.3498501586914,56.96042714526161,1.5021460396902901,0.008924736235783506
2021-07-16,169.41000366210938,170.9499969482422,169.27999877929688,170.64999389648438,9460300,167.59549865722656,171.4727275501598,168.17075017293294,171.30595016479492,49.43276900267224,1.5235748291015625,0.005800670556989092
2021-07-19,169.61000061035156,169.91000366210938,168.88999938964844,169.50999450683594,6707400,167.8294990539551,171.53436390269886,168.13733355204263,171.26840019226074,50.28522338741009,1.5571463448660714,0.005587368718124903
2021-07-20,169.38999938964844,170.8000030517578,168.9199981689453,170.50999450683594,6540100,167.95149917602538,171.60218200683593,168.11125017801922,171.22185020446778,49.30066570596053,1.5078604561941964,0.004994664612436906
2021-07-21,168.75999450683594,169.0,168.13999938964844,168.3300018310547,4622600,168.07699890136718,171.61945467862216,168.07858352661134,171.1729502105713,46.49332638647329,1.4678595406668526,0.00497112611464049
2021-07-22,169.08999633789062,169.19000244140625,168.05999755859375,168.49000549316406,4793600,168.2244987487793,171.66509094238282,168.04925015767415,171.1213501739502,48.15856419824684,1.4500023978097099,0.00496614143507217
2021-07-23,168.55999755859375,168.8800048828125,167.9499969482422,168.5,5831500,168.35049896240236,171.68854536576706,168.00200017293295,171.0776501464844,45.698677274878435,1.4228591918945312,0.005038007313213111
2021-07-26,168.16000366210938,168.86000061035156,168.0800018310547,168.5800018310547,5229800,168.4289993286133,171.6540000221946,167.96908353169758,171.0323501586914,43.87711970032898,1.3100019182477678,0.005047124393167983
2021-07-27,168.44000244140625,168.91000366210938,167.92999267578125,168.72999572753906,6300200,168.52199935913086,171.59672740589488,167.94066683451334,170.98530014038087,45.514346679113544,1.3007169451032365,0.005052126110267982
2021-07-28,169.2899932861328,169.3800048828125,167.72000122070312,168.25999450683594,7905800,168.74499893188477,171.54545454545453,167.95016682942708,170.92635009765624,50.258219735464564,1.2800031389508928,0.004414759582242395
2021-07-29,171.1699981689453,171.52000427246094,170.6699981689453,170.6999969482422,8119600,169.0219985961914,171.5278181596236,167.96150016784668,170.879400100708,58.80210382197336,1.3700038364955358,0.004873717856012658
2021-07-30,169.82000732421875,170.99000549316406,169.3800048828125,170.72000122070312,7391700,169.20299911499023,171.5167275168679,167.94733352661132,170.8399001312256,51.907340949453015,1.3857171194893974,0.005295523959687563
2021-08-02,169.61000061035156,170.25,169.10000610351562,169.3000030517578,10783200,169.31899948120116,171.48909107555042,167.92675018310547,170.79660011291503,50.907354674309026,1.398573739188058,0.005157012555544537
2021-08-03,169.49000549316406,169.8300018310547,169.2100067138672,169.4199981689453,5402300,169.3875,171.4309093128551,167.8999168395996,170.74945014953613,50.31094753646475,1.3128596714564733,0.005065528188657462
2021-08-04,169.52999877929688,171.39999389648438,168.99000549316406,171.27999877929688,9796300,169.42600021362304,171.33690934614702,167.8859167734782,170.70560012817384,50.519017225770384,1.4164297921316964,0.005002335969174841
2021-08-05,168.86000061035156,169.44000244140625,168.1999969482422,169.3699951171875,8015000,169.4365005493164,171.224545842951,167.87066675821941,170.65795013427734,46.97051840041461,1.3835721697126115,0.0050870031362283494
2021-08-06,164.63999938964844,165.92999267578125,164.5500030517578,165.83999633789062,13547600,169.20800018310547,171.03327303799716,167.84066670735677,170.5849001312256,31.813237853370424,1.6185716901506697,0.007502088346080319
2021-08-09,161.72000122070312,163.2899932861328,161.25999450683594,163.00999450683594,11547000,168.84400024414063,170.77436384721236,167.80225003560383,170.4905001068115,25.64623397370562,1.7257145472935267,0.008349325816284293
2021-08-10,161.77000427246094,162.11000061035156,160.67999267578125,161.38999938964844,6870800,168.47150039672852,170.51490950150924,167.76433334350585,170.40520011901856,25.911095050294165,1.738572256905692,0.008330558119136928
2021-08-11,164.0,164.1699981689453,162.67999267578125,163.14999389648438,7382400,168.11950073242187,170.29036393599077,167.7392500559489,170.33200012207033,36.734721543573606,1.8292857578822546,0.008601967613719067
2021-08-12,164.0399932861328,164.10000610351562,162.92999267578125,163.64999389648438,5211700,167.76800003051758,170.03745477849787,167.69366671244305,170.2594500732422,36.91272528499302,1.8314296177455358,0.008602918125819096
2021-08-13,166.38999938964844,166.4600067138672,164.88999938964844,165.02000427246094,7466900,167.61699981689452,169.8329093239524,167.67091674804686,170.19630004882814,46.447492618162656,1.9485735212053572,0.009140477408878828
2021-08-16,167.22000122070312,167.38999938964844,166.58999633789062,166.72999572753906,7776500,167.49749984741212,169.64218195134944,167.65608342488608,170.15175003051758,49.358666902377806,1.9500013078962053,0.009224466331768037
2021-08-17,166.97000122070312,167.72999572753906,166.55999755859375,167.2899932861328,7107000,167.37649993896486,169.43472733931108,167.66566670735676,170.10960006713867,48.50339118463554,1.9150009155273438,0.0092252821911548
2021-08-18,167.10000610351562,167.50999450683594,166.25999450683594,167.24000549316406,7697900,167.29350051879882,169.23836392489346,167.7097501118978,170.06410011291504,48.99830736101083,1.8450001307896204,0.00920205034471695
2021-08-19,166.61000061035156,167.2899932861328,166.16000366210938,167.24000549316406,6934300,167.16950073242188,169.01727294921875,167.7520834604899,170.00760009765625,47.15863610599634,1.7978570120675224,0.009199606745004724
2021-08-20,166.6999969482422,167.13999938964844,166.36000061035156,166.8000030517578,7154000,167.0765007019043,168.86145463423296,167.787833404541,169.94650009155274,47.54815496253069,1.7714287894112724,0.009185070352234157
2021-08-23,168.72999572753906,168.91000366210938,167.9600067138672,168.82000732421875,8190500,167.1050003051758,168.70818176269532,167.8554167429606,169.89605003356934,55.51402480179613,1.8850010463169642,0.00959711738333297
2021-08-24,168.64999389648438,169.27000427246094,168.52000427246094,169.0399932861328,4519200,167.1154998779297,168.54054537686434,167.9355000813802,169.82465003967286,55.15849689741115,1.766430446079799,0.009592003815561063
2021-08-25,167.47999572753906,167.9199981689453,166.74000549316406,167.8800048828125,5588800,167.025,168.36163607510653,168.00500005086263,169.74610000610352,50.10468310911534,1.8078580583844865,0.009641339229848798
2021-08-26,167.6699981689453,168.2100067138672,166.8300018310547,167.2100067138672,4371900,166.85,168.192363392223,168.0898333231608,169.70904998779298,50.89158646972619,1.5985728672572546,0.009260307771360589
2021-08-27,170.19000244140625,170.19000244140625,166.8699951171875,167.5800018310547,10036400,166.86849975585938,168.05509060946378,168.1677500406901,169.68169998168946,59.92007913014378,1.594287327357701,0.009766168105992927
2021-08-30,169.35000610351562,169.83999633789062,169.08999633789062,169.66000366210938,3768600,166.8555000305176,167.93890880237927,168.2318333943685,169.6539500427246,56.21039620978636,1.5707157679966517,0.00982872144343234
2021-08-31,169.69000244140625,169.9199981689453,168.75,169.22999572753906,6336000,166.8654998779297,167.8476359974254,168.29991671244304,169.6226000213623,57.36107004926998,1.4828589303152901,0.009837627579389463
2021-09-01,169.6999969482422,170.0,169.16000366210938,169.94000244140625,4764900,166.87399978637694,167.7685449773615,168.36833330790202,169.58529998779298,57.39651041624522,1.4592862810407365,0.009837583313975674
2021-09-02,169.25,169.6300048828125,168.82000732421875,169.5,4599800,166.89349975585938,167.73472678444602,168.42708333333334,169.54580001831056,55.17293982764818,1.3492845807756697,0.009813686778856561
2021-09-03,171.05999755859375,171.5500030517578,170.14999389648438,170.58999633789062,8353300,167.21449966430663,167.8294539018111,168.499666595459,169.51860000610353,61.61443230235055,1.4421419416155135,0.008093164016759791
2021-09-07,167.7100067138672,169.77999877929688,167.6300048828125,169.55999755859375,10004600,167.51399993896484,167.87999961159446,168.53466669718424,169.47970001220702,47.896213115305336,1.6035701206752233,0.008336589094937424
2021-09-08,167.2899932861328,168.0800018310547,166.6999969482422,168.02000427246094,6576000,167.78999938964844,167.88618136319246,168.57408332824707,169.44034996032715,46.49837368217823,1.612856183733259,0.008387598428478136
2021-09-09,168.02999877929688,168.27999877929688,166.8300018310547,168.1699981689453,6641400,167.9914993286133,167.9185449773615,168.61399993896484,169.4020499420166,49.30557012860075,1.635713849748884,0.00792699200748833
2021-09-10,167.17999267578125,168.0800018310547,167.14999389648438,167.80999755859375,7426300,168.14849929809571,167.9374539462003,168.64883321126302,169.37679992675783,46.30044363027523,1.6464287894112724,0.008049937902052731
2021-09-13,167.74000549316406,168.22000122070312,167.39999389648438,167.4499969482422,5474300,168.21599960327148,167.9683632590554,168.6982499440511,169.3675499725342,48.526376786225434,1.5628574916294642,0.007443450123157449
2021-09-14,168.82000732421875,169.16000366210938,167.47999572753906,168.22000122070312,7922900,168.29599990844727,168.0089089133523,168.75200004577636,169.3641000366211,52.606483848224755,1.629286629813058,0.00749705946534934
2021-09-15,167.8300018310547,168.36000061035156,167.4499969482422,168.1300048828125,5624900,168.33899993896483,168.03163618607954,168.80241673787435,169.3643000793457,48.78876093487539,1.590716770717076,0.007620980169616616
2021-09-16,164.02999877929688,164.44000244140625,163.22999572753906,164.3800048828125,11780400,168.1854995727539,168.0170906760476,168.81733334859211,169.35110008239747,37.53031665824217,1.8207168579101562,0.00918082015129179
2021-09-17,163.77000427246094,164.32000732421875,163.39999389648438,163.86000061035156,8369700,168.0434997558594,167.9832724831321,168.84616673787434,169.31905014038085,36.90286028742723,1.6492887224469865,0.009169954285038983
2021-09-20,164.94000244140625,165.27999877929688,164.07000732421875,164.2899932861328,7566600,167.95550003051758,167.9603634920987,168.9075833638509,169.28645011901855,41.631996629671605,1.6785736083984375,0.009338823345991688
2021-09-21,166.0399932861328,166.6300048828125,165.49000549316406,165.80999755859375,7181500,167.82099990844728,167.93763621937146,168.9582499186198,169.25260009765626,45.74888774555448,1.715716770717076,0.009021431055868534
2021-09-22,165.4199981689453,167.14999389648438,165.02999877929688,165.88999938964844,9777800,167.6595001220703,167.88854536576704,168.9869166056315,169.21810005187987,43.870641993249556,1.807145254952567,0.009045328559319943
2021-09-23,163.50999450683594,164.1999969482422,163.27000427246094,164.10000610351562,8451900,167.46100006103515,167.7930908203125,169.00016657511392,169.1612000274658,38.611454526767304,1.897859845842634,0.009262607712406001
2021-09-24,163.3000030517578,164.0,162.74000549316406,163.0,6937500,167.24250030517578,167.69581825949928,169.00083325703937,169.10020004272462,38.071083561411605,1.8235735212053572,0.009246880157626744
2021-09-27,163.63999938964844,164.36000061035156,163.50999450683594,163.85000610351562,4943000,166.91500015258788,167.59454539905894,169.00816663106283,169.05590003967285,39.54630095117963,1.6542881556919642,0.008465234573659702
2021-09-28,162.0500030517578,162.82000732421875,161.72999572753906,162.72999572753906,9282800,166.55,167.46818181818182,168.9876667022705,169.00530006408692,35.310173992734676,1.6921452113560267,0.008620760396044784
2021-09-29,161.32000732421875,162.74000549316406,160.97000122070312,162.35000610351562,8360700,166.13150024414062,167.32454556551846,168.97141672770184,168.9494500732422,33.534109405155064,1.7150028773716517,0.008577735907138428
2021-09-30,164.22000122070312,164.9499969482422,162.33999633789062,162.66000366210938,10572900,165.85750045776368,167.20054570978337,168.98758341471355,168.91285011291504,45.30407777554257,1.9078587123325892,0.009717959525958744
2021-10-01,164.58999633789062,164.9600067138672,163.88999938964844,164.27000427246094,6654700,165.6245002746582,167.0827273282138,168.99725011189778,168.86610008239745,46.60327382209491,1.910001482282366,0.009751714723889528
2021-10-04,165.36000061035156,165.5399932861328,163.47000122070312,163.69000244140625,7651700,165.3395004272461,167.0090909090909,169.0192501068115,168.8184001159668,49.302198080158476,1.9378574916294642,0.009448739235306532
2021-10-05,164.58999633789062,164.85000610351562,163.49000549316406,163.94000244140625,5617300,165.18349990844726,166.91781810413707,169.01291669209797,168.75765007019044,46.75707891732118,1.9735706874302454,0.008499498393341577
2021-10-06,165.02999877929688,165.05999755859375,164.14999389648438,164.22999572753906,6067200,165.07050018310548,166.83854536576703,169.0019166310628,168.7006000518799,48.3964162777315,1.7099990844726562,0.008526998552191958
2021-10-07,164.16000366210938,164.85000610351562,163.9600067138672,164.02000427246094,4791500,164.8770004272461,166.7549091685902,168.9875,168.64200004577637,45.41867259507749,1.7207118443080358,0.00849921913323811
2021-10-08,164.22999572753906,166.4199981689453,164.13999938964844,166.32000732421875,8536100,164.729500579834,166.66654552112925,168.96875,168.59069999694825,45.70809083619027,1.775712149483817,0.008454151911456785
2021-10-11,163.9199981689453,164.5800018310547,163.91000366210938,164.0399932861328,3820100,164.53850021362305,166.58218189586293,168.93366661071778,168.53205001831054,44.580577610137695,1.7028547014508928,0.00839795812936993
2021-10-12,164.66000366210938,165.44000244140625,164.30999755859375,164.57000732421875,5453000,164.33050003051758,166.51854553222657,168.9138333638509,168.4736000061035,47.88540859456222,1.6599982125418526,0.008317475946835627
2021-10-13,167.58999633789062,167.9199981689453,165.27999877929688,165.27999877929688,11113800,164.31849975585936,166.50309087579902,168.92375005086262,168.43299995422365,58.45042390049023,1.7392839704241072,0.009251224240088963
2021-10-14,168.0,168.22000122070312,167.7100067138672,168.19000244140625,5081400,164.51699981689453,166.47963645241478,168.93341674804688,168.39124992370606,59.68214972123696,1.6942847115652901,0.007572529341295582
2021-10-15,165.3300018310547,166.08999633789062,165.10000610351562,165.38999938964844,8699200,164.59499969482422,166.37345470081675,168.92433344523113,168.3293999481201,49.40982626165786,1.8257130214146204,0.008474010955943318
2021-10-18,164.9199981689453,165.58999633789062,164.80999755859375,165.4199981689453,4029600,164.59399948120117,166.28436362526634,168.90775006612142,168.2621999359131,48.04238021499642,1.7449983869280135,0.008349691609403485
2021-10-19,165.4499969482422,166.5,165.1999969482422,166.5,6588500,164.56449966430665,166.20872719504615,168.9013333638509,168.17779991149902,49.96990519888739,1.731426783970424,0.008240052059489808
2021-10-20,166.89999389648438,167.11000061035156,165.92999267578125,166.2100067138672,5022000,164.63849945068358,166.16163607510654,168.91166661580402,168.0979499053955,54.899477533159555,1.5907135009765625,0.008425429025525002
2021-10-21,166.75,166.94000244140625,166.24000549316406,166.6999969482422,4412400,164.8004997253418,166.11109064275567,168.90283330281576,168.0321999359131,54.303409001955536,1.564284188406808,0.007948473933500644
2021-10-22,167.77000427246094,169.5399932861328,166.6699981689453,168.6699981689453,10703900,165.02399978637695,166.0912725275213,168.91274998982746,167.9736499786377,57.669274675976546,1.621427263532366,0.008008032312741664
2021-10-25,168.92999267578125,169.2100067138672,168.52999877929688,168.66000366210938,4881300,165.2884994506836,166.16927240545098,168.9265832265218,167.95159996032714,61.17191312078298,1.5907135009765625,0.008102613895560442
2021-10-26,167.67999267578125,167.91000366210938,166.6300048828125,167.8800048828125,6658900,165.56999893188475,166.2776358864524,168.90674985249836,167.92499992370605,55.8125575339575,1.6899980817522322,0.007947024311037639
2021-10-27,168.1199951171875,168.1999969482422,166.86000061035156,167.72999572753906,5823100,165.9099983215332,166.39309026544746,168.8778331756592,167.89499992370605,57.23292214676927,1.7092841012137276,0.007810945673052753
2021-10-28,168.0800018310547,169.25,167.52999877929688,168.97999572753906,7000700,166.10299835205078,166.46727211692115,168.84424985249836,167.86854995727538,57.05340776195045,1.6692842755998885,0.00686658400710938
2021-10-29,166.64999389648438,166.72999572753906,165.63999938964844,166.2899932861328,7531900,166.20599822998048,166.514726673473,168.798499806722,167.83539993286132,50.9051622542018,1.795713152204241,0.00719233896706362
2021-11-01,167.52000427246094,167.83999633789062,166.91000366210938,167.3800048828125,4975600,166.31399841308593,166.53527221679687,168.774249903361,167.81734992980958,54.14293619645933,1.772141592843192,0.007209339230990485
2021-11-02,167.16000366210938,167.6300048828125,166.9600067138672,167.42999267578125,3760700,166.44249877929687,166.53418135209517,168.74116655985515,167.79024993896485,52.59719505204097,1.587141854422433,0.007133163276802045
2021-11-03,165.77000427246094,165.9499969482422,164.3800048828125,165.33999633789062,9055200,166.47949905395507,166.5123632257635,168.68349990844726,167.7421499633789,47.01589091310608,1.7407128470284599,0.007399441845879124
2021-11-04,167.64999389648438,168.13999938964844,167.3699951171875,167.50999450683594,6656100,166.65399856567382,166.52236300381747,168.62474988301594,167.70399993896484,54.10885165344542,1.7028557913643974,0.0076743348582882405
2021-11-05,169.83999633789062,169.94000244140625,167.85000610351562,168.4199981689453,9368900,166.93449859619142,166.58109019886365,168.58141657511393,167.6836999511719,60.707635648867715,1.810713631766183,0.008124632737645372
2021-11-08,170.4499969482422,170.6999969482422,170.05999755859375,170.42999267578125,4966100,167.26099853515626,166.64927201704546,168.54216651916505,167.6656999206543,62.33233870593773,1.7592849731445312,0.008089162254863757
2021-11-09,171.2899932861328,171.30999755859375,170.1199951171875,170.72999572753906,5781200,167.5924980163574,166.69581742720172,168.50324974060058,167.65404991149902,64.50864596243515,1.7257134573800224,0.008096492897395224
2021-11-10,173.14999389648438,174.64999389648438,172.11000061035156,173.6699981689453,11461800,167.8704978942871,166.77763560901988,168.47916641235352,167.65719985961914,68.8063641031786,1.9157137189592635,0.007512171784205507
2021-11-11,174.1199951171875,174.27000427246094,173.74000549316406,173.97999572753906,5959600,168.17649765014647,166.89836287064986,168.46058298746746,167.66439987182616,70.79269125862108,1.7907148088727678,0.007562528930824815
2021-11-12,174.4499969482422,174.6699981689453,173.39999389648438,173.50999450683594,7894800,168.63249740600585,167.02163557572797,168.4314163208008,167.6735998535156,71.4585611784009,1.7785720825195312,0.006312735181734753
2021-11-15,174.17999267578125,174.58999633789062,173.69000244140625,174.10000610351562,5630800,169.09549713134766,167.09418085271662,168.40258293151857,167.67334983825683,70.05136887446676,1.678572518484933,0.006275754533713004
2021-11-16,172.9199981689453,174.47999572753906,172.86000061035156,173.97000122070312,8667300,169.4689971923828,167.1590897993608,168.3626661936442,167.6773998260498,63.74303566599297,1.6985724312918526,0.006658600600860584
2021-11-17,174.5,174.61000061035156,173.88999938964844,174.24000549316406,6523100,169.8489974975586,167.24654430042614,168.33033281962076,167.69064979553224,67.67419760426777,1.696429661342076,0.00667836564222514
2021-11-18,173.94000244140625,174.36000061035156,173.52999877929688,173.9600067138672,6252000,170.2084976196289,167.32363530939276,168.29733289082844,167.71959983825684,64.98480300484451,1.5914295741489954,0.006755241747485784
2021-11-19,172.61000061035156,174.10000610351562,172.24000549316406,173.69000244140625,8785600,170.45049743652345,167.38472622958096,168.24599952697753,167.7335998535156,58.9889263062569,1.6392865862165178,0.007023901740764978
2021-11-22,168.74000549316406,170.44000244140625,168.4199981689453,169.89999389648438,13091900,170.44099807739258,167.34254455566406,168.1915828704834,167.71969985961914,45.75893269943366,1.8907154628208704,0.0086877894847856
2021-11-23,167.27999877929688,167.60000610351562,166.52999877929688,167.27999877929688,8047800,170.42099838256837,167.33472622958098,168.10924949645997,167.69569984436035,41.93754367474204,1.8500017438616072,0.008748106566377405
2021-11-24,167.1199951171875,167.44000244140625,166.32000732421875,166.5800018310547,5359500,170.37099838256836,167.33163535378196,168.01966616312663,167.66774978637696,41.52823719936222,1.7607160295758928,0.00872640376460077
2021-11-26,166.85000610351562,168.63999938964844,166.3699951171875,168.60000610351562,9605200,170.30949859619142,167.31018094149502,167.9324161529541,167.6459497833252,40.80454315532569,1.7592871529715401,0.008731639520657737
2021-11-29,166.6199951171875,167.25999450683594,166.3800048828125,166.83999633789062,7394900,170.30799865722656,167.29999916770242,167.8460828145345,167.6255997467041,40.16241968608604,1.7607149396623885,0.008523283936953134
2021-11-30,165.5,169.00999450683594,165.3699951171875,167.77000427246094,12925300,170.2069984436035,167.25927179509944,167.74408276875815,167.6118997192383,37.1008371943602,1.9357147216796875,0.008558439613910618
2021-12-01,166.16000366210938,167.47000122070312,166.05999755859375,166.83999633789062,7808600,170.15699844360353,167.21090809215198,167.66424942016602,167.61104972839357,40.00331080755228,1.8364290509905135,0.00860877047321675
2021-12-02,165.24000549316406,165.94000244140625,164.6300048828125,165.88999938964844,9604100,170.13049850463867,167.1638172496449,167.58533274332683,167.60564971923827,37.411776026078776,1.8657139369419642,0.00849366047263818
2021-12-03,166.6300048828125,166.92999267578125,165.0,165.49000549316406,9507900,170.0794990539551,167.21109008789062,167.52349942525228,167.60374977111817,43.37997746848413,1.912855965750558,0.008308785215916261
2021-12-06,166.22000122070312,166.8000030517578,165.92999267578125,166.13999938964844,4813600,169.89849929809571,167.2556354869496,167.48274943033854,167.5872998046875,42.10460153776784,1.9107142857142858,0.007700298442663358
2021-12-07,166.80999755859375,167.0800018310547,166.17999267578125,166.1999969482422,4900700,169.71649932861328,167.28963539817116,167.49074935913086,167.57574981689453,44.627441761072774,1.8592867170061385,0.007698968015003294
2021-12-08,166.89999389648438,166.9600067138672,166.27999877929688,166.50999450683594,4288900,169.49699935913085,167.30527177290483,167.50716603597004,167.56524978637697,45.02099436040119,1.7871442522321428,0.007581243850372995
2021-12-09,165.8800048828125,166.5800018310547,165.64999389648438,166.5399932861328,4913800,169.13349990844728,167.31363553133878,167.4982494354248,167.5655497741699,41.427231260963175,1.8071441650390625,0.007085813810249054
2021-12-10,166.5800018310547,166.9199981689453,166.17999267578125,166.72000122070312,6450600,168.75650024414062,167.36945384632457,167.5009994506836,167.58939979553222,44.69026295374938,1.7485722133091517,0.007012916809689858
2021-12-13,167.0,167.25999450683594,166.6699981689453,166.89999389648438,6610700,168.3840003967285,167.4367265181108,167.50816612243653,167.61674980163573,46.612047673989544,1.4978572300502233,0.007033466408879196
2021-12-14,165.44000244140625,166.13999938964844,165.16000366210938,165.33999633789062,8637900,167.94700088500977,167.46945384632457,167.50316619873047,167.63189979553223,40.92423922482815,1.4714279174804688,0.007211620686569847
2021-12-15,166.14999389648438,166.39999389648438,163.8000030517578,165.27000427246094,14231200,167.6085006713867,167.5439991344105,167.49949951171874,167.65954978942872,44.25806360375928,1.5771418980189733,0.007277481611427344
2021-12-16,168.16000366210938,168.17999267578125,166.94000244140625,167.00999450683594,11186200,167.2915008544922,167.66836270419034,167.5126661936442,167.70514984130858,52.440785592044605,1.5599986485072546,0.007540624086501418
2021-12-17,167.8000030517578,169.1300048828125,167.77999877929688,168.72999572753906,9856900,166.98450088500977,167.73345364657317,167.53741620381672,167.74844985961914,50.996846678605785,1.5935712541852678,0.007534058477878531
2021-12-20,167.08999633789062,168.0,167.05999755859375,167.8800048828125,6973000,166.70850067138673,167.7789081920277,167.54958279927573,167.79644981384277,48.17922093642004,1.400714329310826,0.007431829390524171
2021-12-21,167.02000427246094,167.77999877929688,166.74000549316406,167.69000244140625,4548500,166.62250061035155,167.80909007679332,167.5564161936442,167.8273498535156,47.89826976542922,1.3342851911272322,0.005586618823711758
2021-12-22,168.58999633789062,168.63999938964844,167.11000061035156,167.5800018310547,4672900,166.68800048828126,167.8818173495206,167.56724955240887,167.86199981689452,54.33139687819927,1.3407135009765625,0.005657569947831364
2021-12-23,168.97000122070312,169.16000366210938,168.00999450683594,168.69000244140625,4551100,166.78050079345704,167.95345375754616,167.5743329366048,167.89924980163573,55.75538640866926,1.2850003923688615,0.005662442329374214
2021-12-27,169.3699951171875,169.4199981689453,168.77999877929688,168.9600067138672,4760300,166.90650024414063,168.04818087491122,167.5794162750244,167.93864974975585,57.26585923070062,1.268571036202567,0.005651713911128542
2021-12-28,168.63999938964844,169.64999389648438,168.6199951171875,169.3300018310547,4541900,167.00750045776368,168.12836275967683,167.57933298746744,167.97084976196288,53.66508441120431,1.2778560093470983,0.005747434475156369
2021-12-29,168.58999633789062,168.69000244140625,167.27999877929688,167.36000061035156,5889700,167.1620002746582,168.21327181729404,167.5741662343343,168.00204971313477,53.41731759907492,1.329998561314174,0.005489323720097642
2021-12-30,169.8000030517578,169.80999755859375,168.3699951171875,168.42999267578125,5426300,167.34400024414063,168.3067263516513,167.5808329264323,168.03349975585937,58.420090705312795,1.3435701642717635,0.005627130897817637
2021-12-31,170.9600067138672,171.0399932861328,170.0399932861328,170.52999877929688,7039300,167.63000030517577,168.3679992675781,167.59533297220867,168.07549980163574,62.57020472520408,1.3578556605747767,0.005538403243376548
2022-01-03,168.3300018310547,169.00999450683594,168.0,168.86000061035156,9014400,167.7150001525879,168.37399930087003,167.572749710083,168.1009497833252,50.309660333581114,1.5207138061523438,0.006497489444365553
2022-01-04,169.57000732421875,169.72000122070312,168.72999572753906,168.89999389648438,6965600,167.88250045776368,168.45109030983664,167.560249710083,168.1337998199463,54.80614676033049,1.4885711669921875,0.006629837948489473
2022-01-05,169.05999755859375,170.92999267578125,168.89999389648438,170.6199951171875,8715600,167.99500045776367,168.52636302601206,167.5573329925537,168.17004981994629,52.694103040360055,1.447857448032924,0.00666018165593666
2022-01-06,166.99000549316406,167.75,166.86000061035156,167.16000366210938,10902700,167.99950103759767,168.5543631813743,167.53549969991047,168.19314987182617,45.097776329252916,1.4600001743861608,0.00726176710438274
2022-01-07,167.75,168.00999450683594,166.86000061035156,167.3699951171875,8191900,168.09300079345704,168.56981783780185,167.52183303833007,168.22299987792968,48.0584012315799,1.4457135881696428,0.007176354816210407
2022-01-10,168.25999450683594,168.3000030517578,167.30999755859375,167.36000061035156,7026500,168.1770004272461,168.59727228338068,167.5176663716634,168.25309982299805,50.006654362547216,1.4492852347237724,0.007149706244591638
2022-01-11,170.2899932861328,170.30999755859375,168.3699951171875,168.44000244140625,8369000,168.34150009155275,168.64309026544746,167.5276663462321,168.30299980163574,56.93142693496937,1.5214287894112724,0.007594490610981561
2022-01-12,170.74000549316406,170.75,170.00999450683594,170.19000244140625,6280700,168.60650024414062,168.67599958939985,167.54583307902018,168.36884979248046,58.310026488740945,1.4585723876953125,0.007197747235824649
2022-01-13,170.16000366210938,170.22000122070312,169.27000427246094,170.08999633789062,7034200,168.80700073242187,168.7210906982422,167.56249974568684,168.41984977722169,55.82956959749727,1.481428963797433,0.0072516894695879375
2022-01-14,169.6699981689453,170.55999755859375,169.47999572753906,170.22000122070312,7865900,168.88250045776368,168.74927257191052,167.572749710083,168.4582997894287,53.749309670447964,1.5128577096121651,0.0068301470777363885
2022-01-18,169.38999938964844,170.00999450683594,169.08999633789062,169.63999938964844,9322800,168.9620002746582,168.7730907093395,167.57358309427897,168.49564979553222,52.54449453525227,1.5050005231584822,0.006821155340527561
2022-01-19,172.0800018310547,172.19000244140625,170.1999969482422,170.38999938964844,15784500,169.2115005493164,168.87181812633168,167.58116645812987,168.539949798584,61.47826153953969,1.6042861938476562,0.007533210108079644
2022-01-20,171.64999389648438,172.60000610351562,171.58999633789062,172.30999755859375,9570500,169.44300003051757,168.94690884676848,167.5964163462321,168.58439979553222,59.548398095171954,1.5735724312918526,0.007575326733301795
2022-01-21,171.08999633789062,172.1199951171875,170.74000549316406,172.0399932861328,10982500,169.56800003051757,169.0183632590554,167.6087496439616,168.6172998046875,57.03732974219463,1.5835723876953125,0.007398187143521147
2022-01-24,172.02999877929688,172.13999938964844,170.85000610351562,171.77999877929688,15727700,169.72099990844725,169.13218134099787,167.62991625467936,168.6610997772217,60.08033609539571,1.4642857142857142,0.007467724206121606
2022-01-25,172.5800018310547,173.14999389648438,171.77999877929688,171.9499969482422,17382100,169.88150024414062,169.22181784889915,167.65533294677735,168.71259979248046,61.78585501281489,1.4628568376813615,0.007478461951705113
2022-01-26,169.7899932861328,171.72999572753906,169.47999572753906,171.38999938964844,17799400,169.93899993896486,169.22090870250355,167.6630828857422,168.74439979553222,50.094063898008024,1.5392859322684151,0.008339098951976957
2022-01-27,167.60000610351562,169.08999633789062,167.3300018310547,168.02000427246094,15867300,169.8895004272461,169.1690906871449,167.68774960835773,168.76879981994628,43.18600899406902,1.5578569684709822,0.008852612808977065
2022-01-28,167.10000610351562,167.4600067138672,166.3699951171875,166.55999755859375,9782500,169.75450057983397,169.0929091020064,167.7325829823812,168.7775498199463,41.769744244072825,1.5635724748883928,0.008693636338687914
2022-01-31,168.08999633789062,168.13999938964844,167.4600067138672,167.7899932861328,8539300,169.61100006103516,169.0009091463956,167.78524958292644,168.78624977111815,45.575504092347664,1.5671430315290178,0.008654196671610619
2022-02-01,168.22999572753906,168.85000610351562,167.8699951171875,168.57000732421875,9763900,169.6059997558594,168.893818248402,167.82049954732258,168.79794975280763,46.11187555793211,1.4907150268554688,0.007947790026076465
2022-02-02,168.83999633789062,169.1199951171875,168.16000366210938,168.33999633789062,9085300,169.56949920654296,168.79181823730468,167.8604995727539,168.80974975585937,48.49375591460876,1.5064283098493303,0.007808110011563125
2022-02-03,168.60000610351562,168.82000732421875,167.02999877929688,168.30999755859375,10650800,169.54649963378907,168.69036393599077,167.87891629536946,168.81209976196288,47.60229410761178,1.5307137625558036,0.007785972270978624
2022-02-04,168.86000061035156,169.10000610351562,167.99000549316406,168.0399932861328,9619600,169.63999938964844,168.6165457985618,167.89258295694987,168.821199798584,48.702486207043286,1.5328565325055803,0.007246499624330776
2022-02-07,170.11000061035156,170.3000030517578,169.19000244140625,169.4499969482422,7796900,169.75799942016602,168.53672762784092,167.91874961853028,168.83974983215333,53.732433465839904,1.5699996948242188,0.0073559270625223275
2022-02-08,170.6300048828125,170.77999877929688,169.9499969482422,170.10000610351562,5802000,169.87649993896486,168.47654585404828,167.94816627502442,168.85869987487794,55.67938214028749,1.4292853219168526,0.0073562041217646095
2022-02-09,171.2100067138672,171.4199981689453,170.5500030517578,170.67999267578125,8002800,169.92250061035156,168.45109141956675,167.98649965922039,168.88264991760255,57.81181713277751,1.4192842755998885,0.0068938400286606355
2022-02-10,170.55999755859375,171.99000549316406,170.4600067138672,170.52000427246094,10693500,169.91350021362305,168.48418218439275,168.0186663309733,168.90089988708496,54.63898282707861,1.4299992152622767,0.006928560112240382
2022-02-11,173.80999755859375,174.1999969482422,170.7100067138672,170.75,25741500,170.09599990844725,168.60290943492544,168.06099967956544,168.9388498687744,64.98610851383016,1.5978567940848214,0.008077850020145404
2022-02-14,174.74000549316406,175.0,173.67999267578125,173.77999877929688,13650700,170.3495002746582,168.741455078125,168.11174977620442,168.9842498779297,67.28575865551738,1.5942862374441964,0.008074475047531697
2022-02-15,173.0800018310547,173.33999633789062,172.38999938964844,173.10000610351562,12603600,170.53400039672852,168.8547277277166,168.1584164937337,169.010599899292,59.74322701250955,1.5407148088727678,0.008419287221690289
2022-02-16,174.86000061035156,174.86000061035156,173.47999572753906,173.49000549316406,12772100,170.67300033569336,169.00454600941052,168.21833318074545,169.05199989318848,64.35706920668724,1.4921439034598214,0.007984377528732404
2022-02-17,177.25,177.52999877929688,176.38999938964844,176.6999969482422,18612500,170.95300064086913,169.2181823730469,168.27716649373372,169.10189987182616,69.4242226320424,1.5950001307896204,0.008435076506029924
2022-02-18,177.1199951171875,177.25,176.50999450683594,177.07000732421875,12760700,171.25450057983397,169.4174549449574,168.341916402181,169.13719985961913,68.85083749437072,1.5735724312918526,0.008376464806478641
2022-02-22,177.49000549316406,178.07000732421875,176.82000732421875,177.6699981689453,14960500,171.52750091552736,169.64018221768467,168.40691642761232,169.16669990539552,69.61990326222669,1.5928573608398438,0.008331197034174594
2022-02-23,178.2899932861328,178.38999938964844,177.36000061035156,177.38999938964844,11772200,171.81300048828126,169.85218200683593,168.47849973042807,169.1975998687744,71.27142872951437,1.597857883998326,0.00834957501446271
2022-02-24,177.13999938964844,182.60000610351562,175.27000427246094,182.58999633789062,32726000,172.18050079345704,170.0507274280895,168.54424972534179,169.2225998687744,65.73899709993289,1.9921439034598214,0.0074967562029828886
2022-02-25,176.5500030517578,176.7899932861328,175.7899932861328,176.4199981689453,11530900,172.62800064086915,170.2278184370561,168.58999977111816,169.2531999206543,63.03550985693226,2.0092871529715404,0.006754650157931563
2022-02-28,178.3800048828125,178.99000549316406,176.5,178.86000061035156,16055800,173.19200057983397,170.4365459095348,168.67891642252604,169.2894499206543,67.49999669658035,2.084287370954241,0.006830276052609365
2022-03-01,181.6199951171875,181.75999450683594,179.02999877929688,179.0500030517578,21942100,173.86850051879884,170.7227275501598,168.7983331044515,169.3340998840332,73.583331663955,2.2664293561662947,0.007584962116845206
2022-03-02,179.72999572753906,180.7100067138672,178.7899932861328,180.1300048828125,19727200,174.44350051879883,170.9618183482777,168.89583307902018,169.3592498779297,65.84122940525009,2.4064298357282365,0.008214792969616816
2022-03-03,180.8000030517578,181.3000030517578,179.5,179.9600067138672,15164400,175.0415008544922,171.2127274946733,169.00933316548665,169.38804992675782,67.90038448676901,2.425715855189732,0.00823546366027109
2022-03-04,183.67999267578125,183.97999572753906,181.36000061035156,182.11000061035156,22390100,175.79550018310547,171.54436368075284,169.14216639200848,169.43064987182618,72.67497609953126,2.392858232770647,0.008599988051295838
2022-03-07,186.41000366210938,186.63999938964844,184.22000122070312,184.4499969482422,27951800,176.67300033569336,171.9127274946733,169.28874969482422,169.48289985656737,76.27712654638,2.5100010463169644,0.008884049382107692
2022-03-08,191.50999450683594,193.3000030517578,188.25999450683594,188.35000610351562,47347700,177.74300003051758,172.33727278275924,169.4860829671224,169.5602498626709,81.24986285912728,2.8342862810407365,0.010193132956075542
2022-03-09,185.82000732421875,187.22999572753906,184.75999450683594,186.0399932861328,26839700,178.50250015258788,172.6649092240767,169.66766637166342,169.6075998687744,64.90344902018083,3.189286368233817,0.012950247412635186
2022-03-10,186.39999389648438,187.3800048828125,184.99000549316406,186.8800048828125,18455200,179.26199951171876,173.0160000887784,169.85624961853028,169.64984985351563,65.66179737054684,3.169286455426897,0.012951473868013267
2022-03-11,185.08999633789062,185.77999877929688,183.44000244140625,183.74000549316406,14824700,179.9884994506836,173.34454539905894,170.0241662343343,169.68709983825684,62.383048661906216,3.327856881277902,0.013077843057191355
2022-03-14,182.3000030517578,183.2899932861328,181.9499969482422,183.02999877929688,13186400,180.4129997253418,173.593818248402,170.15966631571453,169.71004981994628,55.972602970658265,3.4628568376813615,0.013259755553893882
2022-03-15,178.88999938964844,180.27000427246094,178.00999450683594,179.10000610351562,16962300,180.62049942016603,173.7741818514737,170.27191632588705,169.71259979248046,49.30392839423375,3.695714678083147,0.014052189857464356
2022-03-16,180.00999450683594,180.1199951171875,176.8699951171875,179.1300048828125,17548100,180.96699905395508,173.96763638583096,170.40941632588704,169.72314979553224,51.35394606746864,3.4042859758649553,0.013857112055779578
2022-03-17,180.88999938964844,182.02999877929688,180.64999389648438,181.16000366210938,10954100,181.26849899291992,174.19036365855823,170.5559996287028,169.73374977111817,52.96337959252899,3.452142987932478,0.013740524579286414
2022-03-18,179.3000030517578,180.92999267578125,179.0399932861328,179.92999267578125,13996500,181.37099914550782,174.38509105335584,170.68649965922037,169.75389976501464,49.76004768238321,3.409285409109933,0.013635685376418565
2022-03-21,180.6699981689453,181.2899932861328,179.32000732421875,179.3300018310547,10582200,181.5484992980957,174.5827273282138,170.84166628519694,169.77144973754883,52.42978739309925,3.309999738420759,0.013718849854554594
2022-03-22,179.36000061035156,179.7100067138672,178.32000732421875,179.60000610351562,9621800,181.6419990539551,174.73545448996805,170.99199956258138,169.77889976501464,49.70961604459203,3.2757132393973216,0.013841194660552872
2022-03-23,181.80999755859375,181.88999938964844,179.75999450683594,180.2899932861328,12557300,181.81799926757813,174.98054532137783,171.13858286539713,169.80134971618654,54.46755511624049,3.327855791364397,0.01412503330188991
2022-03-24,183.1300048828125,183.50999450683594,181.77000427246094,182.35000610351562,10970100,182.11749954223632,175.2270907315341,171.2930829366048,169.8320997619629,56.83697112631975,3.2249984741210938,0.01407331211944883
2022-03-25,182.3800048828125,183.1300048828125,181.35000610351562,181.80999755859375,7911100,182.40899963378905,175.4692726828835,171.434916305542,169.85529975891114,55.08305832036144,3.140712193080357,0.014088897909806518
2022-03-28,179.05999755859375,181.3300018310547,178.85000610351562,180.3800048828125,9489700,182.44299926757813,175.68872708407315,171.55549964904785,169.8718997192383,48.019023109262136,2.900712149483817,0.014605083896813632
2022-03-29,179.13999938964844,179.3300018310547,176.69000244140625,177.02000427246094,10458900,182.31899948120116,175.89581798206677,171.67308298746744,169.89404968261718,48.191440827479724,2.607140677315848,0.013988330712521172
2022-03-30,180.5800018310547,180.9199981689453,179.67999267578125,179.75999450683594,8361300,182.36149978637695,176.11981811523438,171.809916305542,169.92669967651366,51.321297396790314,2.5635692051478793,0.013915201619641002
2022-03-31,180.64999389648438,181.9600067138672,180.55999755859375,180.91000366210938,9844400,182.35399932861327,176.3081817626953,171.94674962361654,169.97439964294435,51.47474531795695,2.452141898018973,0.013852293968698656
2022-04-01,179.5,180.4600067138672,178.97999572753906,179.5500030517578,13034400,182.1449996948242,176.46745439009234,172.07658297220866,170.04264961242677,48.75533009229552,2.347141810825893,0.013396762028771493
2022-04-04,180.3699951171875,180.80999755859375,179.5800018310547,180.24000549316406,7063100,181.84299926757814,176.65309059836648,172.20749956766764,170.1198496246338,50.869960134877026,2.134283883231027,0.012949760523643784
2022-04-05,179.24000549316406,181.49000549316406,178.92999267578125,180.91000366210938,10828500,181.22949981689453,176.8270907315341,172.30458297729493,170.1812996673584,48.09396557911339,2.0849990844726562,0.01103855853653992
2022-04-06,179.66000366210938,180.30999755859375,178.6999969482422,179.77999877929688,8942100,180.92149963378907,177.01381808194247,172.40174967447916,170.24834968566896,49.20351961932253,2.055713108607701,0.009161309159948767
2022-04-07,180.33999633789062,180.8800048828125,179.8000030517578,179.8699951171875,10140600,180.61849975585938,177.16399980024858,172.52683296203614,170.31934967041016,51.02873229692,2.0078560965401784,0.009180659688133717
2022-04-08,181.47000122070312,181.82000732421875,180.52000427246094,180.52000427246094,10655700,180.4375,177.34254538796165,172.6647496541341,170.39649971008302,53.98753574792553,1.9714290073939733,0.009248820653787909
2022-04-11,182.3699951171875,183.3300018310547,181.11000061035156,183.1699981689453,10071300,180.44099960327148,177.54763627485795,172.8057496388753,170.4753997039795,56.254536776072406,1.962144034249442,0.008707227788294022
2022-04-12,183.77000427246094,184.63999938964844,182.9600067138672,184.0399932861328,12024600,180.68499984741212,177.76109092018822,172.94633305867512,170.56134971618653,59.589892964187726,1.943572998046875,0.007649618726365128
2022-04-13,184.64999389648438,184.94000244140625,184.1300048828125,184.5,8651600,180.91699981689453,177.98054532137783,173.09549967447916,170.66044967651368,61.57313410892825,1.9028592790876115,0.007607087818620162
2022-04-14,184.0399932861328,184.41000366210938,182.8800048828125,184.27999877929688,11567200,181.07449951171876,178.23963623046876,173.23108291625977,170.75249961853027,59.39699140215466,1.902144295828683,0.007624271448762977
2022-04-18,184.61000061035156,186.10000610351562,184.38999938964844,185.9499969482422,8886700,181.33999938964843,178.54890885786577,173.36174964904785,170.8445496368408,60.791468973361056,1.7971452985491072,0.00728566735563727
2022-04-19,181.82000732421875,183.64999389648438,181.3300018310547,183.19000244140625,12585600,181.39749984741212,178.81654524369674,173.4795831044515,170.91719970703124,51.47307918738323,1.8428595406668526,0.008014052404208145
2022-04-20,182.7100067138672,182.72000122070312,181.35000610351562,181.58999633789062,7038600,181.56500015258788,179.08236361416903,173.60116653442384,170.99014976501465,53.900609451334084,1.8135735648018974,0.007866768869121457
2022-04-21,182.05999755859375,182.32000732421875,180.77999877929688,181.77000427246094,9639800,181.5775001525879,179.3338181929155,173.71766649882,171.05664978027343,51.86014020786294,1.8514306204659599,0.007326863276126547
2022-04-22,180.2899932861328,181.61000061035156,179.74000549316406,180.72000122070312,9147000,181.4354995727539,179.5419999556108,173.8313331604004,171.11484977722168,46.6782257268552,1.8978587559291296,0.007435922662992031
2022-04-25,177.0500030517578,177.50999450683594,176.47999572753906,177.1699981689453,13073700,181.16899948120118,179.69563626376066,173.91074981689454,171.15404975891113,38.9968330960112,2.076430184500558,0.008354568250937144
2022-04-26,177.32000732421875,178.3000030517578,176.9199981689453,177.9499969482422,9042400,181.0819999694824,179.84945456764916,173.99541651407878,171.19564979553223,39.884648415334816,1.9921439034598214,0.007379988395753121
2022-04-27,175.97999572753906,176.63999938964844,175.5,176.4600067138672,8854700,180.92399978637695,179.95618175159802,174.08049977620442,171.22944976806642,37.00614528266582,2.0071443830217635,0.0075433097973279396
2022-04-28,176.92999267578125,176.97000122070312,175.69000244140625,175.9199981689453,6381100,180.7414993286133,180.07072698419745,174.15783309936523,171.25889976501466,40.29589937344496,2.011429922921317,0.00740111299861538
2022-04-29,176.91000366210938,178.6199951171875,176.7100067138672,178.07000732421875,7719700,180.55449981689452,180.1743632923473,174.21674982706705,171.2880997467041,40.24827093781333,2.042142595563616,0.007397039073071088
2022-05-02,173.6300048828125,174.64999389648438,172.97999572753906,173.61000061035156,14318600,180.26100006103516,180.2301816073331,174.24324989318848,171.30919975280761,33.29417441202949,2.1642859322684154,0.008305362795969416
2022-05-03,174.08999633789062,175.2100067138672,173.85000610351562,173.88999938964844,7214300,179.9470001220703,180.2352724942294,174.26658325195314,171.33159973144532,34.99058323280275,2.1150000435965404,0.00822938427951047
2022-05-04,175.8000030517578,176.35000610351562,173.6699981689453,174.32000732421875,10491700,179.775,180.25454517711293,174.2886666615804,171.36364974975587,40.99772963478754,2.222857883998326,0.00854383272574484
2022-05-05,175.1300048828125,177.61000061035156,174.66000366210938,177.55999755859375,12794200,179.54850006103516,180.29181795987216,174.29708340962728,171.39549980163574,39.45921759233996,2.3071441650390625,0.008530421303972021
2022-05-06,175.4199981689453,176.55999755859375,174.86000061035156,175.38999938964844,7643300,179.3025001525879,180.3019997336648,174.30516675313314,171.427149810791,40.49999323264228,2.281428745814732,0.008477518651734777
2022-05-09,172.8800048828125,174.27000427246094,172.7899932861328,174.27000427246094,10742400,178.87300033569335,180.22254527698863,174.29433352152506,171.4487498474121,34.84895598157429,2.2350006103515625,0.008761319554847744
2022-05-10,171.4199981689453,173.9600067138672,171.1999969482422,173.8000030517578,11010400,178.32550048828125,180.11890896883878,174.28183352152507,171.4650498199463,32.078247577485996,2.334287370954241,0.008682268273555284
2022-05-11,172.82000732421875,173.32000732421875,172.1999969482422,172.50999450683594,9179600,177.77800064086915,180.0339999112216,174.26783358256023,171.48694984436034,37.231742239919015,2.3321446010044644,0.008714802179626209
2022-05-12,170.1699981689453,172.39999389648438,169.89999389648438,172.07000732421875,11626800,177.0540008544922,179.88636363636363,174.2364168802897,171.49134986877442,32.24460627662465,2.3750032697405135,0.008923622313197823
2022-05-13,168.7899932861328,169.6199951171875,168.00999450683594,168.30999755859375,13031100,176.2915008544922,179.73454534357245,174.20458348592123,171.47944984436035,29.991633704783226,2.257146562848772,0.008967438220941109
2022-05-16,170.39999389648438,170.42999267578125,168.33999633789062,168.42999267578125,7319300,175.58100051879882,179.62272699529476,174.21841672261556,171.48234977722169,35.64146017975018,2.3078602382114957,0.00935358189738675
2022-05-17,169.3300018310547,170.52999877929688,169.13999938964844,170.44000244140625,6441100,174.9565002441406,179.45818148526277,174.2355000813802,171.4809497833252,33.695235980006004,2.2771453857421875,0.009000888565479308
2022-05-18,169.4199981689453,170.2100067138672,168.80999755859375,169.00999450683594,7472900,174.29199981689453,179.2363633589311,174.2546667734782,171.48059974670412,34.02157446395442,2.285717555454799,0.008837755732952273
2022-05-19,171.91000366210938,172.52000427246094,170.88999938964844,171.5500030517578,10580300,173.7845001220703,179.0941816850142,174.2968334197998,171.49249977111816,42.45986688083575,2.3707188197544644,0.009752035576636245
2022-05-20,172.02999877929688,172.24000549316406,170.88999938964844,171.7100067138672,6578100,173.37150039672852,178.93472706187856,174.3419167836507,171.5083497619629,42.83926778303698,2.1864329746791293,0.009641539035754725
2022-05-23,172.8300018310547,173.3800048828125,172.27999877929688,173.1300048828125,5518500,173.16050033569337,178.73745450106534,174.40300013224285,171.54929977416992,45.423013683572805,2.1700047084263394,0.009012475835173908
2022-05-24,174.1300048828125,174.41000366210938,173.35000610351562,173.47000122070312,6794000,173.00100021362306,178.5141817959872,174.46941680908202,171.61134979248047,49.423716923703786,2.091432843889509,0.009204455871826597
2022-05-25,173.0800018310547,173.16000366210938,171.72999572753906,172.7899932861328,4595900,172.85600051879882,178.1790910200639,174.53475011189778,171.66789978027344,46.46128180596004,2.052148001534598,0.009152225582559273
2022-05-26,172.75999450683594,172.92999267578125,171.75999450683594,172.1300048828125,6467000,172.64750061035156,177.94163624156604,174.58583335876466,171.71169975280762,45.56489013658327,2.025005885532924,0.00903703750580202
2022-05-27,172.85000610351562,173.52000427246094,172.63999938964844,173.49000549316406,3847900,172.4445007324219,177.69527282714844,174.64108339945474,171.75574981689454,45.88117485929997,1.900005885532924,0.009041988054534674
2022-05-31,171.13999938964844,173.07000732421875,171.0800018310547,172.7100067138672,6244000,172.32000045776368,177.4416365189986,174.6771667480469,171.77949981689454,41.0065983726964,1.8450055803571428,0.008345083493472193
2022-06-01,172.22999572753906,172.52999877929688,171.38999938964844,172.2100067138672,6946500,172.22700042724608,177.25854547674007,174.72158342997233,171.8045497894287,45.01661126183186,1.8085763113839286,0.008464000957731558
2022-06-02,174.35000610351562,174.4499969482422,173.49000549316406,173.66000366210938,5623100,172.15450057983398,177.17600014426492,174.7921667734782,171.8414498138428,51.86931564898574,1.758575439453125,0.00864009101083436
2022-06-03,172.5800018310547,173.97000122070312,172.25,173.52999877929688,5519400,172.0270004272461,177.04090936834163,174.8421667734782,171.86884979248046,46.64254173294987,1.7542898995535714,0.008885529453438722
2022-06-06,171.82000732421875,172.88999938964844,171.64999389648438,172.80999755859375,3766000,171.84700088500978,176.87600042169746,174.88233350118,171.8948998260498,44.56596796853132,1.6935762677873885,0.008904419406604767
2022-06-07,172.94000244140625,173.0500030517578,171.99000549316406,172.11000061035156,3860000,171.85000076293946,176.7603640469638,174.94483350118,171.92609985351564,48.22428719914846,1.682147434779576,0.00845797347144577
2022-06-08,172.77999877929688,173.4499969482422,172.6699981689453,172.88999938964844,5140800,171.91800079345703,176.61690951260653,175.0000835418701,171.9463498687744,47.739576981378974,1.6378609793526786,0.008224302894725574
2022-06-09,172.22999572753906,172.58999633789062,171.5800018310547,172.4499969482422,4701100,171.88850021362305,176.48727306019177,175.03400014241535,171.9642498779297,46.027004622845496,1.5021460396902901,0.008051918035324882
2022-06-10,174.5399932861328,174.94000244140625,170.4600067138672,170.88999938964844,16856100,172.10699996948242,176.35509116432883,175.0901667277018,171.99954986572266,53.561880364839304,1.7257167271205358,0.007757295243421283
2022-06-13,169.92999267578125,171.33999633789062,169.61000061035156,171.17999267578125,13265200,172.16399993896485,176.1150909423828,175.11383336385092,172.01084983825683,41.20029779399987,1.9814300537109375,0.009749259304465165
2022-06-14,168.57000732421875,169.72999572753906,168.3000030517578,169.61000061035156,7347900,172.07250061035157,175.8640000776811,175.1267500559489,172.0027498626709,38.38576453502802,1.9850006103515625,0.009670893818516678
2022-06-15,170.77000427246094,171.83999633789062,169.0800018310547,170.39999389648438,9000300,172.14450073242188,175.71327292702415,175.144916788737,172.00984985351562,44.93855344498711,2.0471420288085938,0.010021957190621943
2022-06-16,172.69000244140625,172.77000427246094,170.1699981689453,170.55999755859375,8823600,172.30800094604493,175.59600025523793,175.1759167989095,172.02484985351563,49.94213367325151,2.1385705130440846,0.010307491592055264
2022-06-17,171.27000427246094,172.3000030517578,170.97000122070312,172.14999389648438,7407200,172.2760009765625,175.4267275723544,175.19175020853677,172.0326998901367,46.571401750735845,2.1985702514648438,0.009974028608630425
2022-06-21,170.6300048828125,171.91000366210938,170.47000122070312,171.05999755859375,5608500,172.20600128173828,175.24454595392402,175.20833358764648,172.0395999145508,45.09415239807904,2.1592843191964284,0.010003693384364241
2022-06-22,171.30999755859375,172.3000030517578,171.10000610351562,171.61000061035156,6558700,172.13000106811523,175.0956368186257,175.2310002644857,172.0408499145508,47.01715183715146,2.179284232003348,0.009987248418567532
2022-06-23,170.25999450683594,172.1300048828125,169.89999389648438,171.38999938964844,6535300,171.9365005493164,174.91181862571023,175.23483352661134,172.05359985351564,44.42951604501007,2.179999215262277,0.009883724150204824
2022-06-24,170.08999633789062,170.74000549316406,169.85000610351562,170.24000549316406,6143100,171.7870002746582,174.74545482288707,175.22758344014485,172.0675998687744,44.00722759096502,2.0935701642717635,0.009814800386617176
2022-06-27,169.89999389648438,170.6699981689453,169.75,170.60000610351562,5719700,171.6440002441406,174.56800009987572,175.24066670735678,172.07694984436034,43.50946643384436,2.0707124982561385,0.009812145965304131
2022-06-28,169.6199951171875,170.2100067138672,169.50999450683594,170.07000732421875,2982700,171.4824996948242,174.373090986772,175.24108327229817,172.0891498565674,42.74221855812606,2.0328565325055803,0.009808898007113627
2022-06-29,169.49000549316406,170.6999969482422,169.1699981689453,170.5800018310547,4785600,171.4,174.15527288263493,175.24466667175292,172.09789985656738,42.368681137440035,2.086427961077009,0.009577925211865016
2022-06-30,168.4600067138672,169.9600067138672,168.24000549316406,169.50999450683594,9144400,171.2115005493164,173.9023640025746,175.25691668192545,172.09609985351562,39.428336638412254,2.123571123395647,0.009516334327045652
2022-07-01,168.32000732421875,168.67999267578125,166.9600067138672,167.13999938964844,11380300,170.91000061035157,173.62145496715198,175.2616667429606,172.09854988098144,39.03183376196763,1.9264275687081474,0.00898320614165273
2022-07-05,164.75,167.3300018310547,164.41000366210938,167.17999267578125,14035400,170.51850051879882,173.25963689630683,175.23241678873697,172.10214988708495,30.585303704716623,1.8535712105887276,0.009829866950374902
2022-07-06,162.13999938964844,164.57000732421875,161.47000122070312,164.32000732421875,11861100,170.0345001220703,172.86145518909802,175.16450017293295,172.0939998626709,26.132824380087058,1.9714290073939733,0.010282706591159802
2022-07-07,162.22999572753906,163.0399932861328,162.05999755859375,162.42999267578125,4588400,169.49899978637694,172.4545460094105,175.09358342488608,172.08044982910155,26.529986796286423,1.8078580583844865,0.01008140564025415
2022-07-08,162.3000030517578,163.3800048828125,161.83999633789062,162.35000610351562,4584100,168.975,172.09963684082032,175.0280834197998,172.06174987792969,26.859428310497833,1.7321439470563615,0.010101657246519012
2022-07-11,161.42999267578125,162.44000244140625,161.3800048828125,161.92999267578125,4321700,168.43499984741212,171.7127274946733,174.95941670735678,172.04179985046386,25.33881051610848,1.6850008283342635,0.01011460919337463
2022-07-12,160.8300018310547,161.6199951171875,160.72000122070312,161.22000122070312,5375100,167.7495002746582,171.3267275723544,174.8880833943685,172.02839988708496,24.316395144103936,1.6464287894112724,0.009330154905044838
2022-07-13,161.60000610351562,162.7100067138672,160.05999755859375,160.10000610351562,8456600,167.33300094604493,170.98690962357955,174.800750096639,172.01989990234375,28.314076945210857,1.7164295741489954,0.007889827607290827
2022-07-14,159.3300018310547,159.8300018310547,158.22000122070312,159.02000427246094,12213600,166.87100067138672,170.66472778320312,174.69808349609374,171.99834991455077,24.247799810283468,1.798571995326451,0.008221279767641556
2022-07-15,159.00999450683594,159.25,158.35000610351562,159.00999450683594,6783800,166.28300018310546,170.3318184592507,174.5974168141683,171.98314987182619,23.730410158377623,1.8050003051757812,0.007336865606827786
2022-07-18,159.16000366210938,160.42999267578125,159.0500030517578,160.0800018310547,5791800,165.60650024414062,170.02600042169743,174.4901668548584,171.97234985351562,24.543214900408117,1.840714590890067,0.006565902188265108
2022-07-19,159.5399932861328,159.8699951171875,159.3300018310547,159.47000122070312,3796200,165.0199996948242,169.7098186146129,174.38150011698406,171.94894981384277,26.674914729442392,1.8414273943219865,0.0066392738255058184
2022-07-20,158.0399932861328,159.82000732421875,158.02999877929688,159.7100067138672,4795800,164.39049911499023,169.3667275168679,174.2835834503174,171.916199798584,23.814826804242756,1.859999520438058,0.006768606662505609
2022-07-21,160.27000427246094,160.30999755859375,158.27000427246094,158.30999755859375,5863300,163.8384994506836,169.12381841486152,174.22250010172527,171.89074981689453,34.97689070631553,1.8992854527064733,0.00769681777693408
2022-07-22,160.6699981689453,162.1300048828125,160.35000610351562,160.5500030517578,5733800,163.35899963378907,168.8798184481534,174.1689167022705,171.87114982604982,36.76647629655244,1.9092864990234375,0.0077710405651962525
2022-07-25,160.22999572753906,160.6999969482422,159.80999755859375,160.63999938964844,3713400,162.8659996032715,168.59672740589488,174.10341669718426,171.84714981079102,35.605590910315556,1.6935719081333704,0.007758766430538034
2022-07-26,160.0399932861328,160.5,159.7899932861328,160.22999572753906,2672800,162.3729995727539,168.32236355868253,174.0351666768392,171.82654975891114,35.09034593721968,1.5100010463169642,0.0077579256668389805
2022-07-27,161.6699981689453,162.2100067138672,159.50999450683594,160.02000427246094,5766100,161.9754997253418,168.07236355868253,173.97541669209798,171.81374977111815,42.74496616381874,1.632859366280692,0.008295525102040664
2022-07-28,163.63999938964844,163.75999450683594,162.8800048828125,163.30999755859375,5606400,161.68299942016603,167.9043634588068,173.93408330281576,171.81234977722167,50.3635969871239,1.6721442086356026,0.008909645488426614
2022-07-29,164.10000610351562,164.69000244140625,163.27999877929688,163.88999938964844,7537300,161.46499938964843,167.77127269398082,173.89441668192546,171.8095497894287,51.97072919713841,1.6971446446010046,0.008902380634772581
2022-08-01,165.02999877929688,165.41000366210938,164.41000366210938,164.97999572753906,4666900,161.30049896240234,167.62963617498224,173.85208333333333,171.79674980163574,55.13353956259623,1.7264306204659599,0.009036907947472082
2022-08-02,164.0500030517578,166.4600067138672,164.02000427246094,165.66000366210938,5725400,161.26549911499023,167.51836353648793,173.7972499847412,171.77699981689454,51.29988572432048,1.7114301409040178,0.0077945418404741324
2022-08-03,164.4499969482422,164.91000366210938,163.47999572753906,164.77000427246094,4417800,161.38099899291993,167.43945451216265,173.74091657002768,171.77259979248046,52.74421388253292,1.5721446446010046,0.0068799125585839995
2022-08-04,167.1699981689453,167.30999755859375,165.33999633789062,165.52999877929688,5502000,161.62799911499025,167.38072731711648,173.71266657511393,171.78384979248048,61.17627136468115,1.7064307076590401,0.007733994587879603
2022-08-05,165.2899932861328,165.83999633789062,164.8699951171875,164.99000549316406,6023300,161.777498626709,167.3072726162997,173.64166653951008,171.7830497741699,54.00367425398664,1.7692881992885046,0.008245142093435716
2022-08-08,166.69000244140625,166.80999755859375,165.92999267578125,166.02999877929688,3456300,162.04049911499024,167.25763633034447,173.57458318074544,171.78199981689454,57.95684284663271,1.827146257672991,0.00826838011858102
2022-08-09,167.1999969482422,167.8000030517578,166.82000732421875,167.47999572753906,3205500,162.3589988708496,167.17199984463778,173.52558314005535,171.78424980163575,59.32815209836932,1.7785742623465401,0.008175774155529022
2022-08-10,166.77999877929688,167.97999572753906,166.6199951171875,167.38999938964844,4077300,162.61799850463868,167.07654529918324,173.4582497914632,171.7792997741699,57.66020284655003,1.713574000767299,0.008206513805112744
2022-08-11,166.33999633789062,167.66000366210938,166.30999755859375,167.16000366210938,4446000,162.96849822998047,166.95854519930754,173.36733309427896,171.76634979248047,55.88752720046434,1.6771458217075892,0.007419636197642176
2022-08-12,167.8699951171875,167.94000244140625,166.8300018310547,167.1699981689453,5151700,163.41149826049804,166.84472683993252,173.29024976094564,171.7672998046875,60.44171794610818,1.727860586983817,0.007509195183804176
2022-08-15,165.7100067138672,166.25,165.44000244140625,165.99000549316406,5236100,163.73899841308594,166.71072692871093,173.19208310445148,171.7552498626709,52.24174358219833,1.8507167271205358,0.008278792392150248
2022-08-16,165.4199981689453,165.72000122070312,165.17999267578125,165.30999755859375,4291500,164.03299865722656,166.5772724498402,173.0848331451416,171.74194984436036,51.23666366492936,1.6964307512555803,0.008321528433409737
2022-08-17,164.35000610351562,165.22999572753906,163.9499969482422,165.2100067138672,5569100,164.3484992980957,166.42272699529474,172.97824986775717,171.73044990539552,47.5981232157103,1.6521453857421875,0.00813666004395513
2022-08-18,163.9199981689453,164.91000366210938,163.5399932861328,164.60000610351562,3646100,164.53099899291993,166.29145424582742,172.87299982706705,171.71244987487793,46.178837105631125,1.6492887224469865,0.007671724517238336
2022-08-19,162.72000122070312,163.74000549316406,162.6199951171875,163.64999389648438,8173000,164.6334991455078,166.11854525479404,172.74249979654948,171.6902498626709,42.38097314756346,1.6485748291015625,0.007892241235356014
2022-08-22,161.63999938964844,162.1199951171875,161.36000061035156,161.66000366210938,4458100,164.7039993286133,165.8874542236328,172.57599983215331,171.66959983825683,39.25209742492254,1.5714318411690849,0.008027679668377462
2022-08-23,162.77000427246094,163.42999267578125,161.91000366210938,161.9600067138672,4425100,164.8404998779297,165.70909063165837,172.43466657002767,171.64519989013672,43.91746172631693,1.5971450805664062,0.008146317457903089
2022-08-24,163.25,163.61000061035156,162.3699951171875,162.44000244140625,3202400,164.91949996948242,165.55327231667258,172.28841654459634,171.61224990844727,45.82085341660408,1.481431143624442,0.007867091855121031
2022-08-25,163.75,163.99000549316406,163.24000549316406,163.97000122070312,2857500,164.925,165.38618136319246,172.12233327229816,171.57874992370606,47.807964114804435,1.3707166399274553,0.007405826321049703
2022-08-26,161.75999450683594,163.61000061035156,161.5500030517578,163.1199951171875,6689300,164.80799942016603,165.18581764914774,171.91691652933756,171.53109992980956,41.3134027746793,1.4192875453404017,0.007855449686537874
2022-08-29,161.86000061035156,162.6199951171875,161.6999969482422,161.8800048828125,4702300,164.64949951171874,164.99727228338068,171.66983324686686,171.4746499633789,41.7417186350288,1.4057159423828125,0.007720412724999827
2022-08-30,160.50999450683594,161.42999267578125,160.33999633789062,161.27000427246094,4856600,164.47249908447264,164.74218139648437,171.45891647338868,171.40659996032716,37.737712718855455,1.417144775390625,0.007820293903025443
2022-08-31,159.27000427246094,160.57000732421875,159.25999450683594,159.5,5438600,164.2134994506836,164.5483634255149,171.23283322652182,171.33069999694825,34.46732543734578,1.414288112095424,0.007910631779124423
2022-09-01,157.8699951171875,158.38999938964844,157.32000732421875,158.1699981689453,7390800,163.7484992980957,164.35381774902345,171.00599988301596,171.24915000915527,31.181681917193956,1.4392874581473214,0.006809811498624708
2022-09-02,159.25999450683594,160.05999755859375,159.13999938964844,159.35000610351562,5196900,163.44699935913087,164.1445448441939,170.81399981180826,171.18084999084473,37.54719245609546,1.4221452985491072,0.0069802913875289885
2022-09-06,158.3300018310547,159.4600067138672,158.32000732421875,159.1699981689453,4863800,163.02899932861328,163.8834539240057,170.64266649881998,171.1,35.20115114500281,1.4650017874581474,0.006591136424137189
2022-09-07,159.94000244140625,160.14999389648438,158.0800018310547,158.14999389648438,3981400,162.66599960327147,163.6774538907138,170.4754165649414,171.03,41.962008275264324,1.5078582763671875,0.00708285778602945
2022-09-08,158.97999572753906,159.86000061035156,158.7100067138672,159.5399932861328,4607100,162.2759994506836,163.46563554243608,170.2928332010905,170.96184997558595,39.3271352429482,1.4978572300502233,0.0071339382164613534
2022-09-09,159.82000732421875,160.24000549316406,159.41000366210938,159.72000122070312,3927800,161.95,163.2567266290838,170.130499903361,170.9172499847412,42.71657632374614,1.4950005667550224,0.0073352211018507
2022-09-12,160.6300048828125,161.6199951171875,160.5500030517578,161.0399932861328,4537500,161.58800048828124,163.08163590864703,169.9634999593099,170.88400001525878,45.8574837386998,1.52642822265625,0.007057091812822134
2022-09-13,158.5399932861328,159.27000427246094,158.38999938964844,158.47000122070312,6526400,161.22949981689453,162.8716358531605,169.78999989827474,170.84110000610352,39.79434872862343,1.5585719517299108,0.007068659985596797
2022-09-14,157.92999267578125,158.97999572753906,157.72999572753906,158.67999267578125,6091100,160.85499954223633,162.65399946732956,169.59099985758465,170.79649993896484,38.20656527380556,1.5592858450753349,0.00707741600164515
2022-09-15,154.97999572753906,157.49000549316406,154.6199951171875,156.75999450683594,13181200,160.3864990234375,162.38781766024502,169.35641644795734,170.7382999420166,31.633184808916155,1.742142813546317,0.007931913021255283
2022-09-16,155.83999633789062,156.55999755859375,154.33999633789062,154.66000366210938,7141200,159.98249893188478,162.1396356756037,169.135249710083,170.68999992370607,35.13675881429184,1.7435716901506697,0.008154354662062392
2022-09-19,155.9600067138672,156.0399932861328,154.82000732421875,154.8699951171875,5582800,159.64449920654297,161.91236294833098,168.94274978637696,170.63899993896484,35.63247995851293,1.7649993896484375,0.008102755106389093
2022-09-20,155.07000732421875,155.22999572753906,154.58999633789062,155.02999877929688,5943700,159.31599960327148,161.67145385742188,168.74216651916504,170.5881499481201,33.582687721665025,1.7542855398995536,0.008077890723999127
2022-09-21,155.7899932861328,157.25,154.00999450683594,155.97000122070312,7816100,158.96699905395508,161.50854464444248,168.53558311462402,170.5339498901367,36.752448693588505,1.8921421595982142,0.00795585468572488
2022-09-22,155.6999969482422,156.47999572753906,155.30999755859375,156.25999450683594,5975200,158.5894989013672,161.39145369096235,168.32766647338866,170.4813498687744,36.51784446076143,1.836427961077009,0.007875363046211578
2022-09-23,153.00999450683594,154.0,152.63999938964844,153.89999389648438,9598000,158.052498626709,161.2238173051314,168.1069164276123,170.41234985351562,30.293286969914362,1.8985704694475447,0.008434995307645654
2022-09-26,151.22999572753906,153.50999450683594,151.02999877929688,153.22000122070312,8240500,157.52599868774413,161.02254444469105,167.86408309936525,170.3339998626709,27.0122183498124,1.9942844935825892,0.008407223275171332
2022-09-27,151.5399932861328,152.72999572753906,151.5,152.25,7151300,157.0099983215332,160.84272627397016,167.63324966430665,170.2622998046875,28.465362006583618,1.953570774623326,0.008448567298621116
2022-09-28,154.69000244140625,154.8800048828125,152.92999267578125,153.1999969482422,8977200,156.71899871826173,160.7310899214311,167.42516632080077,170.20284980773926,41.262481059953,2.1042861938476562,0.009909817121486808
2022-09-29,154.66000366210938,155.02999877929688,153.16000366210938,154.13999938964844,6317000,156.48849868774414,160.60490805886008,167.21116638183594,170.1411498260498,41.18691417298676,2.1478565761021207,0.009815383235514352
2022-09-30,154.6699981689453,156.0399932861328,154.57000732421875,154.94000244140625,6832400,156.32849884033203,160.52018071954902,166.9878330230713,170.0872998046875,41.225533736175244,2.1242850167410716,0.00966406267806749
2022-10-03,158.42999267578125,158.47999572753906,155.22999572753906,155.44000244140625,10362200,156.2869987487793,160.50963523171166,166.78833300272623,170.04869979858398,53.576070057603275,2.2364273071289062,0.011017375370919586
2022-10-04,160.6999969482422,161.0800018310547,158.9199981689453,159.17999267578125,8024500,156.40549850463867,160.53763510964134,166.5960829416911,170.01139976501466,59.15623503669838,2.336427961077009,0.011391005222329373
2022-10-05,159.80999755859375,160.0800018310547,158.3800048828125,159.32000732421875,5296300,156.39899826049805,160.54254427823153,166.38908297220866,169.97144973754882,56.29895261172529,2.2657132829938615,0.011252036494132483
2022-10-06,159.6300048828125,159.94000244140625,158.9499969482422,159.41000366210938,5712600,156.4314987182617,160.57145357998934,166.185666402181,169.93414978027343,55.712871139693505,2.1778564453125,0.011167203147311906
2022-10-07,157.8800048828125,158.97999572753906,157.67999267578125,158.4600067138672,5030000,156.3344985961914,160.5279990456321,165.96291643778483,169.8884497833252,50.237044877138395,2.2300011771065846,0.0113718022903425
2022-10-10,155.47999572753906,156.35000610351562,155.1199951171875,155.94000244140625,6110800,156.07699813842774,160.43363536487925,165.74341634114583,169.82289978027345,43.868932487530834,2.329286847795759,0.01174203049363121
2022-10-11,155.16000366210938,156.80999755859375,154.9199981689453,155.49000549316406,5306700,155.90799865722656,160.34145369096237,165.5138329823812,169.75384979248048,43.08474278700342,2.2328578404017856,0.011431272277018567
2022-10-12,155.99000549316406,156.2899932861328,155.25999450683594,155.50999450683594,3998500,155.8109992980957,160.26781754927202,165.2965830485026,169.68694984436036,45.79153964906357,2.2300000871930803,0.011496128052714678
2022-10-13,154.91000366210938,155.72999572753906,152.9199981689453,153.47999572753906,7083800,155.80749969482423,160.14490855823863,165.08508313496907,169.61829986572266,42.93050521034667,2.230715070452009,0.010800162467321465
2022-10-14,152.97999572753906,154.1999969482422,152.72000122070312,154.02000427246094,5471900,155.66449966430665,159.95109030983664,164.88449974060057,169.5402498626709,38.32251897223782,2.2100012642996654,0.011063495019939237
2022-10-17,153.4199981689453,155.3300018310547,153.32000732421875,154.9199981689453,4348000,155.53749923706056,159.75690834738992,164.68533299763996,169.45834983825682,39.906156663658926,2.270715985979353,0.011089897513940248
2022-10-18,153.75,154.24000549316406,153.24000549316406,154.0800018310547,4528400,155.47149887084962,159.5518174604936,164.5000830332438,169.3722998046875,41.12708641692919,2.103572300502232,0.011044617763011626
2022-10-19,151.69000244140625,152.49000549316406,151.5399932861328,152.08999633789062,8257100,155.2664993286133,159.32709017666903,164.28974978129068,169.28909980773926,36.184860047748295,2.1278588431222096,0.011346307548125668
2022-10-20,151.4499969482422,153.22999572753906,151.27000427246094,151.9199981689453,5019800,155.0539993286133,159.0907265403054,164.07758305867512,169.1984997558594,35.64738107532851,2.1628592354910716,0.011345296986508829
2022-10-21,154.14999389648438,154.30999755859375,151.8300018310547,151.97999572753906,6898400,155.1109992980957,158.85399918989702,163.91524963378907,169.12394973754883,45.461753350987536,2.0950023106166293,0.011461905071602652
2022-10-24,153.64999389648438,154.05999755859375,153.05999755859375,153.4499969482422,4673300,155.23199920654298,158.64236283735795,163.7449162801107,169.05724967956542,44.11984848304271,1.9835728236607142,0.011146227640293074
2022-10-25,154.0,154.7899932861328,153.8300018310547,153.9600067138672,3434100,155.35499954223633,158.41163552024148,163.5632495880127,168.98849967956542,45.33621797701892,1.8992876325334822,0.011147633579962018
2022-10-26,154.97999572753906,155.72999572753906,154.77999877929688,154.77999877929688,4448200,155.36949920654297,158.18945367986507,163.39533284505208,168.92209968566894,48.70313211357339,1.9521440778459822,0.01021882375187561
2022-10-27,154.74000549316406,155.08999633789062,154.22000122070312,154.7100067138672,3654900,155.3734992980957,157.9705447110263,163.2229995727539,168.8443497467041,47.924655737336806,1.875,0.01022566148847097
2022-10-28,153.16000366210938,153.5399932861328,152.5,152.9600067138672,4645400,155.2979995727539,157.73090848055753,163.05866622924805,168.75644973754882,43.04630392002682,1.8378568376813615,0.010481164497859628
2022-10-31,151.91000366210938,152.8699951171875,151.88999938964844,152.16000366210938,6097800,154.9720001220703,157.44072681773793,162.89608294169108,168.66519973754882,39.610986436388885,1.7935714721679688,0.008830839266635705
2022-11-01,153.4600067138672,153.97999572753906,152.8699951171875,153.82000732421875,4603600,154.61000061035156,157.21799954501066,162.7347496032715,168.58414978027344,45.42688688959947,1.8607145036969865,0.008468656102039892
2022-11-02,152.38999938964844,155.4199981689453,152.25999450683594,154.16000366210938,7210900,154.2390007019043,156.98109047629617,162.58658294677736,168.49914978027343,42.39174366444524,1.867142813546317,0.008503804532441412
2022-11-03,151.80999755859375,151.9600067138672,150.57000732421875,150.6999969482422,5378800,153.84800033569337,156.75309032093395,162.4450829823812,168.39779975891113,40.800421324889726,1.8407135009765625,0.008504786397916828
2022-11-04,156.47000122070312,156.60000610351562,154.66000366210938,154.9499969482422,7692000,153.7775001525879,156.6176358309659,162.328999710083,168.32189979553223,55.31438912543138,2.0149993896484375,0.01103994158281215
2022-11-07,155.85000610351562,156.57000732421875,155.80999755859375,156.22000122070312,4425700,153.7960006713867,156.49272682883523,162.2166664123535,168.24569984436036,53.43724218147899,1.9978572300502233,0.010520192554738251
2022-11-08,159.4499969482422,159.8699951171875,155.97999572753906,155.99000549316406,11299600,154.01050033569337,156.45290860262784,162.13358306884766,168.1827998352051,61.58841635847109,2.127141680036272,0.01167971765038356
2022-11-09,158.64999389648438,160.35000610351562,158.4499969482422,159.36000061035156,6040600,154.14349975585938,156.37799932306464,162.02308298746746,168.11314979553222,59.111954034307544,2.122857230050223,0.011726507369635007
2022-11-10,163.47999572753906,163.50999450683594,161.66000366210938,162.00999450683594,9939900,154.57199935913087,156.38218106356535,161.95183296203612,168.08159980773925,67.5862294832319,2.265714372907366,0.013285864871011339
2022-11-11,164.55999755859375,164.5800018310547,163.4199981689453,163.91000366210938,4622400,155.1509994506836,156.3969082919034,161.88291625976564,168.06639976501464,69.1270303221305,2.270714896065848,0.01281047089724786
2022-11-14,164.9199981689453,165.24000549316406,164.14999389648438,164.1999969482422,6187600,155.7259994506836,156.45436290394176,161.80616620381673,168.0554997253418,69.64500736703332,2.267144339425223,0.012813817051282652
2022-11-15,165.5,166.22999572753906,164.55999755859375,165.27000427246094,9903500,156.3134994506836,156.52054471102628,161.74299952189128,168.04254974365233,70.50364759467111,2.2628587995256697,0.012808778324272184
2022-11-16,165.1199951171875,165.7100067138672,164.8300018310547,165.41000366210938,3645800,156.98499908447266,156.60436290394176,161.67933286031086,168.0269997406006,69.12404270385889,2.263573782784598,0.012254326606988159
2022-11-17,163.9199981689453,164.11000061035156,163.39999389648438,163.7899932861328,4574400,157.6084991455078,156.6889082475142,161.60491612752278,168.00239974975585,64.8111512985054,2.2264306204659596,0.01246264076426127
2022-11-18,162.7899932861328,163.69000244140625,162.67999267578125,163.3800048828125,4321100,158.04049911499024,156.77836275967684,161.53533274332682,167.97334968566895,60.95433584348943,2.224287850516183,0.012246941406339976
2022-11-21,161.8800048828125,162.5,161.27999877929688,162.44000244140625,4766500,158.45199966430664,156.82599931196734,161.44908281962077,167.93844970703125,57.96296709438107,2.1842880249023438,0.012318917121956994
2022-11-22,162.07000732421875,162.60000610351562,161.72000122070312,162.3000030517578,3203800,158.8555000305176,156.89399941184303,161.34674949645995,167.8982497406006,58.42178378593111,2.0214309692382812,0.012323303988280476
2022-11-23,163.0800018310547,163.24000549316406,161.55999755859375,161.69000244140625,4167000,159.26050033569337,156.95109030983664,161.2675828297933,167.8604997253418,60.86688100390396,2.011432102748326,0.012321236915156939
2022-11-25,163.22000122070312,163.42999267578125,162.75999450683594,162.85000610351562,1436500,159.68450012207032,157.02818131880326,161.195916112264,167.82054969787598,61.207423035468565,1.7171456473214286,0.012290075846714968
2022-11-28,161.92999267578125,163.05999755859375,161.91000366210938,162.92999267578125,4052900,160.1229995727539,157.06654468883167,161.1041660308838,167.7773996734619,56.34211302936846,1.7564304896763392,0.01217236188717194
2022-11-29,162.72999572753906,163.6300048828125,162.60000610351562,162.6999969482422,2620600,160.66399917602538,157.10472634055398,161.02041600545246,167.72199966430665,58.54295329633598,1.5907178606305803,0.011897597915474845
2022-11-30,164.80999755859375,164.80999755859375,162.39999389648438,163.69000244140625,4874700,161.23149871826172,157.2187264182351,160.95858268737794,167.6723496246338,63.67083485966012,1.6271460396902901,0.011987548717213631
2022-12-01,167.83999633789062,167.9499969482422,166.97999572753906,167.47999572753906,8625800,162.00399856567384,157.39890830300072,160.90274937947592,167.64614959716798,69.57471691088946,1.504288809640067,0.012145796349334052
2022-12-02,167.25999450683594,167.47000122070312,165.75999450683594,166.17999267578125,5185900,162.77649841308593,157.62218100807883,160.8804993947347,167.60814956665038,67.31946778526148,1.5700029645647322,0.01213281056137725
2022-12-05,164.38999938964844,166.72000122070312,164.32000732421875,166.5500030517578,5436200,163.1724983215332,157.77763560901988,160.84566599527994,167.54384956359863,57.403834523712334,1.7021440778459822,0.01148477472183638
2022-12-06,164.83999633789062,165.5399932861328,164.4499969482422,165.1999969482422,3597800,163.62199783325195,157.9390899658203,160.79624926249187,167.48244956970214,58.437533737388875,1.6650009155273438,0.011382568528137354
2022-12-07,166.3300018310547,166.63999938964844,165.32000732421875,165.47000122070312,4610700,163.96599807739258,158.14381713867186,160.7432492574056,167.4266495513916,61.747660786290886,1.730715070452009,0.010464539526765543
2022-12-08,166.47000122070312,167.0500030517578,166.07000732421875,166.5800018310547,3217900,164.35699844360352,158.3379991011186,160.7032492319743,167.36754959106446,62.053461486027096,1.6778575352260046,0.010334059675080328
2022-12-09,167.05999755859375,168.08999633789062,166.60000610351562,167.25999450683594,5431300,164.53599853515624,158.54454456676137,160.67349917093912,167.31714958190918,63.3820259919683,1.7049996512276786,0.007983126867006368
2022-12-12,165.67999267578125,166.60000610351562,165.42999267578125,166.44000244140625,3504400,164.5919982910156,158.77490816983308,160.62658246358237,167.2627995300293,58.245289597334924,1.7135718209402901,0.008135496816455886
2022-12-13,168.50999450683594,169.7899932861328,168.02000427246094,169.2100067138672,6750200,164.77149810791016,159.0890899658203,160.61199913024902,167.2134494781494,64.584130450591,1.9442858014787947,0.0089512974277719
2022-12-14,168.10000610351562,168.80999755859375,167.13999938964844,168.42999267578125,5643000,164.90149841308593,159.39018110795453,160.5954158782959,167.14584953308105,63.089845657246826,1.943570818219866,0.008966140004113304
2022-12-15,165.35000610351562,166.2100067138672,165.10000610351562,165.72999572753906,8363000,164.91299896240236,159.58399935635654,160.5574993133545,167.07394958496093,54.055561478760744,2.109999520438058,0.009741148609495744
2022-12-16,166.7899932861328,166.97999572753906,165.83999633789062,166.02000427246094,5372000,165.0564987182617,159.80454462224787,160.53391596476237,167.00389953613282,57.48839249771266,2.1328560965401784,0.009758966779319053
2022-12-19,166.32000732421875,167.11000061035156,165.99000549316406,166.7100067138672,3940500,165.232999420166,160.01636297052556,160.5074993133545,166.917099609375,56.017258371821356,2.091426304408482,0.009629047412857658
2022-12-20,169.0800018310547,169.52999877929688,168.02999877929688,168.10000610351562,7803100,165.59299926757814,160.20999950062145,160.51266593933104,166.83044960021974,62.143821230350106,2.1485682896205356,0.010082825418692347
2022-12-21,168.8000030517578,169.7100067138672,168.67999267578125,169.0399932861328,3990100,165.92949905395508,160.35727233886718,160.51666590372722,166.71689964294433,61.21227223632652,1.9978550502232142,0.010118167470149484
2022-12-22,166.75999450683594,167.75999450683594,166.05999755859375,167.75999450683594,5672700,166.11349868774414,160.48363591974433,160.53341585795084,166.62159957885743,54.77037233860086,2.0449981689453125,0.010543130812532343
2022-12-23,167.25999450683594,167.8000030517578,166.66000366210938,166.8800048828125,2912300,166.31549835205078,160.62236300381747,160.57608248392742,166.5258995819092,55.99279655035753,1.9164276123046875,0.01055066752076747
2022-12-27,168.6699981689453,170.61000061035156,167.8000030517578,167.88999938964844,6885700,166.652498626709,160.81854469992896,160.62974917093914,166.44379959106445,59.33089019945074,2.073571341378348,0.010434228628920808
2022-12-28,167.91000366210938,168.33999633789062,167.10000610351562,168.0500030517578,3662500,166.9114990234375,161.0445448441939,160.6764991760254,166.3718495941162,56.828716312485845,2.0571419852120534,0.01051204831046489
2022-12-29,168.85000610351562,169.35000610351562,168.52000427246094,168.5399932861328,3345900,167.1134994506836,161.2934539794922,160.73833262125652,166.32164962768556,59.12486013005224,2.0899996076311385,0.010229535322280338
2022-12-30,169.63999938964844,169.89999389648438,168.8000030517578,169.25999450683594,2864500,167.2034996032715,161.541635686701,160.81174926757814,166.2697996520996,61.00211929179782,2.0528564453125,0.009451525079304716
2023-01-03,171.05999755859375,172.08999633789062,170.02000427246094,171.32000732421875,7992900,167.39349975585938,161.83527193936433,160.89058252970378,166.22064964294432,64.18606793215204,2.1114273071289062,0.009555392261046396
2023-01-04,172.6699981689453,173.08999633789062,171.85000610351562,172.86000061035156,7574600,167.80749969482423,162.19327198375356,161.00174916585286,166.18749961853027,67.43267734652423,1.9628557477678572,0.008680375589475825
2023-01-05,170.52000427246094,171.0,169.7899932861328,170.82000732421875,4692600,168.09150009155275,162.50418118563564,161.09766591389973,166.13674964904786,59.655462050131064,2.0492847987583707,0.009300417802440326
2023-01-06,173.7100067138672,173.9600067138672,171.22999572753906,171.75999450683594,7889000,168.46050033569335,162.86709039861506,161.21891593933105,166.10849967956543,65.93344836709889,2.080713544573103,0.009929945821444429
2023-01-09,174.10000610351562,175.0399932861328,173.8800048828125,174.50999450683594,5134500,168.84200057983398,163.2745450106534,161.34024937947592,166.06994972229003,66.61738145354715,2.0592847551618303,0.009924651989182595
2023-01-10,174.74000549316406,174.97999572753906,174.05999755859375,174.61000061035156,4398400,169.2260009765625,163.69799971147017,161.47941614786785,166.0279997253418,67.76121904870747,2.044999258858817,0.009925572932813022
2023-01-11,174.6199951171875,174.7899932861328,173.72000122070312,174.75999450683594,3374200,169.67300109863282,164.0701815518466,161.59899940490723,165.98919967651366,67.29557463989488,1.8921421595982142,0.009642021062417
2023-01-12,176.63999938964844,176.7100067138672,174.8800048828125,176.00999450683594,6936900,170.07950134277343,164.4881816517223,161.7320827484131,165.97709968566895,70.91812002190858,1.9678562709263392,0.009280525175916788
2023-01-13,178.75999450683594,178.8300018310547,176.88999938964844,176.9600067138672,7468800,170.61250076293945,164.9383633700284,161.88649940490723,165.9751996612549,74.15383779063166,1.928570338657924,0.009444754075620067
2023-01-17,177.58999633789062,178.24000549316406,177.08999633789062,178.2100067138672,6610800,171.2245002746582,165.3494542902166,162.03274943033855,165.96024963378906,69.55436999783572,1.9664273943219865,0.008596180647048656
2023-01-18,177.0800018310547,179.17999267578125,176.89999389648438,178.9199981689453,5384700,171.7390007019043,165.75563604181463,162.1611661275228,165.94239967346192,67.58648898600177,1.889998299734933,0.00862478226833763
2023-01-19,179.88999938964844,180.02999877929688,178.08999633789062,178.3699951171875,6678700,172.4175003051758,166.24163596413354,162.29658279418945,165.94434967041016,72.24586020802896,1.988570077078683,0.008963107654239584
2023-01-20,179.2899932861328,179.66000366210938,178.64999389648438,179.05999755859375,5754800,172.9279998779297,166.7394539572976,162.42316602071125,165.9389496612549,69.93419350886376,1.9742845807756697,0.00858528239741389
2023-01-23,179.6300048828125,179.69000244140625,177.77999877929688,178.35000610351562,5265500,173.46949996948243,167.21527210582386,162.54483273824056,165.94089965820314,70.51004319123955,2.0321426391601562,0.00852102623601832
2023-01-24,180.27999877929688,180.32000732421875,178.35000610351562,179.55999755859375,4604600,174.14550018310547,167.72236300381746,162.68008270263672,165.94399963378908,71.62874676677008,1.9978572300502233,0.007730222508924778
2023-01-25,181.11000061035156,181.22000122070312,179.2899932861328,179.35000610351562,6925300,174.83800048828124,168.25509033203124,162.81891606648762,165.94784965515137,73.03540701364086,1.9907150268554688,0.007728334615867513
2023-01-26,179.47000122070312,180.27000427246094,178.4600067138672,180.14999389648438,5860100,175.37800064086915,168.67327215021308,162.92141609191896,165.93784965515135,66.06538741250739,1.974285670689174,0.008178380242748423
2023-01-27,179.22000122070312,179.72000122070312,178.25999450683594,179.27000427246094,6052700,175.94350051879883,169.09818115234376,163.0374994913737,165.92209968566894,65.04631683835719,1.832857404436384,0.008053894938138814
2023-01-30,178.75999450683594,179.42999267578125,178.64999389648438,179.2899932861328,4210700,176.43899993896486,169.44927201704544,163.13808275858563,165.89704963684082,63.11707796070312,1.7935725620814733,0.00813752208386103
2023-01-31,179.41000366210938,179.6999969482422,178.5399932861328,178.82000732421875,5976900,176.9275001525879,169.8267267400568,163.2398328145345,165.87084968566896,64.70986109860122,1.810715811593192,0.008128776443333681
2023-02-01,181.6699981689453,181.72999572753906,178.6300048828125,179.75,7996000,177.45800018310547,170.15745405717328,163.36391614278156,165.858999710083,69.62192659746196,1.9557157244001115,0.008332624449430314
2023-02-02,177.89999389648438,181.11000061035156,177.74000549316406,181.0800018310547,8842400,177.71949996948243,170.39999944513494,163.46024945576985,165.82544967651367,55.695234845797245,2.0871429443359375,0.009732096208220624
2023-02-03,173.4600067138672,175.42999267578125,173.1199951171875,174.9199981689453,13674400,177.86650009155272,170.5552723277699,163.5068328857422,165.78364967346192,44.42456625472321,2.2721426827566966,0.010997756997688525
2023-02-06,173.82000732421875,174.4600067138672,173.27999877929688,174.11000061035156,8957000,177.87200012207032,170.7065451882102,163.57441622416178,165.73919967651366,45.389536029900505,2.2371433803013394,0.010179779445124248
2023-02-07,173.97999572753906,175.27000427246094,173.47000122070312,173.72000122070312,6794200,177.8659996032715,170.86763610839844,163.64574953715007,165.6987996673584,45.839608650256956,2.2028579711914062,0.01016926272378272
2023-02-08,174.41000366210938,174.99000549316406,173.8300018310547,174.94000244140625,4075600,177.84949951171876,171.0583634810014,163.72958285013834,165.66939971923827,47.10150218558723,2.0750013078962053,0.0101499884962396
2023-02-09,173.02999877929688,175.52000427246094,172.8699951171875,175.49000549316406,5361300,177.7699996948242,171.24454539905895,163.80549952189128,165.649299697876,43.59131909369135,2.175715855189732,0.010301488357674388
2023-02-10,173.36000061035156,173.67999267578125,172.6300048828125,173.6300048828125,2971100,177.6059997558594,171.4532725941051,163.89416618347167,165.62949966430665,44.65351702287994,2.114286150251116,0.009930253947152261
2023-02-13,172.47999572753906,172.89999389648438,172.07000732421875,172.6999969482422,3970800,177.29199981689453,171.6425451105291,163.98449948628743,165.61199966430664,42.36266921124682,2.0657141549246654,0.009487789614957741
2023-02-14,172.61000061035156,173.50999450683594,171.41000366210938,171.97000122070312,5403100,177.0430000305176,171.81581781560723,164.06649945576984,165.5903997039795,42.82929994957875,2.077855791364397,0.009433597866456441
2023-02-15,170.88999938964844,170.99000549316406,170.16000366210938,170.60000610351562,5423800,176.73349990844727,171.95527232776988,164.13016611735026,165.5602996826172,38.399822686356636,2.063570295061384,0.009624088357956745
2023-02-16,170.75,171.60000610351562,169.9600067138672,170.33999633789062,4540400,176.27649993896483,172.11563609730115,164.1884994506836,165.54589965820313,38.05483514121392,2.0764269147600447,0.008696424864030355
2023-02-17,171.25999450683594,171.47000122070312,169.52000427246094,169.8699951171875,4809800,175.875,172.27072698419744,164.26766611735027,165.53174964904784,40.16376668936536,2.159998212541853,0.008781534760232646
2023-02-21,170.6199951171875,171.5,170.33999633789062,171.1999969482422,4035900,175.42449951171875,172.3763633034446,164.3406660715739,165.505849609375,38.397109256698315,2.159998212541853,0.008731691350242267
2023-02-22,169.66000366210938,170.9600067138672,169.55999755859375,170.80999755859375,4105700,174.89349975585938,172.40945434570312,164.41691614786785,165.47849960327147,35.849824842394,2.0385709490094865,0.008633039394439717
2023-02-23,169.57000732421875,170.1300048828125,169.0800018310547,169.83999633789062,5073500,174.31650009155274,172.45145457874645,164.50274950663248,165.44924964904786,35.611313490012975,1.832857404436384,0.008469963469758198
2023-02-24,168.35000610351562,168.83999633789062,168.19000244140625,168.4199981689453,6496500,173.76050033569337,172.52345470081676,164.59008293151857,165.42659965515136,32.458683325090135,1.5900006975446428,0.008412896067278932
2023-02-27,169.00999450683594,169.22999572753906,168.5500030517578,168.8800048828125,4509200,173.25,172.59927284934304,164.67133293151855,165.41454963684083,35.771326875211386,1.568570818219866,0.008554307786577536
2023-02-28,169.77999877929688,170.25,168.58999633789062,168.77999877929688,6761600,172.80100021362304,172.6620000665838,164.7667495727539,165.39934959411622,39.49957755087567,1.5585708618164062,0.008715376373510208
2023-03-01,170.75999450683594,171.49000549316406,170.47000122070312,170.9499969482422,6590500,172.36849975585938,172.7399999445135,164.85691617329914,165.40229957580567,43.95823103382097,1.5978567940848214,0.008807606181776461
2023-03-02,170.66000366210938,170.97999572753906,170.36000061035156,170.52000427246094,3950700,171.81800003051757,172.80545460094106,164.9542495727539,165.41164962768553,43.605126250550335,1.4528557913643974,0.008087673994822719
2023-03-03,172.49000549316406,172.60000610351562,170.97999572753906,171.4499969482422,6894500,171.54750061035156,172.92927301580255,165.05983289082846,165.42209968566894,51.31327252938511,1.5164282662527901,0.0075117440794213695
2023-03-06,171.6199951171875,172.3699951171875,171.5399932861328,172.32000732421875,4264100,171.45550003051758,172.9858184814453,165.15141614278158,165.4335496520996,47.95726939766756,1.4921439034598214,0.00520726190063504
2023-03-07,168.6199951171875,170.47000122070312,168.52000427246094,170.4199981689453,8713300,171.19549942016602,172.99527282714843,165.23541615804035,165.42954963684082,38.58590472560727,1.5635724748883928,0.006394852388171812
2023-03-08,168.5399932861328,169.58999633789062,168.52000427246094,168.61000061035156,5718600,170.9234992980957,173.05327259410512,165.3238328297933,165.41269958496093,38.3705720086396,1.4650006975446428,0.006374662973111274
2023-03-09,170.1999969482422,170.64999389648438,169.7100067138672,169.75,5583000,170.71299896240234,173.11527266068893,165.45066617329914,165.40354957580567,45.203795325060234,1.4985722133091517,0.006818710635560212
2023-03-10,173.8699951171875,173.8800048828125,171.9199981689453,171.92999267578125,13803400,170.75499877929687,173.25254516601564,165.60091616312664,165.40874954223634,56.6480517792439,1.6221444266183036,0.00831290933439637
2023-03-13,177.86000061035156,178.02000427246094,176.3000030517578,176.66000366210938,20554400,170.97999877929686,173.41218150745738,165.783416112264,165.42739952087402,65.16596506602185,1.8357162475585938,0.00973940006898127
2023-03-14,176.8300018310547,177.58999633789062,176.2100067138672,177.35000610351562,10019000,171.19749908447267,173.5581814852628,165.96474939982096,165.44614952087403,61.79079045115528,1.8535723005022322,0.009765414326349128
2023-03-15,178.2100067138672,180.1300048828125,177.49000549316406,178.86000061035156,14546100,171.47749938964844,173.76636352539063,166.15158284505208,165.47339958190918,64.44767121660917,2.014286586216518,0.009871667785939118
2023-03-16,178.57000732421875,179.64999389648438,177.8699951171875,179.50999450683594,10762200,171.86149978637695,173.9720001220703,166.3421662648519,165.5019995880127,65.12887533246287,2.0428575788225447,0.009486143109450739
2023-03-17,183.77000427246094,184.80999755859375,180.77000427246094,181.02000427246094,24156300,172.5125,174.2465456875888,166.59849967956544,165.56514961242675,73.13582719011032,2.425714765276228,0.011187260292548504
2023-03-20,183.83999633789062,184.5399932861328,182.74000549316406,184.19000244140625,11845700,173.14150009155273,174.53618191805754,166.8702496846517,165.6231996154785,73.22494449555681,2.435713631766183,0.01121164278541233
2023-03-21,180.3699951171875,182.72999572753906,179.89999389648438,182.64999389648438,10734500,173.62900009155274,174.74563626376064,167.1104996999105,165.65329956054688,62.20715619131261,2.594999040876116,0.012201059747449113
2023-03-22,183.44000244140625,183.94000244140625,180.27999877929688,180.39999389648438,11969600,174.31800003051757,174.99654541015624,167.3500830332438,165.70759956359862,66.94582314376748,2.8121425083705356,0.012421622239967331
2023-03-23,185.74000549316406,186.24000549316406,183.60000610351562,183.91000366210938,11347100,175.12649993896486,175.26345464533026,167.6090830485026,165.77719955444337,69.98247610860014,2.873571123395647,0.012514964655779096
2023-03-24,183.64999389648438,185.99000549316406,183.6199951171875,185.61000061035156,9245900,175.8914993286133,175.4630909312855,167.85058301289877,165.83074951171875,64.20982549597346,2.974999564034598,0.012747620299834391
2023-03-27,181.9499969482422,182.14999389648438,180.69000244140625,181.14999389648438,6925000,176.5384994506836,175.6709089799361,168.0465830485026,165.87659950256347,59.88296035531746,2.9649996076311385,0.013111001041506214
2023-03-28,183.44000244140625,183.6199951171875,182.1199951171875,182.30999755859375,6202600,177.22149963378905,175.84781799316406,168.23608309427897,165.9326495361328,62.2820390160373,3.007857186453683,0.013147482904325077
2023-03-29,182.52999877929688,183.27000427246094,182.24000549316406,182.49000549316406,4996500,177.80999984741212,176.00109058726918,168.42541643778483,165.97259956359864,59.92501652566576,2.942856924874442,0.013287852130216622
2023-03-30,184.17999267578125,184.44000244140625,182.5500030517578,182.75,6360300,178.4859992980957,176.17272671786222,168.6299996693929,166.04384956359863,62.682644317143144,2.8164280482700894,0.013309358118063585
2023-03-31,183.22000122070312,184.4199981689453,182.8000030517578,184.11000061035156,8003300,179.02249908447266,176.32909046519887,168.841166305542,166.11709953308105,60.09176623257692,2.6357127598353793,0.013356490577809993
2023-04-03,184.5399932861328,185.0399932861328,183.32000732421875,183.85000610351562,9206600,179.66849899291992,176.47272671786223,169.0833329518636,166.1859494781494,62.39348068097146,2.647855486188616,0.013243448697890733
2023-04-04,187.97999572753906,188.22999572753906,184.66000366210938,184.72000122070312,13765400,180.6364990234375,176.64036310369318,169.3568328857422,166.26239944458007,67.63270980411313,2.6757125854492188,0.012649982470160859
2023-04-05,187.8300018310547,188.86000061035156,186.77999877929688,188.33999633789062,11440800,181.6009994506836,176.82654502175072,169.62216618855794,166.34519943237305,67.19313913766905,2.697141374860491,0.012658260622735396
2023-04-06,186.49000549316406,187.25999450683594,185.9499969482422,186.88999938964844,6648400,182.41549987792968,176.99763599742542,169.8853328704834,166.4244994354248,63.23883145276605,2.385713849748884,0.012918722120329025
2023-04-10,185.11000061035156,185.36000061035156,184.19000244140625,185.17999267578125,6408100,182.97750015258788,177.09254511052913,170.1530829111735,166.4934994506836,59.364187917165275,2.421429225376674,0.01254200187872164
2023-04-11,186.27999877929688,186.50999450683594,185.63999938964844,185.91000366210938,6031500,183.39850006103515,177.21963611949573,170.4269162495931,166.57359947204588,61.51699980509573,2.2400000435965404,0.011686772854259973
2023-04-12,187.19000244140625,187.66000366210938,185.97000122070312,187.5399932861328,10000900,183.91650009155273,177.35709062056108,170.70558293660483,166.65909950256346,63.15212939067515,2.099285670689174,0.011536770672420874
2023-04-13,189.72000122070312,190.41000366210938,188.99000549316406,189.75999450683594,14060100,184.49199981689452,177.52872702858664,171.02249959309896,166.75819953918457,67.31075648692206,2.1292855398995534,0.011733215252301836
2023-04-14,186.36000061035156,188.49000549316406,185.1699981689453,188.0800018310547,13272500,184.88149948120116,177.6241815740412,171.31341629028321,166.8418995666504,57.9558659407007,2.284999302455357,0.01263257259822247
2023-04-17,185.52999877929688,185.92999267578125,184.10000610351562,185.88999938964844,7468100,184.96949920654296,177.7343633478338,171.5749163309733,166.92209953308105,55.88949263079821,2.234999520438058,0.010993129085473253
2023-04-18,186.25,186.99000549316406,185.0399932861328,185.24000549316406,8056900,185.08999938964843,177.8621815074574,171.8465830485026,167.01104949951173,57.311371031180315,2.255000523158482,0.011018389451999067
2023-04-19,185.36000061035156,185.5800018310547,184.27999877929688,184.35000610351562,7373500,185.33949966430663,177.9821816184304,172.1079163869222,167.09624946594238,54.95330803038423,2.3100008283342635,0.01011338421902794
2023-04-20,186.08999633789062,187.02999877929688,185.77999877929688,186.13999938964844,5789900,185.47199935913085,178.10363603071733,172.36716639200847,167.20294944763182,56.533060214397196,2.2928575788225447,0.009452307941070727
2023-04-21,184.25,185.67999267578125,183.22000122070312,184.97999572753906,10698700,185.39749908447266,178.15054515491832,172.61308301289876,167.3134994506836,51.619242812104154,2.382143293108259,0.00931063062919624
2023-04-24,184.80999755859375,185.02999877929688,183.4600067138672,184.07000732421875,8303400,185.45549926757812,178.2761815851385,172.87683296203613,167.42639945983888,52.959362465553376,2.364286150251116,0.00897309187271267
2023-04-25,185.75,186.22000122070312,184.3000030517578,184.83999633789062,8451900,185.645499420166,178.4996360085227,173.15883293151856,167.54364944458007,55.20248191037449,2.2378572736467635,0.008734625223721886
2023-04-26,184.74000549316406,186.64999389648438,184.3000030517578,186.6300048828125,8203600,185.71049957275392,178.69818142977627,173.41949958801268,167.660199508667,52.31587650474907,2.2571422031947543,0.008681399135747284
2023-04-27,184.75,184.99000549316406,183.3800048828125,183.89999389648438,9107400,185.82149963378907,178.89399968927557,173.6891662597656,167.7797994995117,52.34243403685142,2.237856183733259,0.00859070054332365
2023-04-28,184.8000030517578,185.3800048828125,184.1699981689453,184.7899932861328,6700400,185.85250015258788,179.08290876908737,173.96408297220867,167.89579948425293,52.48501591265073,2.159999302455357,0.008360104344232117
2023-05-01,183.97000122070312,186.22000122070312,183.91000366210938,186.0500030517578,7997700,185.8900001525879,179.28181790438566,174.19324963887533,168.01899948120118,49.82056142303962,2.224999564034598,0.00833705797933035
2023-05-02,187.52000427246094,187.63999938964844,184.52000427246094,184.64999389648438,14680600,186.03900070190429,179.539272516424,174.4571662902832,168.1615495300293,59.33047256145106,2.3664278302873885,0.009256666990704938
2023-05-03,189.11000061035156,189.2100067138672,186.92999267578125,187.61000061035156,11133800,186.09550094604492,179.84163624156605,174.70433298746744,168.3112995147705,62.73677482240615,2.299285888671875,0.008474072099427368
2023-05-04,190.44000244140625,191.36000061035156,188.80999755859375,188.86000061035156,14146800,186.2260009765625,180.16581809303977,174.9692497253418,168.46579956054688,65.35101436721501,2.156428745814732,0.00859902097271006
2023-05-05,187.4600067138672,187.5800018310547,185.77000427246094,186.55999755859375,12508100,186.27450103759764,180.46709095348012,175.16908315022786,168.61289962768555,55.88982426304561,2.3285718645368303,0.009198425265962734
2023-05-08,187.69000244140625,188.6699981689453,187.49000549316406,187.82000732421875,6075400,186.40350112915038,180.7750909978693,175.36183319091796,168.74999961853027,56.41430103785854,2.2757132393973216,0.009018885692967339
2023-05-09,189.02000427246094,189.3300018310547,188.07000732421875,188.1199951171875,7098800,186.5405014038086,181.09800026633522,175.56266657511392,168.89174964904785,59.41917009381727,2.252141680036272,0.009045444821661053
2023-05-10,188.75,189.63999938964844,187.82000732421875,188.97999572753906,9392100,186.61850128173828,181.42763671875,175.75641657511395,169.03434967041017,58.53687442585879,2.2628555297851562,0.009004319567585795
2023-05-11,187.1300048828125,188.80999755859375,186.86000061035156,188.44000244140625,8245500,186.48900146484374,181.74527310458097,175.9398333231608,169.16979972839354,53.412313001782145,2.197141374860491,0.008666625115448285
2023-05-12,186.80999755859375,187.9199981689453,186.5800018310547,187.42999267578125,7087500,186.51150131225586,182.0587274724787,176.13058331807454,169.29549972534178,52.43578247764714,2.180713108607701,0.0076928185273988795
2023-05-15,187.2100067138672,187.8800048828125,187.02999877929688,187.3000030517578,5518100,186.5955017089844,182.40163657448508,176.33408342997234,169.41334976196288,53.57829308086103,2.119999476841518,0.007626212267184631
2023-05-16,184.8699951171875,186.82000732421875,184.4600067138672,186.5800018310547,9519500,186.52650146484376,182.69000022194604,176.52566668192546,169.51719970703124,46.536174642814174,2.148571559361049,0.008106057073420441
2023-05-17,184.22999572753906,184.4499969482422,183.47999572753906,184.30999755859375,7474300,186.47000122070312,182.9527274391868,176.71033325195313,169.61319969177245,44.80174912409522,2.132857186453683,0.008073399081866519
2023-05-18,181.83999633789062,182.27999877929688,181.33999633789062,182.10000610351562,8812600,186.25750122070312,183.15418201793324,176.86666653951008,169.70214965820313,38.96182529815506,2.252856663295201,0.008484070902326977
2023-05-19,183.63999938964844,184.33999633789062,181.80999755859375,182.25,8435000,186.22700119018555,183.39018194025212,177.03683319091797,169.79809967041015,44.79798634359189,2.268571036202567,0.008561202965232089
2023-05-22,183.2100067138672,183.83999633789062,182.91000366210938,183.22000122070312,4834300,186.14700164794922,183.58509105335582,177.21416664123535,169.87829971313477,43.72250407019235,2.0728563581194197,0.008540853445041127
2023-05-23,183.42999267578125,183.75999450683594,182.47999572753906,182.77999877929688,6345000,186.03100128173827,183.7998182816939,177.38666661580405,169.968999710083,44.4571724387186,2.0014266967773438,0.008453229975082169
2023-05-24,181.9499969482422,183.5399932861328,181.77000427246094,183.5399932861328,6732900,185.8915008544922,184.04218195134942,177.5294999440511,170.04529968261718,40.615675963468455,1.945711408342634,0.00855245751353531
2023-05-25,180.1999969482422,181.30999755859375,180.10000610351562,181.17999267578125,6919200,185.66400070190429,184.25418201793323,177.63249994913738,170.11029968261718,36.5896286530643,1.7442823137555803,0.00877655565178551
2023-05-26,180.9199981689453,181.3000030517578,180.08999633789062,181.00999450683594,5823700,185.47000045776366,184.44909113103694,177.74633331298827,170.18099967956542,39.257457840615174,1.7442834036690849,0.00884884353298992
2023-05-30,182.0399932861328,182.39999389648438,181.1699981689453,181.72000122070312,4906100,185.37350006103514,184.59763655229048,177.89341659545897,170.25949966430665,43.25671884192962,1.7328545706612724,0.008950284592961657
2023-05-31,182.32000732421875,183.4499969482422,182.10000610351562,182.38999938964844,8497900,185.11350021362304,184.67872758345172,178.0390833536784,170.3317497253418,44.24508597155122,1.7035696847098214,0.007673979668011996
2023-06-01,183.75999450683594,184.2100067138672,182.72000122070312,182.80999755859375,7300500,184.84599990844725,184.8047274502841,178.18433329264323,170.42199966430664,49.150277204566095,1.6992841448102678,0.007635713129325705
2023-06-02,181.0500030517578,183.55999755859375,180.9600067138672,183.52999877929688,8726100,184.37649993896486,184.85636374733664,178.30583330790202,170.5001496887207,41.71264787435082,1.8035692487444197,0.007916779907934709
2023-06-05,182.13999938964844,182.44000244140625,180.60000610351562,180.7899932861328,5748800,184.1104995727539,184.92127269398082,178.43149998982747,170.58909965515136,45.29816851563003,1.8585684640066964,0.0074934160781149105
2023-06-06,182.33999633789062,182.64999389648438,181.52000427246094,182.36000061035156,4967200,183.84299926757814,184.8952725497159,178.5703333536784,170.6811996459961,45.955093356723786,1.7428534371512276,0.007491082866276923
2023-06-07,180.14999389648438,183.0,180.14999389648438,181.94000244140625,9066500,183.3994987487793,184.8281815962358,178.6673333485921,170.768349609375,40.25433781815509,1.847139630998884,0.007566725561461554
2023-06-08,182.52999877929688,183.0399932861328,181.9600067138672,182.0,6394100,183.08849868774413,184.86745439009232,178.78758328755697,170.87279960632324,47.82873485001038,1.847139630998884,0.008332281234123707
2023-06-09,182.0399932861328,182.7899932861328,181.72000122070312,182.36000061035156,4379200,182.83399810791016,184.84199967817827,178.9266665140788,170.9691495513916,46.52106204523876,1.7428534371512276,0.008176580233905795
2023-06-12,181.8800048828125,181.94000244140625,181.0399932861328,181.8000030517578,4873600,182.5874984741211,184.77181784889916,179.05241661071778,171.06229957580567,46.07808940761609,1.7478539603097099,0.008176745223848602
2023-06-13,180.5399932861328,182.42999267578125,180.1699981689453,182.10000610351562,5126700,182.25399780273438,184.7152723832564,179.17091649373373,171.14624954223632,42.433559800301424,1.8178536551339286,0.00824202983128429
2023-06-14,180.63999938964844,181.9600067138672,180.13999938964844,181.69000244140625,6807000,182.04249801635743,184.6914542458274,179.267249806722,171.2406495666504,42.797195883497785,1.8214263916015625,0.007856313675274652
2023-06-15,181.91000366210938,182.0500030517578,180.17999267578125,180.27999877929688,6739000,181.92649841308594,184.66363608620384,179.37649981180826,171.34089958190918,47.345952658229535,1.8228563581194197,0.00804038437472209
2023-06-16,181.6300048828125,182.6199951171875,181.41000366210938,181.92999267578125,8779100,181.91599884033204,184.6472725608132,179.50041656494142,171.44649963378907,46.46860708209363,1.8228552682059151,0.007503072530502583
2023-06-20,179.75,180.08999633789062,179.22000122070312,180.05999755859375,7584200,181.72149887084962,184.56672723943538,179.6044999440511,171.54889961242677,40.977935939975666,1.889284406389509,0.007458726084491474
2023-06-21,179.49000549316406,179.9499969482422,178.19000244140625,179.14999389648438,6702300,181.53549880981444,184.4989091352983,179.69466667175294,171.65699966430665,40.2692894771881,1.9142837524414062,0.007453211052303473
2023-06-22,177.7100067138672,178.99000549316406,177.6300048828125,178.36000061035156,7945000,181.24949951171874,184.3747275612571,179.7763333638509,171.7492497253418,35.7154670298187,1.9121409824916296,0.007691329161172913
2023-06-23,178.1999969482422,179.9499969482422,178.08999633789062,179.60000610351562,5419800,181.06199951171874,184.19690940163352,179.85424995422363,171.84859970092774,37.800632379282796,1.8721411568777901,0.007589037990991466
2023-06-26,178.50999450683594,179.0800018310547,178.4199981689453,179.0500030517578,3222100,180.97749938964844,184.02745472301137,179.92816658020018,171.9414496612549,39.145508178986525,1.803570338657924,0.007331849395811262
2023-06-27,177.69000244140625,179.2899932861328,177.42999267578125,179.07000732421875,5036900,180.81599960327148,183.86745466752487,179.9834166208903,172.03499969482422,36.8743043816866,1.8557139805385046,0.0073095461242911825
2023-06-28,177.27999877929688,177.69000244140625,176.6999969482422,177.22999572753906,5866700,180.5779998779297,183.72509099786933,180.02183329264324,172.1222996520996,35.75718331845903,1.7228567940848214,0.00712179969490759
2023-06-29,177.08999633789062,177.6300048828125,175.7899932861328,175.8300018310547,6862500,180.31649932861328,183.55800004438922,180.07658322652182,172.204599609375,35.22461081937762,1.647857666015625,0.0070909051518606055
2023-06-30,178.27000427246094,178.52999877929688,177.32000732421875,177.69000244140625,6420900,180.04199981689453,183.3958182594993,180.11458320617675,172.30324966430663,41.09267883030756,1.6742869785853796,0.007010325824678292
2023-07-03,178.47000122070312,179.33999633789062,178.4600067138672,178.61000061035156,4085700,179.9129997253418,183.19127280495383,180.15099983215333,172.40594970703125,42.05087648580425,1.6792864118303572,0.0062923650030663305
2023-07-05,177.83999633789062,179.4199981689453,177.8300018310547,179.41000366210938,5650600,179.6979995727539,183.03636363636363,180.1768330891927,172.52024971008302,39.8518063931673,1.6314293997628349,0.006115533453820016
2023-07-06,177.30999755859375,177.8000030517578,176.66000366210938,177.50999450683594,5133000,179.44649963378907,182.8869090687145,180.19924977620443,172.62759971618652,38.049103778187764,1.5857140677315849,0.0061036951974347475
2023-07-07,178.63999938964844,179.64999389648438,178.35000610351562,178.3800048828125,5201100,179.37099990844726,182.74854542125354,180.2159164428711,172.74099967956542,44.79744880661155,1.6192844935825892,0.005869974584508584
2023-07-10,178.77999877929688,178.9199981689453,178.25999450683594,178.3699951171875,3320500,179.18349990844726,182.62890902432528,180.2160831451416,172.85954963684082,45.47079351291009,1.5799996512276786,0.004936323957627434
2023-07-11,179.4499969482422,179.7100067138672,179.1300048828125,179.42999267578125,2818800,179.05400009155272,182.5081817626953,180.23158315022786,172.97784965515137,48.696029067012134,1.474285670689174,0.0050311873757080865
2023-07-12,181.8800048828125,181.9499969482422,181.10000610351562,181.17999267578125,7062000,179.05400009155272,182.4650909423828,180.27158317565917,173.1087496948242,58.32404104191557,1.5271432059151786,0.005953565285371916
2023-07-13,182.00999450683594,182.14999389648438,181.49000549316406,181.9600067138672,4527900,179.12750015258788,182.41418179598722,180.28924980163575,173.25374969482422,58.76978647692551,1.4414280482700892,0.005694621998406717
2023-07-14,181.42999267578125,182.1699981689453,181.11000061035156,181.58999633789062,5390000,179.16699981689453,182.33563620827414,180.3070831298828,173.40474967956544,55.89705149568997,1.3571428571428572,0.005751169416285542
2023-07-17,181.55999755859375,181.6300048828125,180.63999938964844,180.99000549316406,4152400,179.14949951171874,182.27781788219104,180.323166402181,173.55484970092775,56.41136707663653,1.3650000435965401,0.005527385613115048
2023-07-18,183.63999938964844,184.22999572753906,182.32000732421875,182.7899932861328,8238000,179.24999923706054,182.25763605291192,180.35116640726724,173.69959968566894,63.70435243678814,1.4228570120675224,0.006082964889744185
2023-07-19,183.6699981689453,183.83999633789062,182.8699951171875,183.4499969482422,3911600,179.4459991455078,182.23709050958806,180.37249972025555,173.84464965820314,63.7984295653025,1.4214281354631697,0.005517745388920644
2023-07-20,182.74000549316406,183.77000427246094,182.47000122070312,183.72999572753906,4972900,179.6084991455078,182.21472695090554,180.39974975585938,173.9849996948242,58.71734371141924,1.3828560965401786,0.005662750178929209
2023-07-21,182.17999267578125,182.4600067138672,181.67999267578125,182.05999755859375,3845400,179.8319984436035,182.1176358309659,180.42441635131837,174.10374969482422,55.833671742465015,1.3557139805385046,0.0051577984489271575
2023-07-24,181.39999389648438,182.5399932861328,181.33999633789062,182.22000122070312,4370000,179.99199829101562,181.97745389071378,180.4464163462321,174.20724967956542,52.00288864071449,1.3650000435965401,0.0052884176859300195
2023-07-25,182.41000366210938,182.47000122070312,181.10000610351562,181.72000122070312,4090100,180.1869987487793,181.8314539129084,180.4714163462321,174.320249710083,56.19410662602879,1.349285670689174,0.005388604496346046
2023-07-26,183.3000030517578,183.63999938964844,182.30999755859375,182.66000366210938,6158400,180.46749877929688,181.7558174826882,180.48499972025553,174.43859970092774,59.54632248015415,1.3600006103515625,0.0052774539326979055
2023-07-27,180.4199981689453,181.63999938964844,180.32000732421875,181.63999938964844,7592800,180.6244987487793,181.6236355868253,180.50599975585936,174.5512996673584,47.009823874550975,1.405714852469308,0.006504203768291278
2023-07-28,181.86000061035156,182.27000427246094,181.25,181.47999572753906,3828800,180.86299896240234,181.49345370205967,180.57599970499675,174.68319969177247,52.40535376106771,1.4907150268554688,0.006672721359097267
2023-07-31,182.35000610351562,183.08999633789062,182.30999755859375,182.42999267578125,5494800,181.06699905395507,181.37709017666904,180.64708302815754,174.8191497039795,54.11737595559635,1.5121427263532365,0.006564559258608723
2023-08-01,180.4600067138672,181.3800048828125,180.19000244140625,180.85000610351562,6239700,181.16649932861327,181.2558174826882,180.7010831197103,174.941499710083,47.0825034236145,1.4878572736467635,0.0070517781927983665
2023-08-02,179.60000610351562,180.7899932861328,179.41000366210938,180.57000732421875,6339700,181.25449981689454,181.12472672895953,180.74433314005535,175.06494972229004,44.26294201385676,1.5392859322684151,0.007094943761350676
2023-08-03,179.5399932861328,179.9499969482422,179.27999877929688,179.44000244140625,4636300,181.3659996032715,180.98527193936434,180.79858309427897,175.197749710083,44.06463315754316,1.5114288330078125,0.007050842480991925
2023-08-04,180.19000244140625,180.77000427246094,179.85000610351562,180.25,5326200,181.44349975585936,180.90018116344106,180.85549977620443,175.33159973144532,46.842591778710684,1.5285720825195312,0.00690422350271864
2023-08-07,179.77999877929688,180.14999389648438,179.27000427246094,180.14999389648438,4510400,181.49349975585938,180.81927212801847,180.91633313496908,175.4617497253418,45.31388726747311,1.4035720825195312,0.006930387465387504
2023-08-08,178.63999938964844,179.3300018310547,178.4600067138672,178.63999938964844,6162900,181.4529998779297,180.76109036532316,180.96658312479656,175.596499710083,41.279998910808864,1.4285714285714286,0.007032778706008396
2023-08-09,177.7899932861328,178.9199981689453,177.77999877929688,178.67999267578125,4644000,181.2484992980957,180.6547266179865,181.02408307393392,175.72819969177246,38.52608984148294,1.417142595563616,0.006303084359380297
2023-08-10,177.60000610351562,178.6999969482422,177.5399932861328,178.22000122070312,5934600,181.0279998779297,180.5527266068892,181.08116645812987,175.8454497528076,37.91720773872444,1.4242847987583704,0.006288395570531612
2023-08-11,177.60000610351562,178.36000061035156,177.49000549316406,177.6999969482422,5289700,180.8365005493164,180.44672685102984,181.1339998881022,175.9651998138428,37.91720773872444,1.4007132393973214,0.006275949924178415
2023-08-14,177.05999755859375,177.5800018310547,176.5800018310547,176.86000061035156,9554500,180.61150054931642,180.35781777121804,181.18766657511392,176.08049980163574,36.039603831790686,1.375713893345424,0.006276599025164901
2023-08-15,176.58999633789062,177.42999267578125,176.3300018310547,176.75,7582700,180.2590003967285,180.29218139648438,181.24541651407878,176.1885498046875,34.441050749292785,1.3592845371791296,0.005522676908670292
2023-08-16,175.57000732421875,176.9499969482422,175.55999755859375,176.6199951171875,6559400,179.8540008544922,180.19490883567116,181.29541651407877,176.29269981384277,31.206099539875396,1.245713370186942,0.005563111527920891
2023-08-17,175.3000030517578,176.55999755859375,174.92999267578125,176.52999877929688,7937700,179.48200073242188,180.07236355868253,181.35333315531412,176.40339981079103,30.39230493583419,1.229998997279576,0.005524590088726846
2023-08-18,175.3300018310547,176.05999755859375,175.10000610351562,175.8300018310547,6253000,179.13950119018554,179.9452725497159,181.40599988301594,176.52049980163574,30.60882452320392,1.2107129778180803,0.005541025800639119
2023-08-21,175.80999755859375,175.94000244140625,174.9600067138672,175.89999389648438,4206400,178.86000137329103,179.80072715065697,181.45624987284342,176.63224975585936,34.1389262200332,1.1264266967773438,0.0056041647207351825
2023-08-22,176.10000610351562,176.25,175.30999755859375,175.8300018310547,5892200,178.54450149536132,179.71072720614347,181.50074996948243,176.7507997894287,36.24914315833324,1.094999040876116,0.005407311334766747
2023-08-23,177.88999938964844,178.22000122070312,177.07000732421875,177.32000732421875,7949100,178.27400131225585,179.63345447887073,181.56099993387858,176.881199798584,47.44245619795852,1.1985702514648438,0.005858428230738418
2023-08-24,177.85000610351562,178.49000549316406,177.41000366210938,177.66000366210938,5526400,178.14550170898437,179.55181829279118,181.6056666056315,176.98809982299804,47.24287056605343,1.1878553118024553,0.004807619325881793
2023-08-25,177.6199951171875,178.3800048828125,176.6300048828125,177.5800018310547,6132800,177.93350143432616,179.5058183149858,181.65566660563152,177.0969497680664,46.04316829268004,1.2471411568777901,0.004351175975720968
2023-08-28,178.1300048828125,178.72999572753906,177.50999450683594,177.64999389648438,4740700,177.722501373291,179.4258184259588,181.73491668701172,177.19034980773927,49.12799420340229,1.2399989536830358,0.004359618309794684
2023-08-29,179.8699951171875,179.8800048828125,177.89999389648438,178.02999877929688,7576600,177.69300079345703,179.38636391379617,181.82933336893717,177.29644981384277,57.959001508213106,1.299999782017299,0.004446110772043011
2023-08-30,180.32000732421875,180.8800048828125,180.2899932861328,180.5800018310547,6593700,177.7290008544922,179.35800032182172,181.91366678873698,177.38064987182617,59.89792381625725,1.2892859322684151,0.004345241651226877
2023-08-31,180.02000427246094,180.49000549316406,179.94000244140625,180.3699951171875,4795600,177.75300140380858,179.3485459761186,181.96491686503092,177.4579499053955,57.978202473880465,1.2664293561662947,0.004364118703549591
2023-09-01,180.11000061035156,181.1199951171875,179.50999450683594,180.8000030517578,4970700,177.74900131225587,179.33890963467684,181.98366686503093,177.53389991760253,58.4088394442682,1.3085719517299108,0.004288358179297627
2023-09-05,178.63999938964844,179.44000244140625,178.63999938964844,179.3300018310547,7056800,177.69200134277344,179.2794550115412,181.9987501780192,177.5995999145508,49.487853696935886,1.3350012642996651,0.004639389298452253
2023-09-06,177.8300018310547,179.00999450683594,177.6999969482422,178.3300018310547,6427200,177.65150146484376,179.21036404696378,181.99558347066244,177.66314994812012,45.37536169642592,1.329286847795759,0.004532072193613209
2023-09-07,178.02000427246094,178.3699951171875,177.89999389648438,178.30999755859375,3257200,177.66300201416016,179.17890957919033,181.9910001118978,177.7336499786377,46.49849828254899,1.2514288766043526,0.004410463820487571
2023-09-08,178.0800018310547,179.0500030517578,177.89999389648438,178.36000061035156,3292700,177.6870018005371,179.15327314897016,181.94358342488607,177.8101000213623,46.869984769974515,1.2650015694754464,0.004402492421325572
2023-09-11,178.41000366210938,179.07000732421875,178.25999450683594,178.97000122070312,3689100,177.7275016784668,179.16600036621094,181.89833348592123,177.8927500152588,48.968828209750995,1.265716552734375,0.004418769280934459
2023-09-12,177.49000549316406,177.6999969482422,177.0500030517578,177.11000061035156,4445400,177.7490020751953,179.15309143066406,181.87433357238768,177.9698500061035,43.77677467693722,1.2957164219447546,0.004525419972969644
2023-09-13,177.0800018310547,177.75,177.0399932861328,177.52999877929688,3874800,177.77350234985352,179.12709156383167,181.82133356730142,178.0398500061035,41.65698515294391,1.1950029645647322,0.004514904093421987
2023-09-14,177.1699981689453,177.38999938964844,176.36000061035156,176.5,6184400,177.85350189208984,179.11763694069603,181.74991683959962,178.1095999908447,42.3172478157757,1.1914313180106026,0.004294188466462621
2023-09-15,178.33999633789062,179.11000061035156,178.33999633789062,178.5500030517578,5620900,178.0055015563965,179.13690962357956,181.70566685994467,178.19165000915527,50.20665234201037,1.205002920968192,0.00447661747309766
2023-09-18,179.38999938964844,179.41000366210938,178.3800048828125,178.82000732421875,5049300,178.20850143432617,179.17872786088424,181.68433354695637,178.27495002746582,56.02020386724189,1.194289071219308,0.004610182524996682
2023-09-19,179.22000122070312,179.64999389648438,179.02999877929688,179.5399932861328,4224700,178.37900161743164,179.19600053267047,181.6491668701172,178.34700004577635,54.902565745061644,1.0971450805664062,0.004617253897487599
2023-09-20,179.35000610351562,180.66000366210938,179.32000732421875,179.33999633789062,9328000,178.54150161743163,179.21200062144885,181.62266693115234,178.4045500946045,55.631571030536925,1.1278588431222099,0.004614730245741772
2023-09-21,178.0500030517578,178.49000549316406,177.69000244140625,177.86000061035156,7571900,178.54950180053712,179.21581892533735,181.57158368428549,178.4585001373291,47.38312828932414,1.2071446010044642,0.00441818964434601
2023-09-22,178.6199951171875,178.9499969482422,178.50999450683594,178.64999389648438,3634800,178.5880012512207,179.23963706276635,181.53325030008952,178.5296501159668,50.82581076814244,1.1564298357282365,0.004472882851773947
2023-09-25,177.6999969482422,178.7100067138672,177.63999938964844,178.41000366210938,5582100,178.59200134277344,179.2225461092862,181.4762503306071,178.59395011901856,45.635669189666615,1.1278588431222099,0.004622478447008418
2023-09-26,176.27999877929688,177.13999938964844,176.16000366210938,176.8300018310547,7181100,178.49950103759767,179.17709156383168,181.3787503560384,178.64370010375976,39.013564710353904,1.144287109375,0.004901128113974343
2023-09-27,174.10000610351562,175.32000732421875,173.6999969482422,175.27000427246094,10919600,178.21100158691405,179.07981900301846,181.2643337249756,178.68185012817383,31.46490338105741,1.2900020054408483,0.004956779259664798
2023-09-28,173.22999572753906,174.13999938964844,172.32000732421875,173.91000366210938,10061900,177.85650100708008,178.92254610928623,181.1538336435954,178.71270011901856,29.049205352758364,1.337857927594866,0.004912226535371006
2023-09-29,171.4499969482422,174.02999877929688,171.27000427246094,173.9199981689453,10427400,177.42800064086913,178.73054615367542,181.04000027974448,178.74155014038087,24.846231192374702,1.4642857142857142,0.005247882004145028
2023-10-02,169.64999389648438,170.4600067138672,169.5,170.22999572753906,12706000,176.90500030517578,178.51636435768822,180.90141690572102,178.7472501373291,21.46421492643765,1.5064283098493303,0.005495912932833428
2023-10-03,169.16000366210938,170.0800018310547,168.75,169.13999938964844,11459800,176.43100051879884,178.29090992320667,180.75116691589355,178.75255012512207,20.640577850542456,1.5507136753627233,0.005358646577661666
2023-10-04,169.13999938964844,169.41000366210938,168.5,169.2100067138672,10034600,175.99650039672852,178.02727355957032,180.57966690063478,178.77150009155272,20.605813776181392,1.542142595563616,0.005370445547286025
2023-10-05,168.8300018310547,169.0,168.3000030517578,168.74000549316406,6970200,175.5370002746582,177.75745544433593,180.43358357747397,178.78170013427734,20.042461475875555,1.4635707310267858,0.005308141982405607
2023-10-06,169.6999969482422,170.22999572753906,168.5,169.1699981689453,9948400,175.11800003051758,177.5203643798828,180.3016668955485,178.79860008239746,26.145037628750885,1.5107127598353796,0.005553546785812565
2023-10-09,172.82000732421875,172.86000061035156,171.0800018310547,171.17999267578125,10201500,174.83850021362304,177.35018282803622,180.189750289917,178.81730010986328,42.95884324539841,1.6921419416155135,0.007203894829824697
2023-10-10,172.52999877929688,172.8000030517578,171.89999389648438,172.0800018310547,5844000,174.5904998779297,177.1889101895419,180.08283360799155,178.83595008850097,42.001666147115095,1.6549998692103796,0.007154459365180445
2023-10-11,173.7899932861328,174.1300048828125,173.25999450683594,173.60000610351562,7128000,174.4259994506836,177.0321827281605,179.98033358256023,178.87110008239745,47.47724182521703,1.650714329310826,0.007407954846169311
2023-10-12,173.25999450683594,174.22999572753906,173.24000549316406,174.05999755859375,5912700,174.23049926757812,176.84963711825284,179.8887502034505,178.90110008239745,45.53007339545779,1.6571426391601562,0.007414789813952494
2023-10-13,178.8300018310547,179.10000610351562,176.72000122070312,176.88999938964844,18796500,174.25499954223633,176.82072809392756,179.83891690572102,178.951900100708,62.7982637771404,1.9978572300502233,0.010406274273414234
2023-10-16,177.9600067138672,178.3300018310547,177.5399932861328,177.83999633789062,8385400,174.18349990844726,176.74981911399146,179.77400029500325,179.0021501159668,59.61904242463364,1.9800011771065849,0.010374024475948419
2023-10-17,178.2899932861328,179.1300048828125,177.97999572753906,178.3699951171875,8231900,174.13699951171876,176.67600069912996,179.720250193278,179.04935005187988,60.43717661675061,1.879286629813058,0.010384436386879602
2023-10-18,180.8699951171875,182.02000427246094,179.75,180.88999938964844,13920800,174.21299896240234,176.68345503373578,179.68791681925455,179.1055000305176,66.20269578619377,2.015716552734375,0.01089201391610261
2023-10-19,183.08999633789062,183.42999267578125,180.82000732421875,181.0399932861328,13406600,174.464998626709,176.74690940163353,179.67366676330568,179.16565002441405,70.22374265212395,2.0050016130719865,0.011036977757450384
2023-10-20,183.58999633789062,185.22999572753906,183.08999633789062,183.42999267578125,12785700,174.71349868774413,176.8205458207564,179.6705000559489,179.22025001525878,71.05890986109742,2.018573216029576,0.011033558763985547
2023-10-23,182.97000122070312,183.55999755859375,182.7100067138672,183.50999450683594,9479800,174.97699890136718,176.87109125310724,179.6325833638509,179.2825,68.49350641895897,1.9864294869559151,0.010984903300657168
2023-10-24,182.9499969482422,183.39999389648438,181.67999267578125,182.07000732421875,6594000,175.31049880981445,176.92872758345172,179.58125,179.32869995117187,68.40769180667736,2.044286455426897,0.010764947957627361
2023-10-25,183.72000122070312,184.3000030517578,182.0399932861328,183.4199981689453,10087000,175.79149856567383,177.02109125310724,179.52524998982747,179.37679992675783,69.96745626568757,2.145715985979353,0.010232603146249917
2023-10-26,184.00999450683594,184.49000549316406,182.8699951171875,183.39999389648438,7671400,176.33049850463868,177.13418218439276,179.49649988810222,179.42314987182618,70.5570308566804,2.137859889439174,0.010075281521169228
2023-10-27,186.14999389648438,186.36000061035156,183.47000122070312,183.75999450683594,14102800,177.06549835205078,177.2896365079013,179.4836664835612,179.48079986572264,74.53056018426346,2.1185738699776784,0.009732913440179689
2023-10-30,185.10000610351562,185.6999969482422,184.72999572753906,185.5399932861328,8756400,177.83799896240234,177.42600014426492,179.45099983215331,179.523099899292,69.56955875934904,2.1542870657784596,0.009402679443861323
2023-10-31,184.08999633789062,186.2100067138672,183.5,185.0800018310547,10104600,178.5844985961914,177.5538183038885,179.41216646830242,179.54974990844727,65.08188675710446,2.2335728236607144,0.00952433585134978
2023-11-01,183.50999450683594,185.0,182.6699981689453,183.91000366210938,9048600,179.3029983520508,177.67963645241477,179.38199971516926,179.579349899292,62.585211496950976,2.3292879377092635,0.009621684552623383
2023-11-02,184.1199951171875,184.27999877929688,183.5,184.1300048828125,7343700,180.06749801635743,177.8350907759233,179.35958302815754,179.61454986572267,64.14318209333044,1.9678584507533483,0.00952209671929785
2023-11-03,184.7899932861328,185.47000122070312,184.35000610351562,184.47999572753906,8530400,180.82199783325194,178.00763605291192,179.33941624959309,179.63904983520507,65.82637924473376,1.9721439906529017,0.009521702116990048
2023-11-06,183.35000610351562,184.22999572753906,183.33999633789062,184.13999938964844,8274700,181.3484977722168,178.1534543124112,179.32674967447917,179.65934989929198,59.37521457172089,1.9921439034598214,0.009281376729008809
2023-11-07,182.58999633789062,182.64999389648438,181.75,182.25,6795800,181.85149765014648,178.27672701748935,179.31308301289877,179.6741498565674,56.24231428199907,1.8400006975446428,0.009362887226772474
2023-11-08,180.77000427246094,182.07000732421875,180.57000732421875,182.00999450683594,6738300,182.20049819946288,178.36163607510653,179.3041664123535,179.6765998840332,49.505837763148946,1.7978581019810267,0.009722873271431409
2023-11-09,181.49000549316406,182.27999877929688,180.88999938964844,180.97999572753906,6486300,182.61199874877929,178.4270907315341,179.28624979654947,179.67849990844726,51.95740869391947,1.7528577532087053,0.00965700550083033
2023-11-10,179.50999450683594,180.58999633789062,179.25,180.50999450683594,7606600,182.64599838256837,178.4572723388672,179.2554163614909,179.67869987487794,45.42573729655246,1.8500017438616072,0.007139707564914404
2023-11-13,180.50999450683594,180.72999572753906,179.11000061035156,179.39999389648438,5385900,182.77349777221679,178.50981778231534,179.23108304341633,179.6851498413086,48.918413348491,1.8428584507533483,0.007130320843860574
2023-11-14,182.1199951171875,182.75,181.6199951171875,181.6999969482422,6831600,182.96499786376953,178.582363059304,179.2324996948242,179.70194984436034,54.02047427625586,1.8414295741489954,0.007359956039729388
2023-11-15,181.63999938964844,182.17999267578125,181.30999755859375,182.02999877929688,4909400,183.00349807739258,178.6145449551669,179.24449971516927,179.71309982299806,52.341951692722425,1.7878570556640625,0.006686110077231908
2023-11-16,183.69000244140625,184.32000732421875,182.8000030517578,182.85000610351562,8253300,183.03349838256835,178.6758175936612,179.26758308410643,179.72319984436035,58.30123230266807,1.772857666015625,0.006595509731492472
2023-11-17,183.6699981689453,184.1300048828125,183.4499969482422,183.9600067138672,4871100,183.0374984741211,178.74218111905185,179.2811664581299,179.75204986572265,58.22472234778627,1.720001220703125,0.006568311274739469
2023-11-20,183.3699951171875,183.47999572753906,182.22999572753906,182.32000732421875,5389300,183.0574981689453,178.80145374644886,179.28991635640463,179.80159980773925,57.01627795950627,1.629286629813058,0.006532008274429977
2023-11-21,185.35000610351562,186.1199951171875,185.07000732421875,185.57000732421875,7322400,183.177498626709,178.92345386851918,179.30316645304362,179.85924980163574,62.542015570678295,1.6592864990234375,0.006952795701714218
2023-11-22,184.55999755859375,185.72000122070312,184.27000427246094,185.47000122070312,4337700,183.21949844360353,179.0458174272017,179.33241640726726,179.91214981079102,59.26818114477833,1.7071435110909599,0.006984129989324993
2023-11-24,185.52000427246094,185.75,185.16000366210938,185.47000122070312,2445100,183.29499893188478,179.18218106356534,179.36058311462403,179.96769981384278,61.8795601369634,1.6957146780831474,0.007066866464297559
2023-11-27,186.77000427246094,186.8000030517578,185.92999267578125,186.55999755859375,6320400,183.32599945068358,179.34018110795455,179.39749984741212,180.0363998413086,65.02388956238056,1.6835719517299108,0.006735809706937449
2023-11-28,189.25999450683594,189.39999389648438,187.52000427246094,187.89999389648438,10901900,183.53399887084962,179.53745366876777,179.47341651916503,180.115899810791,70.2823325478268,1.7571422031947546,0.00719228348807312
2023-11-29,189.5399932861328,189.99000549316406,189.02000427246094,189.16000366210938,8407300,183.8064987182617,179.75654435591264,179.53183314005534,180.20119979858399,70.81371553567156,1.682143075125558,0.007022874427700201
2023-11-30,188.75,189.24000549316406,188.27999877929688,188.88999938964844,7558100,184.06849899291993,179.96872614080254,179.5877498626709,180.28189979553224,67.16461838995505,1.6642859322684151,0.00706177949681755
2023-12-01,192.00999450683594,192.39999389648438,188.69000244140625,188.80999755859375,16727600,184.46299896240234,180.23854425603693,179.6721664428711,180.38749977111817,73.28296932501952,1.769284929547991,0.00789763018438086
2023-12-04,187.86000061035156,190.3800048828125,187.25999450683594,189.60000610351562,18460500,184.6164993286133,180.41163524280896,179.73316650390626,180.4730497741699,58.371828100242425,1.992856706891741,0.009499736671181777
2023-12-05,187.14999389648438,187.8800048828125,186.3000030517578,187.5500030517578,7027700,184.8064987182617,180.55272605202416,179.78741645812988,180.55249977111816,56.26258241956304,1.9457135881696428,0.009348374972606177
2023-12-06,187.83999633789062,188.4600067138672,187.5,188.32000732421875,5778600,185.06899871826172,180.709453235973,179.8368330637614,180.63859977722169,57.85636374475721,1.9771434238978796,0.009282321920336501
2023-12-07,188.14999389648438,188.58999633789062,187.25999450683594,188.4499969482422,5802000,185.4379981994629,180.869453014027,179.891166305542,180.73104972839354,58.586509826470234,1.8807144165039062,0.008884579320788257
2023-12-08,185.63999938964844,186.77999877929688,184.89999389648438,185.92999267578125,7883200,185.6454978942871,181.00745294744317,179.94024963378905,180.8113996887207,50.89745431767226,2.0642852783203125,0.009507795237226339
2023-12-11,183.58999633789062,184.52999877929688,183.14999389648438,184.5,8519500,185.84949798583983,181.09781660600143,179.97441622416179,180.88759963989258,45.63009263682152,2.1392854963030135,0.009516743799566851
2023-12-12,183.49000549316406,183.97999572753906,183.25999450683594,183.83999633789062,5056900,185.99849853515624,181.20308948863635,180.02258288065593,180.9599996948242,45.38338399204621,1.9942855834960938,0.009465929089430928
2023-12-13,187.6300048828125,187.66000366210938,183.3800048828125,183.82000732421875,10635500,186.2739990234375,181.40945323597302,180.10116628011068,181.0492497253418,55.99260313269642,2.1964285714285716,0.010511069491776222
2023-12-14,188.72999572753906,189.82000732421875,188.0800018310547,188.86000061035156,9107200,186.62849884033204,181.67545304731888,180.18633295694988,181.1390997314453,58.30981594555693,2.267857142857143,0.010504989952733504
2023-12-15,187.0,188.9600067138672,186.82000732421875,188.52000427246094,8324800,186.79399871826172,181.92581676136365,180.26391626993816,181.22079971313477,53.535382994439075,2.3292857578822543,0.010545659937527168
2023-12-18,187.85000610351562,188.49000549316406,187.24000549316406,187.5,5358000,187.00299911499025,182.22399874600498,180.35199966430665,181.2975997161865,55.4648814612309,2.247858319963728,0.010572474272247554
2023-12-19,189.1300048828125,189.72000122070312,188.1300048828125,188.22999572753906,6025600,187.29099960327147,182.5781807639382,180.45233306884765,181.38514976501466,58.27479374498436,2.3121435982840404,0.010622827386434747
2023-12-20,188.10000610351562,188.9600067138672,188.08999633789062,188.69000244140625,6002400,187.4284996032715,182.92254444469106,180.5342497507731,181.48254981994629,55.253705594397836,2.2964303152901784,0.01050297099705219
2023-12-21,189.42999267578125,189.6199951171875,188.75,189.2100067138672,4620000,187.67199935913087,183.29145341352984,180.62558301289877,181.58699981689452,58.26257626226951,2.1400015694754466,0.010521799850809376
2023-12-22,190.27000427246094,191.8800048828125,190.07000732421875,191.60000610351562,7176300,187.90949935913085,183.68127163973722,180.72916641235352,181.68734985351563,60.08803597690195,1.9757167271205358,0.010508430865863472
2023-12-26,191.72000122070312,191.74000549316406,190.39999389648438,190.97000122070312,4502700,188.15699920654296,184.08163535378196,180.84924977620443,181.7765998840332,63.08905193440787,1.9678595406668526,0.010534223755910533
2023-12-27,192.58999633789062,193.17999267578125,191.5399932861328,191.77000427246094,5813300,188.3234992980957,184.44108969948508,180.96549975077312,181.8502498626709,64.79926923376263,1.9914300101143974,0.010186058011207443
2023-12-28,191.47000122070312,192.88999938964844,191.44000244140625,192.33999633789062,6171500,188.4199996948242,184.78545338023793,181.07124977111818,181.92344985961915,60.888050017129686,2.0000010899135043,0.010295062012423528
2023-12-29,191.1699981689453,191.63999938964844,190.74000549316406,190.99000549316406,4612300,188.54099960327147,185.10145346901635,181.16891644795734,181.98824981689452,59.846040469205164,1.8321435110909599,0.010248555598707607
2024-01-02,190.72000122070312,191.88999938964844,190.5,191.44000244140625,6025600,188.47649993896485,185.4189081365412,181.24258308410646,182.04899978637695,58.23613362783513,1.7535716465541296,0.009488417684057306
2024-01-03,189.1300048828125,189.86000061035156,188.16000366210938,188.77000427246094,8661600,188.54000015258788,185.6061809193004,181.30191650390626,182.07579978942871,52.82852730700866,1.8849999564034599,0.008309576640423038
2024-01-04,189.32000732421875,189.75,188.69000244140625,189.0800018310547,4416700,188.64850082397462,185.81272638494318,181.36766662597657,182.10319984436035,53.38556007579829,1.6549998692103796,0.008252515645014467
2024-01-05,189.35000610351562,191.25999450683594,189.0800018310547,189.67999267578125,7481900,188.72400131225587,186.0138175270774,181.4325833638509,182.148099899292,53.478967144311746,1.654284885951451,0.008220904407745963
2024-01-08,187.8699951171875,188.74000549316406,187.11000061035156,187.2100067138672,6215000,188.71000137329102,186.14109025435013,181.46783332824708,182.1702498626709,48.33319216767606,1.6614281790597099,0.008417271184946808
2024-01-09,187.92999267578125,188.77999877929688,187.72999572753906,188.67999267578125,4437300,188.82450103759766,186.22909018776633,181.5033332824707,182.18119979858398,48.549320755099494,1.6299994332449776,0.007813898459039013
2024-01-10,187.5,188.44000244140625,187.2100067138672,188.13999938964844,4504700,189.02000122070314,186.30018116344104,181.542999903361,182.20044982910156,47.03088677005544,1.5842851911272322,0.007356694401505381
2024-01-11,187.8699951171875,188.5500030517578,186.55999755859375,188.02000427246094,6831100,189.2390007019043,186.38927196155896,181.5904165903727,182.2300498199463,48.52281244037058,1.652142116001674,0.007348972748533789
2024-01-12,189.7100067138672,191.0800018310547,189.16000366210938,190.6699981689453,6833700,189.34300079345704,186.51218123002485,181.65966669718424,182.2613998413086,55.27013297597835,1.772857666015625,0.005783983066991067
2024-01-16,187.91000366210938,189.25999450683594,187.5399932861328,189.14999389648438,6548100,189.30200119018554,186.58836309259587,181.70550003051758,182.28829986572265,48.56405176135047,1.7528577532087053,0.006056422797607418
2024-01-17,185.83999633789062,187.4199981689453,185.4499969482422,187.30999755859375,8643200,189.24400100708007,186.6216358531605,181.72666664123534,182.2965998840332,42.21983319677866,1.8235724312918526,0.00621263300656069
2024-01-18,187.3699951171875,187.39999389648438,186.3000030517578,186.36000061035156,4685200,189.22000045776366,186.64381769353693,181.7845832824707,182.31734985351562,47.66214055518865,1.8178580147879464,0.006415184419406032
2024-01-19,187.92999267578125,188.3000030517578,187.44000244140625,188.25999450683594,5719700,189.1599998474121,186.69527199485086,181.8351665496826,182.33429985046388,49.53570325719636,1.7807159423828125,0.0062529122543242294
2024-01-22,187.22000122070312,187.75999450683594,186.85000610351562,187.22999572753906,4397500,189.1159996032715,186.75218117453835,181.87574984232586,182.3304998779297,47.227374055284734,1.7935725620814733,0.006191479641612422
2024-01-23,187.9499969482422,188.14999389648438,187.27999877929688,187.4499969482422,5040800,189.04199981689453,186.83290849165482,181.93816642761232,182.33109985351564,49.81672146633364,1.7607149396623885,0.006033629182450747
2024-01-24,186.39999389648438,188.3699951171875,186.32000732421875,188.3300018310547,6085400,188.8484992980957,186.87436301491476,181.9948329925537,182.33064979553222,44.79130298140596,1.724285670689174,0.00616650360070458
2024-01-25,187.13999938964844,187.63999938964844,186.4600067138672,187.33999633789062,4651000,188.61949920654297,186.91709039861504,182.05816637674968,182.3407997894287,47.513572841175645,1.7371433803013392,0.005947764777935279
2024-01-26,187.00999450683594,187.3800048828125,186.75999450683594,187.27000427246094,5064800,188.34049911499022,186.98363564231178,182.1149996439616,182.3444497680664,47.074417633399285,1.625716073172433,0.005795623484802979
2024-01-29,188.3300018310547,188.5399932861328,187.19000244140625,188.30999755859375,5629700,188.18349914550782,187.08799937855113,182.1862496693929,182.35014976501463,51.932381844398826,1.5750013078962053,0.005997034358461755
2024-01-30,188.58999633789062,189.8300018310547,187.97999572753906,189.6999969482422,4976500,188.05449905395508,187.23018105246803,182.26916631062826,182.34449974060058,52.85037495857343,1.6321443830217635,0.006013630487668711
2024-01-31,188.4499969482422,190.4600067138672,188.1300048828125,189.3699951171875,7886100,187.94099884033204,187.35672635165128,182.35799967447917,182.35494972229003,52.27148197255777,1.7107162475585938,0.006000549043654061
2024-02-01,190.41000366210938,191.36000061035156,188.99000549316406,189.7100067138672,10278100,188.00499877929687,187.5549083362926,182.46474965413412,182.3793497467041,59.03642530804504,1.776430402483259,0.006185846886403029
2024-02-02,188.61000061035156,188.8699951171875,187.85000610351562,188.07000732421875,7337600,187.96949844360353,187.70218117453834,182.55649960835774,182.39114974975587,51.77815481475823,1.7300011771065849,0.00655885110616069
2024-02-05,187.57000732421875,187.82000732421875,186.6999969482422,186.8800048828125,5436100,187.88049850463867,187.80127230557528,182.6440830230713,182.4021997833252,48.09866113429462,1.7114290509905135,0.006665792475042751
2024-02-06,188.5500030517578,188.85000610351562,187.74000549316406,187.94000244140625,4866100,187.91449890136718,187.92690873579545,182.74374974568684,182.41449981689453,51.589721832362244,1.6271427699497767,0.006544127797907946
2024-02-07,188.5,189.38999938964844,188.27999877929688,188.4499969482422,6276900,187.94299926757813,188.0143632368608,182.85149968465169,182.43574981689454,51.39974666798983,1.5950001307896204,0.006544876819410991
2024-02-08,188.3300018310547,188.52999877929688,187.82000732421875,187.91000366210938,3873300,187.98449935913087,188.09909057617188,182.9600830078125,182.45334983825683,50.71597540985829,1.57928466796875,0.006524765137895628
2024-02-09,187.60000610351562,187.77000427246094,187.13999938964844,187.55999755859375,4412600,187.97099990844725,188.1759998668324,183.06233304341634,182.46259986877442,47.77678614102485,1.5871429443359375,0.006573948302868419
2024-02-12,187.11000061035156,187.27000427246094,186.36000061035156,186.60000610351562,4706300,187.84099960327148,188.20799976695668,183.15649973551433,182.47444984436035,45.85572304090998,1.6092867170061385,0.006168885142855818
2024-02-13,184.52999877929688,185.3800048828125,184.3300018310547,185.35000610351562,9525800,187.67199935913087,188.2074543346058,183.22674967447918,182.47334983825684,37.341896180440436,1.6614303588867188,0.006555224371725928
2024-02-14,184.4199981689453,184.8800048828125,183.77999877929688,184.27000427246094,7031600,187.6009994506836,188.1874542236328,183.28116633097332,182.47144981384278,37.02624983918071,1.651430402483259,0.006106520719139639
2024-02-15,185.66000366210938,186.02000427246094,185.10000610351562,185.60000610351562,6228900,187.5154998779297,188.1672723943537,183.34624964396158,182.4798998260498,42.886992106403554,1.7214300973074776,0.006003130821160469
2024-02-16,186.33999633789062,186.6699981689453,184.83999633789062,185.0800018310547,6518500,187.43600006103514,188.1141815185547,183.41891632080078,182.47399978637696,45.86247055213591,1.74285888671875,0.006025244188422457
2024-02-20,187.47000122070312,188.02999877929688,187.39999389648438,187.9600067138672,5531200,187.44850006103516,188.07654529918324,183.49674962361652,182.4657997894287,50.47954784900686,1.7314300537109375,0.006136374290438063
2024-02-21,187.47999572753906,188.0399932861328,187.10000610351562,187.8800048828125,5789200,187.425,188.05345431241122,183.56016629536947,182.45099975585939,50.519742327442316,1.632143293108259,0.006070454087029704
2024-02-22,187.55999755859375,187.63999938964844,187.0500030517578,187.55999755859375,4550800,187.48300018310547,187.97254527698863,183.6204995473226,182.451499710083,50.86354469309939,1.466428484235491,0.005760274637319577
2024-02-23,188.6199951171875,189.17999267578125,187.4600067138672,187.55999755859375,6827300,187.55699996948243,187.9863633589311,183.69216613769532,182.4561496734619,55.295707968131744,1.4064276559012276,0.00582813258648738
2024-02-26,188.1999969482422,188.36000061035156,187.52999877929688,187.7899932861328,4491900,187.61650009155272,188.00545432350853,183.75958277384441,182.45204963684083,53.24629928568186,1.347855704171317,0.005853430092554754
2024-02-27,188.0,188.72000122070312,187.8800048828125,188.5800018310547,5165400,187.6,188.00836348100142,183.83758277893065,182.44829963684083,52.25315954687964,1.3164269583565849,0.005640159764843817
2024-02-28,188.33999633789062,188.52000427246094,188.02999877929688,188.33999633789062,2824100,187.5875,188.01181807084518,183.92516606648763,182.45434959411622,53.82974936275028,1.2742843627929688,0.005646770696499304
2024-02-29,189.30999755859375,189.9199981689453,189.22999572753906,189.63999938964844,6848600,187.63050003051757,188.07854531028053,184.01924934387208,182.4668495941162,58.08234227109168,1.336427961077009,0.005761374072730502
2024-03-01,192.88999938964844,193.39999389648438,189.44000244140625,190.27000427246094,13411000,187.75449981689454,188.24763627485797,184.14266599019368,182.49524955749513,69.3155837579803,1.5435703822544642,0.006775940430384466
2024-03-04,196.00999450683594,196.3300018310547,193.8800048828125,194.14999389648438,12216300,188.12449951171874,188.4752724387429,184.2893325805664,182.55094955444335,75.48217745161622,1.7007130214146204,0.007172642193460796
2024-03-05,197.19000244140625,198.13999938964844,196.64999389648438,197.44000244140625,9672200,188.60549926757812,188.6490905761719,184.45349922180176,182.6157495880127,77.33722976470304,1.654284885951451,0.007002567087607827
2024-03-06,198.80999755859375,199.3000030517578,197.44000244140625,198.0800018310547,10459300,189.1184989929199,188.8323633367365,184.63458251953125,182.7005995941162,79.61730572506067,1.7264273507254464,0.00709453262465694
2024-03-07,199.94000244140625,200.11000061035156,198.91000366210938,199.5399932861328,8403700,189.69049911499025,189.06763610839843,184.8243325551351,182.782099609375,81.04951949284865,1.704998561314174,0.007089409174098857
2024-03-08,201.6300048828125,203.3000030517578,200.4499969482422,200.88999938964844,13540100,190.35549926757812,189.3181815407493,185.0184159596761,182.87419960021973,82.97613924101222,1.814284188406808,0.007128703965650912
2024-03-11,202.0,202.41000366210938,201.4600067138672,201.7100067138672,7329600,191.07549896240235,189.55218145197088,185.20683263142902,182.9670496368408,83.37464988460884,1.7614266531808036,0.00693180406672131
2024-03-12,199.7899932861328,200.6300048828125,199.16000366210938,200.4199981689453,9436600,191.7094985961914,189.764726673473,185.37824923197428,183.05624961853027,72.46321753842642,1.897141592843192,0.007554862205893544
2024-03-13,201.19000244140625,201.86000061035156,200.35000610351562,200.44000244140625,5930000,192.54249877929686,189.97854503284802,185.5602492014567,183.1611996459961,74.72027231208459,2.002856663295201,0.006423990622155383
2024-03-14,200.35000610351562,200.47000122070312,199.33999633789062,200.3699951171875,6865000,193.3389991760254,190.16181779341264,185.74608256022137,183.25834968566895,70.9620188373352,2.012143816266741,0.006616026410881006
2024-03-15,199.7100067138672,200.6300048828125,199.57000732421875,199.94000244140625,4556700,194.04149932861327,190.30709062056107,185.92183265686035,183.3466997528076,68.14948938882678,2.0100010463169644,0.0067842460199771665
2024-03-18,200.02999877929688,200.14999389648438,199.50999450683594,199.66000366210938,7206800,194.7259994506836,190.442363392223,186.10791600545247,183.435249710083,68.81500932200223,1.995715550013951,0.006800082393285196
2024-03-19,199.8000030517578,199.80999755859375,198.94000244140625,199.6199951171875,4657500,195.34249954223634,190.59381797096947,186.3039160410563,183.51544975280763,67.71972940405234,2.0364292689732144,0.006852107178229774
2024-03-20,202.17999267578125,202.66000366210938,199.1199951171875,199.16000366210938,9593800,196.07749938964844,190.79399968927558,186.53791592915852,183.62109970092774,72.58274727622873,2.1764297485351562,0.007073862449141469
2024-03-21,201.97000122070312,203.9199981689453,200.60000610351562,203.8800048828125,7396500,196.7979995727539,190.99854514382102,186.77741597493488,183.720249710083,71.5584154726137,2.121429443359375,0.007118145962667403
2024-03-22,200.35000610351562,201.86000061035156,199.72000122070312,201.32000732421875,6918500,197.3845001220703,191.20254516601562,187.01824938456218,183.81029975891113,64.04884150378842,2.0364292689732144,0.00756650606533475
2024-03-25,200.99000549316406,201.9499969482422,200.97000122070312,201.19000244140625,4034800,198.0240005493164,191.41472695090553,187.27941614786783,183.91449981689453,65.58539576472029,1.9985711233956474,0.007464003865043381
2024-03-26,201.63999938964844,202.75999450683594,201.07000732421875,202.64999389648438,5752700,198.70600051879882,191.6381813742898,187.55008277893066,184.0100498199463,67.12231364039539,1.9742845807756697,0.007392736546457743
2024-03-27,203.10000610351562,203.22000122070312,202.32000732421875,202.32000732421875,6041000,199.4440010070801,191.91509066495027,187.83308283487955,184.1153498840332,70.3277597288049,1.9942844935825892,0.007425716518796871
2024-03-28,205.72000122070312,206.0500030517578,203.8699951171875,204.5399932861328,9194500,200.26450119018554,192.23854536576704,188.14049949645997,184.23454986572267,75.03210756713173,1.964998517717634,0.00769682093288633
2024-04-01,207.82000732421875,208.72999572753906,206.2899932861328,208.67999267578125,13677100,201.01100158691406,192.6080000443892,188.4581662495931,184.37094993591307,78.03770960756044,2.1121412004743303,0.00703885536022334
2024-04-02,210.88999938964844,211.02999877929688,208.36000061035156,209.07000732421875,13421100,201.7550018310547,193.02654557661577,188.7754161834717,184.52219993591308,81.53681885696481,2.1385694231305803,0.006914516828334026
2024-04-03,212.74000549316406,212.8300018310547,210.3000030517578,210.57000732421875,11416200,202.5325019836426,193.44527282714844,189.1104995727539,184.67634994506835,83.26693754144917,2.1714259556361606,0.006990346713885174
2024-04-04,211.52000427246094,213.4499969482422,211.02000427246094,212.0,12307300,203.16800231933593,193.87454556551847,189.4249163309733,184.8257999420166,78.0713704641947,2.212853567940848,0.007221426103869792
2024-04-05,215.13999938964844,215.74000549316406,212.22000122070312,212.49000549316406,13382700,203.92800216674806,194.40727289373226,189.7739163716634,185.00274993896485,81.71677388850189,2.438568115234375,0.007858548901536616
2024-04-08,216.47999572753906,216.80999755859375,214.61000061035156,215.97999572753906,10331400,204.67050170898438,194.93654563210228,190.0876663208008,185.1876998901367,82.8530927497562,2.5499965122767856,0.0078032928411214
2024-04-09,217.6699981689453,218.86000061035156,216.4499969482422,217.80999755859375,13069900,205.45400161743163,195.47727300470527,190.41858291625977,185.3874998474121,83.81511669472398,2.644282749720982,0.0078029506274851675
2024-04-10,215.61000061035156,217.77999877929688,214.67999267578125,215.3699951171875,13317500,206.24500198364257,195.99345481178977,190.7295829772949,185.57454986572264,75.87871589091436,2.61285400390625,0.0076621208432885715
2024-04-11,219.8000030517578,219.83999633789062,215.88999938964844,216.85000610351562,11415200,207.17550201416014,196.5725458318537,191.05399971008302,185.78099990844726,80.0223222871235,2.677854265485491,0.008400248725352095
2024-04-12,216.88999938964844,225.08999633789062,216.02000427246094,221.8699951171875,30898800,208.00250167846679,197.12690956809303,191.33566640218098,185.97699989318846,70.9114793587168,3.164996555873326,0.00910590052416345
2024-04-15,220.9499969482422,221.02999877929688,215.16000366210938,217.94000244140625,13239000,209.06450119018555,197.7416367964311,191.6469997406006,186.1953498840332,75.160653207009,3.469996861049107,0.009502711980820646
2024-04-16,221.22000122070312,221.99000549316406,218.77999877929688,220.17999267578125,10746100,210.12400131225587,198.3636369185014,191.9657497406006,186.41599990844728,75.41783050036065,3.5728552682059154,0.009510474993020341
2024-04-17,219.58999633789062,221.75999450683594,218.52000427246094,221.0500030517578,11521100,211.1135009765625,198.93200045498935,192.27108306884764,186.62259986877442,70.66143606620506,3.6914258684430803,0.00982176248459209
2024-04-18,220.33999633789062,221.4600067138672,219.30999755859375,221.30999755859375,6496900,212.02150115966796,199.50927318226206,192.5762496948242,186.83194984436034,71.5505049900675,3.634283883231027,0.009679732716978206
2024-04-19,221.02999877929688,222.36000061035156,220.0800018310547,220.49000549316406,8689000,212.97450103759766,200.10163685191762,192.88474973042807,187.04789985656737,72.37977848151418,3.582141331263951,0.009602053704016483
2024-04-22,215.57000732421875,216.9600067138672,215.13999938964844,216.35000610351562,13404300,213.73550109863282,200.55909146395598,193.12991650899252,187.2391999053955,57.97809713064324,3.7735704694475447,0.011322965590379215
2024-04-23,215.0399932861328,215.86000061035156,213.8699951171875,213.9600067138672,10730300,214.43800048828126,201.0396367853338,193.379416402181,187.42119987487794,56.796691386569975,3.734999520438058,0.011407250225909398
2024-04-24,214.63999938964844,216.35000610351562,214.36000061035156,214.75999450683594,5741100,215.08800048828124,201.5318184592507,193.63399976094564,187.60049987792968,55.87140664317355,3.7035718645368303,0.011468938913981005
2024-04-25,215.9199981689453,217.0500030517578,214.33999633789062,214.47000122070312,6606500,215.72900009155273,202.02945473410867,193.90408312479656,187.7828498840332,58.217205249991245,3.595715114048549,0.011448743517830522
2024-04-26,216.6199951171875,217.07000732421875,215.52999877929688,216.77000427246094,6268500,216.27399978637695,202.540727372603,194.17491645812987,187.95654983520507,59.485591193491345,3.5485730852399553,0.011216172095547334
2024-04-29,216.17999267578125,217.22000122070312,215.25,216.02000427246094,6409900,216.69199905395507,203.0470908425071,194.43649978637694,188.1273998260498,58.28781592855647,3.517144339425223,0.011115221460389938
2024-04-30,211.8699951171875,214.1300048828125,211.8000030517578,213.3800048828125,11248600,216.74099884033203,203.4883633700284,194.67416636149088,188.27959983825684,48.07608672909267,3.6085717337472096,0.011714914452818774
2024-05-01,213.7899932861328,215.5,212.41000366210938,212.9600067138672,10373900,216.79349822998046,203.9734541459517,194.93416633605958,188.44074981689454,52.101854166096764,3.5657152448381697,0.01172612202704719
2024-05-02,213.1300048828125,213.7100067138672,211.49000549316406,211.89999389648438,6287000,216.87399826049804,204.4934542569247,195.2038330078125,188.58819984436036,50.648185818462295,3.0821435110909596,0.011669075923044793
2024-05-03,212.9600067138672,213.22999572753906,210.7100067138672,212.88999938964844,8679900,216.76499862670897,205.012363503196,195.46608301798503,188.73464988708497,50.25921192673999,2.8428573608398438,0.01098991149451214
2024-05-06,215.1999969482422,215.91000366210938,214.47000122070312,215.13999938964844,6840500,216.70099868774415,205.54945429021663,195.76349970499675,188.89694984436036,55.14722582979611,2.824285234723772,0.011167577470620003
2024-05-07,214.2100067138672,214.92999267578125,213.8800048828125,214.52000427246094,5660700,216.52799911499022,206.05618175159802,196.04433314005533,189.05709991455078,52.68311257228918,2.6871425083705356,0.011122856956459194
2024-05-08,213.5800018310547,214.8000030517578,213.5,213.6199951171875,4462700,216.4264991760254,206.53090903542258,196.3064998626709,189.21799995422364,51.11777984087829,2.626427786690848,0.010947909910680625
2024-05-09,216.9499969482422,216.9499969482422,214.44000244140625,214.47999572753906,7732500,216.28399887084962,207.06672723943538,196.60074984232585,189.3906999206543,58.261748380294485,2.70428466796875,0.010624906902263821
2024-05-10,218.7100067138672,219.60000610351562,218.0800018310547,219.22000122070312,8700900,216.37499923706054,207.6330910422585,196.89258321126303,189.56774993896485,61.43194931144109,2.4728567940848216,0.010357254503272675
2024-05-13,216.25999450683594,217.30999755859375,215.8000030517578,217.05999755859375,4896300,216.14049911499023,208.13563648570667,197.16416651407877,189.7469499206543,55.15205818387426,2.5385709490094865,0.009724001735900819
2024-05-14,218.08999633789062,218.3800048828125,216.97999572753906,217.30999755859375,4662700,215.9839988708496,208.6790910200639,197.45349985758463,189.928099899292,58.559661788523705,2.547857012067522,0.009944400606474921
2024-05-15,220.88999938964844,221.19000244140625,217.64999389648438,219.05999755859375,9297700,216.0489990234375,209.2770910089666,197.74966646830242,190.12079986572266,63.17063356239779,2.607142857142857,0.0102493449405284
2024-05-16,220.02999877929688,220.58999633789062,219.41000366210938,220.13999938964844,4301700,216.03349914550782,209.85327287153765,198.04524981180828,190.3186498260498,60.928235489271444,2.602856227329799,0.010264405680347945
2024-05-17,223.66000366210938,223.85000610351562,221.6699981689453,222.17999267578125,10481900,216.16499938964844,210.4778184370561,198.36308314005535,190.53894981384278,66.3568312802954,2.734999520438058,0.01089610406033057
2024-05-20,224.55999755859375,225.66000366210938,223.02000427246094,223.7899932861328,5990900,216.6144989013672,211.05363658558238,198.67799975077313,190.76404983520507,67.5602560250577,2.6107145036969865,0.009128477251997728
2024-05-21,224.22999572753906,225.2100067138672,223.6999969482422,224.77000427246094,4002600,217.0739990234375,211.5667275168679,198.96941642761232,190.98424980163574,66.61926955495423,2.4592862810407365,0.009105217595632873
2024-05-22,220.11000061035156,223.24000549316406,219.74000549316406,223.08999633789062,8903100,217.34749908447264,211.98345475630327,199.22416648864746,191.18589981079103,56.111531255327584,2.6157150268554688,0.010172676224917942
2024-05-23,215.72000122070312,219.22999572753906,215.66000366210938,218.77999877929688,9537900,217.33749923706054,212.29090936834163,199.44891649881998,191.3712998199463,47.51216169059802,2.753572736467634,0.011151201302464536
2024-05-24,215.9199981689453,217.2100067138672,215.74000549316406,216.9600067138672,4212400,217.30249938964843,212.58145474520597,199.64816652933757,191.56194984436036,47.903870683442555,2.649287632533482,0.011127911329959862
2024-05-28,218.19000244140625,218.58999633789062,217.2100067138672,218.42999267578125,3809700,217.4029998779297,212.88254560990768,199.90091654459636,191.7648998260498,52.258846544007795,2.7457166399274553,0.011364512289560312
2024-05-29,216.16000366210938,217.16000366210938,216.1199951171875,216.9199981689453,4185000,217.61750030517578,213.14000022194602,200.14266662597657,191.95769981384277,48.36511251098247,2.8007169451032365,0.01057842709978816
2024-05-30,216.57000732421875,217.50999450683594,216.41000366210938,216.69000244140625,3068800,217.7565010070801,213.44509138627487,200.38208338419597,192.1552498626709,49.18857623133877,2.656430925641741,0.010413051623865827
2024-05-31,215.3000030517578,217.9600067138672,214.64999389648438,217.77000427246094,5617200,217.86500091552733,213.7016368519176,200.60833346048992,192.34879989624022,46.70397221004333,2.7035740443638394,0.010484448750000843
2024-06-03,217.22000122070312,217.82000732421875,215.5399932861328,215.9199981689453,6172600,218.07800064086913,214.00836403586646,200.87150014241536,192.55704986572266,50.75388113357146,2.6757169451032365,0.01064217138641927
2024-06-04,215.27000427246094,216.24000549316406,214.1999969482422,216.24000549316406,5509400,218.08150100708008,214.29127308238637,201.1355002085368,192.75689987182616,46.85927303852987,2.740002223423549,0.010621582012248845
2024-06-05,217.82000732421875,218.0800018310547,215.92999267578125,216.69000244140625,5479200,218.26200103759766,214.61472778320314,201.4215835571289,192.96934989929198,52.041878188857,2.6878585815429688,0.010874581732351821
2024-06-06,219.42999267578125,219.97000122070312,218.10000610351562,218.36000061035156,5283900,218.55450057983398,214.9716366854581,201.68658345540365,193.18744987487793,55.0242703977056,2.735715593610491,0.010928188558697118
2024-06-07,211.60000610351562,215.19000244140625,211.5399932861328,215.07000732421875,12195100,218.28700103759766,215.14290965687144,201.87716687520344,193.36494987487794,41.50562154200596,3.0264293125697543,0.01319090851750919
2024-06-10,213.5399932861328,214.02000427246094,212.75999450683594,213.1300048828125,4215300,218.02850036621095,215.35327314897017,202.09833348592122,193.54319984436034,45.10427515149807,3.0107149396623885,0.013232031236826218
2024-06-11,214.14999389648438,214.3800048828125,213.24000549316406,213.9499969482422,4004100,217.92300033569336,215.60418201793323,202.31750005086263,193.7246997833252,46.22455372647943,2.984285627092634,0.01303979491188344
2024-06-12,214.72000122070312,216.5500030517578,214.1999969482422,216.47000122070312,5911900,217.75450057983397,215.8538183038885,202.53075002034504,193.91019981384278,47.30667994454885,2.8350012642996654,0.012895829321712364
2024-06-13,212.97000122070312,214.9600067138672,212.25999450683594,214.44000244140625,5861100,217.3585006713867,216.0598183371804,202.73799997965494,194.08439979553222,44.35557658063208,2.7100023542131697,0.012586515233733641
2024-06-14,215.72999572753906,216.0399932861328,214.97999572753906,215.33999633789062,7076500,217.14350051879882,216.28945451216265,202.95716667175293,194.26369979858399,49.68648767649816,2.8228585379464284,0.01299290338302387
2024-06-17,214.61000061035156,215.24000549316406,213.60000610351562,214.89999389648438,3877700,216.69100036621094,216.4510908647017,203.15999997456868,194.43514976501464,47.68985404831105,2.7842864990234375,0.012353301957217953
2024-06-18,215.47000122070312,215.8300018310547,214.0399932861328,214.3800048828125,4921400,216.23650054931642,216.5901816628196,203.35791664123536,194.61239974975587,49.37220429523599,2.764286586216518,0.01235287550536732
2024-06-20,218.16000366210938,218.74000549316406,216.14999389648438,216.32000732421875,7290500,215.93300094604493,216.72236355868253,203.57100003560384,194.80264976501465,54.320857552347405,2.901430402483259,0.01277084622919176
2024-06-21,214.77999877929688,217.89999389648438,214.25999450683594,217.8300018310547,8865600,215.6665008544922,216.75945434570312,203.7652500152588,194.9833497619629,47.975361239117994,2.943572998046875,0.01258292042455911
2024-06-24,215.6300048828125,215.94000244140625,215.1999969482422,215.5500030517578,4626900,215.66200103759766,216.8341816295277,203.969083404541,195.17234977722168,49.57076552398595,2.846430097307478,0.011815471990809257
2024-06-25,214.55999755859375,215.30999755859375,214.1199951171875,214.9600067138672,3820900,215.59400100708007,216.82363614169034,204.1677500406901,195.35504974365233,47.59221568467187,2.7385733468191966,0.011865643005723445
2024-06-26,212.5800018310547,213.11000061035156,212.1199951171875,212.38999938964844,4690300,215.3135009765625,216.75272716175425,204.36316668192546,195.52754974365234,44.08565878994106,2.7121451241629466,0.011743798984448975
2024-06-27,214.99000549316406,215.5,214.4499969482422,214.7100067138672,4977800,215.25500106811523,216.7040000221946,204.57708333333332,195.71044975280762,49.01020652338021,2.767145429338728,0.011903293680017909
2024-06-28,215.00999450683594,215.80999755859375,214.82000732421875,215.63999938964844,3955100,215.1770004272461,216.6930908203125,204.79091657002766,195.898049697876,49.05028795441028,2.274287632533482,0.01189337364791396
2024-07-01,215.57000732421875,216.0,214.49000549316406,215.25,3797900,215.19050064086915,216.61618180708453,205.02175000508626,196.0904997253418,50.23064464689575,2.209287370954241,0.011835217276032773
2024-07-02,215.55999755859375,216.0800018310547,214.6199951171875,215.3300018310547,4921700,215.10750045776368,216.5919999556108,205.25200004577636,196.28244972229004,50.208254482562275,2.232145036969866,0.011653239857780372
2024-07-03,217.99000549316406,218.74000549316406,217.3300018310547,217.33999633789062,5055300,215.24350051879884,216.53818192915483,205.50608342488607,196.48069976806642,55.405125538258616,2.2878592354910716,0.011740711757412769
2024-07-05,220.92999267578125,221.27999877929688,219.5800018310547,219.5800018310547,5950600,215.39899978637695,216.53290904651988,205.781583404541,196.68839973449707,60.74360345620635,2.330000741141183,0.011828164314488675
2024-07-08,218.19000244140625,220.0399932861328,217.41000366210938,219.63999938964844,5790800,215.3370002746582,216.50745461203834,206.0189167022705,196.88324974060058,54.228137835988626,2.3621433803013394,0.012071115941566688
2024-07-09,218.55999755859375,219.2899932861328,217.27000427246094,218.57000732421875,3901500,215.68499984741212,216.47509099786933,206.27433331807455,197.07929969787597,54.931134386347175,2.3542861938476562,0.00871838707423364
2024-07-10,219.36000061035156,220.7100067138672,219.16000366210938,220.13999938964844,5556200,215.97600021362305,216.44472739479758,206.5536666870117,197.28584968566895,56.48728327252442,2.380000523158482,0.008554032886648416
2024-07-11,223.25,224.14999389648438,221.47999572753906,222.64999389648438,9322000,216.43100051879884,216.58436362526635,206.85266672770183,197.508999710083,63.15004203207292,2.4885711669921875,0.009303198062894067
2024-07-12,223.11000061035156,223.6199951171875,221.86000061035156,222.02999877929688,5179300,216.85050048828126,216.7310910311612,207.1458334604899,197.73604972839357,62.77747619085775,2.3357129778180803,0.009322240119382916
2024-07-15,223.8300018310547,225.58999633789062,223.02000427246094,223.38999938964844,5719300,217.39350051879882,216.89818198464133,207.4509167989095,197.97379974365234,63.95525338535716,2.436426435198103,0.009014920767420113
2024-07-16,228.2899932861328,228.2899932861328,225.3000030517578,225.4499969482422,11070700,218.02150039672853,217.123090986772,207.7870834350586,198.24474967956542,70.23746690351345,2.647139413016183,0.009557418879717935
2024-07-17,227.22999572753906,229.64999389648438,226.6699981689453,228.7899932861328,8620500,218.6525001525879,217.3160000887784,208.1273334503174,198.51474967956543,67.23802016254473,2.6857103620256697,0.009533808121123092
2024-07-18,225.77999877929688,228.32000732421875,225.57000732421875,227.7100067138672,5485500,219.1680000305176,217.49054565429688,208.44933344523113,198.7863996887207,63.258436195019556,2.673567635672433,0.009751063299540029
2024-07-19,221.72999572753906,222.67999267578125,221.41000366210938,221.52000427246094,8666000,219.34649963378905,217.6698183926669,208.738666788737,199.04679969787597,53.69844652401932,2.914996555873326,0.010441091040571823
2024-07-22,221.8000030517578,221.9199981689453,220.39999389648438,221.5800018310547,5334100,219.6974998474121,217.81545493386008,209.01758346557617,199.30999969482423,53.82833998005994,2.9157115391322543,0.009710460583284905
2024-07-23,222.5800018310547,222.75,221.86000061035156,222.33999633789062,4435700,220.0449996948242,217.98727306019177,209.30083351135255,199.57719970703124,55.331911883643244,2.8792822701590404,0.009705455200958984
2024-07-24,221.8000030517578,224.8800048828125,221.74000549316406,223.47000122070312,6838800,220.40699996948243,218.14800026633523,209.57875022888183,199.84204971313477,53.457178851700064,2.8764245169503346,0.009658683308678315
2024-07-25,218.3300018310547,219.25999450683594,217.52000427246094,219.02000427246094,9777100,220.69449996948242,218.20490944602273,209.81141688028973,200.08519973754883,45.99161220967286,2.947139195033482,0.010135743581477383
2024-07-26,220.6300048828125,221.0399932861328,219.6999969482422,219.9600067138672,6328800,220.97649993896485,218.3216366854581,210.0782502492269,200.3242497253418,50.887508152927595,2.8892822265625,0.010095783487072406
2024-07-29,220.32000732421875,221.5500030517578,219.0500030517578,221.25999450683594,4665100,221.24200057983398,218.44418223987927,210.35116691589354,200.5631997680664,50.22663277181012,2.9235687255859375,0.010111098782904733
2024-07-30,222.52000427246094,222.9199981689453,220.36000061035156,221.41000366210938,4939500,221.5895004272461,218.5454551003196,210.6342502593994,200.80684982299806,54.72086018943632,2.9557102748325894,0.010295425136324702
2024-07-31,226.5500030517578,226.60000610351562,223.63999938964844,223.72999572753906,7316600,222.1390007019043,218.68800048828126,210.95133361816406,201.07329986572265,61.56678677495572,2.904996599469866,0.010920633011637744
2024-08-01,225.77000427246094,227.57000732421875,225.0500030517578,226.74000549316406,7217200,222.52800064086915,218.86090975674716,211.26333363850912,201.3079998779297,59.68582922847698,2.959283011300223,0.010796741520623288
2024-08-02,225.33999633789062,228.75999450683594,222.8699951171875,227.9499969482422,11109400,222.7485008239746,218.99272793856534,211.5778335571289,201.5448998260498,58.6225088525211,3.1964263916015625,0.010464061016133851
2024-08-05,222.47999572753906,223.10000610351562,220.24000549316406,220.55999755859375,8939000,222.96300048828124,219.02163696289062,211.8725835164388,201.76584983825683,51.98852053097634,3.242140633719308,0.010483841499512458
2024-08-06,220.6999969482422,222.13999938964844,220.11000061035156,221.5,14362300,223.07000045776368,219.03381874778054,212.17400016784669,201.96499984741212,48.323260480960634,3.1985691615513394,0.010673730986496583
2024-08-07,220.5500030517578,222.30999755859375,220.35000610351562,221.94000244140625,5287800,223.12950057983397,218.9772732821378,212.4750835418701,202.15229988098145,48.016059627354124,3.1421399797712053,0.010651075274858465
2024-08-08,224.00999450683594,224.25,222.52000427246094,222.72999572753906,6327100,223.1675003051758,218.9672732266513,212.7946667989095,202.35439987182616,55.10597223397087,3.094282967703683,0.010483622177905095
2024-08-09,224.55999755859375,225.27999877929688,223.82000732421875,224.82000732421875,4441000,223.2400001525879,218.97327325994317,213.11316680908203,202.56234985351563,56.130235840913805,3.089996337890625,0.010493134498972087
2024-08-12,228.41000366210938,228.5399932861328,225.97000122070312,226.13999938964844,5561300,223.46900024414063,219.12418240633878,213.45433349609374,202.78964988708495,62.56815358709585,3.306424822126116,0.011134067304447513
2024-08-13,228.05999755859375,228.8699951171875,227.58999633789062,228.07000732421875,6740200,223.45750045776367,219.3485459761186,213.7925001780192,203.0113498687744,61.681942761097865,3.173567635672433,0.01021783113644034
2024-08-14,226.1999969482422,227.47999572753906,225.35000610351562,226.5500030517578,5462500,223.40600051879883,219.5354550448331,214.11450017293294,203.22229988098144,57.05691690367283,3.0614242553710938,0.010331381052745715
2024-08-15,226.91000366210938,227.5,225.1199951171875,226.50999450683594,5273300,223.46250076293944,219.69400052157314,214.43358357747397,203.42609992980957,58.34101688011515,3.037853785923549,0.01024944961934153
2024-08-16,231.99000549316406,232.02000427246094,229.00999450683594,229.99000549316406,11924500,223.9755012512207,219.98181873668324,214.79850031534832,203.66054992675782,66.1420536635687,3.2242824009486606,0.010437674034852039
2024-08-19,231.61000061035156,231.77999877929688,229.74000549316406,230.14999389648438,5164800,224.46600112915038,220.25527316006747,215.16191698710125,203.8981499481201,65.15910962357086,3.1992830548967635,0.010466480940992987
2024-08-20,232.4600067138672,234.00999450683594,231.1300048828125,233.7100067138672,9073600,224.96000137329102,220.56727322665128,215.5295837402344,204.14290000915528,66.36326492919147,3.113567897251674,0.010467538169919237
2024-08-21,232.14999389648438,232.8699951171875,230.47999572753906,231.69000244140625,5337400,225.47750091552734,220.83872763893822,215.8865837097168,204.38305000305175,65.47445794370121,3.1042818341936385,0.0104161240121001
2024-08-22,229.3699951171875,230.3800048828125,228.25999450683594,230.35000610351562,5765400,226.02950057983398,221.09509110884233,216.19058367411296,204.60595001220702,57.97591374305102,2.9614246913364957,0.01011058518768296
2024-08-23,232.02000427246094,232.72999572753906,230.52000427246094,231.0399932861328,5418200,226.5990005493164,221.35327287153765,216.49066708882648,204.84930000305175,62.3968725046667,2.837139674595424,0.010155572740051778
2024-08-26,232.75999450683594,233.5,232.05999755859375,233.4499969482422,3151400,227.22099990844725,221.5956365411932,216.78708368937174,205.10014999389648,63.55000434215063,2.7735682896205356,0.010112827485216868
2024-08-27,233.38999938964844,233.47000122070312,231.57000732421875,231.69000244140625,4435600,227.76449966430664,221.9918182373047,217.0752503712972,205.3632499694824,64.54681542482948,2.769282749720982,0.009970542028772624
2024-08-28,231.75,232.02000427246094,230.72999572753906,232.0,4961500,228.02449951171874,222.3229092684659,217.34033368428547,205.6145499420166,59.95066891071163,2.6949975149972096,0.00946183754196913
2024-08-29,232.9499969482422,233.61000061035156,231.9199981689453,231.9499969482422,5524200,228.3834991455078,222.6647275057706,217.60133361816406,205.88174995422364,62.07844683816165,2.723569597516741,0.009436597908737741
2024-08-30,231.2899932861328,232.86000061035156,230.5500030517578,232.52999877929688,5743000,228.6809989929199,222.9660000887784,217.8454168955485,206.13564994812012,57.52537911588133,2.610712323869978,0.00960955233270807
2024-09-03,230.2899932861328,230.5399932861328,228.52000427246094,230.3800048828125,6417900,229.0714988708496,223.28090903542258,218.09958356221517,206.37649993896486,54.912552817351376,2.7171401977539062,0.009136619885095227
2024-09-04,230.42999267578125,231.05999755859375,229.3800048828125,229.7899932861328,4696000,229.55799865722656,223.5481817072088,218.34325014750164,206.6204499053955,55.21921033967795,2.643568856375558,0.008850588179769204
2024-09-05,232.35000610351562,232.88999938964844,231.3300018310547,232.72000122070312,4838100,230.14799880981445,223.87072726162998,218.6099168141683,206.86374992370605,59.306931150962754,2.6492832728794644,0.008925544249052455
2024-09-06,230.6300048828125,232.75999450683594,229.6199951171875,231.8300018310547,6315800,230.47899932861327,224.14636369185015,218.86758346557616,207.0985499572754,54.506838259333975,2.508568899972098,0.00863868839036713
2024-09-09,231.60000610351562,231.6199951171875,230.38999938964844,231.25999450683594,3548800,230.83099975585938,224.39072737260298,219.13066685994465,207.33970001220703,56.63830541661201,2.435711451939174,0.008657804568422044
2024-09-10,232.6199951171875,232.74000549316406,231.1199951171875,232.38999938964844,4378300,231.04149932861327,224.7150909423828,219.40416679382324,207.5760499572754,58.823020976897254,2.3457129342215404,0.007886683639705223
2024-09-11,232.25,232.8699951171875,231.08999633789062,231.72000122070312,4637300,231.2509994506836,225.01727267178623,219.65475018819174,207.81449996948243,57.68760154994253,2.3021414620535716,0.0078876556939404
2024-09-12,236.3300018310547,236.4499969482422,234.4199981689453,234.6300048828125,9930200,231.75749969482422,225.41309093128552,219.94108352661132,208.0685499572754,65.5779292021715,2.324284144810268,0.008406550561460974
2024-09-13,238.67999267578125,238.97999572753906,237.75999450683594,238.1300048828125,7455100,232.34599914550782,225.88763621937144,220.2605000813802,208.328099899292,69.14670630082593,2.2735693795340404,0.008581320865086969
2024-09-16,238.66000366210938,239.27999877929688,238.0500030517578,238.72999572753906,4713500,232.67949905395508,226.31799982244317,220.57441673278808,208.57509994506836,69.08109909428016,2.255712236676897,0.007211235002623164
2024-09-17,237.33999633789062,238.60000610351562,236.61000061035156,238.0800018310547,5257100,232.96599884033202,226.7239998557351,220.87191670735677,208.81409996032716,64.71442476503444,2.2664271763392856,0.007349975792959164
2024-09-18,235.50999450683594,240.2899932861328,235.3000030517578,238.19000244140625,11081100,233.11849822998047,227.08654507723722,221.1419999440511,209.04789993286133,59.13374836941634,2.432854788643973,0.007589256649784912
2024-09-19,239.1699981689453,239.52000427246094,237.38999938964844,238.24000549316406,6108200,233.46949844360353,227.51581781560725,221.4207499186198,209.28369995117188,65.535171634769,2.5864268711635043,0.008261880457208451
2024-09-20,242.2100067138672,242.6300048828125,240.47000122070312,241.11000061035156,7737400,234.1114990234375,227.95618147416548,221.70733324686685,209.55544998168946,69.77078727804073,2.662142072405134,0.007978306304893127
2024-09-23,242.67999267578125,243.4600067138672,242.58999633789062,242.97000122070312,5426200,234.6444984436035,228.35163601962003,221.97224985758464,209.83309997558592,70.3769168135505,2.5535714285714284,0.007705392237178177
2024-09-24,246.07000732421875,246.19000244140625,243.14999389648438,243.38999938964844,8386300,235.30999908447265,228.85854519930754,222.24999987284343,210.12425003051757,74.3690473254476,2.6842869349888394,0.008137498588477145
2024-09-25,245.72999572753906,246.47000122070312,244.7899932861328,246.19000244140625,7393400,235.9269989013672,229.35254516601563,222.53508313496908,210.41215003967284,73.30204006974205,2.628572736467634,0.008191552234738516
2024-09-26,246.97999572753906,247.3699951171875,245.19000244140625,246.44000244140625,7041100,236.68849868774413,229.85472689541902,222.80041643778483,210.7188500213623,74.73706650040371,2.5600008283342635,0.007883457794276925
2024-09-27,245.02000427246094,246.75,244.19000244140625,246.30999755859375,8329600,237.29199905395507,230.2505451549183,223.03824984232585,211.02600006103515,68.51812933320757,2.671429225376674,0.008248659355747439
2024-09-30,243.05999755859375,244.0800018310547,242.5,243.97000122070312,6916700,237.88049926757813,230.6132723721591,223.2498331705729,211.32385002136232,62.883029168310934,2.7357145036969865,0.008304763302085405
2024-10-01,245.61000061035156,246.97999572753906,245.05999755859375,245.1999969482422,10605500,238.64649963378906,231.00927234996448,223.4998331705729,211.61375,66.7180896196254,2.8885716029575894,0.008323141583255205
2024-10-02,245.66000366210938,246.07000732421875,243.99000549316406,245.61000061035156,6798800,239.40800018310546,231.32509072043678,223.71533317565917,211.89840003967285,66.79055020909432,2.7371433803013394,0.008330405951509988
2024-10-03,245.49000549316406,245.91000366210938,243.69000244140625,244.72000122070312,5674500,240.06500015258788,231.6570908979936,223.95366655985515,212.19085006713868,66.26235688072245,2.7064296177455356,0.008284224708375568
2024-10-04,245.0,246.69000244140625,244.0500030517578,245.0,5947800,240.78349990844725,232.00654546564274,224.15408325195312,212.4766000366211,64.67471052022188,2.8071441650390625,0.008018165109265365
2024-10-07,244.1699981689453,244.82000732421875,243.80999755859375,244.5800018310547,3849000,241.41199951171876,232.41454551003196,224.3453332265218,212.75180000305176,61.96635526205329,2.745715550013951,0.008139774093203706
2024-10-08,242.3699951171875,244.0399932861328,240.6300048828125,243.7899932861328,7669800,241.89949951171874,232.78854536576705,224.53516654968263,213.0231499481201,56.445812939964426,2.642144339425223,0.008429077798576306
2024-10-09,241.0500030517578,241.83999633789062,240.63999938964844,241.16000366210938,4120500,242.33949966430663,233.12436356977983,224.70774993896484,213.28125,52.73549137379544,2.4792861938476562,0.00856071714011144
2024-10-10,242.82000732421875,243.02000427246094,241.50999450683594,241.77000427246094,4792700,242.66399993896485,233.50654546564274,224.88933334350585,213.5440000152588,56.83299557672385,2.372857230050223,0.007851522734738037
2024-10-11,245.47000122070312,245.9199981689453,244.47000122070312,244.5,5789500,243.00350036621094,234.0,225.13849995930988,213.81275001525879,62.126838625218596,2.504999433244978,0.007909936832384402
2024-10-14,245.07000732421875,245.86000061035156,244.25999450683594,245.16000366210938,3922900,243.3240005493164,234.44436368075284,225.38875007629395,214.07515007019043,60.912557737003475,2.3685706002371654,0.007933056389259409
2024-10-15,245.9199981689453,246.5500030517578,244.52999877929688,244.99000549316406,5640800,243.75300064086915,234.90981805974786,225.6494167327881,214.34740005493165,62.58603275472001,2.3928560529436385,0.007775535244239138
2024-10-16,247.14999389648438,248.08999633789062,246.36000061035156,247.6199951171875,5431900,244.33500061035156,235.35763605291194,225.90966669718424,214.62730003356933,64.92615930550323,2.3921421595982144,0.007470269217822577
2024-10-17,248.6300048828125,249.05999755859375,247.6199951171875,247.75,5176200,244.80800094604493,235.75909063165838,226.17641677856446,214.9168500518799,67.55575664883948,2.3292857578822543,0.006869915173073439
2024-10-18,251.27000427246094,251.3699951171875,249.89999389648438,250.0,7833600,245.2610008239746,236.22272699529475,226.4688335418701,215.22755004882814,71.6401982290437,2.344999040876116,0.006711747058162504
2024-10-21,251.22000122070312,253.13999938964844,250.72999572753906,252.74000549316406,9258600,245.6880012512207,236.6932725386186,226.7967502593994,215.53705001831054,71.45670695999917,2.2371422903878346,0.006727414760470677
2024-10-22,253.92999267578125,253.94000244140625,252.52000427246094,253.05999755859375,5756300,246.08100051879882,237.2650906649503,227.13125025431316,215.85994995117187,75.1687522221612,2.2828565325055803,0.006455431893597778
2024-10-23,250.8699951171875,253.17999267578125,250.1999969482422,253.0800018310547,8081000,246.33800048828124,237.81363608620384,227.44575017293295,216.17494995117187,64.90461179006785,2.3907132829938615,0.007120719301209593
2024-10-24,252.8000030517578,253.32000732421875,251.39999389648438,253.27000427246094,5962200,246.62900085449218,238.39999972256746,227.77775014241536,216.49930000305176,67.88338668447317,2.377142769949777,0.007221439416224148
2024-10-25,253.32000732421875,253.5500030517578,251.77000427246094,252.0,4424500,247.04400100708008,238.93290904651988,228.0954168955485,216.82840003967286,68.65532726944483,2.419285365513393,0.006895126424917978
2024-10-28,253.3300018310547,253.6300048828125,252.9499969482422,253.00999450683594,4029100,247.55750122070313,239.4560000332919,228.4214168548584,217.1557000732422,68.67091349671269,2.215000697544643,0.006524962440805584
2024-10-29,256.0899963378906,256.2900085449219,254.22999572753906,254.49000549316406,8875500,248.08150100708008,239.959272627397,228.77566680908203,217.4876000213623,72.70699681044825,2.302858625139509,0.006552872734965436
2024-10-30,257.5,257.7099914550781,255.91000366210938,256.760009765625,6386200,248.67350082397462,240.49454539905895,229.11358350118002,217.83555000305176,74.51342450279006,2.290714808872768,0.006578817411157096
2024-10-31,253.50999450683594,255.60000610351562,252.1999969482422,255.52000427246094,9930800,249.0745002746582,240.9910908092152,229.40358339945476,218.1738999938965,62.006646604035986,2.4478585379464284,0.007682417375673298
2024-11-01,252.47000122070312,254.86000061035156,252.44000244140625,254.3300018310547,6473000,249.44800033569337,241.45581803755326,229.70533345540363,218.49940002441406,59.21669417335637,2.5064293997628346,0.007748988762699475
2024-11-04,252.8300018310547,253.5800018310547,252.27000427246094,253.32000732421875,4581400,249.88100051879883,241.83472706187854,229.99483350118,218.82390007019043,59.889476034208826,2.455714634486607,0.0076624308229021245
2024-11-05,253.39999389648438,253.99000549316406,252.41000366210938,253.77999877929688,6029900,250.43250045776367,242.23090875799005,230.2657501220703,219.15480003356933,60.98684623710816,2.413572038922991,0.007353947873500688
2024-11-06,245.6999969482422,247.35000610351562,244.9499969482422,245.63999938964844,14600200,250.66500015258788,242.4716358531605,230.4796667734782,219.44355003356932,43.623833560785506,2.8807144165039062,0.010266254283717564
2024-11-07,249.64999389648438,250.24000549316406,248.1199951171875,248.2899932861328,8821400,251.00649948120116,242.78981767134232,230.6962500254313,219.75980003356935,51.28572570676722,3.0092871529715404,0.010725442059001954
2024-11-08,247.9600067138672,249.35000610351562,247.77999877929688,249.07000732421875,6267900,251.13099975585936,243.12781788219104,230.89125010172526,220.06390007019044,48.26347547123319,2.970715114048549,0.010632102061986478
2024-11-11,242.13999938964844,242.72999572753906,241.05999755859375,242.72999572753906,11653800,250.98449935913087,243.31181779341264,231.04050013224284,220.3395500946045,39.607170699835926,3.269287109375,0.011913307470628041
2024-11-12,240.0500030517578,241.66000366210938,239.38999938964844,241.2899932861328,10145500,250.69099960327148,243.44436340332032,231.20666681925456,220.598150100708,37.038137242841,3.1992874145507812,0.012006267733448065
2024-11-13,237.6300048828125,241.47000122070312,237.58999633789062,241.30999755859375,8431700,250.2150001525879,243.52145441228694,231.38925018310547,220.84335014343262,34.26659745017659,3.3014297485351562,0.01207382018302625
2024-11-14,237.00999450683594,237.99000549316406,236.1300048828125,236.57000732421875,8262400,249.63399963378907,243.61709067604758,231.56500015258788,221.0861501312256,33.57343291289112,3.3071441650390625,0.011930675501271326
2024-11-15,236.58999633789062,237.8800048828125,236.3300018310547,237.57000732421875,7299500,248.89999923706054,243.6832724831321,231.71833343505858,221.3170500946045,33.08519425305897,3.369286673409598,0.01153861446149033
2024-11-18,241.08999633789062,241.5,240.4499969482422,240.4600067138672,6323400,248.39349899291992,243.86145435680044,231.92608337402345,221.57945007324219,42.70000610554164,3.5085721697126115,0.01253623906979181
2024-11-19,243.25,243.30999755859375,242.02999877929688,242.75,6579100,247.85949935913087,244.0970908425071,232.1484166463216,221.8578500366211,46.66172954387513,3.5385731288364957,0.012444578234825206
2024-11-20,244.6199951171875,245.2100067138672,243.50999450683594,243.74000549316406,6630700,247.54699935913087,244.3550908868963,232.39274991353352,222.13819999694823,49.06707475393974,3.300001961844308,0.012325913778597923
2024-11-21,246.66000366210938,246.80999755859375,245.69000244140625,246.22999572753906,7646400,247.23999938964843,244.61527266068893,232.63808326721193,222.4290000152588,52.50195699068243,3.283573695591518,0.012351242174150448
2024-11-22,249.83999633789062,250.38999938964844,247.86000061035156,248.1999969482422,7503000,247.06599884033204,244.96454523259942,232.92616653442383,222.73654998779296,57.3324329836322,3.4564307076590404,0.012731359380066908
2024-11-25,242.47999572753906,244.39999389648438,241.47999572753906,244.27000427246094,10733100,246.52349853515625,245.1623632257635,233.13166643778484,223.0109499359131,45.7384625649821,3.940716334751674,0.014267662993724973
2024-11-26,242.9499969482422,243.08999633789062,241.5800018310547,242.7100067138672,4945900,245.86649856567382,245.35018144087357,233.32766647338866,223.29014991760255,46.48273434218557,3.445001874651228,0.013976273718051576
2024-11-27,243.49000549316406,245.17999267578125,243.1999969482422,244.85000610351562,6930600,245.16599884033204,245.5545451771129,233.59341646830242,223.58494995117186,47.375856422868424,3.280000959123884,0.013895887820823287
2024-11-29,245.58999633789062,245.80999755859375,244.72999572753906,245.25,2708500,244.76999893188477,245.72290871360084,233.86049982706706,223.8907999420166,50.813525431807314,3.3121435982840404,0.01377316142208724
2024-12-02,243.44000244140625,244.5800018310547,243.13999938964844,244.4600067138672,4765000,244.31849899291993,245.80945434570313,234.10458323160807,224.17969993591308,47.39956940200077,2.9942855834960938,0.013858532247756879
2024-12-03,243.92999267578125,245.17999267578125,243.3000030517578,244.9600067138672,3557800,243.87349853515624,245.9052723277699,234.34799982706707,224.46764991760253,48.252865544461855,2.9321419852120534,0.013866179547252215
2024-12-04,244.6699981689453,245.33999633789062,244.3699951171875,244.92999267578125,4608600,243.4369987487793,246.03854508833453,234.6121664683024,224.75364990234374,49.583072041578646,2.755713326590402,0.013878958942719928
2024-12-05,242.86000061035156,244.3800048828125,242.14999389648438,244.16000366210938,4806200,243.29499893188478,246.1721815629439,234.83824984232584,225.0305499267578,46.438655137444826,2.8028564453125,0.012228346758623578
2024-12-06,242.9499969482422,243.86000061035156,242.44000244140625,242.7899932861328,3540700,242.95999908447266,246.24090881347655,235.07441647847494,225.30749992370605,46.61992158792978,2.7935703822544644,0.011595044084768642
2024-12-09,245.36000061035156,247.11000061035156,245.25999450683594,246.27999877929688,4711500,242.8299987792969,246.2981814297763,235.323499806722,225.5911999511719,51.366483784973056,2.7399989536830356,0.011779398794505928
2024-12-10,248.58999633789062,248.86000061035156,247.8300018310547,247.86000061035156,4642000,243.152498626709,246.40563604181463,235.57708307902018,225.8931499481201,56.89824981275313,2.831427437918527,0.010822370313291446
2024-12-11,250.9600067138672,251.25999450683594,248.97000122070312,249.35000610351562,11033800,243.69799880981446,246.49454512162643,235.8785831451416,226.20794998168947,60.45274146386747,2.88214111328125,0.010700286572157727
2024-12-12,247.27999877929688,248.24000549316406,246.8699951171875,247.80999755859375,10149600,244.18049850463868,246.52272699529473,236.14233309427897,226.50264999389648,53.12656284193785,3.0178560529436385,0.011023090600812135
2024-12-13,244.2899932861328,245.94000244140625,244.27000427246094,245.6699981689453,6602600,244.54449844360352,246.47381785999644,236.39008305867512,226.7775499725342,48.03313296254942,2.9664273943219865,0.011430454005436751
2024-12-16,244.8800048828125,245.5399932861328,244.2899932861328,245.41000366210938,3310000,244.9589988708496,246.4712724165483,236.6592497507731,227.0375,49.07075478624398,2.4585702078683034,0.0114042144776971
2024-12-17,243.94000244140625,244.5500030517578,243.22999572753906,243.8000030517578,4421300,245.10149917602538,246.4872725053267,236.9004997253418,227.27715003967285,47.445357960831004,2.468571254185268,0.010710398809903491
2024-12-18,239.25999450683594,243.7100067138672,238.82000732421875,243.57000732421875,8015800,244.9019989013672,246.37181784889916,237.10258305867512,227.4875,40.289931967861996,2.674999782017299,0.011387687231442753
2024-12-19,239.60000610351562,240.0500030517578,238.72999572753906,239.6699981689453,8111400,244.6509994506836,246.26163607510654,237.3028330485026,227.6914500427246,40.98628036360275,2.603572300502232,0.011301800498212
2024-12-20,242.10000610351562,242.9600067138672,241.1699981689453,241.41000366210938,9527800,244.4229995727539,246.19999972256747,237.52399978637695,227.90225006103515,45.9751646167994,2.668572562081473,0.011401917661040342
2024-12-23,240.9600067138672,241.6699981689453,240.64999389648438,241.60000610351562,5835500,243.97900009155273,246.12654529918325,237.71541646321614,228.09890007019044,44.14260670501248,2.637859889439174,0.010954227135313126
2024-12-24,241.44000244140625,241.66000366210938,240.82000732421875,241.49000549316406,2421000,243.9270004272461,246.07690901322798,237.886333211263,228.29610008239746,45.13424482318693,2.5971450805664062,0.008815941832611583
2024-12-26,243.07000732421875,243.55999755859375,242.1999969482422,242.38999938964844,4645100,243.93300094604493,246.08963650790128,238.09366658528646,228.5125001525879,48.479207670040275,2.568572998046875,0.008941538035781809
2024-12-27,241.39999389648438,241.9499969482422,241.0500030517578,241.1999969482422,4728100,243.82850036621093,246.0959999778054,238.28399988810222,228.7135501098633,45.42366831235131,2.6114305768694197,0.009056378709384484
2024-12-30,240.6300048828125,241.0800018310547,239.5800018310547,241.0800018310547,3522500,243.58050079345702,246.05618175159802,238.46124992370605,228.91495010375976,44.04525103691186,2.444286891392299,0.008819521059739497
2024-12-31,242.1300048828125,242.52000427246094,241.0500030517578,241.0500030517578,2522100,243.51500091552734,245.99545454545455,238.6185832977295,229.1270500946045,47.39430887553791,2.329286847795759,0.008760964907686818
2025-01-02,245.4199981689453,245.52999877929688,244.0800018310547,244.22000122070312,6241900,243.58950119018556,246.00181801535865,238.80449994405112,229.35400009155273,53.910267524717,2.3814293997628346,0.009283855398522766
2025-01-03,243.49000549316406,244.82000732421875,243.36000061035156,244.55999755859375,4872100,243.53050155639647,245.95763633034446,238.96833330790201,229.57245010375976,49.99787460339221,2.2364283970424106,0.00943633272582487
2025-01-06,243.19000244140625,243.7899932861328,242.0500030517578,242.3300018310547,3758900,243.54700164794923,245.88563648570667,239.09250005086264,229.7775001525879,49.397761729538814,2.1457138061523438,0.009288340724174735
2025-01-07,244.55999755859375,245.77000427246094,243.80999755859375,245.52000427246094,5090300,243.62750167846679,245.81163635253907,239.23691673278807,229.99045013427735,52.21823273320029,2.2407139369419644,0.009370330208490566
2025-01-08,245.86000061035156,246.4499969482422,244.50999450683594,245.72000122070312,6303300,243.6525016784668,245.71327264959163,239.4042500813802,230.21800010681153,54.79316635125295,2.261427743094308,0.009178006297703116
2025-01-10,248.2100067138672,249.0399932861328,247.5500030517578,248.00999450683594,12380100,243.6335021972656,245.65854547674004,239.62491683959962,230.45410011291503,59.08547232297283,2.1228561401367188,0.008941080794912055
2025-01-13,245.74000549316406,246.7899932861328,245.14999389648438,246.33999633789062,8448600,243.37250213623048,245.50963661887428,239.82441685994465,230.67460014343263,53.35161342131683,2.2471422467912947,0.008904669695829622
2025-01-14,247.02999877929688,247.0399932861328,245.52000427246094,245.6199951171875,4914800,243.36000213623046,245.4398185036399,240.02816683451334,230.8942501068115,55.76595076853062,2.1157128470284596,0.008396756563155694
2025-01-15,248.8800048828125,248.89999389648438,247.00999450683594,248.2100067138672,6345000,243.58950271606446,245.36854580965908,240.2538335164388,231.11005012512206,59.04004511055888,2.1471405029296875,0.008049123023142955
2025-01-16,250.60000610351562,251.38999938964844,250.27000427246094,250.55999755859375,9236000,243.8755027770996,245.31909124200993,240.52275021870932,231.32395011901855,61.866132716369606,2.2664260864257812,0.008153935853459984
2025-01-17,249.27000427246094,250.80999755859375,249.14999389648438,249.6999969482422,8312900,244.14200286865236,245.24527310458097,240.76141688028972,231.51585014343263,58.50469522857212,2.233569553920201,0.008208009547848633
2025-01-21,253.1300048828125,253.36000061035156,251.8300018310547,251.9499969482422,7668100,244.83550338745118,245.191455078125,241.03483352661132,231.71780014038086,64.52850656888748,2.3814261300223216,0.007307088248938805
2025-01-22,254.42999267578125,254.67999267578125,253.77999877929688,254.2899932861328,5213800,245.57700271606444,245.13563676313922,241.300750096639,231.93235008239745,66.30271212680755,2.362140110560826,0.007316142142380473
2025-01-23,254.07000732421875,254.5399932861328,252.82000732421875,253.19000244140625,6511500,246.1755027770996,245.14581881436433,241.53008346557618,232.1270001220703,65.32827042821869,2.3499962942940846,0.007163401566203899
2025-01-24,255.64999389648438,257.07000732421875,255.61000061035156,255.9600067138672,7341300,246.91000213623047,245.2036368630149,241.7790833791097,232.32285011291503,67.58036167445862,2.321425301688058,0.007004400443854112
2025-01-27,252.99000549316406,254.25999450683594,251.9199981689453,253.86000061035156,5799800,247.48750228881835,245.2065460205078,242.0095001220703,232.49945014953613,60.46018194686163,2.440710885184152,0.007618628106873384
2025-01-28,255.17999267578125,255.25,253.88999938964844,254.22999572753906,5332000,248.09300155639647,245.23890963467684,242.282000096639,232.69730010986328,63.83823579166643,2.4778540475027904,0.007687932117175911
2025-01-29,254.1999969482422,254.82000732421875,253.3000030517578,254.5500030517578,5671800,248.73300170898438,245.3934550892223,242.56116676330566,232.8693000793457,61.31383853389859,2.4278531755719865,0.0075224138127179515
2025-01-30,258.04998779296875,258.2900085449219,256.45001220703125,257.20001220703125,12981200,249.6040008544922,245.54618225097656,242.8736666361491,233.07510002136232,66.8584359830399,2.581425258091518,0.007886409321187735
2025-01-31,258.55999755859375,259.989990234375,257.8599853515625,259.0799865722656,8961100,250.42550048828124,245.73890935724432,243.16158332824708,233.26315002441407,67.52248576904051,2.5064261300223216,0.007867031497230762
2025-02-03,259.94000244140625,261.3900146484375,259.5199890136719,259.75,11521100,251.1515007019043,246.0625457763672,243.4564167022705,233.45675003051758,69.3141343695995,2.4899978637695312,0.00750827715077136
2025-02-04,262.5,262.5400085449219,261.3500061035156,261.8299865722656,9850400,252.10200042724608,246.4707275390625,243.74050000508626,233.67130004882813,72.36025878053366,2.5671419416155135,0.00720988877482647
2025-02-05,264.1300048828125,265.989990234375,263.8900146484375,264.45001220703125,12681100,253.1490005493164,246.9525457208807,244.04108339945475,233.89025009155273,74.12174133038904,2.681427001953125,0.0071286082034496675
2025-02-06,263.42999267578125,263.7200012207031,261.489990234375,263.6600036621094,8731400,254.09250030517578,247.4329093239524,244.3513333638509,234.10225006103516,71.99959267111007,2.6907141549246654,0.00727773886492391
2025-02-07,263.8999938964844,266.3500061035156,263.260009765625,265.2200012207031,9154000,254.99449996948243,247.92945473410867,244.6595832824707,234.34389999389649,72.56749508088491,2.7928564889090404,0.007280552102706611
2025-02-10,268.3699951171875,268.6600036621094,267.239990234375,268.0,13250300,256.00249938964845,248.42545471191406,244.9627498626709,234.61055000305177,77.28592723068562,2.840714590890067,0.007770465239043144
2025-02-11,267.3900146484375,268.3599853515625,266.7099914550781,267.70001220703125,7169500,257.0849998474121,248.86436406915837,245.26091664632162,234.87430007934572,74.26987136137672,2.8485728672572543,0.007290561721649784
2025-02-12,267.6700134277344,268.42999267578125,266.3500061035156,267.1499938964844,9328600,258.117000579834,249.28345531116832,245.55433336893717,235.13305015563964,74.57516691001119,2.8742871965680803,0.0073209093351054065
2025-02-13,270.30999755859375,270.3900146484375,268.2200012207031,268.3999938964844,8347500,259.18850021362306,249.7134552001953,245.87233339945476,235.40150016784668,77.30894391182467,2.8542872837611606,0.007398505097022575
2025-02-14,266.2900085449219,270.2099914550781,265.45001220703125,270.07000732421875,11546700,259.97300033569337,250.01254633123224,246.1800001780192,235.6520502471924,65.72075078460406,2.9350008283342635,0.008494970635455585
2025-02-18,270.70001220703125,271.010009765625,269.6000061035156,269.67999267578125,8185900,261.04450073242185,250.52563753995028,246.50233357747396,235.9462003326416,70.87787722764746,3.110715593610491,0.00876239695746913
2025-02-19,270.8500061035156,271.3299865722656,269.239990234375,270.67999267578125,9342500,261.93050079345704,251.03291043368253,246.81975034077962,236.2315003967285,71.03747697178177,3.125716073172433,0.008374979432262937
2025-02-20,270.989990234375,271.8399963378906,270.1700134277344,270.2300109863281,7356900,262.75850067138674,251.53291015625,247.13308359781902,236.52080032348633,71.19613055947053,2.952856881277902,0.008388911173329808
2025-02-21,270.739990234375,271.510009765625,269.510009765625,270.79998779296875,8917400,263.59199981689454,251.99018277254973,247.45800018310547,236.80970024108888,70.45385670416884,2.943570818219866,0.008375395441961328
2025-02-24,272.2099914550781,272.32000732421875,270.3800048828125,271.45001220703125,5374400,264.41999969482424,252.5132734818892,247.78516680399576,237.09475021362306,72.28366639466469,2.879998343331473,0.008362352498811846
2025-02-25,268.6199951171875,271.67999267578125,266.45001220703125,271.4599914550781,10079800,265.2014991760254,252.9621826171875,248.09625015258788,237.36680015563965,62.15921222497984,3.105710710797991,0.008619492192004514
2025-02-26,269.0299987792969,269.0799865722656,266.6600036621094,267.0799865722656,7276000,265.89399948120115,253.4050917191939,248.4190835316976,237.64405014038087,62.800055964610955,3.0292816162109375,0.008521741099526756
2025-02-27,264.92999267578125,266.6700134277344,264.45001220703125,266.489990234375,9374600,266.4304992675781,253.8063643022017,248.7065835316976,237.88395011901855,53.113331039734824,3.167851039341518,0.009324295177603116
2025-02-28,263.2699890136719,263.3999938964844,261.25,262.55999755859375,11504500,266.6914993286133,254.17581870339134,248.9642500559489,238.1067500305176,49.766287175216085,3.209993634905134,0.008971422111620438
2025-03-03,266.739990234375,266.8800048828125,265.07000732421875,265.07000732421875,7725600,267.10049896240236,254.56454578746448,249.26516660054526,238.3591500091553,56.007157432004334,3.1278512137276784,0.009373748347997668
2025-03-04,269.05999755859375,269.3999938964844,267.5199890136719,269.010009765625,8481300,267.5564987182617,254.9367276278409,249.57733319600422,238.6140000152588,59.619324790735135,3.19927978515625,0.00947383878934132
2025-03-05,269.6199951171875,270.260009765625,267.9599914550781,267.9700012207031,6990400,267.9124984741211,255.2760001442649,249.88566652933756,238.85764999389647,60.46318209289873,3.214996337890625,0.009282445098484785
2025-03-06,268.25,269.510009765625,268.1600036621094,268.25,6136400,268.11849822998045,255.65727289373226,250.18566652933757,239.09875,57.30797363300944,3.124995640345982,0.009316536428343281
2025-03-07,268.3900146484375,270.3399963378906,267.6400146484375,269.0899963378906,10431200,268.36649932861326,256.0954551003196,250.45283330281575,239.32240005493165,57.551774773716176,2.970709664481027,0.009281366082089088
2025-03-10,266.0400085449219,268.44000244140625,265.6400146484375,267.6199951171875,7593900,268.47350006103517,256.4801824396307,250.6808334350586,239.5298001098633,52.16702828975521,2.8335658482142856,0.009528881833688786
2025-03-11,269.1600036621094,269.7300109863281,268.44000244140625,268.4700012207031,8436600,268.51300048828125,256.93872791637074,250.93500010172525,239.75445014953613,57.81089169570099,2.947851998465402,0.009116567621226732
2025-03-12,270.3299865722656,271.2300109863281,268.3599853515625,268.4700012207031,7236200,268.65999908447264,257.5036368630149,251.2099166870117,240.0055500793457,59.72975353477358,3.0335693359375,0.009114774270872627
2025-03-13,275.1300048828125,275.3500061035156,271.54998779296875,271.57000732421875,13741500,269.0329986572266,258.14963684082034,251.54008344014485,240.30260009765624,66.46805147481862,3.2492850167410716,0.009891867421979087
2025-03-14,275.239990234375,276.29998779296875,274.6600036621094,276.2699890136719,13365000,269.2794982910156,258.75218200683594,251.84066670735677,240.5992000579834,66.6059348320367,3.2278551374162947,0.009691147836097662
2025-03-17,276.7300109863281,276.7900085449219,275.3900146484375,275.5400085449219,8583400,269.80149841308594,259.4025457208807,252.1283334096273,240.891900100708,68.49593485002049,2.9271436418805803,0.008983967828671939
2025-03-18,279.9599914550781,280.2099914550781,278.9700012207031,279.8999938964844,9596500,270.2644973754883,260.1029091574929,252.43900006612142,241.21090003967285,72.17262492170303,3.0028577532087053,0.008625211755555936
2025-03-19,281.1099853515625,281.4800109863281,279.05999755859375,279.8500061035156,8822200,270.7774963378906,260.7945451216264,252.73099988301595,241.53359992980958,73.36450226643149,2.848573957170759,0.008636557345623384
2025-03-20,280.75,280.8999938964844,279.42999267578125,279.489990234375,5863300,271.2654968261719,261.50999977805395,253.02283325195313,241.86084991455078,72.32027893542406,2.705716814313616,0.008660983436306528
2025-03-21,278.489990234375,279.4599914550781,276.5899963378906,279.4599914550781,9359300,271.6529968261719,262.19836314808236,253.2854165395101,242.16719985961913,65.97171681855158,2.745001656668527,0.008921878416036467
2025-03-24,277.25,279.0899963378906,276.8599853515625,278.9100036621094,7870100,271.90499725341795,262.83690851384944,253.5539998372396,242.47709983825683,62.71856717289363,2.714287894112723,0.008963427383133615
2025-03-25,278.4700012207031,279.9599914550781,278.2699890136719,278.7799987792969,5090200,272.3974975585937,263.437817660245,253.8490832010905,242.78034980773927,64.5697412622595,2.7435716901506697,0.008344101632353738
2025-03-26,278.239990234375,279.0199890136719,277.7799987792969,278.92999267578125,3717500,272.85799713134764,264.0696355646307,254.1209997812907,243.07439979553223,63.925274876287936,2.7278573172433034,0.00836523750407928
2025-03-27,281.9700012207031,282.07000732421875,279.5899963378906,280.54998779296875,8476300,273.7099975585937,264.774726451527,254.42358309427897,243.42624977111817,69.28001541029118,2.8085741315569197,0.0077377690877494035
2025-03-28,284.05999755859375,284.6400146484375,282.8599853515625,283.82000732421875,9563700,274.74949798583987,265.49290826970883,254.74499969482423,243.77884979248046,71.8053674999728,2.799290248325893,0.007461281248574939
2025-03-31,288.1400146484375,288.3900146484375,285.8500061035156,287.5299987792969,13925100,275.81949920654296,266.261635797674,255.10449981689453,244.14879989624023,75.9600320810763,2.845005580357143,0.007543500477037711
2025-04-01,287.57000732421875,289.1300048828125,285.9100036621094,288.5400085449219,15923600,276.74499969482423,266.97727217240765,255.46616655985514,244.51304992675782,74.31249755566566,2.8700038364955356,0.007563316232869129
2025-04-02,288.1600036621094,289.0299987792969,287.3599853515625,288.2799987792969,11074800,277.6720001220703,267.7485448663885,255.84774996439617,244.88899993896484,74.91888443728382,2.6307176862444197,0.0075635827917014675
2025-04-03,286.4200134277344,289.0899963378906,282.45001220703125,282.7799987792969,20524400,278.580500793457,268.4647269509055,256.22583338419594,245.24245002746582,69.6936777057875,2.987860543387277,0.007622581980079574
2025-04-04,279.7200012207031,284.0299987792969,278.0199890136719,283.6400146484375,21517200,279.1470001220703,269.025454157049,256.53333333333336,245.56800003051757,54.058868286929965,3.477146693638393,0.009680711753930983
2025-04-07,273.7099914550781,280.1400146484375,272.5799865722656,278.8599853515625,19807000,279.53049926757814,269.4456357088956,256.76866658528644,245.85919998168944,44.43028164977236,3.768578665597098,0.010788160783714121
2025-04-08,275.20001220703125,278.32000732421875,274.239990234375,277.8699951171875,12639500,279.8324996948242,269.9170903986151,257.0197499593099,246.14440002441407,46.95294165180131,3.9250074114118303,0.01056309257601923
2025-04-09,285.3800048828125,285.8699951171875,281.0400085449219,282.2200012207031,25342200,280.5850006103516,270.5034540349787,257.3485833485921,246.49740005493163,60.23490739521835,4.567149571010044,0.013258986091374388
2025-04-10,292.3500061035156,292.8599853515625,287.2300109863281,288.80999755859375,19837800,281.44600067138674,271.19290882457386,257.72525011698406,246.88100006103517,66.43210362400598,4.804290771484375,0.013730376035724174
2025-04-11,297.92999267578125,299.2699890136719,296.80999755859375,297.9599914550781,21080100,282.580500793457,271.9903631036932,258.13608334859214,247.2978500366211,70.40814118995675,5.139288766043527,0.014163848600520345
2025-04-14,296.2300109863281,296.5799865722656,294.5299987792969,295.5400085449219,12427600,283.55550079345704,272.7281815962358,258.51075007120767,247.71610008239747,67.77431411697191,5.188574654715402,0.014325379073689122
2025-04-15,297.7799987792969,298.0199890136719,296.0899963378906,296.92999267578125,7924100,284.44650115966795,273.54254511052915,258.89875005086265,248.13005004882814,68.91605924917467,5.237860543387277,0.014204068569573312
2025-04-16,307.4700012207031,308.05999755859375,303.79998779296875,304.6499938964844,20778100,285.764501953125,274.4932725386186,259.34491678873695,248.59235008239747,74.90260089559744,5.698573521205357,0.015650492710682237
2025-04-17,306.1199951171875,307.1300048828125,302.7300109863281,306.30999755859375,18287800,287.0330017089844,275.4372725053267,259.8053334554036,249.04510002136232,72.79900691485693,5.846429007393973,0.01572733508456501
2025-04-21,315.5899963378906,316.4100036621094,313.95001220703125,315.0199890136719,20372300,288.8880020141602,276.4834544788707,260.32858339945477,249.5452500152588,77.5599033171907,6.272142682756696,0.016493624302727935
2025-04-22,311.1099853515625,317.6300048828125,310.3599853515625,317.489990234375,35242300,290.5810012817383,277.4389088023793,260.8101665496826,250.0108499145508,71.21011314341858,6.561429704938616,0.016968124121063584
2025-04-23,303.6499938964844,304.739990234375,300.5899963378906,304.17999267578125,25421500,291.84000091552736,278.2336359197443,261.22949981689453,250.4244499206543,62.0938905377464,7.193570818219866,0.018240240571567652
2025-04-24,308.07000732421875,308.5,304.7099914550781,306.9800109863281,10845000,293.33150177001954,279.0621815074574,261.6626665751139,250.87384994506837,64.95643029260583,7.065715244838169,0.01832816953518038
2025-04-25,304.7300109863281,305.3699951171875,301.010009765625,301.7799987792969,10691600,294.4695022583008,279.8003634366122,262.05625,251.30470001220704,61.19571535073282,6.969999040876116,0.01856172696208316
2025-04-28,309.07000732421875,309.1099853515625,302.9700012207031,304.1499938964844,9375500,295.72000274658205,280.63018188476565,262.5192501068115,251.75325004577635,64.103909973367,6.868567330496652,0.018689201137961266
2025-04-29,306.05999755859375,306.95001220703125,304.0,305.80999755859375,6852100,296.61600189208986,281.39672740589486,262.9658334096273,252.16730003356935,60.70580172502557,6.901423863002232,0.018789273376028343
2025-04-30,303.7699890136719,306.07000732421875,303.44000244140625,304.6099853515625,8331900,297.4260009765625,282.04036365855825,263.39033330281575,252.57059997558594,58.17899075116852,6.327139718191964,0.01890884914670975
2025-05-01,297.4599914550781,297.94000244140625,295.32000732421875,297.4100036621094,14969100,297.89100036621096,282.58709050958805,263.75749994913735,252.93874992370604,51.783016946573525,6.396425519670759,0.019638224646723698
2025-05-02,297.9800109863281,300.8500061035156,297.0299987792969,300.1700134277344,8678400,298.4690002441406,283.1381813742898,264.1931667327881,253.28720001220702,52.24892348764586,6.174998692103794,0.01955224299120013
2025-05-05,306.8800048828125,307.6499938964844,304.67999267578125,305.9200134277344,8924000,299.8270004272461,283.80309059836645,264.67008349100746,253.6854500579834,59.467575323283164,6.622855050223214,0.019515710462785586
2025-05-06,315.4800109863281,315.6199951171875,311.3999938964844,313.1199951171875,11445300,301.9155014038086,284.6974542791193,265.232750193278,254.13395011901855,64.97715080183991,7.109283447265625,0.01913922203139985
2025-05-07,310.75,313.260009765625,310.0799865722656,312.1000061035156,7888300,303.69300079345703,285.4256358753551,265.8045001983643,254.57905014038087,60.13548876256644,6.760713849748884,0.019778391223014585
2025-05-08,304.6300048828125,310.4800109863281,303.04998779296875,309.760009765625,11927600,304.655500793457,286.03981767134235,266.3426668802897,254.99320014953614,54.47912253117519,6.972143990652902,0.01919846956084756
2025-05-09,306.8399963378906,308.57000732421875,306.010009765625,307.7900085449219,6913100,305.38000030517577,286.6916359641335,266.919416809082,255.4145001220703,56.085468657218925,6.518572126116071,0.01858501913046264
2025-05-12,298.19000244140625,299.4700012207031,296.82000732421875,298.3299865722656,14375900,305.393000793457,287.1907270951705,267.42925020853676,255.79645011901854,48.82331172244929,6.714998517717634,0.01936587632235357
2025-05-13,299.4599914550781,300.29998779296875,297.239990234375,299.0199890136719,10233600,305.5544998168945,287.686181640625,267.95316683451335,256.20210006713864,49.85003812476661,6.182141985212054,0.019333526422239535
2025-05-14,293.1600036621094,294.79998779296875,291.9599914550781,293.6700134277344,14800600,305.32350006103513,288.13236361416904,268.3870835622152,256.56475006103517,45.02439837549432,6.371427263532366,0.019895000299275094
2025-05-15,297.8399963378906,297.8999938964844,293.75,294.1000061035156,13497700,304.84199981689454,288.656181751598,268.84200019836425,256.95235000610353,48.97583868749404,6.205712454659598,0.018754519374581745
2025-05-16,294.239990234375,294.5799865722656,291.7799987792969,292.6199951171875,14173000,304.2479995727539,289.1890907981179,269.25550015767413,257.3109499359131,46.223564989642774,6.199999128069196,0.018897030751004417
2025-05-19,298.0299987792969,298.5799865722656,296.4800109863281,297.8500061035156,11656300,303.36999969482423,289.82109097567474,269.68358345031737,257.6683499145508,49.444624257468625,6.147855486188616,0.017639925067181202
2025-05-20,303.5799865722656,303.67999267578125,298.29998779296875,298.3500061035156,12851000,302.9934997558594,290.4909090909091,270.1314167022705,258.0573998260498,53.80788418306336,6.363568987165179,0.018037266360077096
2025-05-21,305.82000732421875,306.4599914550781,303.6700134277344,304.54998779296875,12414500,303.1020004272461,291.15927290482955,270.65925013224285,258.45979988098145,55.47806121910898,5.9657135009765625,0.017288450715628827
2025-05-22,303.1099853515625,305.2799987792969,302.1000061035156,305.0899963378906,9704200,302.85399932861327,291.7681818181818,271.1605833689372,258.8629498291016,52.98214697545328,5.958570207868304,0.017077939946256573
2025-05-23,309.75,310.25,307.4700012207031,308.8599853515625,13339500,303.10499877929686,292.52272727272725,271.7127499898275,259.30819984436033,57.97138651741624,5.777858189174107,0.017613181577990505
2025-05-27,304.5,304.8800048828125,302.739990234375,303.80999755859375,9578500,302.8764984130859,293.1792724609375,272.2036666870117,259.7279498291016,53.167499886523196,5.654288155691964,0.01775597481870429
2025-05-28,303.80999755859375,304.989990234375,303.05999755859375,304.6400146484375,8803300,302.7639984130859,293.86599953391334,272.70674997965494,260.12694984436035,52.55113600966617,5.406428745814732,0.017631622224109734
2025-05-29,305.6099853515625,306.8900146484375,304.4599914550781,305.739990234375,9487900,302.85599822998046,294.5287264737216,273.2207499186198,260.5321997833252,54.047721750856994,5.076429094587054,0.017595867496764936
2025-05-30,303.6000061035156,304.0199890136719,301.5,303.6400146484375,9553300,303.16299896240236,295.13363591974434,273.7118333180745,260.9081497955322,52.072609323540156,5.088570731026786,0.016969979887964056
2025-06-02,311.6700134277344,311.7200012207031,308.7200012207031,309.2099914550781,13593200,303.84749908447264,295.7979997114702,274.2852500915527,261.32619987487794,58.612242182384335,4.952856881277902,0.01789845559022471
2025-06-03,308.9100036621094,309.55999755859375,307.1499938964844,309.55999755859375,9315100,303.9489990234375,296.4101817737926,274.8349168141683,261.73974990844727,55.80755794245469,5.0571441650390625,0.016833551161409808
2025-06-04,310.8999938964844,311.8800048828125,308.739990234375,309.4100036621094,7462500,303.7199981689453,297.0314541903409,275.38108342488607,262.15969985961914,57.39071814169713,4.745716639927456,0.015622017005295597
2025-06-05,309.3299865722656,312.20001220703125,307.6499938964844,311.239990234375,10817800,303.6489974975586,297.5654541015625,275.8872500101725,262.54639976501466,55.695474262341314,4.732147216796875,0.015295158776687528
2025-06-06,305.17999267578125,309.20001220703125,305.1000061035156,309.0899963378906,7787500,303.676496887207,298.0030905983665,276.33908322652184,262.9142497253418,51.3755377025688,4.601431710379464,0.014932357081951992
2025-06-09,306.6199951171875,307.6099853515625,305.05999755859375,305.3900146484375,7159000,303.6654968261719,298.4734541459517,276.8335831960042,263.2850496673584,52.74517040744213,4.473573957170759,0.014879937032170696
2025-06-10,306.7099914550781,308.6000061035156,305.8699951171875,308.30999755859375,7071700,304.0914962768555,298.9865450772372,277.35374984741213,263.6578496551514,52.83458723102587,4.265003749302456,0.01331342690052171
2025-06-11,308.3699951171875,308.6199951171875,305.8500061035156,307.5,9248800,304.53699645996096,299.552363170277,277.88283309936526,264.05284965515136,54.54318915799503,4.257145472935268,0.013328524565197028
2025-06-12,312.20001220703125,313.1000061035156,311.1499938964844,311.739990234375,11531400,305.488996887207,300.16563609730116,278.4516665140788,264.45374969482424,58.29690892918073,4.329289027622768,0.0124123049983961
2025-06-13,316.2900085449219,317.6000061035156,315.0400085449219,317.260009765625,16592900,306.41149749755857,300.85745461203834,279.0935832977295,264.87139976501464,61.91381513241035,4.2050018310546875,0.012273359491117762
2025-06-16,311.7799987792969,314.8699951171875,311.6499938964844,314.79998779296875,12848400,307.2884979248047,301.3994545676492,279.69508323669436,265.2633497619629,56.13254841343358,4.035716465541294,0.012423332890490286
2025-06-17,311.94000244140625,313.0,310.1199951171875,312.6600036621094,8234100,307.98399810791017,301.9063637473366,280.27708320617677,265.66429977416993,56.28849229870754,4.103574480329241,0.012210153473844763
2025-06-18,310.260009765625,312.9800109863281,309.8599853515625,312.8900146484375,9370800,308.3179992675781,302.30854547674005,280.85458323160805,266.05084983825685,54.11332669323363,4.106432233537946,0.011695914597976045
2025-06-20,310.1300048828125,310.8900146484375,309.25,309.3299865722656,8794700,308.5334991455078,302.71872725053265,281.4269999186198,266.4450498962402,53.9396196012764,3.9300057547433034,0.011607108884287851
2025-06-23,311.0799865722656,312.6700134277344,310.30999755859375,310.3399963378906,12687900,308.93199920654297,303.13545421253554,281.99374974568684,266.8489998626709,55.07449080947302,3.531435285295759,0.011390920969809613
2025-06-24,306.19000244140625,306.3399963378906,303.5400085449219,305.07000732421875,12035200,308.7539993286133,303.49490855823865,282.5336664835612,267.227799911499,48.456207196869606,3.7471466064453125,0.010916120879374313
2025-06-25,307.1199951171875,307.3599853515625,305.1199951171875,305.30999755859375,6733200,308.88499908447267,303.99309026544745,283.0877497355143,267.6016498565674,49.694343524148046,3.682859148297991,0.010226106101990269
2025-06-26,306.7799987792969,307.2799987792969,304.8599853515625,305.7699890136719,6787500,309.0334991455078,304.5943631258878,283.6264996846517,267.9823998260498,49.22876766619695,3.5307159423828125,0.01021301383001933
2025-06-27,301.2200012207031,302.3599853515625,299.8900146484375,300.0299987792969,13301300,308.81399993896486,305.0674538352273,284.091499710083,268.33049980163577,42.2566652165176,3.7207162039620534,0.010935295759292828
2025-06-30,304.8299865722656,304.9200134277344,301.95001220703125,302.3900146484375,8192100,308.87549896240233,305.4210898659446,284.6026662190755,268.69154975891115,47.4596578889764,3.802860804966518,0.011191922393235042
2025-07-01,307.54998779296875,309.0,307.3599853515625,308.55999755859375,9335600,308.66949768066405,305.6974531693892,285.1389994303385,269.06804969787595,51.03935918328517,3.9057181222098216,0.009587924824082765
2025-07-02,309.25,309.3999938964844,306.9599914550781,308.0400085449219,8316400,308.6864974975586,305.903271484375,285.6780827840169,269.4326496887207,53.18617905410364,3.882147652762277,0.009476568361651989
2025-07-03,307.1400146484375,307.57000732421875,306.1499938964844,307.04998779296875,5275800,308.4984985351563,306.1016351873224,286.1887495676676,269.774949798584,50.241594620813146,3.765718732561384,0.009473374101967335
2025-07-07,307.3699951171875,307.7099914550781,304.5299987792969,305.07000732421875,7351600,308.40049896240237,306.2759987571023,286.68174947102864,270.1184997558594,50.5628679597688,3.607147216796875,0.009417473404530845
2025-07-08,304.1600036621094,306.45001220703125,302.7699890136719,306.29998779296875,11840500,308.34949951171876,306.21581698330965,287.1685827891032,270.45259979248044,46.0897515096397,3.6042894635881697,0.009220564179285693
2025-07-09,305.5199890136719,305.5400085449219,303.2300109863281,303.5799865722656,10644100,308.294499206543,306.20490778142755,287.65599937438964,270.8026497650146,48.18135609825976,3.563574654715402,0.009213889035064378
2025-07-10,306.20001220703125,306.510009765625,304.82000732421875,306.1099853515625,7053700,308.2690002441406,306.03418079723014,288.13366610209147,271.1377998352051,49.24180225796937,3.461430140904018,0.009228784122970905
2025-07-11,309.1400146484375,310.2799987792969,308.5199890136719,308.8599853515625,9187300,308.3075012207031,305.9983631480824,288.62149950663246,271.47244987487795,53.65741970448155,3.635713849748884,0.009404969715596317
2025-07-14,308.010009765625,309.3800048828125,307.7300109863281,309.07000732421875,5772900,308.09800109863284,306.07763616388496,289.1109995524088,271.79909996032717,51.79246146559693,3.572141374860491,0.008979973580723642
2025-07-15,306.7300109863281,308.739990234375,305.7900085449219,307.7300109863281,8149000,307.6200012207031,306.0532725941051,289.5576662699381,272.1023999786377,49.68584289879568,3.2442844935825894,0.00840091619232699
2025-07-16,308.260009765625,311.0899963378906,305.7300109863281,307.1099853515625,17693100,307.44400177001955,306.11745439009235,290.00624974568683,272.4150500488281,52.18913850672584,3.4671412876674106,0.007952824543083903
2025-07-17,307.5899963378906,307.6700134277344,305.1199951171875,305.5,6642300,307.22650146484375,306.09054509943184,290.4522496541341,272.7181000518799,50.992655135163275,3.5185699462890625,0.00795683506221857
2025-07-18,308.3900146484375,309.3699951171875,308.32000732421875,309.239990234375,5574300,307.13300170898435,306.1329090465199,290.89174982706703,273.03495010375974,52.396020967343055,3.153570992606027,0.007908068448236553
2025-07-21,313.1300048828125,313.30999755859375,311.6099853515625,311.8800048828125,10995800,307.2830017089844,306.30309115323155,291.3929164886475,273.3853001403809,59.75022085156249,3.2407117571149553,0.008646311368548043
2025-07-22,316.1000061035156,316.239990234375,313.6199951171875,314.4800109863281,13691800,307.53400268554685,306.64200051047584,291.9005832672119,273.7377501678467,63.549962096053115,3.1649954659598216,0.008862376295683946
2025-07-23,312.17999267578125,314.9599914550781,311.4200134277344,314.0,10547500,307.8335021972656,306.90018199573865,292.38374989827474,274.07035011291504,56.03135704100713,3.3249947684151784,0.008562065076885596
2025-07-24,310.2699890136719,310.989990234375,309.05999755859375,309.2900085449219,7698800,307.99100189208986,306.9618180708452,292.8189165751139,274.3942500305176,52.7562377584476,3.326422555106027,0.008691412733907613
2025-07-25,307.3999938964844,308.30999755859375,306.20001220703125,307.82000732421875,9376400,308.0220016479492,306.81490866921166,293.2259165445964,274.70625,48.197427843128224,3.3899928501674106,0.008959530203774749
2025-07-28,305.4100036621094,306.5799865722656,304.04998779296875,306.44000244140625,9275400,308.2315017700195,306.71781782670456,293.60483322143557,275.01245002746583,45.27596824499891,3.3007071358816966,0.008041342790566768
2025-07-29,306.25,307.0299987792969,304.989990234375,305.79998779296875,5741100,308.30250244140626,306.7472722833807,293.9694165547689,275.3318500518799,46.74340880492815,3.2814222063337053,0.007614390135398838
2025-07-30,300.9599914550781,304.6499938964844,300.9599914550781,304.4200134277344,13459600,307.9730026245117,306.6403631036932,294.27633310953775,275.6313999938965,39.55059079592447,3.5385654994419644,0.008270616291795492
2025-07-31,302.9599914550781,304.6099853515625,302.8599853515625,304.5899963378906,8981000,307.65850219726565,306.72709017666904,294.6057497660319,275.9320999145508,43.11459224886081,3.5078517368861606,0.008321027636083717
2025-08-01,309.1099853515625,309.54998779296875,307.45001220703125,308.6099853515625,12843400,307.7570007324219,306.9025446111506,294.98249969482424,276.25029983520506,52.40682111277387,3.8607090541294644,0.009454083861956055
2025-08-04,310.9100036621094,311.739990234375,310.3699951171875,310.79998779296875,7639000,307.93400115966796,307.22527188387784,295.3369997660319,276.57949981689455,54.73730626634442,3.837853567940848,0.00953277184463856
2025-08-05,311.1600036621094,312.239990234375,310.2200012207031,310.3699951171875,6997700,308.284001159668,307.4674538352273,295.7017496744792,276.90569984436036,55.06640075084892,3.5992824009486606,0.009170903833675538
2025-08-06,310.5,311.239990234375,309.8399963378906,310.32000732421875,7418200,308.5330017089844,307.76309037642045,296.05866622924805,277.22244987487795,53.951151486715496,3.4749952043805803,0.009164784850537785
2025-08-07,313.1199951171875,313.1400146484375,310.70001220703125,311.7200012207031,10891500,308.8790008544922,308.0374539462003,296.41541620890297,277.5448998260498,57.62042955255398,3.5364249093191966,0.009317908493341551
2025-08-08,313.04998779296875,313.5299987792969,311.0,312.3500061035156,19886800,309.0744995117187,308.2096357865767,296.8050827026367,277.85379974365236,57.48861257253735,3.3657117571149553,0.009105974912447298
2025-08-11,308.54998779296875,309.6600036621094,307.6300048828125,308.6199951171875,10326700,309.10149841308595,308.25927179509944,297.1204991658529,278.1404496765137,49.629266054990175,3.5307115827287947,0.009671722896485659
2025-08-12,308.2699890136719,309.30999755859375,306.7099914550781,308.2200012207031,9697400,309.1784973144531,308.3530900435014,297.4323323567708,278.41214965820313,49.1787498657637,3.38214111328125,0.009623083267338534
2025-08-13,309.2099914550781,310.3900146484375,308.45001220703125,309.1000061035156,4718600,309.22599639892576,308.34327170632105,297.75083236694337,278.70384963989255,50.793670006779976,3.3107147216796875,0.009582993485162465
2025-08-14,307.25,308.3399963378906,306.5199890136719,307.92999267578125,5817700,309.20899658203126,308.393271706321,298.05508244832356,278.9760996246338,47.41074502708685,3.2121451241629466,0.009681979691711768
2025-08-15,307.42999267578125,308.0,306.8699951171875,307.3399963378906,5990100,309.16099548339844,308.4590897993608,298.3485824584961,279.2466495513916,47.754868218081526,3.0535736083984375,0.009663838384372622
2025-08-18,306.95001220703125,307.8900146484375,306.6300048828125,307.7900085449219,6150100,308.85199584960935,308.4834539240057,298.6679992675781,279.51474960327147,46.87401709408824,2.997859409877232,0.008951599052972976
2025-08-19,305.2699890136719,307.4800109863281,305.19000244140625,306.760009765625,5029900,308.3104949951172,308.5138172496449,298.9699991861979,279.7606495666504,43.82681559316529,2.783573695591518,0.008653061800940994
2025-08-20,308.3599853515625,308.4700012207031,307.3999938964844,307.5400085449219,6515400,308.11949462890624,308.4536349209872,299.33191579182943,280.0149494934082,50.234808859277905,2.751432146344866,0.008653534755604127
2025-08-21,307.2900085449219,308.1499938964844,307.0299987792969,307.8599853515625,4809000,307.9704956054687,308.42418046431106,299.6987492879232,280.2838495635986,48.185033581603626,2.3757171630859375,0.008584310094058476
2025-08-22,310.5799865722656,311.0199890136719,306.42999267578125,306.5199890136719,8526500,308.12949523925784,308.4183621493253,300.0640825907389,280.5743994903564,54.35268788353065,2.515716552734375,0.008666719734810056
2025-08-25,309.8299865722656,310.8399963378906,309.6700134277344,309.6700134277344,4044400,308.3504943847656,308.4274530584162,300.4038324991862,280.8593994140625,52.80946201380069,2.4550018310546875,0.008540186592014254
2025-08-26,312.0799865722656,312.2099914550781,310.30999755859375,310.6199951171875,11698500,308.6419937133789,308.5529074928977,300.75766576131184,281.1527993774414,56.774559211156415,2.5250026157924106,0.008654535034635032
2025-08-27,312.7099914550781,312.9100036621094,310.7699890136719,311.3900146484375,4320100,309.22949371337893,308.6636346990412,301.12816569010414,281.4878493499756,57.84267428287737,2.489288330078125,0.007512938507974678
2025-08-28,315.0299987792969,315.0799865722656,313.07000732421875,313.32000732421875,9610200,309.83299407958987,308.8149075594815,301.516832224528,281.81474937438963,61.60521316983047,2.4778594970703125,0.007540362846561895
2025-08-29,318.07000732421875,318.0899963378906,314.6400146484375,314.7200012207031,15642600,310.28099517822267,308.9912714177912,301.9504155476888,282.1652993774414,65.89991956637127,2.3371451241629466,0.006480238512635995
2025-09-02,325.5899963378906,325.9200134277344,320.239990234375,320.82000732421875,21247500,311.0149948120117,309.2347256747159,302.42066548665366,282.5825493621826,73.72836328377657,2.7121451241629466,0.008128557045990852
2025-09-03,328.1400146484375,329.45001220703125,326.7300109863281,327.760009765625,16062200,311.86399536132814,309.4501803311435,302.9024157206217,283.022999420166,75.76050665234793,2.836430140904018,0.00821013320348981
2025-09-04,326.69000244140625,327.55999755859375,325.3500061035156,327.0299987792969,11703100,312.6734954833984,309.7212713068182,303.3320823669434,283.46829940795897,72.33421724730444,2.843573434012277,0.00829665239435933
2025-09-05,331.04998779296875,331.44000244140625,328.92999267578125,329.5299987792969,16065200,313.5699951171875,310.0687255859375,303.79716567993165,283.93849937438966,75.8682320805372,3.102144513811384,0.00854790600255527
2025-09-08,334.82000732421875,335.6700134277344,333.2300109863281,333.6600036621094,18617300,314.65849609375,310.51527099609376,304.2812489827474,284.4296494293213,78.43358234484501,3.3421456473214284,0.008722670286566304
2025-09-09,334.05999755859375,338.30999755859375,333.8500061035156,337.0299987792969,21641900,315.9339965820312,310.95036177201706,304.73208236694336,284.8944994354248,76.664244978099,3.4971444266183034,0.007794802235529517
2025-09-10,335.260009765625,336.5,326.19000244140625,335.7300109863281,11945700,317.2834976196289,311.38999855735085,305.1833325703939,285.3545494842529,77.52629878766761,4.005000523158482,0.007709922299245061
2025-09-11,334.760009765625,335.1600036621094,332.9700012207031,333.3699951171875,9082600,318.5609985351563,311.909453235973,305.63341598510743,285.80524955749513,76.26217177660922,4.073573521205357,0.007812793008698082
2025-09-12,335.4200134277344,336.3900146484375,335.2300109863281,335.8800048828125,9619700,319.969499206543,312.4239990234375,306.1078328450521,286.24904960632324,76.79993595383114,3.862145560128348,0.0074460241950829896
2025-09-15,338.9100036621094,339.2799987792969,336.2300109863281,336.30999755859375,10569900,321.5434997558594,313.0081809303977,306.621666208903,286.69439964294435,79.45091299545687,4.054288591657366,0.007503271392757942
2025-09-16,339.5899963378906,340.8800048828125,338.6199951171875,340.0899963378906,12161500,323.17549896240234,313.7058172052557,307.1309995015462,287.1799496459961,79.9320670293124,4.045717511858259,0.007382695505993124
2025-09-17,336.9700012207031,341.239990234375,335.5199890136719,338.5299987792969,16535300,324.76049957275393,314.29018110795454,307.62041625976565,287.6500496673584,72.85383272153652,4.301430838448661,0.007566279864806871
2025-09-18,335.6199951171875,336.32000732421875,333.80999755859375,336.2200012207031,14913300,326.12350006103514,314.8005448774858,308.0674995422363,288.1106996154785,69.44156330496526,4.357860020228794,0.007718837674338642
2025-09-19,339.17999267578125,339.2300109863281,336.30999755859375,336.510009765625,14982600,327.71799926757814,315.3447265625,308.52683283487954,288.57864959716795,73.02901723417716,4.369291033063616,0.007616808814397843
2025-09-22,345.04998779296875,345.07000732421875,341.8399963378906,342.75,12386400,329.4414993286133,316.03399880149146,309.001082611084,289.0866995239258,77.68157227155709,4.229291643415179,0.00801090236025855
2025-09-23,346.4599914550781,348.75,345.32000732421875,348.2300109863281,18384000,331.2729995727539,316.74472600763494,309.49183247884116,289.59934951782225,78.63495177159616,4.217862810407366,0.00781049443400722
2025-09-24,343.32000732421875,346.8299865722656,342.1400146484375,346.70001220703125,12709100,332.8350006103516,317.45672607421875,309.9514991760254,290.09259956359864,71.32772659068574,4.353574480329241,0.008457388736555788
2025-09-25,344.75,345.8299865722656,342.4700012207031,344.3900146484375,12639600,334.43700103759767,318.1699990012429,310.4375823974609,290.6020495605469,72.5775101127033,4.2542877197265625,0.008433618204612478
2025-09-26,346.739990234375,348.25,345.30999755859375,345.8299865722656,11698200,336.0225006103516,318.907089510831,310.9960823059082,291.1209995269775,74.2590204810646,4.174285888671875,0.00841598329517497
2025-09-29,352.4599914550781,352.8299865722656,351.2799987792969,351.7900085449219,15719600,337.7419998168945,319.6947254527699,311.6523323059082,291.6564994812012,78.36549781999958,4.290714808872768,0.008754360682660882
2025-09-30,355.4700012207031,355.57000732421875,350.8699951171875,351.1300048828125,13312400,339.23600006103516,320.5576343883168,312.32124888102214,292.1908995056152,80.15923663296005,3.8900015694754466,0.007661375587022526
2025-10-01,356.0299987792969,356.9700012207031,354.7900085449219,356.1700134277344,15573600,340.6304992675781,321.45399780273436,312.9099988301595,292.7162494659424,80.48344070619726,3.882143293108259,0.007642760089812884
2025-10-02,354.7900085449219,358.6700134277344,351.3999938964844,358.260009765625,16162100,342.0354995727539,322.2999977805398,313.4303321838379,293.2537995147705,77.46500147024717,4.285001482282366,0.0075904386754452715
2025-10-03,357.6400146484375,358.1400146484375,355.79998779296875,357.1199951171875,14464000,343.36500091552733,323.2099981134588,313.9279157002767,293.820549621582,79.37922679458056,4.248574393136161,0.007340955731517803
2025-10-06,364.3800048828125,365.29998779296875,361.3699951171875,362.1600036621094,17093700,344.843000793457,324.227997935902,314.49583231608074,294.41804962158204,83.0468456723774,4.634286063058036,0.007908982790482844
2025-10-07,366.260009765625,367.2699890136719,364.54998779296875,366.510009765625,16836800,346.45300140380857,325.1939980246804,315.0664990743001,295.02964965820314,83.90666968991542,4.432141985212054,0.007758757897281854
2025-10-08,372.29998779296875,373.57000732421875,370.5,371.6499938964844,28052300,348.3050003051758,326.2158158735796,315.6067489624023,295.6948496246338,86.30910621832764,4.728570120675223,0.008191110903632013
2025-10-09,365.42999267578125,373.2200012207031,362.8299865722656,373.1400146484375,33674800,349.83849945068357,327.18399769176136,316.1009989420573,296.32399955749514,72.96664034455937,5.212855747767857,0.009673560122831628
2025-10-10,369.1199951171875,370.30999755859375,365.44000244140625,367.5400085449219,24192800,351.52349853515625,328.2539978027344,316.5470822652181,296.9590995025635,75.18554729700514,5.140712193080357,0.009735015879981853
2025-10-13,378.0899963378906,378.8599853515625,375.5799865722656,376.5,18514400,353.4824981689453,329.5392705743963,317.1052490234375,297.6447494506836,79.57451161556062,5.572139195033482,0.010609470294754328
2025-10-14,380.7900085449219,382.3800048828125,377.8999938964844,378.2099914550781,18409600,355.54249877929686,330.9098161177202,317.7480824788411,298.3414994812012,80.68209223097622,5.557141985212054,0.010581598658965245
2025-10-15,387.3900146484375,387.760009765625,384.5899963378906,385.92999267578125,20598300,358.0634994506836,332.3850891113281,318.4090825398763,299.06309951782225,83.09519761123723,5.815000261579241,0.010378765654337664
2025-10-16,396.45001220703125,396.8699951171875,390.3999938964844,391.1499938964844,33621400,361.1050003051758,334.1212713068182,319.1734158833822,299.838349609375,85.73031011367647,6.2421417236328125,0.010647335924230172
2025-10-17,388.989990234375,397.2799987792969,385.2200012207031,397.1400146484375,62025000,363.59550018310546,335.6854531028054,319.8394157409668,300.5801495361328,75.31931728509801,6.668570382254464,0.012242193866877473
2025-10-20,403.1499938964844,403.29998779296875,394.20001220703125,397.45001220703125,34523000,366.50050048828126,337.3952714399858,320.6484990437826,301.3852494812012,80.22755937255533,7.354997907366071,0.013745139225737713
2025-10-21,377.239990234375,388.8900146484375,375.6499938964844,386.5400085449219,54101400,368.0395004272461,338.6012711958452,321.26074905395507,302.0443494415283,57.6395417587917,9.163569859095983,0.02121308440584978
2025-10-22,377.2799987792969,378.4700012207031,368.92999267578125,372.75,30524100,369.7375,339.80345292524856,321.9259157816569,302.71329940795897,57.6593653286918,9.325711931501116,0.021002965772492655
2025-10-23,378.7900085449219,382.25,378.6499938964844,381.4599914550781,13695500,371.4395004272461,341.04508944424714,322.59933242797854,303.39129943847655,58.44969290837447,9.44142586844308,0.021003313981397435
2025-10-24,377.5199890136719,380.7699890136719,376.80999755859375,378.510009765625,13263800,372.97850036621094,342.2159984241832,323.18799896240233,304.05609939575197,57.47791701325569,9.177141462053571,0.02108308567944118
2025-10-27,367.010009765625,371.5899963378906,365.3399963378906,371.1300048828125,23657600,373.7060012817383,343.197089732777,323.6174156188965,304.6618494415283,50.06046255391582,9.840713500976562,0.02206094828256566
2025-10-28,364.3800048828125,365.29998779296875,360.1199951171875,361.80999755859375,19257600,374.15150146484376,344.21218095259235,324.06433232625324,305.24269943237306,48.378015909790484,9.810714721679688,0.0221051336428235
2025-10-29,363.0,370.0799865722656,361.3599853515625,369.6499938964844,18891800,374.50000152587893,345.20727206143465,324.5507489522298,305.8289994049072,47.47637675891181,9.691428048270089,0.022136350503890134
2025-10-30,370.1300048828125,370.3599853515625,364.5,365.0899963378906,14812800,375.2670013427734,346.31490866921166,325.0781656901042,306.4444994354248,52.41132095267711,9.868569510323661,0.02247978526024482
2025-10-31,368.1199951171875,370.6600036621094,365.5,370.4700012207031,11077900,375.79100036621094,347.4216358531605,325.660915629069,307.04069938659666,50.95776757192827,9.541427612304688,0.02250262843797112
2025-11-03,368.7799987792969,370.8399963378906,367.5400085449219,368.9100036621094,7254300,376.01100006103513,348.53709050958804,326.23858235677085,307.6315993499756,51.43405659288474,9.457140241350446,0.02213848380167717
2025-11-04,362.32000732421875,365.739990234375,361.3900146484375,363.4800109863281,11540100,375.81399993896486,349.54381769353694,326.81491572062174,308.19684936523436,46.65772789007223,9.487139020647321,0.022483465946906225
2025-11-05,366.510009765625,367.1000061035156,364.6499938964844,366.3900146484375,8357300,375.52450103759764,350.65727261629974,327.38716583251954,308.7637493896484,49.907009859875444,9.151426042829241,0.022316224157243065
2025-11-06,366.07000732421875,368.17999267578125,364.70001220703125,367.1600036621094,6891100,375.5565017700195,351.7065457430753,327.9857493082682,309.32194946289064,49.56556432409235,8.538567679268974,0.02191737610725651
2025-11-07,368.30999755859375,370.4200134277344,366.4200134277344,367.94000244140625,11060400,375.51600189208983,352.8160000887784,328.57141596476237,309.8931494140625,51.388917925994576,7.827139718191964,0.02184187866486341
2025-11-10,378.3800048828125,378.6600036621094,374.7799987792969,375.92999267578125,13456200,375.53050231933594,354.0487276944247,329.1947494506836,310.50679946899413,58.62991669715328,6.602140154157366,0.022028792991900293
2025-11-11,379.8699951171875,380.3999938964844,376.8699951171875,379.9800109863281,10753200,375.48450164794923,355.3221823952415,329.81183268229165,311.14119941711425,59.58909658469809,6.172853742327009,0.021987830927347324
2025-11-12,385.989990234375,387.4599914550781,379.44000244140625,380.07000732421875,16203700,375.4145004272461,356.6660006436435,330.50249938964845,311.7952494049072,63.34801975534864,6.390710013253348,0.021939118907761845
2025-11-13,382.8699951171875,388.17999267578125,381.2099914550781,387.2900085449219,15867900,374.7354995727539,357.94163707386366,331.11183268229166,312.43859939575196,60.27012002173133,6.605710710797991,0.02129647137899633
2025-11-14,375.9599914550781,378.20001220703125,370.8900146484375,372.8699951171875,15198000,374.08399963378906,359.0494551225142,331.707332611084,313.0281494140625,54.011007621536706,6.591424124581473,0.021264266717060654
2025-11-17,371.6499938964844,375.4599914550781,368.5199890136719,374.0400085449219,13295200,372.5089996337891,360.0236366965554,332.27266591389974,313.59359939575194,50.48899543732083,6.630708966936384,0.01938655044304729
2025-11-18,374.3500061035156,375.5400085449219,371.6199951171875,374.8299865722656,7818800,372.36450042724607,360.9101823286577,332.845499420166,314.1656494140625,52.57534070442872,6.287852696010044,0.013302249223437446
2025-11-19,374.9599914550781,380.1700134277344,373.0299987792969,377.7799987792969,10980400,372.24850006103514,361.76145463423296,333.44016596476234,314.7279493713379,53.05661998000628,6.2721405029296875,0.013309058830978224
2025-11-20,374.8500061035156,377.69000244140625,371.8500061035156,375.2900085449219,10506500,372.05149993896487,362.6370910644531,333.96666590372723,315.2815493774414,52.95227353017118,6.320711408342634,0.013271869939354367
2025-11-21,374.2699890136719,377.2300109863281,372.94000244140625,374.0299987792969,13194600,371.88899993896484,363.4229092684659,334.51133244832357,315.8357493591309,52.367363014048465,6.391427176339286,0.013257139255990766
2025-11-24,380.20001220703125,380.2799987792969,374.19000244140625,374.8800048828125,10085300,372.54850006103516,364.2480002663352,335.0888326009115,316.4172494506836,57.53228745580098,6.298570905412946,0.012031399948300247
2025-11-25,380.0799865722656,382.5199890136719,378.05999755859375,380.260009765625,10462800,373.3334991455078,365.0847273393111,335.6784159342448,316.97579940795896,57.39662863619863,6.275713239397321,0.01185791166275313
2025-11-26,383.1199951171875,383.7799987792969,380.4599914550781,381.05999755859375,9184100,374.33949890136716,365.9549088911577,336.32791595458986,317.55444931030274,59.971141543317806,6.291429792131696,0.011838693559766293
2025-11-28,387.8800048828125,388.0,384.989990234375,385.9800109863281,7175400,375.2269989013672,366.9207269841974,337.00508270263674,318.15549926757814,63.67283410009575,6.329286847795759,0.011399076623898429
2025-12-01,389.75,390.70001220703125,388.05999755859375,390.6099853515625,11177100,376.3084991455078,367.908544921875,337.6970827738444,318.75269927978513,65.04058985014436,5.791429792131696,0.011257742060451674
2025-12-02,387.239990234375,388.9800109863281,382.9100036621094,388.8699951171875,8103900,377.2314987182617,368.7872719504617,338.3543327331543,319.3574491882324,61.683480227131724,6.027858189174107,0.011449965414684838
2025-12-03,386.8800048828125,390.1300048828125,385.8299865722656,388.4599914550781,7886800,378.4594985961914,369.6470902876421,338.9766660054525,319.9383491516113,61.19561991266403,5.76214599609375,0.010483085296467963
2025-12-04,387.1300048828125,388.0,385.3999938964844,386.9200134277344,6754400,379.4904983520508,370.5590903542259,339.56699930826824,320.51974914550783,61.42380427685643,5.450003487723214,0.010315012889979339
2025-12-05,386.44000244140625,391.739990234375,386.17999267578125,389.1199951171875,9449800,380.50899810791014,371.48309048739344,340.1891660054525,321.096999206543,60.368659707194574,4.991433279854911,0.010327674842456568
2025-12-08,385.4200134277344,387.239990234375,384.010009765625,387.0199890136719,6822100,381.3644989013672,372.323818137429,340.80149943033854,321.67039932250975,58.761720992500194,4.690717424665179,0.010363452180234657
2025-12-09,387.3999938964844,388.2099914550781,385.2699890136719,385.6199951171875,6358700,381.8154983520508,373.093818248402,341.44433263142906,322.2463493347168,60.93552254756962,4.620716639927456,0.008577874680914331
2025-12-10,389.04998779296875,389.760009765625,384.5,385.95001220703125,9120500,382.27449798583984,373.8681818181818,342.10199915568035,322.8484992980957,62.700070590211304,4.486430576869419,0.008583544898812905
2025-12-11,393.239990234375,394.0899963378906,388.5,389.0199890136719,11240600,382.63699798583986,374.77581787109375,342.7866658528646,323.4695492553711,66.80109075477644,4.468573434012277,0.008169290416786346
2025-12-12,395.44000244140625,400.3900146484375,391.4700012207031,399.1600036621094,16792100,383.26549835205077,375.6974542791193,343.53041585286456,324.1220993041992,68.744253892239,4.799288068498884,0.007941514958582623
2025-12-15,395.79998779296875,398.7099914550781,394.07000732421875,397.760009765625,11345000,384.2574981689453,376.5894542347301,344.26941579182943,324.7847492980957,69.06333665307358,4.695715767996652,0.006460355284685004
2025-12-16,395.8900146484375,398.7099914550781,394.5899963378906,397.75,9201600,385.469499206543,377.3790910200639,345.0119992574056,325.43049942016603,69.1481621565752,4.671430315290179,0.005591900629988713
2025-12-17,399.2900085449219,399.9800109863281,397.25,398.0799865722656,10456900,386.7164993286133,378.1758184259588,345.82924931844076,326.08164947509766,72.24350230442168,4.699286324637277,0.0056503150584541716
2025-12-18,398.57000732421875,402.2099914550781,396.04998779296875,398.2799987792969,11837600,387.8970001220703,378.94927312677555,346.6104161580404,326.7263995361328,70.62750371981815,4.790714808872768,0.00575317414487763
2025-12-19,399.0199890136719,400.6300048828125,397.1700134277344,397.9200134277344,9894800,389.1054992675781,379.7534545898437,347.3726661682129,327.3802494812012,71.06315565223997,4.836427961077009,0.00571804947439324
2025-12-22,408.2300109863281,408.5199890136719,405.7200012207031,406.9800109863281,14202100,390.8035003662109,380.67327270507815,348.19749959309894,328.07944946289064,78.19256908888403,5.02642822265625,0.007131715080384976
2025-12-23,413.6400146484375,413.760009765625,407.1000061035156,410.29998779296875,13193300,392.4755004882812,381.5689092462713,349.084999593099,328.8174494934082,81.13309418143255,5.194998604910714,0.006933136250090529
2025-12-24,411.92999267578125,412.6300048828125,408.8299865722656,412.25,6718400,394.06800079345703,382.3992725719105,349.95633290608725,329.53129943847654,77.57254303551402,5.352857317243304,0.007115551865152025
2025-12-26,416.739990234375,418.45001220703125,414.75,416.4800109863281,10476200,395.7490005493164,383.2072726162997,350.89449946085614,330.2633494567871,80.20415088438195,5.421430315290179,0.00726871769111326
2025-12-29,398.6000061035156,403.760009765625,395.3299865722656,403.6600036621094,20679200,396.2850006103516,383.81036376953125,351.67016626993814,330.8806994628906,54.31823559244655,6.720003400530134,0.012694971031517663
2025-12-30,398.8900146484375,403.79998779296875,398.55999755859375,403.6000061035156,10179000,396.74200134277345,384.3516368519176,352.4425829569499,331.49894958496094,54.5706775359,6.884288242885044,0.012670597174240596
2025-12-31,396.30999755859375,400.1300048828125,395.5899963378906,398.6000061035156,10194700,397.19550170898435,384.68290960138495,353.1689994812012,332.09684951782225,51.826771273549205,6.832859584263393,0.012671489700254036
2026-01-02,398.2799987792969,401.82000732421875,396.25,401.6199951171875,10372600,397.76550140380857,385.00090942382815,353.92124938964844,332.68844955444337,53.739480811386514,6.831431797572544,0.01268710012748082
2026-01-05,408.760009765625,409.7200012207031,406.1499938964844,406.3900146484375,13410600,398.84700164794924,385.38945478959516,354.7714993794759,333.32669967651367,62.31228656533482,7.011431012834821,0.013838794277101767
2026-01-06,413.17999267578125,413.4800109863281,410.30999755859375,410.6700134277344,11640900,400.18400115966796,385.69363625266334,355.6458325703939,333.9888496398926,65.2381801143114,7.017146519252232,0.013905047418160657
2026-01-07,409.2300109863281,410.80999755859375,406.6499938964844,408.6300048828125,10589500,401.37450103759767,386.0616366299716,356.4928326924642,334.64254974365235,60.70267425477577,7.189289637974331,0.014148377359922902
2026-01-08,411.489990234375,411.6400146484375,406.3999938964844,406.9700012207031,8705900,402.57900085449216,386.21327292702415,357.35199915568035,335.3137496948242,62.31690107079298,7.271434238978794,0.01415156241192066
2026-01-09,414.4700012207031,415.2900085449219,411.79998779296875,413.2200012207031,14011200,403.8500015258789,386.89018221768464,358.19649912516275,335.9937496948242,64.39384483723364,7.102863856724331,0.014179920988699524
2026-01-12,422.2300109863281,425.739990234375,421.5199890136719,421.5199890136719,20904100,405.29950256347655,387.7074551669034,359.0809158325195,336.713699798584,69.16050767376748,7.6607208251953125,0.014509105973557172
2026-01-13,421.6300048828125,426.1199951171875,420.07000732421875,424.5899963378906,16681200,406.6090026855469,388.4863641912287,359.9929992675781,337.41199981689454,68.39805795532415,7.4142913818359375,0.014544736148229202
2026-01-14,425.94000244140625,426.8599853515625,422.8399963378906,426.0299987792969,18305500,408.1160034179687,389.36672807173295,360.95691604614257,338.1213998413086,70.88136324646625,7.312146868024554,0.014612654613924421
2026-01-15,423.3299865722656,425.05999755859375,422.7900085449219,423.0199890136719,14253200,409.48800201416014,390.3907276500355,361.92299931844076,338.7973497009277,67.42599367700842,7.193572998046875,0.01476227363396192
2026-01-16,421.2900085449219,424.79998779296875,417.0400085449219,422.79998779296875,20951600,410.58800201416017,391.4254549893466,362.88866602579753,339.46594970703126,64.76837616702035,7.282141549246652,0.014821481669432944
2026-01-20,437.2300109863281,438.1400146484375,434.1000061035156,436.69000244140625,21308100,412.5210021972656,392.77509155273435,363.9801661173503,340.2112997436523,73.54337610064691,6.956427437918527,0.016705454898303586
2026-01-21,443.6000061035156,448.0,437.1099853515625,446.8699951171875,38830200,414.7500030517578,394.11090975674716,365.16883290608723,340.99719970703126,76.10468852744049,7.3600006103515625,0.016821091912939085
2026-01-22,451.7900085449219,452.9800109863281,443.55999755859375,443.8399963378906,19251200,416.9280029296875,395.6321827281605,366.4090830485026,341.8575497436523,78.92917379147507,7.7085723876953125,0.0165964022379515
2026-01-23,458.0,458.75,453.45001220703125,454.1099853515625,21531900,419.1460021972656,397.2543645685369,367.6498331705729,342.77899978637697,80.78391446269997,7.807856968470982,0.016609330273890853
2026-01-26,464.70001220703125,469.2799987792969,460.3599853515625,466.7799987792969,34156000,421.7845031738281,399.1158192027699,368.93141657511393,343.72649978637696,82.56689145601709,7.796428135463169,0.01658195829659806
2026-01-27,476.1000061035156,476.489990234375,463.95001220703125,465.07000732421875,28386200,424.7525039672852,401.1083645907315,370.305916595459,344.68009979248046,85.1001345675154,8.354997907366071,0.017048959832128483
2026-01-28,494.55999755859375,495.8800048828125,481.25,483.3900146484375,44154600,429.5505035400391,403.4445462313565,371.8397499084473,345.6911497497559,88.11248047076054,9.301426478794642,0.013898485935667662
2026-01-29,495.8999938964844,509.70001220703125,468.510009765625,509.510009765625,69970900,434.40100250244143,405.7643643465909,373.36291656494143,346.6809997558594,88.29743306473108,11.86928231375558,0.01382877313277352
2026-01-30,444.95001220703125,470.05999755859375,430.79998779296875,466.25,86593500,436.83300323486327,406.97472811612215,374.4620834350586,347.4245997619629,53.93591520177212,16.247852870396205,0.028845021109241028
2026-02-02,427.1300048828125,440.7799987792969,422.54998779296875,434.010009765625,41626200,438.27550354003904,407.8340010209517,375.45025024414065,348.0713497924805,47.0407174267139,17.042855398995535,0.0306479161910368
2026-02-03,454.2900085449219,459.0,448.30999755859375,452.6300048828125,28703500,440.55200347900393,409.07581953568894,376.6670837402344,348.8054498291016,56.22598281121514,18.887141636439733,0.03311242998671583
2026-02-04,453.9700012207031,463.1000061035156,445.7099914550781,462.4700012207031,24427900,442.59150390625,410.3685469193892,377.8734171549479,349.54469985961913,56.10251699294844,19.75571550641741,0.03312139998013744
2026-02-05,441.8800048828125,450.8999938964844,440.3500061035156,444.2900085449219,17718100,444.22400360107423,411.56709261807526,378.9953338623047,350.17614990234375,51.50124072647679,20.503572736467635,0.03373758869737726
2026-02-06,455.4599914550781,456.92999267578125,450.0299987792969,450.7300109863281,12663900,446.42250366210936,413.09091075550424,380.2289171854655,350.8978999328613,55.878516647221886,21.024287632533483,0.03424868840256229
2026-02-09,467.0299987792969,467.55999755859375,460.8500061035156,461.3900146484375,12330900,449.0505035400391,414.77600153142754,381.5629170735677,351.7147999572754,59.252860942199845,20.685001918247767,0.034532323984218204
2026-02-10,462.3999938964844,466.75,459.5199890136719,465.9599914550781,7861600,451.0590026855469,416.36581975763494,382.87233378092446,352.4864498901367,57.36226771125576,20.443572998046875,0.03459559586705313
2026-02-11,467.6300048828125,468.6099853515625,462.82000732421875,466.0,11209600,453.3590026855469,418.05272882634944,384.1995839436849,353.30094985961915,58.95539575358592,20.214285714285715,0.03458565577927455
2026-02-12,451.3900146484375,466.3800048828125,448.05999755859375,464.8999938964844,20488800,454.6315032958984,419.4549111106179,385.40041732788086,354.0125498962402,52.407283999764104,21.115001133510045,0.03572335316401675
2026-02-13,462.6199951171875,463.8399963378906,456.25,459.7300109863281,12359300,456.5960037231445,420.95345625443895,386.66741739908855,354.7953498840332,56.04306601344428,21.198571341378347,0.03595429134023313
2026-02-17,448.20001220703125,451.3699951171875,445.5299987792969,450.260009765625,10976100,457.94150390625,422.192002175071,387.82050094604494,355.5175,50.688355724647735,21.523572649274552,0.03680877270060399
2026-02-18,458.2799987792969,460.510009765625,455.32000732421875,455.80999755859375,10226300,458.99400329589844,423.55854769620026,389.0388343811035,356.3216000366211,53.997213654627856,20.990001133510045,0.03621625207910868
2026-02-19,459.55999755859375,461.510009765625,456.0299987792969,457.3399963378906,8411400,459.79200286865233,424.8618202903054,390.26258443196616,357.1294999694824,54.41550613637726,18.439287458147323,0.0361137457817229
2026-02-20,468.6199951171875,468.6199951171875,458.3399963378906,463.25,14316300,460.6335021972656,426.29582020152696,391.54250106811526,357.9381999206543,57.370199586223436,14.523572649274554,0.03614411496786482
2026-02-23,481.2799987792969,481.4599914550781,474.6099853515625,474.6499938964844,17441600,461.7975021362305,428.0056385387074,392.90258433024087,358.76719985961915,61.15879652639668,13.840713500976562,0.036482255338969385
2026-02-24,474.6099853515625,475.44000244140625,469.54998779296875,470.0899963378906,14147100,462.29300079345705,429.6007290926847,394.1444175720215,359.586499786377,58.22292733056248,12.402143205915179,0.03656576305021862
2026-02-25,473.4200134277344,479.5299987792969,472.8999938964844,475.739990234375,12954300,462.159001159668,431.16963833895596,395.35508422851564,360.4304498291016,57.690844363457025,11.633571079799108,0.03617521115105406
2026-02-26,477.4800109863281,477.8299865722656,442.0400085449219,474.95001220703125,12375000,461.3050018310547,432.8249112215909,396.61166763305664,361.28364990234377,59.065361075193366,13.217141287667411,0.035101577646227594
2026-02-27,483.75,483.8999938964844,479.1099853515625,480.75,16795100,460.69750213623047,434.61272915926844,397.8841677347819,362.2114498901367,61.16371635240698,12.600712367466517,0.035239053804559786
2026-03-02,490.0,492.1499938964844,483.2799987792969,490.1000061035156,19916600,462.9500015258789,436.478183815696,399.17733434041344,363.16414993286133,63.189343643699715,12.369997297014509,0.02583617115828607
2026-03-03,468.1400146484375,473.20001220703125,458.92999267578125,472.8299865722656,22591500,465.00050201416013,437.9161843039773,400.29466781616213,364.03904998779296,52.81354115868719,14.052854265485491,0.02627274704353479
2026-03-04,471.79998779296875,476.4200134277344,469.3900146484375,474.82000732421875,9985900,465.8760009765625,439.3445478959517,401.43250096638997,364.90884994506837,54.170405962532406,14.200711931501116,0.022391346716412484
2026-03-05,466.1300048828125,470.6700134277344,463.9100036621094,470.45001220703125,11674800,466.48400115966797,440.6298206676136,402.5272509256999,365.7683000183105,51.69059128900694,13.366424560546875,0.022608644052480024
2026-03-06,473.510009765625,475.4599914550781,467.07000732421875,469.0400085449219,10489800,468.0655014038086,442.04273015802556,403.67800089518227,366.6457000732422,54.60357698500143,13.143567766462054,0.021800568330214137
2026-03-09,472.5299987792969,472.67999267578125,464.7900085449219,468.0899963378906,8829800,468.9190017700195,443.4361844149503,404.7915008544922,367.49045013427735,54.136748043031986,12.545710972377233,0.020873230021184148
2026-03-10,477.8599853515625,481.30999755859375,474.2099914550781,479.739990234375,9616800,469.4605010986328,444.8647294477983,405.94375076293943,368.35065002441405,56.32381092984682,12.293568202427455,0.020271843639507472
2026-03-11,476.239990234375,477.45001220703125,473.1300048828125,476.1300048828125,7522900,470.15250091552736,446.2769109552557,407.10433400472004,369.21630004882815,55.45817696439145,12.239994594029017,0.02013317734462819
2026-03-12,466.8800048828125,475.0199890136719,466.6000061035156,475.0199890136719,11900600,470.11500091552733,447.5107294256037,408.1981674194336,370.0019500732422,50.61767300568963,12.194279261997767,0.020539303896785144
2026-03-13,460.8399963378906,470.1000061035156,460.2200012207031,469.30999755859375,11741600,470.5875,448.4672746138139,409.2120007832845,370.7836500549316,47.72299821894002,11.982851300920759,0.01912238442288298
2026-03-16,460.42999267578125,462.79998779296875,456.9100036621094,461.2699890136719,8964100,470.4779998779297,449.3180014870384,410.1735008239746,371.5667500305176,47.52432085555984,11.565706525530134,0.01829399015242716
2026-03-17,459.2699890136719,462.2099914550781,456.8699951171875,460.510009765625,7610100,471.03149871826173,450.1787286931818,411.1135841369629,372.3350500488281,46.92904442648492,11.473563058035714,0.016791056477031652
2026-03-18,444.739990234375,450.05999755859375,444.3900146484375,446.6600036621094,18375600,470.3544982910156,450.6878196022727,411.9587506612142,373.0407499694824,40.145849197613934,9.979991367885045,0.01755029064327215
2026-03-19,426.4100036621094,428.2699890136719,416.79998779296875,420.3599853515625,30206000,468.6969985961914,451.1934559215199,412.6392506917318,373.6144499206543,33.55639864836243,11.517135620117188,0.01963805246146584
2026-03-20,413.3800048828125,428.5899963378906,411.2300109863281,428.0899963378906,27204900,465.9349990844727,451.45691028941764,413.1945841471354,374.1367999267578,29.810586557127152,12.123563494001116,0.01972055656630742
2026-03-23,404.0400085449219,414.5400085449219,399.6400146484375,405.1199951171875,36796800,462.07299957275393,451.59745594371446,413.6244176228841,374.6025,27.445591430033417,10.968562534877233,0.018417644309026406
2026-03-24,404.1300048828125,407.2900085449219,399.20001220703125,400.239990234375,17478500,458.5490005493164,451.70381969105114,414.0299176534017,375.07650009155276,27.50527145166987,10.954990931919642,0.018472892068565467
2026-03-25,416.2900085449219,420.6600036621094,412.25,419.7099914550781,15713200,455.69250030517577,451.8407287597656,414.53208440144857,375.6320501708984,35.2546567545111,11.572134835379464,0.020314428218727143
2026-03-26,400.6400146484375,411.3699951171875,400.260009765625,408.5299987792969,15756300,451.8505004882812,451.61272915926844,414.9141677856445,376.1021502685547,30.705397375872792,12.050707135881696,0.021151684239574267
2026-03-27,414.70001220703125,418.3999938964844,405.4100036621094,406.20001220703125,16580700,448.3980010986328,451.7121837269176,415.38966776529946,376.6421003723145,38.39644876277721,12.696419852120536,0.022837796178807702
2026-03-30,414.5799865722656,420.1000061035156,412.6600036621094,419.5400085449219,13172100,444.6270004272461,451.76836547851565,415.8080009460449,377.1731503295898,38.357309927662754,12.600705827985491,0.022405475773729155
2026-03-31,430.2900085449219,430.57000732421875,419.5899963378906,420.0799865722656,14534300,442.7345001220703,452.0560019753196,416.3415842692057,377.7636003112793,46.10157758873041,13.404994419642858,0.022915250814664393
2026-04-01,437.82000732421875,440.19000244140625,433.760009765625,435.0,14133100,441.03550109863284,452.3394564541903,416.88758443196616,378.3712503051758,49.38396394959562,13.423566545758929,0.02327650236359679
2026-04-02,429.4100036621094,431.6700134277344,421.1700134277344,422.2900085449219,10838600,439.19950103759766,452.48091097745026,417.42075119018557,378.95940032958987,46.01353477564846,13.907137189592634,0.023470180353825535
2026-04-06,427.6499938964844,431.489990234375,426.7099914550781,428.8699951171875,5417300,436.9065002441406,452.512001731179,417.90850118001305,379.5379502868652,45.31649249429937,13.827852521623884,0.023009889915397964
2026-04-07,431.80999755859375,433.42999267578125,423.1000061035156,427.8999938964844,7263500,434.8705001831055,452.66618374911224,418.3561678568522,380.14570022583007,47.34679907468629,14.184280395507812,0.023234459094226327
2026-04-08,434.5299987792969,440.44000244140625,431.30999755859375,439.9800109863281,9689700,432.70400085449216,452.90691084428266,418.8040011088053,380.7677001953125,48.68827217130936,13.773568289620536,0.02308558891426272
2026-04-09,437.9100036621094,440.9100036621094,435.8699951171875,436.4700012207031,6748500,430.7875015258789,452.9192743474787,419.2250010172526,381.4018502807617,50.38006165666911,12.233568464006696,0.023248053470912303
2026-04-10,437.1300048828125,440.3500061035156,436.0,438.5899963378906,6193300,429.3000015258789,452.8016379616477,419.56400095621746,382.0565502929687,49.97060721371776,11.304284232003349,0.02295344683732988
2026-04-13,435.3599853515625,436.2200012207031,431.6300048828125,434.7799987792969,5549400,428.0260009765625,452.502910267223,419.950417582194,382.69775024414065,48.99743641198426,10.632856096540179,0.02283741058988361
2026-04-14,445.0899963378906,445.17999267578125,439.0199890136719,439.32000732421875,8731700,427.25900115966795,452.26818292791194,420.29991760253904,383.3893002319336,54.26971452620299,10.75642830984933,0.023509846599957352
2026-04-15,440.4599914550781,443.739990234375,439.6000061035156,442.8800048828125,6455900,426.3185012817383,451.8274552778764,420.8267509460449,384.08550018310547,51.5394848644679,9.967856270926339,0.02359500675632091
2026-04-16,440.0799865722656,442.9800109863281,438.17999267578125,442.1499938964844,5350100,426.0855010986328,451.1725458318537,421.350084177653,384.76175018310545,51.31132079781106,9.165714808872767,0.022527747204491865
2026-04-17,445.92999267578125,448.70001220703125,445.32000732421875,445.6499938964844,9712000,427.0615005493164,450.2883639248935,421.90958404541016,385.45365020751956,54.64042920402795,8.512860979352679,0.0205234395321867
2026-04-20,442.0899963378906,443.4200134277344,440.04998779296875,443.1300048828125,8473000,428.4970001220703,449.31000033291906,422.4476674397786,386.117850189209,52.1211676734102,8.401432582310267,0.019211038586078377
2026-04-21,429.57000732421875,440.25,428.7099914550781,438.54998779296875,9480000,429.7735000610352,449.03036388050424,422.96900075276693,386.7300001525879,44.858995827244044,8.215002877371651,0.019658416920996652
2026-04-22,435.260009765625,437.1700134277344,433.7799987792969,436.2699890136719,5178100,431.33000030517576,449.1781821511008,423.5596674601237,387.36945022583006,48.37921859502537,8.050718035016741,0.01976819238457964
2026-04-23,431.0400085449219,435.2900085449219,428.2200012207031,433.9599914550781,4976400,432.06750030517577,448.7554548783736,424.1266675313314,388.0038502502441,46.03206895196192,7.366433279854911,0.01898041623969002
2026-04-24,433.25,435.2799987792969,430.6499938964844,431.3399963378906,5924100,433.69799957275393,448.3787275834517,424.65266749064125,388.64250030517576,47.469400596454975,7.355719430106027,0.01654834909767801
2026-04-27,429.8900146484375,431.79998779296875,428.5199890136719,431.6600036621094,6105200,434.4574996948242,448.1607277610085,425.1674176534017,389.2609503173828,45.485912481626606,6.955721173967634,0.0150208710496298
2026-04-28,421.9100036621094,422.5199890136719,418.3999938964844,420.7200012207031,7723400,434.8240005493164,447.5507279829545,425.6101676940918,389.82480026245116,41.09407873067379,7.124293736049107,0.015701829522516603
2026-04-29,417.4100036621094,419.1700134277344,414.1600036621094,416.739990234375,6452600,434.1800003051758,446.64854625355116,426.06925099690756,390.3718002319336,38.8179576045217,7.222150530133929,0.013260124150789967
2026-04-30,423.6600036621094,425.4599914550781,422.739990234375,425.3399963378906,6732800,433.4720001220703,445.94418279474434,426.5455009460449,390.9564501953125,43.49881951989099,7.4864349365234375,0.013081070884613523
2026-05-01,423.17999267578125,427.92999267578125,421.0799865722656,421.4100036621094,5911500,433.1604995727539,445.1360007546165,427.0214174906413,391.53105010986326,43.22529537296828,7.582863943917411,0.012404529150728748
2026-05-04,414.7099914550781,420.8599853515625,413.2799987792969,418.8399963378906,7285700,432.5134994506836,444.46909124200994,427.4080841064453,392.0666500854492,38.611561451312255,7.5885772705078125,0.013126496955149657
2026-05-05,418.2699890136719,421.1600036621094,417.9100036621094,420.1499938964844,4279900,431.8364990234375,443.6627274946733,427.74050064086913,392.6160499572754,41.440744406910916,7.6571502685546875,0.013077642738005442
2026-05-06,430.9599914550781,433.19000244140625,429.6000061035156,430.1499938964844,7013900,431.6579986572266,443.3492725719105,428.16625061035154,393.2051998901367,50.24353985847528,8.380007062639509,0.01482170577745347
2026-05-07,431.67999267578125,437.4200134277344,430.25,435.6099853515625,6816200,431.3464981079102,442.86563609730115,428.54700063069663,393.78309982299805,50.6963956674469,8.276434762137276,0.01470880884570491
2026-05-08,433.7699890136719,436.20001220703125,431.70001220703125,434.04998779296875,5380800,431.1784973144531,442.3967268510298,428.97116724650067,394.3910498046875,52.06035755074293,8.179292951311384,0.014755612574924071
2026-05-11,434.6499938964844,436.0400085449219,432.2099914550781,434.17999267578125,5569100,431.1429977416992,441.77909046519886,429.46025060017905,395.01294982910156,52.654278364051095,7.497150966099331,0.014736528128134353
2026-05-12,432.92999267578125,432.9800109863281,425.8500061035156,430.70001220703125,6660900,430.5349975585938,440.89999944513494,429.9709172566732,395.64059982299807,51.3160947451583,7.582863943917411,0.013781822103767842
2026-05-13,430.5,432.489990234375,428.75,430.5199890136719,4180300,430.03699798583983,440.09799971147015,430.43883387247723,396.2660498046875,49.40571321723844,7.376434326171875,0.013656260231760874
2026-05-14,427.2099914550781,431.5400085449219,427.1000061035156,430.29998779296875,4021400,429.3934982299805,439.2578174937855,430.8742505391439,396.8708497619629,46.86202261313683,7.362862723214286,0.013735166393761973
2026-05-15,417.2900085449219,419.25,414.1199951171875,417.6400146484375,9360400,427.9614990234375,438.1634538130327,431.2279172261556,397.4524998474121,40.14976386648817,7.960004534040179,0.014102085931295564
2026-05-18,418.42999267578125,420.92999267578125,416.05999755859375,419.82000732421875,5628300,426.778498840332,436.9758173162287,431.5959172566732,398.0298498535156,41.19221344687651,7.487145560128348,0.014101907849389762
2026-05-19,411.5,414.4700012207031,409.8800048828125,412.45001220703125,5419400,425.87499847412107,435.54854458895596,431.85675048828125,398.5417999267578,36.97595483290677,7.544287545340402,0.013191176782634392
2026-05-20,417.3999938964844,417.989990234375,410.0799865722656,412.1400146484375,6005000,424.98199768066405,434.62599875710225,432.1677505493164,399.0742498779297,42.383070872603085,7.534288678850446,0.013259959522048474
2026-05-21,416.989990234375,418.4200134277344,411.95001220703125,413.1400146484375,4679900,424.27949676513674,433.62945334694604,432.4500005086263,399.603399810791,42.112679304096936,7.507145472935268,0.013136707920271821
2026-05-22,413.82000732421875,415.67999267578125,412.0,415.1700134277344,5528400,423.30799713134763,432.6783624822443,432.666167195638,400.1199998474121,39.98850681030259,7.156430925641741,0.013103287576513255
2026-05-26,414.0,415.9800109863281,411.5,415.1600036621094,5098400,422.5134963989258,431.5963623046875,432.8682505289714,400.6243998718262,40.173032354349836,7.015716552734375,0.013048736895872153
2026-05-27,408.489990234375,409.25,404.29998779296875,404.3399963378906,6624600,421.8424957275391,430.4319985129616,433.0453338623047,401.1015998840332,36.475549850516686,6.642859322684152,0.012742830024938931
2026-05-28,412.7699890136719,414.510009765625,405.4100036621094,406.4800109863281,7184100,421.61049499511716,429.2485440340909,433.26108373006184,401.62269989013674,41.01680367391396,6.7807159423828125,0.012822513860716516
2026-05-29,417.1199951171875,421.82000732421875,415.0799865722656,415.6199951171875,7705700,421.2834945678711,428.1736350319602,433.5110003153483,402.1669499206543,45.29712084547283,7.104287283761161,0.012577202894334167
2026-06-01,411.260009765625,412.6099853515625,408.239990234375,409.8599853515625,6158900,420.68749542236327,427.1623623934659,433.7178337097168,402.67720001220704,40.98254668957337,7.465000697544643,0.012927180103070972
2026-06-02,411.95001220703125,414.3999938964844,411.1000061035156,414.0799865722656,3823900,420.54949645996095,426.27345359108665,433.9389170328776,403.20070007324216,41.68687065799554,7.0721435546875,0.012166188898868599
2026-06-03,407.8699951171875,409.3800048828125,406.2300109863281,408.3800048828125,5038000,420.02949676513674,425.3178172718395,434.10950037638344,403.70290008544924,38.74260584243489,7.1821441650390625,0.012160910736387316
2026-06-04,411.2699890136719,414.3699951171875,409.010009765625,413.3699951171875,4646500,419.0449966430664,424.4450899991122,434.29466705322267,404.2244999694824,42.39390051089127,7.329286847795759,0.00995355768646663
2026-06-05,396.239990234375,404.7200012207031,395.9200134277344,404.3800048828125,11473900,417.2729965209961,423.56327181729404,434.31966705322264,404.6793499755859,33.02318398645838,7.490713936941964,0.012496824969430453
2026-06-08,397.2699890136719,398.9800109863281,396.0299987792969,397.5199890136719,8057300,415.44799652099607,423.0334533691406,434.3349169413249,405.1238999938965,34.098234622696324,7.353572300502232,0.012421284018647293
2026-06-09,390.7799987792969,400.4800109863281,388.75,397.57000732421875,9567300,413.2544967651367,422.6225441672585,434.2930836995443,405.54134994506836,30.74912612510802,7.580716814313616,0.012605400962016145
2026-06-10,374.5799865722656,384.2099914550781,374.54998779296875,380.75,13956200,410.3369964599609,422.0869074041193,434.11550013224286,405.86134994506835,24.326262590728234,8.175003051757812,0.01497266724276249
2026-06-11,386.32000732421875,387.2099914550781,371.8800048828125,373.9599914550781,12622500,408.12799682617185,421.7630892666903,434.007416788737,406.2438000488281,34.933274875147745,8.807859148297991,0.017270353340091145
2026-06-12,386.5400085449219,388.7699890136719,383.3500061035156,385.7300109863281,7532600,406.09449768066406,421.22218017578126,433.9071667989095,406.6161001586914,35.11681075850308,8.838572910853795,0.017308223522225243
2026-06-15,396.54998779296875,401.0,396.1499938964844,399.489990234375,10477100,405.05749664306643,421.1478160511364,433.88658345540364,407.03530014038085,42.99565902429518,9.551428658621651,0.018033263056459883
2026-06-16,397.6300048828125,398.9599914550781,395.82000732421875,397.8299865722656,6004000,404.01749725341796,420.8374522816051,433.7982500712077,407.44830017089845,43.78877325994392,9.082855224609375,0.01803313845084258
2026-06-17,388.6000061035156,402.0400085449219,387.0799865722656,397.82000732421875,13343000,402.87249755859375,420.3650890003551,433.58958333333334,407.8009501647949,38.913790345240365,9.501427786690849,0.018337238320582226
2026-06-18,387.1199951171875,392.5,385.6000061035156,391.239990234375,7627300,401.3584976196289,419.5801796653054,433.3828333536784,408.1086001586914,38.163853874444506,9.347854614257812,0.017893520024802646
2026-06-22,384.5899963378906,386.4100036621094,382.6400146484375,384.25,7835100,399.7384979248047,418.6123612837358,433.11491673787435,408.3908500671387,36.85626179918049,9.033567156110491,0.0178937603207738
2026-06-23,377.32000732421875,380.3500061035156,377.1700134277344,377.7200012207031,7389600,397.9134979248047,417.6652704412287,432.9375834147135,408.64400009155275,33.323099616947886,9.327852521623884,0.018193313998450054
2026-06-24,365.9200134277344,370.8999938964844,363.32000732421875,364.80999755859375,12741700,395.5094985961914,416.5429071599787,432.662833404541,408.81835021972654,28.680193391071413,9.919281005859375,0.019031780872694498
2026-06-25,369.4599914550781,371.0400085449219,366.79998779296875,368.989990234375,9137100,393.55799865722656,415.40927068536934,432.43908335367837,408.99155014038087,31.855292481361474,9.820709228515625,0.019258503930611945
2026-06-26,373.6300048828125,375.8500061035156,371.17999267578125,372.2699890136719,5603300,391.6009994506836,414.3019980690696,432.23366673787433,409.18940017700197,35.49813954248161,9.180712018694196,0.01929317641478752
2026-06-29,368.5799865722656,371.19000244140625,366.9700012207031,370.5799865722656,5006300,389.1739990234375,413.0414523037997,431.898833211263,409.35600006103516,33.184556924515846,9.445711408342634,0.0190353077490571
2026-06-30,368.3800048828125,372.8299865722656,368.260009765625,369.2200012207031,5302100,387.0299987792969,411.7914523037997,431.52549997965497,409.5241000366211,33.09257722741121,8.934280395507812,0.018973975130232273
2026-07-01,370.6000061035156,377.7799987792969,370.2099914550781,371.2099914550781,9058300,384.9624984741211,410.6139981356534,431.2035832722982,409.7,35.238530734192096,8.446422031947545,0.019082968033780855
2026-07-02,378.1300048828125,380.2699890136719,376.2900085449219,377.44000244140625,7592900,383.47549896240236,409.3965437455611,430.9255833943685,409.8961000061035,42.030167188968306,8.042136056082589,0.01986325265155572
2026-07-06,382.1300048828125,382.42999267578125,378.8299865722656,380.2099914550781,3906500,382.01849975585935,408.33599853515625,430.65608342488605,410.10880004882813,45.3111666951993,7.962136404854911,0.01994029028149758
2026-07-07,377.489990234375,383.6000061035156,375.5199890136719,382.3900146484375,4815400,381.08099975585935,407.19799860174004,430.2832499186198,410.3113999938965,42.31901433043994,7.5064239501953125,0.018505357575779306
2026-07-08,374.45001220703125,375.4700012207031,368.95001220703125,373.1700134277344,7728500,379.9400009155273,405.8983625932173,429.8900833129883,410.5055500793457,40.43505188680647,7.892137799944196,0.018511510591272394
2026-07-09,378.17999267578125,379.6499938964844,377.4100036621094,378.510009765625,4754600,379.31000061035155,404.7363625266335,429.4920832316081,410.7005500793457,43.74426183597103,7.1949920654296875,0.018432458694349195
2026-07-10,377.010009765625,377.54998779296875,373.70001220703125,375.0,5453000,379.4315017700195,403.78072620738635,429.1060834248861,410.860350189209,42.93844286366479,7.022133963448661,0.015871124164556733
