Date,Close,High,Low,Open,Volume,MA20,MA55,MA120,MA200,RSI14,ATR14,Volatility20
2010-01-04,40.246559143066406,40.30725282030277,40.11650976795818,40.16853150242773,62822800,,,,,,,
2010-01-05,40.246559143066406,40.31592145569248,40.02113824178588,40.22054992952018,62935600,,,,,,,
2010-01-06,40.00379180908203,40.35926534082441,39.94310144810479,40.229215984748876,96033000,,,,,0.0,,
2010-01-07,40.02980041503906,40.116503291824934,39.813048184139234,40.06448156575341,77094100,,,,,10.344050317955023,,
2010-01-08,40.359256744384766,40.359256744384766,39.82171224420656,39.943092940307196,88886600,,,,,62.815248017741645,,
2010-01-11,40.19454574584961,40.43730725566541,39.98646208930927,40.41129803886444,104673400,,,,,47.764541072188514,,
2010-01-12,39.69167709350586,40.003800910905376,39.47492481002035,39.95178247959037,90673900,,,,,26.717141167306522,,
2010-01-13,40.18586349487305,40.307247526025115,39.544278724238296,39.813049381919065,100661000,,,,,50.0236889605781,,
2010-01-14,40.22053527832031,40.33324734159132,40.07314537874552,40.1078232150493,75209000,,,,,51.196417051093285,,
2010-01-15,39.75235366821289,40.359260512759334,39.5789545475221,40.28990152595826,126849300,,,,,38.17104729375654,,
2010-01-19,40.393959045410156,40.43730884424061,39.839073682674,39.84774231948903,84388200,,,,,55.049237677519976,,
2010-01-20,39.81304931640625,40.40261566581093,39.38821678389141,40.10783249110859,145680000,,,,,43.47696729893718,,
2010-01-21,39.44023132324219,40.1858561046523,39.275497536375994,39.925754129055655,204939600,,,,,37.961486568950015,,
2010-01-22,38.2871208190918,39.431572539461555,38.18308065561559,39.31019179750979,171098700,,,,,26.68543299999162,0.6130997066242939,
2010-01-25,38.41716766357422,38.66859774480312,38.25243384678873,38.52120781123365,154218700,,,,,29.238286166565146,0.6292011956007079,
2010-01-26,38.45185470581055,38.92004044333607,38.19175262075552,38.373823749556294,140816500,,,,,29.939037280183754,0.6601658105059894,
2010-01-27,38.75531768798828,38.88536710297924,38.15707913394428,38.382503411733595,161632700,,,,,35.91798490779847,0.6824603873856567,
2010-01-28,37.75824737548828,38.521216344551156,37.55883567022657,38.49520712871883,221439800,,,,,27.587566884011224,0.7462480238196575,
2010-01-29,37.099308013916016,38.16572846023675,36.96058673571274,38.070356961338966,212099600,,,,,23.678961456803023,0.7939335398443578,
2010-02-01,37.50682067871094,37.52416126151121,37.17735952763974,37.19470011044001,136827100,39.34270095825195,,,,30.259671608613516,0.792076974218576,
2010-02-02,37.84495162963867,37.95766044053464,37.30740356241286,37.56750895956358,110727700,39.22262058258057,,,,35.248588081562474,0.7871223986680417,0.012654103917754005
2010-02-03,38.053035736083984,38.122398064140754,37.64554032719507,37.662880909209264,93581600,39.11294441223144,,,,38.179439811326546,0.7666858940365319,0.01278168072950743
2010-02-04,36.951904296875,37.853594002701776,36.951904296875,37.77556309917109,151652500,38.960350036621094,,,,30.35060837107703,0.826759428062474,0.014056593679375099
2010-02-05,37.26407241821289,37.29875359617663,36.51844362888833,37.04732001700827,213618600,38.82206363677979,,,,34.45404168107403,0.8267597139232647,0.014294562920262134
2010-02-08,36.99527359008789,37.43745004593567,36.96926437764166,37.20335721178866,94354400,38.65386447906494,,,,32.66922978687171,0.8112761776565713,0.014043875948856855
2010-02-09,37.37675476074219,37.72355634144326,37.07329965683015,37.43744512004929,118956000,38.51297492980957,,,,37.608977816941604,0.7908393111877038,0.014416666408042412
2010-02-10,37.29873275756836,37.55016619626216,37.06463989816833,37.3767637107017,94102900,38.393327713012695,,,,37.01091106008789,0.7604941490318124,0.014262420162658487
2010-02-11,37.862281799316406,37.96632526160837,37.073303734175255,37.307396563266835,93050800,38.27714862823486,,,,43.944749718128854,0.7344849247322779,0.01442551684973173
2010-02-12,37.940311431884766,38.04435489058306,37.420107367900414,37.52414751922193,93938500,38.163137435913086,,,,44.84999545295901,0.7493480407800105,0.014444326268735496
2010-02-16,38.42584991455078,38.45185913383821,38.01835450636595,38.217769545495685,83861400,38.09681224822998,,,,50.23541291806119,0.7338666035923603,0.014689925635515463
2010-02-17,38.642581939697266,38.642581939697266,38.37380802112333,38.599232161185626,82691700,38.009243392944335,,,,52.4667022213275,0.7010441714165729,0.014202389598314383
2010-02-18,38.88534927368164,38.954711575776045,38.538547685339424,38.61657862150733,65752600,37.96285839080811,,,,54.905687036645524,0.6453071623219238,0.0140136135930217
2010-02-19,38.86802673339844,39.05876652167992,38.685952275097314,38.781323822926986,80416500,37.93424816131592,,,,54.690048946420106,0.5858551996118234,0.013877496260075266
2010-02-22,38.789981842041016,39.041411923700075,38.633919966596544,39.02407134783106,72055000,37.95939121246338,,,,53.667377560680215,0.5846151074338474,0.012152584153544206
2010-02-23,38.2871208190918,38.78998767275159,38.105049706164145,38.76397515134967,95814400,37.952888870239256,,,,47.50365608031458,0.587092328038538,0.012508586233944801
2010-02-24,38.677268981933594,38.833330854268524,38.42583559790769,38.48652595855166,86591000,37.96415958404541,,,,52.100211520482105,0.5920460636264698,0.01271819195464381
2010-02-25,38.66860580444336,38.75530870171146,38.001011686054404,38.269782399142144,97961300,37.95982398986816,,,,51.991351882948976,0.5672721762299037,0.012594424448895114
2010-02-26,38.80731964111328,38.89402252164378,38.49519919333364,38.65992970527651,66222400,38.012277603149414,,,,53.66091227124714,0.5400231305886061,0.011059380075022272
2010-03-01,39.37089538574219,39.440257722930156,38.972071869046175,38.98074050750554,77290100,38.125856971740724,,,,59.78067550836152,0.5517911601259533,0.010482283874663299
2010-03-02,39.49225616455078,39.752358182500444,39.405556594359766,39.5095967400643,76368500,38.225128746032716,,,,60.97585005918169,0.5270183062261593,0.010314198442735359
2010-03-03,39.53560256958008,39.72634557654481,39.38821265138101,39.58762429167309,65735500,38.309661293029784,,,,61.416865188667195,0.5164902081597285,0.010207755472967185
2010-03-04,39.665672302246094,39.717694046741094,39.362220394469624,39.56163212063384,54470900,38.39029312133789,,,,62.77626688957678,0.47809393136246825,0.010182538504930266
2010-03-05,40.26389694213867,40.35059982693688,39.87374553636581,39.96044511378714,68136300,38.55589275360107,,,,68.3070399030232,0.4824282172201926,0.007525325865168528
2010-03-08,40.34193420410156,40.437305738630556,40.26390324924851,40.28124382892445,58712400,38.709785842895506,,,,68.95504636193989,0.4582754382586524,0.007478382760982199
2010-03-09,40.567359924316406,40.79278085363841,40.229226876644645,40.25523609342631,98002800,38.888390159606935,,,,70.81162188503768,0.4793311567172118,0.0070004638055500435
2010-03-10,40.896820068359375,40.9921916041573,40.57602760852972,40.59336818843638,102578900,39.06439342498779,,,,73.3226331828284,0.4799502845318026,0.00692382171949734
2010-03-11,41.05287551879883,41.05287551879883,40.73208310945893,40.80144541816859,67510300,39.25210056304932,,,,74.44411038054302,0.4762344390144665,0.006750392847263197
2010-03-12,41.061553955078125,41.20894392333093,40.83612972349715,41.182934707139836,64068300,39.412064170837404,,,,74.50828948992621,0.4737574563523412,0.006367306180985292
2010-03-15,40.95751190185547,41.078892648342446,40.6713973073842,40.97484917360165,60150500,39.562924194335935,,,,72.16836591618161,0.4539401259502555,0.006525050786500123
2010-03-16,41.21760940551758,41.27829977203433,40.94883541995988,41.08755673019487,74950600,39.702512168884276,,,,74.33806006027018,0.4384582914429502,0.006211673033625576
2010-03-17,41.330318450927734,41.52973343628514,41.20893771714632,41.27830002637967,75643500,39.836898994445804,,,,75.23887875113004,0.407493913120219,0.006193703135255178
2010-03-18,41.469051361083984,41.512401159334104,41.269636335853775,41.36500787643059,77829400,39.96608409881592,,,,76.33983747294575,0.39634687706094696,0.006156129173716674
2010-03-19,41.21821975708008,41.61746891862405,41.07066913856543,41.591428626587295,86337100,40.08359375,,,,70.25736658251661,0.3901941412210717,0.006452999805719173
2010-03-22,41.5914306640625,41.756340381710864,41.009915984314524,41.053312058624215,71902800,40.223666191101074,,,,73.6246783508294,0.4162628269809347,0.006478865356904723
2010-03-23,41.87782669067383,41.921222740089114,41.461218656655674,41.652165247170544,59182600,40.403201484680174,39.35280505093661,,,75.8812828919244,0.42496790971448056,0.005220150384080596
2010-03-24,41.67822265625,41.80841086834831,41.58274931416646,41.80841086834831,62995700,40.55324916839599,39.37883529663086,,,71.30250585437335,0.4206538900170444,0.005429960496076395
2010-03-25,41.617454528808594,42.181609893949684,41.57405847162958,42.02538143937968,76294800,40.700691604614256,39.403760667280714,,,69.91924906990971,0.415127025561996,0.005484320899624679
2010-03-26,41.66086196899414,41.94728198426674,41.43520042346154,41.79105348701038,78067900,40.843368721008304,39.43388921564276,,,70.361558686057,0.43931793729866137,0.005516379221656679
2010-03-29,41.86048889160156,42.0080395077194,41.74765645703003,41.869170092442154,57993300,40.96784839630127,39.46717446067117,,,72.37344769178571,0.4238624774223396,0.004893331474607915
2010-03-30,41.999359130859375,42.13822854886109,41.71294240475313,41.99068124075656,49437300,41.0932035446167,39.49699450406161,,,73.71037502709072,0.4238949391557019,0.004893615241976648
2010-03-31,41.799720764160156,42.05142253593757,41.721606535363954,41.86915710571544,59947400,41.2064094543457,39.526179504394534,,,68.57286243325657,0.42453948138668146,0.005185407676671284
2010-04-01,41.799720764160156,42.268406136937344,41.478585961734446,41.97330830714137,83728600,41.31311187744141,39.5645075711337,,,68.57286243325657,0.4543256224844759,0.0052211413589376
2010-04-05,42.19028854370117,42.28576185027273,41.782358346861514,41.8951907374376,56220300,41.40943145751953,39.600951662930576,,,72.86416588227878,0.46117620551683053,0.004624906527927324
2010-04-06,42.311798095703125,42.44198956805258,41.99934121078979,42.09481451572516,54097100,41.50792465209961,39.638974623246625,,,74.05129714543156,0.46926077731599747,0.004625291571589997
2010-04-07,42.207679748535156,42.41598229329818,41.98201479564775,42.251075836118346,77211500,41.58994064331055,39.68361691561612,,,71.17785796200036,0.4773444757811122,0.004682809850793495
2010-04-08,42.30314636230469,42.37257942915165,41.86917893405782,42.08616264818126,68314300,41.660256958007814,39.718329412286934,,,72.24144994013488,0.49596130946779077,0.004457163884877055
2010-04-09,42.55483627319336,42.57219536409102,42.20766438796431,42.31181562244222,54227300,41.73535499572754,39.76818008422852,,,74.87396975798431,0.4829421091869404,0.004535297893458256
2010-04-12,42.589542388916016,42.702374792330154,42.47670998550188,42.572183302936374,44280600,41.811754417419436,39.82544028542259,,,75.22290920704094,0.445744995574936,0.004526106441864693
2010-04-13,42.80653381347656,42.83257079174665,42.40728469576593,42.546154098052575,59376000,41.90420551300049,39.907611430775034,,,77.34164058361156,0.44326513932831296,0.004459225012678989
2010-04-14,43.31861114501953,43.32728903329691,42.96275812931403,43.03219447916262,69004800,42.00925559997559,39.99672858498313,,,81.38671317024155,0.45938498527924004,0.00488874119889642
2010-04-15,43.50957107543945,43.56164504281162,43.283906180465394,43.283906180465394,72254200,42.11821823120117,40.08868706443093,,,82.63191880839943,0.4358269452811057,0.004907253382025952
2010-04-16,42.988792419433594,43.50087387939996,42.70237577146986,43.35332661155047,127388000,42.19420528411865,40.16565933227539,,,69.06263920594951,0.4569064983642766,0.005880372328333131
2010-04-19,42.96274948120117,43.101618842037475,42.441990205791726,42.83255800689545,98251700,42.28143177032471,40.26028664328835,,,68.45722897315228,0.47922443390145425,0.00561722049102721
2010-04-20,43.17974090576172,43.29257331658962,42.902002133652516,43.19709999288196,69543700,42.360847282409665,40.37083996859464,,,70.75739860032253,0.4767447938178212,0.005423963169359821
2010-04-21,43.42277145385742,43.56164087173362,43.15371381910808,43.47484872715153,74748700,42.438094520568846,40.47840270996094,,,73.1215096478098,0.48232415467867334,0.0053700137030559605
2010-04-22,43.66579055786133,43.709186625321934,42.75445658664994,43.006158413192274,110477200,42.53747291564942,40.58423614501953,,,75.27413109336236,0.49410343064075185,0.005197559397603806
2010-04-23,43.84804916381836,43.8914452244858,43.474837082445404,43.65710252379298,77205200,42.649002647399904,40.689600025523795,,,76.77632516697581,0.48790376197140767,0.005132842822983775
2010-04-26,43.752567291259766,43.96087297701495,43.65709398990975,43.89143664479437,67361000,42.753587913513186,40.81324844360351,,,74.23193997507262,0.4779845212458658,0.005234642505208456
2010-04-27,42.823883056640625,43.76993167686334,42.71105065856628,43.5789850510309,112608000,42.801757621765134,40.914335909756744,,,55.103925060175094,0.5226212012920536,0.007407842818613235
2010-04-28,42.84992599487305,43.075590822440816,42.51143206442882,43.04955053562458,130082100,42.84428596496582,41.02078413529829,,,55.45060403401275,0.5269610772147801,0.007391154674284221
2010-04-29,43.596351623535156,43.68314706423226,43.05823313484323,43.09295131112207,84180200,42.93411750793457,41.13386771462181,,,64.02496238032649,0.5604389410171012,0.008106469286203006
2010-04-30,42.737091064453125,43.64842151697597,42.7023728940372,43.578985176144116,110897000,42.98098602294922,41.232746956565165,,,51.69111136461309,0.6118949278821368,0.009464306770069862
2010-05-03,43.33598327636719,43.544285766796015,42.90201589191401,42.91937498460114,74169700,43.03827075958252,41.33226880160245,,,57.79395809650729,0.6391741140508636,0.009730869459888334
2010-05-04,42.03406524658203,42.80652636940186,41.730289516565406,42.80652636940186,141136500,43.024384117126466,41.4067006891424,,,44.60269982340654,0.7166697240495375,0.011987732820529576
2010-05-05,41.81707763671875,42.09481636642883,41.348392288742936,41.59141284951255,128560200,43.00485401153564,41.468359375,,,42.84734980600497,0.7501472394309425,0.012028978696265173
2010-05-06,40.41972351074219,41.93860941598861,37.008739470087534,41.53067899908884,274356800,42.91068286895752,41.500671039928086,,,33.66028802197003,1.0446239995689055,0.01408409392075513
2010-05-07,39.41291046142578,40.619339038165194,38.432143426222204,40.115938686627814,288200400,42.75358657836914,41.51026306152344,,,28.858969400802224,1.1537359264044227,0.014817866659966525
2010-05-10,41.46123123168945,41.48726820705427,41.06198215852796,41.16613337089458,136041600,42.69717102050781,41.55741223421964,,,45.79809732636126,1.2740063951680933,0.019360972799621214
2010-05-11,41.4178352355957,41.99934975905905,40.96650890007276,41.04462313719995,113016100,42.62773609161377,41.60519138682972,,,45.5506391848093,1.3186430956224322,0.019305092403252996
2010-05-12,42.198970794677734,42.233688966277526,41.57406026041691,41.64349329270941,85462400,42.57175407409668,41.67631593184038,,,50.71299752838274,1.3087233593374197,0.01961680002659765
2010-05-13,41.53065490722656,42.34651526774689,41.42650371833912,42.016699306878955,102844300,42.472808265686034,41.72819567593661,,,46.638793883662295,1.3446807455779464,0.019837269104312116
2010-05-14,40.732177734375,41.24425936493633,40.254814288135044,41.21822238214945,147386100,42.3599775314331,41.765715165571734,,,42.26945707042856,1.4141137192912545,0.020091282161916812
2010-05-17,40.86238098144531,41.02728743787227,39.98576478608442,40.810303690037685,120969600,42.25495910644531,41.803079917214134,,,43.20385330341584,1.4128738359691684,0.020128124896686375
2010-05-18,40.29819107055664,41.29631687104546,40.11592565649035,41.20952145179482,153072100,42.110881614685056,41.81993983875621,,,40.16986440848053,1.4568904400079623,0.020206622111793627
2010-05-19,39.97706604003906,40.47178846217089,39.53441757124268,40.150650299033906,159000300,41.93859634399414,41.828754563765095,,,38.51210212372116,1.4643297129771768,0.020120578328811693
2010-05-20,38.492881774902344,39.30006087364895,38.40608967626766,39.19590969310607,189289800,41.679950904846194,41.80979600386186,,,31.94939685061614,1.5089674087509357,0.021289341432191657
2010-05-21,38.918190002441406,39.61253706318587,37.74647954436688,37.89402684625285,190631100,41.433457946777345,41.796205416592684,,,35.34924798673562,1.5846004670706573,0.021517742985526975
2010-05-24,38.761962890625,39.3434808511116,38.74460379962008,38.900832307756296,113038000,41.18392772674561,41.76889752474698,,,34.664160688966064,1.5126849879056385,0.021505713995131074
2010-05-25,38.79668426513672,38.84875823152847,37.52081911400525,37.91139041648512,155643000,40.98256778717041,41.74080207131126,,,34.965830964708815,1.5542217764654478,0.02123881007421868
2010-05-26,38.362701416015625,39.55177062544929,38.29326507428463,39.06572616605337,140203200,40.75820655822754,41.70071737116034,,,32.91986044330544,1.2919814625557033,0.021247036549171944
2010-05-27,39.81216812133789,39.82952721454767,39.135180040698984,39.23065339789852,110671600,40.568997383117676,41.68099642666903,,,44.58307583785335,1.2405264758834929,0.022822705628531514
2010-05-28,39.577823638916016,39.91632097568602,39.23065172227437,39.881602790749355,128535300,40.41103401184082,41.654177301580255,,,43.273070038075865,1.1413344407251473,0.022538520913657725
2010-06-01,39.213294982910156,40.14198496479047,39.16989890458939,39.430278685422536,104242700,40.204899597167966,41.62057259299538,,,41.242981989801834,1.1369948122404894,0.022179077543599216
2010-06-02,40.1419677734375,40.168004747097555,39.16988212954555,39.43893968645181,97249300,40.11029472351074,41.60574451793324,,,47.94321955989611,1.1500140184455023,0.022208522713116196
2010-06-03,40.523868560791016,40.593304923644716,39.99443119311764,40.254810932002975,98928400,40.045634269714355,41.59313104802912,,,50.44577473667533,1.1270756028111673,0.02234295137853401
2010-06-04,39.13516616821289,40.176688215245356,39.004974670743586,39.66460673525732,112849900,39.98140640258789,41.5532191883434,,,42.45361202714506,1.1444365507365895,0.022408124525421336
2010-06-07,38.4234619140625,39.456302809439556,38.38006584988669,39.334792505384314,88436600,39.93193397521973,41.49784483476119,,,39.039926047475554,1.1469161441483762,0.022084617448694215
2010-06-08,38.3540153503418,38.60571709081269,37.83325609707689,38.49288470527288,133030100,39.776573181152344,41.44576839100231,,,38.712811754673766,1.1177782712327107,0.018227583805748578
2010-06-09,38.032894134521484,38.97894298661411,37.9200617087927,38.62308993092281,101949200,39.607326126098634,41.38106772682884,,,37.162228104395986,1.1264575845822244,0.018244434454988606
2010-06-10,39.11781692504883,39.16121299815666,38.39743284091599,38.50158407855641,76892300,39.453268432617186,41.3308857310902,,,45.154913625550186,1.094839191715351,0.018997048223384123
2010-06-11,39.491031646728516,39.525749831805186,38.71857023876861,38.71857023876861,74346800,39.351287269592284,41.29111862182617,,,47.62298280081907,1.019205054159464,0.018985078090598094
2010-06-14,39.482337951660156,40.133288762193146,39.41290160930126,39.855546703664594,68085000,39.28879528045654,41.25229832042347,,,47.56928252399497,1.027884347116633,0.01856660156507219
2010-06-15,40.54122543334961,40.59330270264055,39.447629265502535,39.69064990037792,76332600,39.27273750305176,41.23194129250266,,,54.32496073184731,1.014865369946261,0.01959677087596086
2010-06-16,40.70612716674805,40.91442958134306,40.358952061213444,40.42838840668324,78399700,39.29313430786133,41.21095289750533,,,55.29109454480049,0.964649082015187,0.019350171604594384
2010-06-17,40.83631896972656,40.94915138566797,40.480465944902875,40.93179229776102,77111900,39.336096954345706,41.18980671275746,,,56.08096209866646,0.8933533421746905,0.019248273921042943
2010-06-18,40.87022399902344,41.1658810712781,40.74848343700943,40.913702297288225,75921400,39.454964065551756,41.17290677157315,,,56.29749888893757,0.8741910836644772,0.017007154650720984
2010-06-21,40.52239990234375,41.46154727415248,40.28761637657383,41.391979327863424,95488100,39.53517456054688,41.14968275590376,,,53.38936842540892,0.8886085720485895,0.017090450361757378
2010-06-22,40.2093620300293,40.99198167712054,40.13109973360188,40.696324481415076,94493400,39.60754451751709,41.11366591020064,,,50.84380049384857,0.8788056667604935,0.017180909236857396
2010-06-23,40.04412841796875,40.4093534700302,39.73107932111093,40.252828921601285,92397600,39.66991672515869,41.07243555242365,,,49.5021476782618,0.8844771252170786,0.017233815023207963
2010-06-24,39.435428619384766,39.99196228047309,39.304993685947004,39.870218365209,114145900,39.72355308532715,41.0220309864391,40.331179809570315,,44.81102820016083,0.8287800425009583,0.017414533033291563
2010-06-25,39.44327926635742,39.78308166715404,39.1644668696163,39.65238690206029,88740300,39.705108642578125,40.97003340287642,40.324485810597736,,44.88357536819222,0.796092745214164,0.015180304617078071
2010-06-28,39.303855895996094,39.6872219430947,39.04246980371502,39.44326203345963,71350000,39.69141025543213,40.91092466874556,40.31662995020549,,43.7828301587224,0.7869706841887266,0.015144280944025375
2010-06-29,37.7878303527832,38.73753618319349,37.5264441283147,38.70268380027605,136384200,39.62013702392578,40.823620813543144,40.29816360473633,,34.01452191779309,0.8382942906072971,0.01732581458652319
2010-06-30,37.212764739990234,38.04920165984198,37.151774755649264,37.665835569169474,101313200,39.47367687225342,40.72191592129794,40.27468830744426,,31.17336768803085,0.8218020077899786,0.016488900812330703
2010-07-01,37.10822677612305,37.430603019891834,36.39376952036181,37.326049191262605,158695000,39.30289478302002,40.60899984186346,40.24759639104207,,30.67182105228204,0.8382058582537967,0.0161987419831748
2010-07-02,37.0036506652832,37.30860053336669,36.67255986300378,37.16919440457077,78565300,39.196319007873534,40.490710379860616,40.22100559870402,,30.149247756145073,0.8321811095017273,0.014578578946032988
2010-07-06,37.116912841796875,37.787805820732544,36.81196299850976,37.55255737432362,88591900,39.130991554260255,40.38394893299449,40.19954922993978,,31.51028530991934,0.8200503512934963,0.014158433930482592
2010-07-07,38.301883697509766,38.3454475055794,37.20406044510964,37.23891282104755,72448400,39.12838497161865,40.299205918745564,40.18384939829509,,43.83954704361811,0.8681258615544186,0.016022990950680584
2010-07-08,38.51097869873047,38.66781100186929,38.05790797007433,38.60682103106021,78264600,39.1522891998291,40.214319333163175,40.16960309346517,,45.69715872535961,0.878212832342266,0.01593842726226748
2010-07-09,38.87693405151367,38.88564880722669,38.4064402778803,38.493567892777655,47851200,39.140245056152345,40.13166774402965,40.16230792999268,,48.88393021348643,0.8826278962763888,0.014713893920712023
2010-07-12,38.99020004272461,39.23416000733922,38.73752532297077,38.84208244241009,60927500,39.11520347595215,40.046657007390806,40.15060993830363,,49.86461365974467,0.8342495953328033,0.014556628590679186
2010-07-13,39.495540618896484,39.64365818597141,39.03375508760018,39.32999354545452,93310500,39.11586360931396,39.967520488392225,40.147964032491046,,54.09607641598477,0.8194336095990989,0.014866807100055862
2010-07-14,39.69594192504883,39.913764251258854,39.41712961339639,39.573958630459074,87687100,39.07359943389893,39.89376366355202,40.15009495417277,,55.69312574068489,0.8064593588093274,0.01354825637327637
2010-07-15,39.73079299926758,39.85277630008392,39.1993092880979,39.61752777692434,95992500,39.0248327255249,39.83752566250888,40.16212555567424,,55.979952281372704,0.8003402359496324,0.013504598323998567
2010-07-16,38.63298034667969,39.75694470945062,38.59812796557687,39.59139756106523,98831900,38.91466579437256,39.76085392345082,40.16392399470011,,45.90001564316462,0.8389260892593471,0.014692442874409847
2010-07-19,38.96406936645508,39.04248555815238,38.42386745755998,38.746246981041004,81800800,38.81935806274414,39.67663060968572,40.16819245020549,,48.88911212396058,0.837059372203113,0.014889991726010021
2010-07-20,39.434539794921875,39.434539794921875,38.21473715458183,38.33671708624545,89061200,38.76496505737305,39.61658422296698,40.173852634429934,,52.87365740069706,0.7972301488215879,0.015145854841051447
2010-07-21,38.89435577392578,39.87019890830639,38.82465435475113,39.85277604629154,83577000,38.69921474456787,39.53582735928622,40.18332020441691,,48.224959754461146,0.8078099809189128,0.015337929221580341
2010-07-22,39.8789176940918,40.06188767708858,39.41713535880314,39.44327297817256,82890300,38.69095420837402,39.49664285833185,40.206483618418375,,55.84500832486112,0.8171455811783963,0.01645014517379329
2010-07-23,40.131591796875,40.16644084758523,39.539114726631375,39.608816151757196,81056100,38.725762367248535,39.46599766124378,40.22835671106974,,57.57086166538607,0.8165231133634633,0.01610944545898883
2010-07-26,40.46267318725586,40.48009937179545,40.00089092992392,40.18386088203225,64850900,38.77673206329346,39.46677856445312,40.25017105738322,,59.78870498330224,0.7810492290526595,0.016188788618929074
2010-07-27,40.44525146484375,40.70664093807046,40.26228149254923,40.636936192221945,67655600,38.83380184173584,39.485548400878905,40.27010618845622,,59.61212468204738,0.7250367134625668,0.01615381072346683
2010-07-28,40.12288284301758,40.584668561533036,39.97476521589217,40.40169523124669,51988200,38.95055446624756,39.46121479381215,40.29653100967407,,56.29876681814023,0.7250367358801318,0.013360554714280888
2010-07-29,39.82663345336914,40.43653663344027,39.42584116955566,40.35812046280677,85669500,39.081247901916505,39.43228385231712,40.31788568496704,,53.36337283099918,0.7630000883471476,0.012902595702077168
2010-07-30,39.91376876831055,40.15772873768921,39.26901314733154,39.49555025350199,98958100,39.221525001525876,39.390734724564986,40.3422064781189,,54.12108125674672,0.7910058673463775,0.012822556578591616
2010-08-02,40.66307067871094,40.76762778943205,40.26227839206155,40.41911073443826,68706800,39.40449600219726,39.3749604658647,40.36959244410197,,60.121254481909524,0.8053202157659989,0.013147148674579667
2010-08-03,40.48881912231445,40.68921528369163,40.29713439242964,40.63693672362161,60856600,39.57309131622314,39.370535763827235,40.39617649714152,,58.2145360510445,0.7978520910088223,0.013300263183593121
2010-08-04,40.8983268737793,40.941894006614994,40.514960700246455,40.671793072079346,43820600,39.702913475036624,39.37118932550604,40.42147687276204,,61.319263025973044,0.7835383676027169,0.01172951327076174
2010-08-05,40.802494049072266,40.88090692324784,40.532393073322936,40.69793690275931,39150200,39.81748924255371,39.38035847056996,40.44532839457194,,60.192131098103786,0.7269038716443319,0.011785304013579528
2010-08-06,40.74150085449219,40.81991705263554,40.12288602675361,40.35813462118365,71339200,39.91071758270264,39.394257285378195,40.46462548573812,,59.443217172222475,0.7325047948792981,0.011720366498778624
2010-08-09,41.02032470703125,41.11616379154666,40.76764987148311,40.95061992879448,26927600,40.01222381591797,39.44021079323509,40.48444000879923,,61.78404834233427,0.6721376732160432,0.011762119962561575
2010-08-10,40.66307067871094,40.90703394668857,40.323268378129725,40.6892116182437,86694500,40.07060031890869,39.47193589643999,40.499254353841145,,57.226457329110524,0.6472456571693479,0.011756243116206107
2010-08-11,39.55653381347656,40.009601304732605,39.39098672657073,39.99217844435756,92219700,40.063629913330075,39.48638264049183,40.504991912841795,,45.92610385696202,0.6547136606677343,0.01335150612498319
2010-08-12,39.24287033081055,39.41712885315863,38.72880951792138,38.79851093263769,66000200,40.03923377990723,39.494495114413176,40.50876598358154,,43.31504482061701,0.6690278159964009,0.013462653940270493
2010-08-13,38.96406936645508,39.260307943566445,38.95535460976325,39.09476080348002,46387300,40.055788230896,39.505429077148435,40.51440722147624,,41.079432385131256,0.6565810225629488,0.01198979287658694
2010-08-16,39.03376388549805,39.30386479208939,38.59811919185699,38.77237773405446,55472900,40.05927295684815,39.49127627286044,40.51737801233927,,41.88689214373824,0.6752514621851756,0.011844419504471806
2010-08-17,39.530391693115234,39.887620146804444,39.23415322002872,39.31256938419,56927100,40.064065551757814,39.49041387384588,40.52455956141154,,47.41680200517265,0.6926766704469992,0.011879603396855686
2010-08-18,39.687225341796875,39.92247384210721,39.30385926186788,39.45197684148655,61835400,40.103709030151364,39.499030789462005,40.53189210891723,,49.065160934469716,0.6646708930437651,0.011441411539404171
2010-08-19,39.08603286743164,39.608805042216105,38.82464678003941,39.45197272503988,82969500,40.06406478881836,39.47983197298917,40.52951825459798,,43.4432258303314,0.6628039624294649,0.010464888715178361
2010-08-20,39.138328552246094,39.23417094326078,38.80724088618503,39.025063293507074,65806700,40.01440162658692,39.45464033647017,40.52656885782878,,44.0438426438269,0.6323090364261971,0.01034064425776165
2010-08-23,38.75496292114258,39.50427254590295,38.737536729438126,39.382292527678004,69612200,39.92901611328125,39.447727550159804,40.52006352742513,,40.636895603654985,0.6590701025121136,0.010259520675744746
2010-08-24,38.03178787231445,38.44129167577149,37.874955496963025,38.31060024544907,79095800,39.808342933654785,39.4406062039462,40.506447823842365,,35.11829960981595,0.6895652839320431,0.010893274194014537
2010-08-25,38.3977165222168,38.563260281202545,37.700685795296955,37.7616757761709,87247900,39.72208461761475,39.44140077070757,40.49089632034302,,39.58886773057053,0.725039618606988,0.011178598114309594
2010-08-26,37.935943603515625,38.61554831366769,37.90109122768591,38.52842069779888,91199000,39.62755012512207,39.439638033780184,40.47084639867147,,36.19920665754638,0.7262843371855487,0.011340342695923161
2010-08-27,38.3977165222168,38.47613268672682,37.4392996881651,38.214746579594966,109568800,39.551747512817386,39.42654529918324,40.452766036987306,,41.58548342585865,0.7735821987217807,0.01176332152448649
2010-08-30,37.99692153930664,38.55454608077256,37.98820678626249,38.2147438335483,49373200,39.41844005584717,39.39937966086648,40.428600215911864,,38.54391941157245,0.7642452676938198,0.010843016422852292
2010-08-31,37.866233825683594,38.20603613565598,37.62227387466856,37.79653240698146,72066900,39.28731079101563,39.36999594948509,40.40204486846924,,37.57876916680784,0.7150794326114779,0.010840739157902304
2010-09-01,38.998924255371094,39.12961903565055,38.397735578239526,38.423873204812885,83523100,39.19234066009521,39.34195410988548,40.38485628763835,,49.404149234594726,0.7461980693551757,0.01284716090839214
2010-09-02,39.434539794921875,39.451965974260084,38.97275767542279,39.068599999931024,41816800,39.1239429473877,39.31883433948864,40.3721648534139,,53.085181596893314,0.7586448525718968,0.013195209610171855
2010-09-03,40.0880126953125,40.09672744816655,39.68722048033992,39.870190405822484,64041100,39.09126853942871,39.305228770862925,40.36275154749553,,58.01933805507414,0.7555335706442017,0.013808414454648981
2010-09-07,39.817928314208984,40.10545210282579,39.75693831893556,39.92248211700551,51195200,39.031148719787595,39.286096122048114,40.3501482963562,,55.42477981071282,0.7194376794001894,0.01375081289978052
2010-09-08,40.29712677001953,40.471385280252434,39.92247213631541,39.931186889864605,66879800,39.012851524353025,39.28200024691495,40.34038225809733,,58.933725036745216,0.7219264212433407,0.013951097364588565
2010-09-09,40.45396423339844,40.68921275352725,40.358121874415765,40.65436038231445,61476400,39.05772304534912,39.28644755970348,40.33401346206665,,60.042393367530444,0.688319808511216,0.012453405136884903
2010-09-10,40.602081298828125,40.66307128580687,40.29713136393441,40.497527510251,66995700,39.12568359375,39.29659215753729,40.32576888402303,,61.11019856362035,0.6839633702824095,0.012274818199857766
2010-09-13,41.16842269897461,41.27297649265202,40.898321797960705,40.915747984191135,64523400,39.235901260375975,39.32810114080256,40.31985718409221,,64.96540436303346,0.6771176115223432,0.012375552456617634
2010-09-14,41.342674255371094,41.56049656090655,41.02029817381591,41.116137196339636,91405800,39.351346778869626,39.36263559514826,40.31706094741821,,66.0795860686627,0.6528455374445638,0.012376817260966483
2010-09-15,41.60406494140625,41.647628742572486,41.11614172671146,41.238125023163896,67108200,39.45503044128418,39.40445757779208,40.31694936752319,,67.73711181504157,0.6291964324413806,0.012192191232307597
2010-09-16,41.76961135864258,41.804463731263134,41.42109760355258,41.52565139770906,66885800,39.559149742126465,39.47685359608043,40.31785561243693,,68.77769884636936,0.6055470782791501,0.012192258900983417
2010-09-17,41.91108322143555,42.04208064457545,41.7014826803291,42.04208064457545,76372600,39.70040225982666,39.56227756847035,40.318277231852214,,69.67775878846422,0.5558160043994808,0.011451677832595108
2010-09-20,42.64469528198242,42.73202692846303,42.01589676655797,42.06829442185084,84475000,39.87572059631348,39.66294063221324,40.32365503311157,,73.88233264164697,0.5740020338650099,0.011850367036922025
2010-09-21,42.63595962524414,42.94162371587923,42.452561170863085,42.67089361602778,82272000,40.069770431518556,39.76534624966708,40.330623690287275,,73.75119012872737,0.5672377684384904,0.01143391656374935
2010-09-22,42.52241897583008,42.81061935616858,42.286619573231725,42.46128616754401,88315900,40.294301986694336,39.863628179376775,40.33664617538452,,71.9632451943443,0.5144245236506261,0.010195532262175786
2010-09-23,42.50496292114258,42.9328960207542,42.19929880105502,42.242964627997665,85040000,40.499664306640625,39.940047801624644,40.3392684618632,,71.67554806273276,0.5325951608550464,0.010236295965521051
2010-09-24,43.369564056396484,43.395762888138876,42.9241672593294,42.98530008772117,79495900,40.77134532928467,40.02838571721857,40.34808317820231,,76.65397492059367,0.5489246118373055,0.00993306538866993
2010-09-27,43.133758544921875,43.44815780782576,43.09882455315726,43.34335916402074,43859800,41.008147430419925,40.10578252618963,40.355800501505534,,72.89103267833852,0.548983145464325,0.010204964192773473
2010-09-28,43.11627960205078,43.2647473601674,42.43508360883591,43.238545207859815,104922900,41.26411533355713,40.18080215454101,40.36257661183675,,72.60651167037301,0.5615693444134706,0.009588513024555035
2010-09-29,43.04642105102539,43.256018310170816,42.88922144092214,43.055152882036296,81679200,41.52312469482422,40.24536361694336,40.366673151652016,,71.40682168780934,0.5597629791092531,0.009498637915670507
2010-09-30,42.85428237915039,43.52674655796228,42.57481717905818,43.26474834931182,122458600,41.71589260101318,40.302787988836116,40.368879318237305,,68.0751517287082,0.6016193688972271,0.008030903321018492
2010-10-01,42.80190658569336,43.25603863588646,42.60104106317351,43.21237279733692,77675400,41.884260940551755,40.35862641768022,40.36884075800578,,67.15533082098024,0.6004838245321596,0.007987861799104275
2010-10-04,42.339027404785156,42.836825113691,42.094496132056314,42.67962548651139,71359900,41.99681167602539,40.42600909146395,40.360677560170494,,59.503288818565814,0.6149217241424486,0.008090516196210666
2010-10-05,43.369564056396484,43.456895716530646,42.793166437638874,42.819365269381265,99301300,42.17439346313476,40.50610899491743,40.3595108350118,,68.19291666204181,0.6568061024199103,0.009091631478569305
2010-10-06,42.99403381347656,43.41323179725181,42.71456849095973,43.31716496798238,81831200,42.309238815307616,40.570827067982066,40.35955451329549,,62.896590915122175,0.6793273294614482,0.009341542272982787
2010-10-07,43.15121078491211,43.26474455357894,42.79314582048997,43.2385424029711,75693300,42.4441011428833,40.64822443181818,40.36112502415975,,64.15156373494423,0.6886845272359216,0.009340884218677348
2010-10-08,43.448143005371094,43.552941613472015,42.8630138343626,43.168677829443496,83223900,42.58640422821045,40.71311943747781,40.36336170832316,,66.45959605969335,0.6793262466703455,0.009375601606865602
2010-10-11,43.46562576293945,43.68395821905338,43.33462495667553,43.4743575953289,46880000,42.70126438140869,40.773738236860794,40.36371882756551,,66.5959626320254,0.6693455836247527,0.009060068487148246
2010-10-12,43.762550354003906,43.84988198852286,43.02021813463954,43.39575015975001,88571700,42.822258186340335,40.83373600352894,40.364525159200035,,68.90807116132744,0.6911787315495,0.00910088131370666
2010-10-13,44.120609283447266,44.32147468024917,43.91100872550868,44.04200949065628,71122900,42.948085403442384,40.900560691139916,40.36679649353027,,71.4723664114255,0.6787020963027918,0.009147198752527636
2010-10-14,44.03327560424805,44.22540917696321,43.81494321034006,44.14680938189682,68464000,43.06126861572265,40.97165874134411,40.36913572947184,,69.95684352333726,0.6443925248475669,0.009209773186211537
2010-10-15,44.96775436401367,44.97648619644912,44.2166901779862,44.57475527464012,104654000,43.21410217285156,41.06513366699219,40.38700132369995,,75.85617472324165,0.6868123346713223,0.010101857241866716
2010-10-18,44.80181121826172,45.168611410509214,44.80181121826172,44.97647781783252,72399400,43.321957969665526,41.15400716608221,40.403267033894856,40.392492141723636,73.11072876333938,0.6537506518796086,0.009665915249916847
2010-10-19,44.38261413574219,44.80181198297432,44.03328093063791,44.38261413574219,105739800,43.40929069519043,41.22163522893732,40.40981922149658,40.41317241668701,66.55740041338964,0.68244595067159,0.01001185525305041
2010-10-20,44.705745697021484,45.03761191252266,44.42628046233261,44.50488026780688,80861400,43.51845703125,41.29830662120472,40.42622467676799,40.435468349456784,68.87349844594982,0.6612365505199023,0.010012036829892157
2010-10-21,44.793067932128906,45.159864699083954,44.35640321061816,44.98519814418217,85885400,43.63286228179932,41.3691200949929,40.43836704889933,40.45941473007202,69.48846446820812,0.6718411159308195,0.009989126700797393
2010-10-22,45.098751068115234,45.142416892523464,44.72321898152455,44.8018187980549,47406900,43.71932163238525,41.447233858975494,40.46390609741211,40.4847594833374,71.60349672196321,0.6487603251711214,0.009153025051273604
2010-10-25,45.31707000732422,45.61400218883432,45.282136025620005,45.282136025620005,51413900,43.82848720550537,41.530426025390625,40.49307270050049,40.5095485496521,73.04085068226283,0.6057162400978068,0.00900097885201543
2010-10-26,45.439334869384766,45.54413681278509,44.9066033173071,45.09000505251377,60498300,43.94463996887207,41.61077166470614,40.534902795155844,40.535772495269775,73.8394709378937,0.6013498250396572,0.008974786822567358
2010-10-27,45.57907485961914,45.614008846422145,45.11621119468859,45.203542830207745,57483400,44.071272659301755,41.700153558904475,40.58628749847412,40.56520948410034,74.75977448845532,0.603221176371413,0.008918015424395869
2010-10-28,45.67514419555664,45.80614498760288,45.273413319464694,45.77121099885875,61220000,44.21231575012207,41.811401020396836,40.62140343983968,40.59265588760376,75.40048217306887,0.5919928827306106,0.008751947100441783
2010-10-29,45.570350646972656,45.841084092723776,45.56161548306741,45.67514929341323,46668700,44.350737953186034,41.92644611705433,40.65600773493449,40.61940496444702,73.21717856268026,0.5870025503933617,0.008783869250827192
2010-11-01,45.60527801513672,46.06814169021328,45.395677421212596,45.73627547128693,60555600,44.51405048370361,42.04719536521218,40.684393628438315,40.64866958618164,73.49267871940576,0.5757740086160307,0.00817364293497397
2010-11-02,46.0943489074707,46.225349718960445,45.919685600803085,45.98081842443456,48137500,44.65028972625733,42.175569638338956,40.72242441177368,40.677171535491944,77.05223990649561,0.5801416784430639,0.006824436121656047
2010-11-03,46.30392837524414,46.321395364225005,45.72753106482565,46.13799697715719,126225800,44.8157844543457,42.2987248507413,40.76885566711426,40.70962593078613,78.39136037369418,0.59324155935565,0.006243711114732538
2010-11-04,46.87158966064453,47.03752438715748,46.72312525427762,46.810456866083165,84201000,45.001803398132324,42.42934965653853,40.818932406107585,40.74678272247314,81.53451219186651,0.5782690893350976,0.006527990104363665
2010-11-05,46.87158966064453,46.993858581254706,46.7318570828632,46.897791809376145,77937100,45.172975730896,42.57090523459694,40.87371072769165,40.78970506668091,81.53451219186651,0.5707834683453841,0.006558494210498109
2010-11-08,46.93273162841797,47.01133142142126,46.67946525857537,46.792999033244094,39623500,45.34633102416992,42.712621654163705,40.93167460759481,40.832282886505126,81.86404440705536,0.539593119096061,0.006536822052489789
2010-11-09,46.67945861816406,47.19472311422246,46.46985808947616,47.11612333240042,66828700,45.49217643737793,42.85670339410955,40.999896081288654,40.8734209060669,75.82737621606822,0.5445836368079061,0.006810853011830198
2010-11-10,46.915279388427734,46.958945213494765,46.37381249683209,46.740612756670714,83553700,45.631909942626955,43.01822142167525,41.06653849283854,40.91422071456909,77.49165292935129,0.528988724536255,0.0067270929231405315
2010-11-11,46.61833953857422,46.7056711745172,45.98954109902201,46.20787352036782,85163600,45.76116313934326,43.16768729469993,41.13200829823812,40.95852117538452,70.8746157417103,0.5651701801367415,0.006965930141241233
2010-11-12,45.858551025390625,46.60961526329408,45.50922106853286,46.373815793383294,99164300,45.80570297241211,43.31173470237038,41.1908571879069,41.002317390441895,57.374525294046414,0.6075892765169039,0.006816745264419502
2010-11-15,45.68388366699219,46.18168139333417,45.66641667097279,46.09434641323717,56723400,45.84980659484863,43.44421046863903,41.25186703999837,41.0432027053833,54.79073763087212,0.5988557927228609,0.0068210919373997494
2010-11-16,44.932823181152344,45.63148642179103,44.408823252056486,45.360752958517054,101097000,45.87731704711914,43.570317771218036,41.29453916549683,41.07864206314087,45.336373273106226,0.6543745615230142,0.007533712261144305
2010-11-17,45.06381607055664,45.29961551488667,44.845483621897955,44.959017428017326,77836200,45.895220565795896,43.701182902943,41.34025576909383,41.11369596481323,47.05241879600912,0.6487602918694806,0.007393222792054173
2010-11-18,45.78867721557617,46.1030764459567,45.526678967421894,45.55287779279078,71488300,45.94500102996826,43.824632956764916,41.395050621032716,41.15787982940674,55.39670331280707,0.7030311322797448,0.008180385752637036
2010-11-19,45.8235969543457,45.92839555472138,45.53539663895331,45.727530182548236,54506100,45.98124332427979,43.940797632390804,41.44239753087361,41.200677452087405,55.75842488364987,0.6830693213345579,0.008069916270469213
2010-11-22,46.20785903930664,46.20785903930664,45.56159380880094,45.64019358911262,69918900,46.02578277587891,44.052067565917966,41.48976411819458,41.246740379333495,59.63748818064629,0.6849402875261273,0.008200547005190536
2010-11-23,45.47427749633789,45.806143717226206,45.21227925100014,45.736275741675634,76818300,46.027529907226565,44.154910278320315,41.542590045928954,41.28722799301148,50.529066914725966,0.7136342510194947,0.009010524946476679
2010-11-24,46.39126205444336,46.50479582213083,45.90219966715145,45.91966665691011,53444200,46.068139266967776,44.26571273803711,41.60898838043213,41.33269063949585,58.965699070843186,0.7348429877251803,0.010059114456780168
2010-11-26,46.085609436035156,46.400008666307585,45.99827446568811,46.094341267325625,23640300,46.0886625289917,44.36810628717596,41.67341833114624,41.37380727767945,55.56424056989566,0.7448238950271779,0.01019266480825328
2010-11-29,46.050662994384766,46.199130738080285,45.500464490198574,46.02446417610985,89269100,46.112678146362306,44.46717140891335,41.7402330716451,41.41435903549194,55.17236620061313,0.771023901101165,0.010176301054518982
2010-11-30,45.49174880981445,46.05941450485496,45.30835035381259,45.57034862402793,118862100,46.10700168609619,44.54577733820135,41.79334917068481,41.44968852996826,49.19635679196134,0.7728952672651701,0.010565035801324622
2010-12-01,46.45240783691406,46.68820726733356,46.14674375941949,46.164210754060406,81758800,46.12490463256836,44.63868158513849,41.85136063893636,41.488737659454344,57.681004795925226,0.8165613916120579,0.011350399703221431
2010-12-02,46.924007415771484,46.99387539540425,46.469875542624415,46.522276527348986,56844600,46.15590858459473,44.73540781194514,41.91337455113729,41.52893095016479,61.11434773115531,0.7891134822609486,0.011524806776263392
2010-12-03,47.046268463134766,47.10740127361063,46.723137417549744,46.723137417549744,38014200,46.16464252471924,44.83134703202681,41.96758324305217,41.56982215881348,61.975625625925815,0.7373381526909145,0.011214415172078687
2010-12-06,47.028785705566406,47.11612064231975,46.88032131031652,47.054987852336005,39312000,46.17250232696533,44.924396168101914,42.02027206420898,41.6110161781311,61.76495569459635,0.7173763390939035,0.011215151379174906
2010-12-07,47.054996490478516,47.61392686235701,47.00259551880698,47.59645987179984,59067300,46.17861557006836,45.00458346280185,42.072094376881914,41.65485555648804,61.97365499486974,0.669967119709213,0.011212617799164555
2010-12-08,47.229679107666016,47.290811929638,46.88907767333634,47.17727811819477,48066900,46.206126594543456,45.088105635209516,42.12508983612061,41.6976176071167,63.407193813144204,0.6662244313744233,0.01115863547573243
2010-12-09,47.27332305908203,47.54405305069035,47.116123494895795,47.51785423382177,51679800,46.224028778076175,45.17448570945046,42.18134752909342,41.74064119338989,63.77464242522393,0.6225579442597444,0.011110909491371876
2010-12-10,47.587745666503906,47.64014332609324,47.2384123889595,47.413079027731705,44696200,46.272499084472656,45.266899941184306,42.24283405939738,41.78454332351684,66.39286616280074,0.6231816600715777,0.011073813061079796
2010-12-13,47.421810150146484,47.80607741598701,47.395611320744266,47.77114342245806,53110200,46.350662040710446,45.34057714288885,42.30431474049886,41.82479789733887,63.77321967901716,0.6063388646956527,0.010362920087219302
2010-12-14,47.50912857055664,47.70125880500432,47.360660815564344,47.54405922041851,69884800,46.441924285888675,45.420129325173114,42.371595573425296,41.8648822593689,64.56553553484514,0.559554450490901,0.0102807144129498
2010-12-15,47.29953384399414,47.77113265587992,47.186000056357585,47.48293227145364,76951900,46.56025981903076,45.49618849320845,42.43706436157227,41.90370191574097,61.11056707170131,0.5277411843287148,0.009463880333492975
2010-12-16,47.666343688964844,47.736208342944366,47.21221177788676,47.343209253406705,65519400,46.69038619995117,45.580187086625536,42.506751759847006,41.94370527267456,64.67336295187803,0.5364742103600102,0.009533654443687884
2010-12-17,47.708343505859375,47.84835318335627,47.61208622668763,47.72584513280824,36844200,46.786369514465335,45.668442743474785,42.58942270278931,41.98092750549316,65.06797845869866,0.5034456895590763,0.00901518413797089
2010-12-20,47.743343353271484,47.918352934085156,47.393317515456566,47.795844892278076,48159600,46.882356834411624,45.758287048339845,42.67717752456665,42.017934551239016,65.41468894274686,0.48730078010094907,0.009015411939500105
2010-12-21,48.0321044921875,48.0321044921875,47.795837588481014,47.92709809212682,35775400,46.97356910705567,45.86179754083807,42.768209838867186,42.05525827407837,68.21746896485405,0.4224652573435854,0.008944407402733062
2010-12-22,48.023380279541016,48.09338346989032,47.944624604088666,48.01462779443797,35766500,47.10102424621582,45.94641238125888,42.860040918986,42.09089107513428,68.03806935725997,0.3944146364372614,0.0079263460972058
2010-12-23,47.90085220336914,48.01460775747734,47.787093311167325,47.93585211489049,21664800,47.17650375366211,46.035627261075106,42.94990708033244,42.12513095855713,65.43532100954283,0.38384485874531904,0.0068564621333358
2010-12-27,47.92710494995117,48.00586059578904,47.43706944939403,47.76084451455734,29263700,47.26857852935791,46.12246170043945,43.03011725743612,42.15945871353149,65.73774756527624,0.4076299883447315,0.006586933977002837
2010-12-28,47.8395881652832,48.05835343767925,47.73458176919918,48.02335353104667,24160500,47.358024787902835,46.2023061578924,43.10785566965739,42.19386909484863,63.73571316410097,0.3870900115540198,0.006614577345695106
2010-12-29,47.944610595703125,48.04086787514224,47.89210571471069,47.97086136715233,24132700,47.48066787719726,46.283742245760834,43.183419640858965,42.227504100799564,65.10895214608476,0.3727718296652611,0.005727481219661976
2010-12-30,47.83086013793945,47.95336821046716,47.73460284149779,47.94461906447002,27553300,47.549590492248534,46.35771151455966,43.25709180831909,42.26000680923462,62.35477135455064,0.3578315306063194,0.0038362916411524193
2010-12-31,47.655826568603516,47.79583621067948,47.437061294229,47.76958544594436,38540100,47.586181449890134,46.42198819247159,43.32509419123332,42.29094068527222,58.27015921863596,0.3572649525046567,0.003410668872131913
2011-01-03,48.399627685546875,48.73214847980311,48.08460517469951,48.10210679620136,90994300,47.65384941101074,46.50137641213157,43.39762490590413,42.32684772491455,67.89466603779672,0.4048260822158599,0.004752332230244373
2011-01-04,48.36464309692383,48.609659216267204,48.05836960965035,48.574655959762644,43851500,47.720642280578616,46.56313802545721,43.469573656717934,42.36071378707886,67.11064485362658,0.41987548344277975,0.004759981589675038
2011-01-05,48.77591323852539,48.793411525175884,48.18962049292587,48.21587126099521,43787400,47.806688117980954,46.63539442582564,43.55409809748332,42.39520421981811,71.30557522430887,0.42120822863761426,0.005009943086698203
2011-01-06,48.93342971801758,48.96843297360961,48.72341686065374,48.82842328933566,46139600,47.891875648498534,46.718136527321555,43.63717610041301,42.43148025512696,72.73968930184188,0.4012810534874899,0.005001445946742819
2011-01-07,48.88965606689453,49.04716731049969,48.408373195031096,49.02091654926307,72261700,47.97269229888916,46.79420762495561,43.715968736012776,42.46784126281738,71.66772273716393,0.4300329934017724,0.00503435218403945
2011-01-10,49.07344436645508,49.160949170240485,48.63591367133944,48.784672505393495,55551800,48.04697723388672,46.87203265103427,43.800794474283855,42.504904174804686,73.4376906718106,0.43003299913551934,0.0049248302557176535
2011-01-11,49.14342498779297,49.318437853137006,48.95966298132347,49.27468547132419,56663800,48.13305797576904,46.94557217684659,43.877998701731364,42.541318855285645,74.10114211900591,0.4350339800567709,0.00478080072005593
2011-01-12,49.493473052978516,49.493473052978516,49.17845042082022,49.37971413845596,51979300,48.23227519989014,47.02150677767667,43.95601437886556,42.57878942489624,77.17253623962253,0.4494117800127633,0.004927105865613742
2011-01-13,49.510963439941406,49.64222061480974,49.36220130271175,49.52846172611571,47364500,48.3428466796875,47.09553638805043,44.03141679763794,42.61734563827515,77.31728219787442,0.4525355188502128,0.004708058228819905
2011-01-14,49.87849807739258,49.895999705359465,49.40596413656941,49.52847219424337,43867400,48.453454399108885,47.17370771928267,44.11002718607585,42.65773952484131,80.16366758434093,0.44691012044985917,0.004688362703110712
2011-01-18,50.018497467041016,50.07975148326924,49.432208072258405,49.502211231622006,65805600,48.56896209716797,47.2526777787642,44.192490641276045,42.69688056945801,81.1347875072139,0.47003667348777106,0.004677858687033523
2011-01-19,49.44970703125,50.10600293241808,49.283446604667766,50.10600293241808,67767200,48.654280281066896,47.32321153120561,44.272682921091715,42.73257011413574,66.82152339668419,0.5144135747657194,0.0055949815099082595
2011-01-20,49.099693298339844,49.30970615478538,48.72341664760624,49.23970298200159,92357800,48.70765972137451,47.38674635453658,44.349232292175294,42.76703018188476,59.82717068044766,0.5506653615281755,0.005831865425012769
2011-01-21,48.72340774536133,49.43220851707203,48.69715697762545,49.344700394463175,59673300,48.74266109466553,47.434547424316406,44.41640176773071,42.79913148880005,53.360666722771505,0.5750405540807557,0.006150742064814732
2011-01-24,49.39720916748047,49.40595831138524,48.72341159162323,48.81966886504481,64103300,48.81747894287109,47.490788893266156,44.49063835144043,42.83334335327149,61.405170680763426,0.5469140294253501,0.006750508692037788
2011-01-25,49.46721267700195,49.484714303027026,49.04718366668179,49.15219008473837,55305100,48.89448432922363,47.53798203901811,44.56204573313395,42.867731704711915,62.13588450838466,0.538788388691663,0.006746442388298389
2011-01-26,49.729732513427734,49.860989698265854,49.39720830326906,49.53721796995264,60547700,48.98899154663086,47.58994827270508,44.636439387003584,42.90234769821167,64.82540180321348,0.5287877003164329,0.006744097619209092
2011-01-27,50.0359992980957,50.184758098666315,49.80848151851371,49.88723715943155,53656100,49.093560981750485,47.64637132124467,44.713893540700276,42.93593463897705,67.70726774509694,0.5437883769080553,0.006809261113297496
2011-01-28,48.767147064208984,50.07098936775394,48.53963268260473,50.02723364913269,123359900,49.14037532806397,47.684329292990945,44.778450393676756,42.962222518920896,49.58260902498444,0.6075428461709562,0.009151454943064805
2011-01-31,49.00342559814453,49.143435252044064,48.46963774949836,48.837165177293045,70571300,49.20775527954102,47.72229558771307,44.8479533513387,42.99229568481445,52.15124799002128,0.618168703574146,0.009120610374574822
2011-02-01,49.9222412109375,50.03600010255747,49.3184501795889,49.370951715649205,76952900,49.28388595581055,47.782366527210584,44.93433424631755,43.027093143463134,60.565057775402565,0.6662972487598177,0.009400376197573878
2011-02-02,49.84349060058594,50.027252671535436,49.73848417977106,49.8172398299057,48661000,49.357828330993655,47.85481997403232,45.022672748565675,43.06041189193726,59.59775546741482,0.661920136372591,0.009413386632373677
2011-02-03,49.930999755859375,50.00100292513868,49.353459422405635,49.74723434305146,45341900,49.41558265686035,47.93204026655717,45.114063835144044,43.092953033447266,60.355473409103695,0.6881718642750952,0.00927086723004331
2011-02-04,50.21101379394531,50.24601370583295,49.79098480845078,49.92224198874014,47647800,49.47946186065674,48.02800736860795,45.2072075843811,43.125679149627686,62.76204558027124,0.6856713877459606,0.009313270010225569
2011-02-07,50.4472770690918,50.72729637246641,50.22851177969954,50.30726741740449,45627100,49.5573429107666,48.12588847767223,45.29818162918091,43.158675289154054,64.7086810932659,0.6762956139966937,0.00932701112518391
2011-02-08,50.779815673828125,50.81481893352124,50.36853905576503,50.46479301277923,38099900,49.64266147613525,48.21663644964045,45.390619881947835,43.19381153106689,67.29975812574482,0.6494187247114007,0.009382689634797587
2011-02-09,50.69230651855469,50.858566980707245,50.534795201528354,50.70105566368091,62540800,49.72010555267334,48.305158441716976,45.487338829040525,43.233153648376465,65.92799721516818,0.6206673958210531,0.00941482970834901
2011-02-10,50.77103805541992,50.84104119745363,50.307256807906896,50.359758329909006,70194700,49.78398380279541,48.38812533291903,45.58427807490031,43.2727592086792,66.58785329148611,0.6062911708282067,0.009324653157404517
2011-02-11,51.13857650756836,51.17357975751938,50.5522870923102,50.622290254118596,47853500,49.865364456176756,48.49111258766868,45.68747485478719,43.31047033309937,69.5523070810635,0.6019156064842969,0.009413910121608136
2011-02-14,51.261085510253906,51.33108866882286,51.08607260669131,51.138574141094644,48506100,49.93449382781982,48.57965483231978,45.79771900177002,43.35309030532837,70.49209233604803,0.5881645654690334,0.009318579798944673
2011-02-15,51.191078186035156,51.25233220057781,50.954811270759166,51.13857331438712,39723800,49.99312286376953,48.672481536865234,45.90433034896851,43.39236577987671,69.17806974049014,0.5769140543617439,0.009332346738613887
2011-02-16,51.52361297607422,51.66362265788037,51.30484763962124,51.32234926710877,53061700,50.096818161010745,48.7719897183505,46.01756092707316,43.43981351852417,71.86122560945499,0.5781654034050747,0.008911170921502343
2011-02-17,51.5060920715332,51.602349317641625,51.23482195414518,51.26982519601968,38361900,50.21713809967041,48.88134141401811,46.126797389984134,43.488258590698244,71.50800596004717,0.4950347375727345,0.00867025476448216
2011-02-18,51.3923454284668,51.6023615915745,51.19983089045921,51.50610432257071,44334300,50.350584983825684,48.97115846113725,46.2384259223938,43.54312170028687,69.13227195874266,0.475658537470562,0.008418102868612557
2011-02-22,49.90475845336914,50.86732814820774,49.82600278141048,50.69231517295574,92598100,50.37596244812012,49.025353934548114,46.33874696095784,43.595580940246585,47.095394838915965,0.5137848333736602,0.010595099366948716
2011-02-23,49.493473052978516,50.079762577644246,49.11719639102214,49.90474963332361,97842900,50.377275466918945,49.069848563454364,46.42620153427124,43.63574214935303,43.01300379742672,0.5619132401492125,0.010772850220362664
2011-02-24,49.7559700012207,49.90472877194723,49.12592500027807,49.598458750985046,98716100,50.378587341308595,49.11943373246626,46.512213452657065,43.67743282318115,46.21738185094419,0.571288973644649,0.010772766565881105
2011-02-25,50.4472770690918,50.50853108307415,49.9834923856767,50.03599725684446,54094600,50.3991512298584,49.18111156116832,46.59854065577189,43.71867435455322,53.61478045571546,0.5925412725354546,0.011135172773480513
2011-02-28,50.55229187011719,50.797307966744036,50.254770893601474,50.64854914753315,51402800,50.48840847015381,49.2415227023038,46.68799368540446,43.763782539367675,54.635525236827725,0.5944165935798448,0.009329455013068285
2011-03-01,49.73847579956055,50.77104822153277,49.6159677729017,50.77104822153277,91993900,50.52516098022461,49.28634366122159,46.766671593983965,43.8088140296936,46.158397856829545,0.6450452057851922,0.010116686597000478
2011-03-02,50.001007080078125,50.32477885834914,49.69473693010476,49.71223855840242,61552900,50.52909927368164,49.33022114146839,46.846230284372965,43.85450716018677,48.912185154331134,0.6669216450041558,0.00927136462100476
2011-03-03,50.98979568481445,51.07730043381344,50.46475717654389,50.46475717654389,64146600,50.58641452789307,49.395093605735084,46.93279457092285,43.90796518325806,57.68960005598769,0.7056722853033405,0.01024401560314349
2011-03-04,50.727298736572266,50.98106394714282,50.39477454653286,50.97231480392048,62328400,50.626229476928714,49.453605790571736,47.012451871236166,43.96171634674072,54.9885830497629,0.7037957476656561,0.010339738017636846
2011-03-07,50.04473876953125,50.98105379832631,49.58970663640114,50.93730141473729,98470000,50.61791572570801,49.50351860739968,47.08496907552083,44.01947563171387,48.61477074861853,0.7856765405080576,0.010747940397848424
2011-03-08,50.246002197265625,50.47351993193869,49.67721453676873,49.98348455872146,62399100,50.6078519821167,49.55042148936879,47.15698521931966,44.07611469268799,50.43898428873918,0.8206787659134304,0.010732892248900465
2011-03-09,49.90475845336914,50.11477469129052,49.63349151291865,50.06226979728646,84764200,50.56409912109375,49.590356306596235,47.22477811177571,44.13182867050171,47.36846915300858,0.830676352520699,0.010707952594542023
2011-03-10,49.12593078613281,49.45845494669288,48.92466712892608,49.3446960663262,102894400,50.48578033447266,49.615494259920986,47.28490184148153,44.18347490310669,41.203383102166875,0.8744309211597431,0.011208298449667576
2011-03-11,49.432220458984375,49.58097929621648,48.84592757919497,48.84592757919497,81679400,50.41883945465088,49.640950913862746,47.341464551289874,44.23882249832153,44.27505690087903,0.8981824222959018,0.0113238888003111
2011-03-14,49.257198333740234,49.51971603989621,48.88092173094896,49.1609410625945,73565800,50.324770545959474,49.66338396939364,47.39664154052734,44.28604764938355,42.895991851721135,0.8319289695738254,0.011152605794226849
2011-03-15,48.55716323852539,48.845931792570596,47.66460012385854,47.813358973922355,101276500,50.18957443237305,49.67531689730558,47.44693107604981,44.33094434738159,37.821671457465754,0.8769312569495104,0.011437377858341143
2011-03-16,47.38456726074219,48.42588892978285,47.05204305642329,48.15461874493142,176507700,49.9992488861084,49.665452575683595,47.48759444554647,44.37180070877075,31.170246721340902,0.9288110005518639,0.012397693761476794
2011-03-17,47.822086334228516,48.3383724723159,47.367054200821585,48.13710549911679,94434500,49.81417255401611,49.66513436057351,47.52469879786174,44.41020130157471,35.71310987555934,0.9444365140976403,0.012531529239633585
2011-03-18,47.71430206298828,48.389050160611475,47.67924943232667,48.389050160611475,94887200,49.624583053588864,49.66094693270597,47.562869993845624,44.446153469085694,35.09852010219936,0.9563839180363719,0.012512251070752418
2011-03-21,48.6344108581543,48.87977258197603,47.758115167016385,48.44162473640707,57423000,49.486686325073244,49.67555694580078,47.60885442097982,44.4936496925354,43.963841595340874,0.9571260659189912,0.013532186687940876
2011-03-22,48.54679870605469,48.73082005987338,48.441640781469246,48.70453225012896,36162100,49.41878833770752,49.69175643920899,47.65469090143839,44.54426637649536,43.35654009069423,0.9327787337875451,0.01203636674068354
2011-03-23,48.81843948364258,48.95864668157192,48.038536736235415,48.37153008486883,60365100,49.385036659240725,49.69937119917436,47.704392210642496,44.59658849716187,45.853955343116034,0.9216227760447728,0.012014605372738692
2011-03-24,49.68597412109375,49.79112868447927,48.914832856392266,49.18648576650842,69502400,49.381536865234374,49.723395399613814,47.761759440104164,44.654853897094725,52.9835859737269,0.9485990662272796,0.012644869185434865
2011-03-25,49.808658599853516,50.14165197456359,49.71226551695295,49.84371123778163,74131100,49.34960594177246,49.7421725880016,47.82400636672973,44.70830810546875,53.90788899907252,0.881765544194756,0.012235881155714197
2011-03-28,49.537010192871094,50.036498629137995,49.51072238342668,50.027737140257805,37824000,49.298841857910155,49.75314677845348,47.87540175120036,44.758537998199465,51.49396586403209,0.8624420335191384,0.01226605590666413
2011-03-29,50.01897048950195,50.01897048950195,49.27411698500743,49.42308902302774,47994800,49.312866592407225,49.773679767955436,47.93394289016724,44.81122116088867,55.31695169724737,0.8718950921011063,0.01194172192617868
2011-03-30,50.25557327270508,50.32567855586971,50.01897629903417,50.2643381045026,44935900,49.325594902038574,49.79517302079634,47.993145910898846,44.85979290008545,57.10431879470659,0.8237962879528702,0.011930440555215636
2011-03-31,50.32568359375,50.369497728711984,50.08032176371949,50.167950033643464,50004300,49.29238929748535,49.81666863181374,48.05045874913534,44.90789068222046,57.64497685173944,0.7919480199507974,0.011026724148439315
2011-04-01,50.35195541381836,50.737527701751894,50.20298673370089,50.5797941917433,68031800,49.27362213134766,49.83227740201083,48.107844829559326,44.95546886444092,57.85931702078744,0.784501352743923,0.010976342527353977
2011-04-04,50.185462951660156,50.54474411087128,49.96638899256061,50.49216515727819,48659100,49.2806583404541,49.844541029496625,48.16136910120646,45.0020450592041,55.92772717257611,0.712055417631707,0.010563659180001801
2011-04-05,50.05403137207031,50.378263329904456,49.94887677799657,50.089084017696315,55349400,49.27105979919433,49.84773254394531,48.21081428527832,45.049703216552736,54.38423486610065,0.635217301189263,0.010541340800972125
2011-04-06,50.17668914794922,50.5885491870982,49.887513311910475,50.439580526097004,49532100,49.28465633392334,49.850608756325464,48.262009398142496,45.099539852142335,55.61532647092799,0.6159114157387923,0.010436392969612815
2011-04-07,50.14165496826172,50.47464502004936,49.782373765056505,50.15918128827219,60697000,49.335442543029785,49.863189627907495,48.30512523651123,45.1500274848938,55.15743660543248,0.6146593105036529,0.0097484626149446
2011-04-08,49.90504455566406,50.44834699474512,49.64215649435407,50.369480242071816,42782200,49.35908374786377,49.87783237804066,48.347652180989584,45.20237556457519,52.041132292262,0.5889964520324605,0.009750662090619077
2011-04-11,49.738563537597656,50.20300272850701,49.56330699757596,50.097844793128914,42451700,49.38315200805664,49.89628975608132,48.39228509267171,45.2538519859314,49.90468275679038,0.6140333414986691,0.009746280533894477
2011-04-12,49.39680862426758,49.633408964756015,49.20402576160622,49.51072804957035,50422800,49.42513427734375,49.89628247347745,48.4313772837321,45.304316749572756,45.752333472354735,0.5864924722597357,0.009289342757934402
2011-04-13,49.817413330078125,49.94885903307588,49.42308290669104,49.764837723121495,49979800,49.546776580810544,49.90264975807884,48.473246828715006,45.36446466445923,51.140551752446825,0.5564468442577076,0.00731557777934079
2011-04-14,49.72979736328125,49.79990264692955,49.27412304797903,49.47567072426203,53544100,49.64216213226318,49.90265093716708,48.511838881174725,45.427049827575686,50.02586575358917,0.5627048748740832,0.007197557923677545
2011-04-15,49.64215850830078,49.834941311587535,49.31792665482164,49.537000605268155,68530000,49.73855495452881,49.89549019553444,48.547881285349526,45.489719486236574,48.87823862796994,0.5620790470922675,0.007183156412545165
2011-04-18,49.2916374206543,49.30916373731801,48.476682081208565,49.142668743217364,69065000,49.77141628265381,49.90502638383345,48.57998380661011,45.55115942001343,44.48281633480495,0.5921235415635314,0.00619586091855372
2011-04-19,49.598350524902344,49.598350524902344,49.16020254025549,49.42309400528667,38608400,49.823993873596194,49.9158432006836,48.61347777048747,45.613566608428954,48.8198194779501,0.6015121071548956,0.006285212554062269
2011-04-20,50.72000503540039,50.77258064731867,50.41329948039569,50.474639922835955,67397500,49.91907215118408,49.93034799749201,48.655518277486166,45.675657215118406,60.8613058962287,0.6647302612565978,0.007877626096507875
2011-04-21,51.12311553955078,51.23703497061244,50.96538197125137,51.21074381402627,43666800,49.990929222106935,49.95361390547319,48.70179131825765,45.73871789932251,64.12782834498532,0.6634794731966726,0.007107355986421751
2011-04-25,51.254539489746094,51.2808272923447,51.0705148431469,51.16690790974577,25376800,50.06322326660156,49.97767826427113,48.748868497212726,45.80060592651367,65.14907057607465,0.6371907111171821,0.007108158139846393
2011-04-26,51.54371643066406,51.727737738330106,51.27206354115487,51.385982926149445,49400000,50.16355857849121,50.00190922130238,48.79427989323934,45.86337350845337,67.3515292413205,0.6403201180226193,0.006972206298784117
2011-04-27,51.894256591796875,51.95559705194002,51.40352956784736,51.64012991817278,56465500,50.25732288360596,50.02821793989702,48.84086596171061,45.92536708831787,69.83974066464508,0.629679518658686,0.006830888263369671
2011-04-28,51.815372467041016,51.90300071140299,51.59629851333285,51.73650570999395,48100000,50.335312843322754,50.04704624522816,48.88206415176391,45.98596424102783,68.57321080463855,0.6021388717356351,0.00683582946136522
2011-04-29,51.771568298339844,51.955589652561436,51.68393669432678,51.71898933593201,44831200,50.407607078552246,50.0666691866788,48.922897307078046,46.046168117523194,67.83752341028642,0.5639576187244637,0.00685685285894346
2011-05-02,51.6751708984375,51.99939944925313,51.543725174775254,51.85042740624901,48149400,50.473767852783205,50.08310796564275,48.962417634328204,46.111379070281984,66.15547238858666,0.5508132289778084,0.006894260532053496
2011-05-03,51.42981719970703,51.701470195670126,51.1143534098586,51.64889122595987,38100000,50.53598556518555,50.088403250954364,49.00200395584106,46.173707809448246,61.94539408255057,0.554568872536386,0.006952462573171934
2011-05-04,51.35093688964844,51.58753717681263,50.921553783271676,51.456094801368174,53097200,50.60083084106445,50.090036912397906,49.038967768351235,46.23328979492187,60.60994007297405,0.5627069428744329,0.006924874302369197
2011-05-05,51.07052993774414,51.6751763186475,50.895273411549965,51.096821090916436,72200000,50.645522880554196,50.08784512606534,49.076069355010986,46.294170665740964,55.98902809608743,0.579607844660036,0.007080049747593653
2011-05-06,51.237030029296875,51.87672573112785,51.09682279797507,51.57878494671851,72507000,50.70029163360596,50.08263452703302,49.12089001337687,46.350961227416995,58.0349181865295,0.6002636401327369,0.007088141939153971
2011-05-09,51.42981719970703,51.63136490272312,51.1231149000748,51.32466260309089,40022000,50.776530265808105,50.08124771118164,49.16877279281616,46.40745235443115,60.33416841815768,0.5533188955296013,0.006974185870673418
2011-05-10,51.86796951293945,51.94683630258121,51.508688214083584,51.57879351278943,38053600,50.8830005645752,50.089895421808414,49.22656567891439,46.46447883605957,65.02440680589828,0.5589525468315532,0.007042427585212916
2011-05-11,51.49114227294922,51.973107660927106,51.14062594136927,51.78908299333403,61900000,50.98771724700928,50.1187387639826,49.28012673060099,46.5197082901001,58.60606582439219,0.5345419466273752,0.007069413321857787
2011-05-12,51.797847747802734,51.86794967689462,51.0354713013605,51.33341202130854,66100000,51.086738967895506,50.160636485706675,49.33020315170288,46.57808311462402,61.90223719362868,0.5570739780789512,0.006969711264418986
2011-05-13,51.1844367980957,51.762791883952026,51.16691048121483,51.67516364235079,63506600,51.15947093963623,50.186608609286225,49.37487681706747,46.634872131347656,52.839730310827925,0.5871186078925302,0.00759097983475201
2011-05-16,50.299373626708984,51.10556405189225,50.18545425174082,50.94783056126026,73115300,51.19233169555664,50.18391945578835,49.40897277196248,46.686800155639645,43.04721071284237,0.624674629161878,0.008658202267786708
2011-05-17,50.439598083496094,50.44835957250951,49.93134480781662,50.036499389997104,63136000,51.24972972869873,50.181870477849785,49.45035044352213,46.735682792663575,44.792884511215036,0.6221708634904657,0.008472034911247307
2011-05-18,50.86021041870117,50.94783866396516,50.30814311368886,50.36948355393431,42351100,51.31282272338867,50.20226565274325,49.48759167989095,46.78753974914551,49.76662763637446,0.6459561029337628,0.008551109263776993
2011-05-19,51.009185791015625,51.12310519903516,50.69371871822538,51.01795062237298,35015800,51.32728176116943,50.220596174760296,49.52862148284912,46.83809404373169,51.435504652457496,0.6572227831177005,0.006950718772376711
2011-05-20,50.62362289428711,51.009191950475795,50.55351760617783,50.956616327197956,44703300,51.30230712890625,50.2139384876598,49.56672948201497,46.88719968795776,47.07636889775579,0.6572227881048498,0.006918371713855585
2011-05-23,49.87877655029297,50.08032761170124,49.64217952530947,49.931355524069645,43700000,51.23351898193359,50.19851081154563,49.60328804651896,46.932886066436765,40.020147300017165,0.6853889726167149,0.007567851335550922
2011-05-24,49.57206726074219,50.01021528556247,49.563305771079605,50.001453795899884,39314800,51.1349365234375,50.1899167841131,49.629285208384196,46.975644779205325,37.52586885737313,0.6697408383982797,0.0074543781568010385
2011-05-25,49.76485061645508,50.0014509374688,49.48443616402487,49.51072397431397,41369000,51.02846622467041,50.18116857355291,49.652958901723224,47.021153678894045,40.0548611730879,0.6509631145658794,0.007301925658978865
2011-05-26,50.071556091308594,50.21176332651811,49.60712025145284,49.61588174117661,40564100,50.941275405883786,50.18420125787908,49.678169631958006,47.073728790283205,43.942766005716685,0.6365664918288481,0.007530754947955964
2011-05-27,50.32568359375,50.37826256138692,50.115371066006546,50.15918854377276,30127200,50.868981170654294,50.206014945290306,49.705643781026204,47.1291428565979,47.00948924477469,0.6221705252167057,0.007680307370316562
2011-05-31,51.1406364440918,51.1406364440918,50.535990048744885,50.79888152992391,47590100,50.84225444793701,50.23707705411044,49.73969078063965,47.19002569198609,55.43020575604193,0.6434515071786784,0.008624662530053345
2011-06-01,50.02773666381836,51.14063293801901,49.98392253422699,51.01795203804165,51795000,50.77215042114258,50.25108684193004,49.763007926940915,47.244995555877686,44.93004296770822,0.6666109493434621,0.009823116085244537
2011-06-02,50.13288116455078,50.30814099048538,49.852466780176684,50.124119677515466,50198100,50.7112476348877,50.27973625876687,49.786837577819824,47.29800800323486,45.97137363222532,0.6396963661130748,0.00985283717368572
2011-06-03,49.379276275634766,49.94010850101968,49.30917433671404,49.554536137142314,57773700,50.626684951782224,50.31600369540128,49.80176699956258,47.34646825790405,40.11624992172461,0.6534656204879917,0.010295576782941044
2011-06-06,48.976173400878906,49.53700219719634,48.94988559567756,49.26535262930694,50175600,50.513642120361325,50.3369870966131,49.81472002665202,47.39591896057129,37.374188151238734,0.6240466244282702,0.010326724093191781
2011-06-07,48.88856506347656,49.300421998162285,48.85351241373171,49.10763911017491,46311100,50.386579513549805,50.35833733298562,49.82621533075969,47.44467014312744,36.785683416689636,0.619039111552391,0.010232108246994491
2011-06-08,48.53801727294922,48.87101056796925,48.397810097593855,48.78337899412043,46426400,50.220081901550294,50.356584722345524,49.83653602600098,47.493585414886475,34.448287356337346,0.6084004983814201,0.0099416975724883
2011-06-09,48.62567901611328,48.862276055292504,48.39784012554874,48.555573713538095,45307500,50.07680873870849,50.35801890980114,49.844530487060545,47.54655487060547,35.55113695805932,0.6109040304481331,0.009956514287126308
2011-06-10,47.88080978393555,48.49421761251,47.83699565535245,48.39782452394496,53740600,49.88095684051514,50.34097109707919,49.84596770604451,47.59397033691406,30.808144756493206,0.6346903887669088,0.01010582240699234
2011-06-13,47.88080978393555,48.13493640964269,47.71431475819831,47.90709759252465,37736800,49.71577548980713,50.30814992731268,49.84711325963338,47.64369466781616,30.808144756493206,0.5946316946573903,0.009960331033312068
2011-06-14,48.494205474853516,48.60812485489956,48.22255259714462,48.248843741957025,40565300,49.62551708221436,50.284250779585406,49.8509641011556,47.69417711257935,38.62800847677514,0.6146606629774725,0.010006386588217285
2011-06-15,47.574100494384766,48.327715428482065,47.477707420097445,48.02977471832274,59022400,49.48224220275879,50.248561512340196,49.84722010294596,47.74206300735474,32.66450317007275,0.6503380402140537,0.01064644189745745
2011-06-16,47.390098571777344,47.7581413593583,46.98699979224942,47.600407781022284,66316200,49.308736610412595,50.200763841108845,49.8429638226827,47.7896823310852,31.61341214440985,0.66223078964574,0.010315008056539487
2011-06-17,47.24165344238281,47.953042609532204,47.10113183588299,47.777393114131954,70337000,49.12035999298096,50.14596529873935,49.8372517267863,47.83089597702026,30.75362901859289,0.701173954186518,0.010205361868295295
2011-06-20,47.48758316040039,47.62810481940756,47.10993057363725,47.10993057363725,37402900,48.96355800628662,50.094363472678445,49.83431835174561,47.871161193847655,33.958173910348165,0.6799754824314118,0.010354620306756114
2011-06-21,48.506343841552734,48.559040695942414,47.45243020585275,47.654429788897886,55892800,48.89493637084961,50.06080689863725,49.83899946212769,47.91325284957886,45.25938227780592,0.6763966667331874,0.011338610122895635
2011-06-22,48.155059814453125,48.585405895992224,48.14627532690314,48.30436259979924,36833300,48.82408599853515,50.02389047796076,49.841701126098634,47.95493850708008,42.55523867549315,0.6752149780746441,0.011365644672754346
2011-06-23,48.60296630859375,48.62931306781754,47.4787932443785,47.63688050032127,80743300,48.76599178314209,49.99750747680664,49.84959395726522,47.99646770477295,46.91077049525621,0.6985587634748082,0.01156065531048327
2011-06-24,47.75983428955078,48.41853004191562,47.66322504315596,48.374617661817936,56298300,48.650405693054196,49.953564661199394,49.84426234563192,48.03299705505371,40.661029262460914,0.7237462394690232,0.011969511255027737
2011-06-27,48.523929595947266,48.76984165121519,47.70714644060683,47.812536842821586,49968900,48.56031799316406,49.92415147261186,49.84558973312378,48.072606296539306,47.48878769674654,0.7677309270531504,0.01255814325168786
2011-06-28,49.244083404541016,49.252867888818486,48.55904104405958,48.62930016678376,47028800,48.46549034118652,49.9121339971369,49.84949115117391,48.112984600067136,52.98016916717794,0.7847440218380441,0.012459718367373165
2011-06-29,49.44609451293945,49.54270376071266,49.09479211684586,49.35826975149103,65407300,48.43640823364258,49.90681637850675,49.85376335779826,48.15350170135498,54.420087076609356,0.7835637157039754,0.011592406730692702
2011-06-30,50.10478591918945,50.13991716083489,49.59539631652904,49.62174307261331,50347200,48.435003471374515,49.91968869295987,49.86388943990072,48.1960053062439,58.8456070053542,0.7767879504993047,0.011990627329965102
2011-07-01,50.86008834838867,50.930350828205555,49.9906085873017,50.13113354693546,53203900,48.509044075012206,49.93864642056552,49.87877813975016,48.24145769119263,63.25168162017494,0.813867992603553,0.011888203731910355
2011-07-05,51.11480712890625,51.16750066147537,50.789851393626705,50.912807436689185,43128800,48.61597576141357,49.96382841630415,49.89520632425944,48.28747631072998,64.62708859417893,0.7888918638096,0.011685145145819706
2011-07-06,51.28166961669922,51.36949774462699,50.8864514167755,51.053323184688026,49282700,48.73563098907471,49.99363770918413,49.910107962290446,48.33066118240357,65.537061553226,0.7507881690307013,0.011648839183387459
2011-07-07,51.984275817871094,52.13358195425058,51.589060983990926,51.66810462082703,54799800,48.907943916320804,50.0425947709517,49.93071889877319,48.377402763366696,69.13728723163022,0.7565575097765931,0.011675843500012998
2011-07-08,51.843746185302734,51.85253067154306,51.26409405453609,51.53635617288855,69519500,49.068847274780275,50.08342014659535,49.94709596633911,48.42400939941406,67.61580714351011,0.7471482947541495,0.01175356460374201
2011-07-11,50.90400695800781,51.562702710622716,50.72835408725054,51.29922507963673,52080800,49.22000713348389,50.086765636097304,49.954475212097165,48.46600461959839,58.36590220109841,0.7898067127742843,0.012001508021188174
2011-07-12,50.517581939697266,51.0006249039507,50.464885064391275,50.895234503639145,84000700,49.35184574127197,50.07575593428178,49.96337416966756,48.50174470901489,55.03204315804162,0.7490302377364101,0.012223840169674269
2011-07-13,50.72835159301758,51.237744558137656,50.5439175954257,50.88643883389624,82378100,49.46355304718018,50.06618888161399,49.97694632212321,48.53971767425537,56.49182001933885,0.7691039555472174,0.01200039127337935
2011-07-14,50.1399040222168,51.097208329256304,49.94668559409729,50.860077535736565,98774200,49.59184322357178,50.040665019642226,49.98875045776367,48.574835796356204,51.46830650319172,0.7691041635272156,0.011410447515331884
2011-07-15,50.8073844909668,50.8073844909668,50.33312621871888,50.70199413605604,68281500,49.76270751953125,50.02090370871804,50.00050191879272,48.61364061355591,56.223601944058785,0.7496569637638021,0.01153663140254284
2011-07-18,50.53511428833008,50.75467943207468,50.043287160234804,50.526329806413294,59512200,49.92738056182861,49.997626287286934,50.009401098887125,48.65204477310181,53.903458046677464,0.7283285437726329,0.011614990404543604
2011-07-19,51.68566131591797,51.72957704854204,51.01818439381228,51.01818439381228,73904600,50.137284469604495,49.99606434215199,50.02570050557454,48.69646354675293,61.1915168489686,0.7615802914398289,0.012393291106350176
2011-07-20,51.46609115600586,51.98426525883549,51.37826639971597,51.97548412332638,57085500,50.28527183532715,49.992262892289595,50.037617937723795,48.742098865509035,59.265761912307106,0.7728722353864518,0.011843246637299517
2011-07-21,51.8086051940918,52.09842951105797,51.23773434358104,51.518777526826604,70148800,50.467949104309085,49.999149946732956,50.06296342213948,48.78429407119751,61.31119312483176,0.7847917010708443,0.011614174593818439
2011-07-22,52.34435272216797,52.43218082976776,51.747134991688355,51.782266234728276,43620400,50.655018424987794,50.01721205277877,50.090804481506346,48.831045665740966,64.32845935129647,0.7665991008690979,0.011642725013333953
2011-07-25,52.23896408081055,52.52879182007988,51.834964823313754,51.93157406973687,48916100,50.87897491455078,50.03845630992543,50.11011050542196,48.87648443222046,63.282937205494385,0.7891832243632021,0.010639980127185282
2011-07-26,52.370697021484375,52.54634986690363,52.09843494356956,52.20382531070136,40918900,51.071313285827635,50.059068437056105,50.13117055892944,48.92109720230103,64.06904855721808,0.7866738383262438,0.010297735452428177
2011-07-27,51.0181999206543,52.07211416867923,50.8864593832883,52.028201772990904,83969500,51.160019111633304,50.05158448652788,50.14023056030273,48.958860073089596,51.8054431550442,0.8318399312294379,0.011906997238162988
2011-07-28,51.10599899291992,51.755913513060925,50.842521401084134,51.04452099983488,61031900,51.243014335632324,50.03773047707298,50.14768877029419,48.99557731628418,52.44184749996487,0.8456406704181367,0.011895071799915122
2011-07-29,50.93913650512695,51.47487623545297,50.4473091534523,50.6932245044395,82860500,51.2847318649292,50.02769400856712,50.15178759892782,49.02966995239258,51.06182877100918,0.8393674549858845,0.011618617430034733
2011-08-01,50.701995849609375,51.65930026067475,50.08721261630425,51.55390990220215,85421100,51.27682723999023,50.007769428599964,50.15113910039266,49.063013553619385,49.084918067803606,0.9133922981866753,0.011180235407006871
2011-08-02,49.41975402832031,50.69323333278792,49.36705715458154,50.464883563553556,90853300,51.192074584960935,49.97568428733132,50.140534496307374,49.085273551940915,40.05479267629386,0.9573048750857787,0.012434504125664849
2011-08-03,49.894012451171875,49.955490457873346,48.61174874638381,49.48122867734763,103612300,51.12269172668457,49.968314084139735,50.133225949605304,49.11073455810547,44.14756530550098,0.9711062305379586,0.01264402406759904
2011-08-04,47.57539749145508,49.261660379470904,47.57539749145508,49.18261675424673,132830000,50.90224781036377,49.91623770973899,50.103532791137695,49.12669847488403,32.4741248544734,1.0890444084641584,0.01568198081610976
2011-08-05,47.276798248291016,48.33070892432376,45.95062206547929,48.058450118145444,214111800,50.67390041351318,49.85108476118608,50.070330397288004,49.139553737640384,31.32535541369616,1.2044722319007641,0.01568314953861794
2011-08-08,44.43122863769531,46.653228121328034,44.43122863769531,45.827663903568485,204804500,50.350261497497556,49.73148554021662,50.0139983177185,49.13774454116821,22.981891628032457,1.3224084354996026,0.019870616236945266
2011-08-09,46.57418441772461,46.618100152358316,43.85157638544332,45.098705522076635,193707100,50.15309162139893,49.6578593860973,49.97275307973226,49.14512170791626,36.663395398206,1.4767316431992792,0.023339517220120055
2011-08-10,44.66835403442383,46.58296324122995,44.61565716945035,45.5202682581797,205917900,49.850091743469235,49.56312443126332,49.915771929423016,49.14187812805176,31.332588175935427,1.5557752792208979,0.024669593406339098
2011-08-11,46.635658264160156,47.15383239377526,45.089920361577725,45.30948561395193,143825300,49.674879455566405,49.509735176780005,49.87613286972046,49.147859745025634,40.88721403637152,1.6843776021688999,0.027034728570063043
2011-08-12,47.0484504699707,47.33827826335925,46.44245147056802,46.925494442581794,90483300,49.4869327545166,49.46034608320756,49.85233030319214,49.15520662307739,42.68917071613398,1.698806159027836,0.02690885914198371
2011-08-15,47.74225616455078,47.74225616455078,47.01329811469172,47.24164779187847,73554300,49.347289848327634,49.41799517544833,49.83773682912191,49.165542182922366,45.686024570593844,1.718880668065335,0.027209217593086532
2011-08-16,47.338253021240234,47.7334676555932,46.70590424579758,47.27677504032761,89219200,49.12991943359375,49.36367825594815,49.81758918762207,49.1743816947937,44.235479658705344,1.6868888309622723,0.02657247830922272
2011-08-17,47.05722427368164,47.794960270515446,46.56539692549272,47.39974551515439,84416600,48.909476089477536,49.28943439830433,49.78933874766032,49.18164142608643,43.20779331614136,1.7094724904655532,0.026575838040464612
2011-08-18,44.74739456176758,45.79252385087333,44.33461085710838,45.78374271580165,130019400,48.55641555786133,49.19342817826705,49.740964603424075,49.17490665435791,35.83810978662423,1.83054722864931,0.028255012810868483
2011-08-19,43.93940353393555,45.37975126000806,43.90427563474624,44.28192484070885,96674600,48.13616809844971,49.08081949407404,49.69263900121053,49.16308403015137,33.67440530429245,1.823646370141547,0.028054936152731035
2011-08-22,44.09748077392578,45.00209181582872,43.96574364376099,44.993307330304646,77107700,47.72909393310547,48.98478684858842,49.64344294865926,49.14921348571777,34.507495337165835,1.8041999120604995,0.0281493948158656
2011-08-23,45.91547393798828,45.91547393798828,44.211649177769196,44.39608314324825,75688400,47.40633277893066,48.929137767444956,49.60115693410238,49.144432907104495,43.32437105188327,1.8380750158157113,0.0301726547318338
2011-08-24,46.275569915771484,46.363398024113955,45.414874555813874,45.78374591025272,80197700,47.16920127868652,48.88162876475941,49.56405919392903,49.14114709854126,44.90647278007969,1.7402113378573745,0.029953853910943084
2011-08-25,45.520267486572266,46.46000645238812,45.362180244631304,46.24922234636694,93623700,46.88991470336914,48.82676058682529,49.526355266571045,49.1353511428833,42.24281629666061,1.6486212913511136,0.03003021591153223
2011-08-26,46.66200637817383,46.820093621150114,44.92305005573439,45.37096167730073,91573300,46.67605819702148,48.791057447953655,49.49648863474528,49.13408477783203,47.328779887445634,1.5808694309811149,0.030792569526375085
2011-08-29,47.961830139160156,48.01452365100553,47.109915961130966,47.12748158184595,45985800,46.53904991149902,48.79253054532138,49.480297565460205,49.140802230834964,52.461153230595556,1.4798689671180227,0.03159942889876815
2011-08-30,48.27800369262695,48.567828053159495,47.522698767755,47.78617637286627,61617900,46.48196239471436,48.79975225275213,49.47323150634766,49.152899494171145,53.644393340064426,1.4139991966626582,0.031179844312897984
2011-08-31,48.35704803466797,48.95426573537303,47.95304546045015,48.56782878179942,60900400,46.40511417388916,48.797258481112394,49.46427173614502,49.16626531600952,53.95296486368559,1.3079807620606185,0.03109214170903726
2011-09-01,47.91792678833008,48.866447033505345,47.83009866821186,48.48001335588582,57158400,46.42224063873291,48.803509868275036,49.45311113993327,49.18119083404541,51.886599424847546,1.318018017239351,0.029292570945383234
2011-09-02,46.793758392333984,47.961847464586704,46.5390651757119,47.0572394479374,58185700,46.39808864593506,48.792667319557886,49.43841609954834,49.1898405456543,46.93113382863338,1.3675768914547615,0.029758404219387854
2011-09-06,46.80252456665039,46.87278369709752,45.59052357616724,45.70469843223074,52992200,46.51665344238281,48.78468315818093,49.43356574376424,49.19490978240967,46.973662743379904,1.3851417630388383,0.02618917984756515
2011-09-07,47.988182067871094,47.99696655432528,47.33827078285861,47.470007926971974,48952200,46.58735332489014,48.79378495649858,49.43494987487793,49.2057327079773,52.51637338912782,1.3826330946568501,0.024553957516945515
2011-09-08,47.76861572265625,48.45365823728192,47.61052847308112,47.74226896449368,61422800,46.74236640930176,48.78037171797319,49.4354024887085,49.213536491394045,51.44397464695256,1.2483842623445318,0.022484857682828936
2011-09-09,46.70591735839844,47.636875166909405,46.416089638185724,47.43487220114317,63663500,46.745879364013675,48.75402367331765,49.41933170954386,49.219694690704344,46.49519038650812,1.2396021522880112,0.02104964716030232
2011-09-12,47.303131103515625,47.33826234246862,46.17017377452671,46.18773939400321,65973000,46.758613395690915,48.73039030595259,49.40896781285604,49.224254035949706,49.43883607285378,1.247130744148635,0.021152066897822345
2011-09-13,47.93548583984375,48.03209173327768,47.25043999805022,47.47878972874798,59020000,46.76827487945557,48.733583970503375,49.40160986582438,49.23350341796875,52.42353510913523,1.173106356374704,0.02110533717032707
2011-09-14,48.62052917480469,49.165050053123004,47.707136936767654,48.18139867770609,90757300,46.832388687133786,48.7353403264826,49.39273115793864,49.24635274887085,55.48897649256697,1.2094913312357944,0.02121464183080936
2011-09-15,49.34070587158203,49.428530636131946,48.6468788406177,49.147487369212215,83536100,46.94656276702881,48.73709709861062,49.38883155186971,49.26559753417969,58.51516460362306,1.1887895636336832,0.021336149294471012
2011-09-16,49.79296875,49.845763351469884,49.35302380729158,49.449812231729595,91902100,47.19884147644043,48.74340390292081,49.39096453984578,49.28230033874512,60.33877084824594,1.0893619860959782,0.01755097575737387
2011-09-19,49.81056594848633,50.07453223749865,48.7722956360595,49.17704416964597,73042900,47.49239959716797,48.738054448908024,49.38922783533732,49.29673313140869,60.41169072525179,1.0857705095679384,0.016713139458760604
2011-09-20,49.59059143066406,50.46168048403089,49.47620481276775,50.06573274514415,66570100,47.767055130004884,48.71497268676758,49.38368631998698,49.30945474624634,58.952554263888324,1.081509537129271,0.016879661266479478
2011-09-21,48.728309631347656,50.09213847380183,48.71950885161105,49.845770345401185,79938000,47.907696914672854,48.6715818231756,49.370374870300296,49.31795236587524,53.497832140517076,1.1080387762198352,0.01547557096877569
2011-09-22,47.14450454711914,47.91880527682106,46.41419428655481,47.48766108631877,151885500,47.95114364624023,48.59636064009233,49.3436461130778,49.31839990615845,45.221270378496286,1.1993078461840752,0.017340733079104675
2011-09-23,47.646026611328125,47.84840083110997,46.713342359865436,46.74853875196124,85940600,48.057431602478026,48.51748338179155,49.32248414357503,49.32048164367676,47.966446768965525,1.17875614492477,0.01696102325028031
2011-09-26,48.200355529785156,48.288346511571355,46.818929002612954,47.883594708380336,96261400,48.1343490600586,48.45123991532759,49.307036844889325,49.32511680603027,50.89559230540955,1.1921245297839218,0.016267808802301557
2011-09-27,48.701900482177734,49.44980884750515,48.376342186677704,49.018661356291624,81148600,48.171352577209475,48.41120161576705,49.29474693934123,49.330687580108645,53.448962826366504,1.1960539105014294,0.015228650747727196
2011-09-28,47.980377197265625,49.24742032674185,47.86599396980861,48.91306135018426,76757100,48.156471252441406,48.365070620450105,49.27673629124959,49.33348041534424,49.46414017044141,1.2345036671251748,0.015554620459531569
2011-09-29,47.40847396850586,48.77230279227465,46.60777420565988,48.71071076101835,116900200,48.1090425491333,48.30470920909535,49.255931536356606,49.33297714233399,46.50461108051425,1.2925038458497637,0.01576460628523853
2011-09-30,46.185428619384766,47.17090450180547,46.15902963635937,46.77495332156508,104870100,48.02241764068604,48.23280965631658,49.22632207870483,49.327406616210936,40.87253607209011,1.2983149718643767,0.016641578686008216
2011-10-03,44.997562408447266,46.502173113184995,44.97116678936829,45.77186634772402,99149500,47.9326078414917,48.127176527543504,49.189661693573,49.31406270980835,36.27721365232592,1.351840299620751,0.016803882222065344
2011-10-04,45.92144775390625,46.00943874838949,44.08247792562187,44.540021027395035,137013700,47.88855400085449,48.04329168146307,49.15719531377157,49.305128231048585,41.761611876349015,1.3853437072216275,0.017531825273145927
2011-10-05,47.10049819946289,47.23248300724713,45.45510527338831,45.80706252313756,108825700,47.844169807434085,47.9599250793457,49.135284487406416,49.30191400527954,47.92173918884267,1.4545848695453105,0.01755881983654716
2011-10-06,47.892398834228516,47.90119625476602,46.81893227695195,47.038904712032355,71939200,47.850358963012695,47.89494885531339,49.12070315678914,49.301215476989746,51.62294120454319,1.495813905111469,0.017962563951086898
2011-10-07,47.575653076171875,48.0947883218319,47.2676929120151,47.86601839367459,72525200,47.89384574890137,47.81798608953302,49.10640328725179,49.2989768409729,50.08953191232463,1.4618752485670155,0.017256819822159077
2011-10-10,49.221038818359375,49.221038818359375,48.29715511304357,48.38514611520107,48230200,47.98974113464355,47.761198564009234,49.103259023030596,49.305577774047855,57.201439624888195,1.5090116822044695,0.018666833039906627
2011-10-11,49.555397033691406,49.678581078011284,49.00986625605474,49.08905647833373,66449100,48.070736694335935,47.71240643587979,49.09355395634969,49.313719234466554,58.4956851456861,1.4587320536163095,0.01851624854272795
2011-10-12,49.8017578125,50.356089287088935,49.76656477394095,50.03053102395517,85627600,48.129798126220706,47.6656984502619,49.0825426419576,49.32353008270264,59.46826869181203,1.3506304042309298,0.018302083517094152
2011-10-13,50.25932312011719,50.320915160493016,49.65220014076352,49.70499475673471,63443700,48.175728988647464,47.651900690252134,49.07424917221069,49.33510364532471,61.282957051051255,1.3173201576941413,0.018126880952347723
2011-10-14,51.191986083984375,51.20078350464622,50.6024582042497,50.875225235949394,65643600,48.24567985534668,47.65346409190785,49.07131808598836,49.35190927505493,64.74755226656308,1.279608934520615,0.018465844878445995
2011-10-17,50.40008544921875,51.11279737830153,50.127321765993585,50.954416949616466,65161300,48.2751558303833,47.643663163618605,49.05886665980021,49.365630569458006,59.850353992934565,1.266409720254243,0.01885459862388323
2011-10-18,51.02480697631836,51.28877322430937,49.85455202299052,50.320892506325066,91434600,48.346866607666016,47.6495324568315,49.05227861404419,49.37875646591186,62.27450538668442,1.2701807805675007,0.018986090368442527
2011-10-19,50.03932571411133,50.90161720724779,49.87214788141061,50.743236794578564,67639400,48.4124174118042,47.66079739657315,49.03784325917562,49.387129878997804,56.48117466186175,1.1979043883027134,0.019092033455361257
2011-10-20,49.79296875,50.08333066680052,49.08905751296923,50.030539421844175,80378300,48.54484062194824,47.65896023837003,49.022158241271974,49.392215156555174,55.10117168026974,1.1796778755659136,0.017430387788032003
2011-10-21,50.417686462402344,50.73444733745728,49.9601433491578,50.32089804430074,60455800,48.683423614501955,47.71063821965998,49.0137238184611,49.3996364402771,57.90959801755329,1.1375687515402408,0.01748023887739282
2011-10-24,51.464759826660156,51.605542071198855,50.42648951449475,50.60246480278301,61449500,48.8466438293457,47.786782975630324,49.0146723429362,49.41251195907593,62.17963574812376,1.084775521970876,0.017834074656993566
2011-10-25,50.45289611816406,51.31518797321677,50.347310250906276,51.29758976925478,65299200,48.93419361114502,47.89626783891158,49.0095253944397,49.41940921783447,56.24168546031931,1.0376377963919516,0.018471246725428103
2011-10-26,50.391292572021484,50.84003492274964,49.458608114167404,50.734449079610094,98193800,49.05473937988281,47.965669805353336,49.00247758229573,49.425648555755615,55.89173677602699,1.059006570018249,0.01806837338391871
2011-10-27,51.7815055847168,52.08946898221937,51.059996325958224,51.59672956012288,104455500,49.27339096069336,48.094999833540484,49.00540831883748,49.43708871841431,61.685601717872984,1.1212266414740408,0.01854962913777627
2011-10-28,51.8607063293457,51.922298350061794,51.473556005342644,51.491154205049156,42950000,49.55715484619141,48.190000707452946,49.00534779230754,49.448837432861325,61.99190882084831,1.0357521130834446,0.017147310849979946
2011-10-31,50.989601135253906,51.59672372880984,50.95440474697209,51.41194772509877,60520200,49.85675678253174,48.26165799227628,49.00116828282674,49.454392948150634,56.629456161645955,1.0527225959703783,0.016378815715046357
2011-11-01,49.66099166870117,50.9544310760468,49.379427129981785,49.73138448163805,99933000,50.04373397827148,48.29654409235174,48.98336114883423,49.452605419158935,49.58439307571792,1.1105427211042778,0.017534876129300717
2011-11-02,50.08333206176758,50.29450711701542,49.60819406135879,50.18012048890144,65003800,50.192875671386716,48.34645462036133,48.97418527603149,49.455773544311526,51.64381115520663,1.111799723670502,0.01682732215063705
2011-11-03,51.12159729003906,51.19199008689026,49.89855097511259,50.479278123081755,78994200,50.35433559417724,48.420352311567825,48.98103713989258,49.46588306427002,56.362974735984025,1.1369410613311186,0.017015768440236865
2011-11-04,50.85763168334961,51.07760414163098,50.347297325523776,50.875229882793725,61527800,50.51843452453613,48.531447531960225,48.98452075322469,49.47655418395996,54.896148858742585,1.1162007503685827,0.01697386622587773
2011-11-07,51.218379974365234,51.25357636885115,50.303293856808914,50.82242892768097,65559000,50.61830158233643,48.66379255814986,48.987505499521895,49.485660037994386,56.56000599892959,1.081633701134539,0.015358463363926725
2011-11-08,51.807926177978516,51.89591383883441,51.00722638073907,51.58795366932467,62906900,50.73092803955078,48.80398247458718,48.99416166941325,49.49736360549927,59.20833587947323,1.062778584219367,0.015470101843346868
2011-11-09,49.986541748046875,50.88402976481362,49.828161312351966,50.804839546966164,69539000,50.740167236328126,48.87800188931552,48.988852659861244,49.498647651672364,49.22383754698862,1.1331708493475996,0.017570330820123162
2011-11-10,49.96014404296875,50.5232730035475,49.476205302253476,50.47927918284854,66052400,50.7252082824707,48.94499414617365,48.98953072230021,49.49826837539673,49.09461850416978,1.140712928907367,0.017446487616978642
2011-11-11,50.901607513427734,51.05119047757854,50.3296813379414,50.39127333597051,54471000,50.71068935394287,49.042836692116474,49.000610224405925,49.50894067764282,53.757109519991644,1.1337979878940294,0.017462813368882012
2011-11-14,50.58485794067383,51.04239760933231,50.40007856145146,50.76083318715201,44617600,50.71992797851563,49.114161265980115,49.00744361877442,49.51684783935547,52.03044063580981,1.099860093045956,0.017155278857861875
2011-11-15,51.14799499511719,51.350369246261586,50.38248845270765,50.435283049033096,52203900,50.726087379455564,49.17209153608842,49.01641394297282,49.522976608276366,54.809531509173354,1.0703210919725064,0.01711077843145385
2011-11-16,50.30329513549805,51.174387460346246,50.20651008297092,50.77843640359706,68342800,50.7392858505249,49.2089150168679,49.016227372487386,49.52527563095093,50.11909521697192,1.0181568753423231,0.016952977224269444
2011-11-17,49.12425231933594,50.188918240567155,48.81628885552866,50.171320040648446,101706900,50.7058500289917,49.222864185680045,48.99942417144776,49.52124189376831,44.40670881923294,1.0923185850030543,0.01774597904499282
2011-11-18,48.74589157104492,49.18583642870232,48.65790058560571,49.13304183743879,60417000,50.62226028442383,49.237918090820315,48.988742129007974,49.51391628265381,42.72385657903632,1.0652924607689829,0.0175373331837701
2011-11-21,47.81320571899414,48.15636215983296,47.32046628600009,48.08597273026968,52283700,50.43968257904053,49.25645349675959,48.969411500295,49.50074592590332,38.81858618641088,1.0520961236098907,0.017131139988440073
2011-11-22,47.97160339355469,48.112385659853985,47.39967354867465,47.69003886095608,51940100,50.31561794281006,49.277709475430576,48.95768089294434,49.48670486450195,39.82458586966361,1.0539817704329408,0.016758974868719526
2011-11-23,46.88933563232422,47.66363636158196,46.86293665173756,47.61084511343614,48437300,50.140520095825195,49.25773044932972,48.94029057820638,49.467690010070804,35.526268022979764,1.0407837440071879,0.017349894085912754
2011-11-25,46.52859115600586,47.223701809873,46.51979037503094,46.68697164840963,25448100,49.87787437438965,49.2351845481179,48.92062412897746,49.44647777557373,34.20119976256471,1.035755991887672,0.015747426360618714
2011-11-28,48.14757537841797,48.20916740158737,47.63723763614175,47.6636332584962,46710700,49.69221782684326,49.26139651211825,48.91737044652303,49.43152276992798,44.250920117459,1.0879198299976203,0.01808124528362974
2011-11-29,47.848419189453125,48.481937707680714,47.70763692356766,48.12118294156709,52056700,49.535158729553224,49.27131084095348,48.910893281300865,49.41445943832397,42.94566503293218,1.0797493532845996,0.017826285155115827
2011-11-30,49.61698532104492,49.66097913977428,48.98346359049993,49.150644800789976,66918600,49.53295841217041,49.3018835587935,48.92536141077677,49.40658897399902,51.9661254123628,1.0678061450485,0.019066964460260002
2011-12-01,49.96014404296875,50.09212886157899,49.58179114323365,49.60819012086372,45362200,49.526799011230466,49.32624019276012,48.94268919626872,49.398771629333496,53.502263607956586,1.0294682891235938,0.019033517453178356
2011-12-02,49.819366455078125,50.45288827314571,49.775372630270915,50.45288827314571,36938900,49.46168746948242,49.33494311246005,48.95373220443726,49.39033800125122,52.75687137641042,0.9999303754282372,0.018404739803972694
2011-12-05,50.364898681640625,50.699254422494796,50.083330829400644,50.567272953161904,40492200,49.43705081939697,49.34534183848988,48.976988855997725,49.38520076751709,55.35271956539114,1.0168995839665098,0.018570774379273017
2011-12-06,50.22411346435547,50.549671763944744,50.05693224729916,50.408889524405055,38670000,49.38733749389648,49.35286088423295,49.00060564676921,49.38679754257202,54.52015287306579,0.982960921330199,0.018494403777334658
2011-12-07,50.22411346435547,50.45288334491495,49.58179093016021,50.083327868302426,44576200,49.30814685821533,49.364379466663706,49.02545948028565,49.39045074462891,54.52015287306579,0.9760477097144431,0.018268290339460893
2011-12-08,49.379425048828125,50.28571401636649,49.282636613376205,49.898560274558825,51692600,49.277791023254395,49.37621792879972,49.041224829355876,49.388568019866945,49.35460275811037,0.9414813613587931,0.016892914493714124
2011-12-09,50.171329498291016,50.320909191026715,49.485016354653716,49.50261120137574,55757900,49.28835029602051,49.43125110973011,49.055099709828696,49.38718828201294,53.776264187178555,0.9710205255803628,0.017291632653915125
2011-12-12,49.60819625854492,50.162524509659086,49.1858494858568,49.643389305550265,55411700,49.22367973327637,49.466926921497695,49.06720918019612,49.38246780395508,50.40609560781999,0.9395958632510332,0.01690195747063243
2011-12-13,49.062660217285156,50.13612698840799,48.86028593947758,49.93375271060041,68557700,49.147569847106936,49.48260518854315,49.07103996276855,49.379088726043705,47.31269844212864,0.9798193588046813,0.01701071166697906
2011-12-14,48.297149658203125,48.91307317768705,48.02438597360553,48.877876780799255,63682800,49.00502758026123,49.475246082652696,49.075517590840654,49.370569438934325,43.2973235718827,0.9747913232234312,0.01702531032842511
2011-12-15,48.165164947509766,48.763486871575566,48.09477215849442,48.71069563632698,58732900,48.89812107086182,49.478605859929864,49.07252788543701,49.356446285247806,42.62562220455367,0.97227727166908,0.016713938670247973
2011-12-16,48.41314697265625,49.075010986974924,48.33372315628143,48.42197034495813,60978900,48.86256580352783,49.49687264182351,49.0656034151713,49.344875526428225,44.371811648564645,0.9172251140893403,0.01599431598855884
2011-12-19,47.93661117553711,48.7131993433076,47.804237006498234,48.59847528790157,46733900,48.822101783752444,49.52871232466264,49.05302438735962,49.33433488845825,41.74267216126706,0.9268437964247914,0.01605135560824537
2011-12-20,49.357418060302734,49.4191917807154,48.68672714380047,48.71320399998824,81758800,48.89931240081787,49.60798242742365,49.0467963218689,49.329891967773435,51.05465320451678,0.9032738432003014,0.016793670383980427
2011-12-21,48.65142059326172,49.10148666186406,48.08663048112756,49.06618643825202,78552300,48.93330326080322,49.657618297230115,49.02839075724284,49.3236252784729,47.03178539774794,0.9575916904024326,0.017163820205845975
2011-12-22,49.06618881225586,49.09266566445324,48.68671980610287,48.75732025674285,40334100,49.04214591979981,49.69335812655362,49.01131893793742,49.32332656860351,49.54699665036581,0.9407152209964847,0.016319754616918994
2011-12-23,49.489784240722656,49.489784240722656,49.04854152830429,49.16326220971445,26594600,49.190205574035645,49.72240149758079,48.99638655980428,49.32361438751221,52.051187722038904,0.9093834170680343,0.01619634276967316
2011-12-27,49.67437744140625,49.83336060889043,49.400566545875854,49.45356318127606,21443500,49.26654567718506,49.760560122403234,48.977137406667076,49.32570028305054,53.142646441126416,0.9051015989515336,0.014397855636693605
2011-12-28,49.10026550292969,49.692046180954385,48.96777558160782,49.612552902032995,38180100,49.32913799285889,49.758364243940875,48.954275067647295,49.32841579437256,49.377965190857644,0.8946143264223784,0.014599834977884323
2011-12-29,49.45355224609375,49.48887995919066,49.020754909421214,49.17974141110847,28077900,49.32096633911133,49.75651252053001,48.94218794504801,49.338760719299316,51.64791216000699,0.8564034440494613,0.012083342035867351
2011-12-30,49.31224822998047,49.56839024239489,49.303413771652494,49.347575955216456,21832400,49.28857154846192,49.74761234630238,48.93214349746704,49.34621152877808,50.66925079557058,0.8080814675168762,0.011982041074896305
2012-01-03,50.25732421875,50.51346618585146,50.1248343221377,50.26615530615707,39514100,49.310469436645505,49.74757600264116,48.92821826934814,49.358926639556884,56.593476361692886,0.8234913206195031,0.012750061023232607
2012-01-04,50.469322204589844,50.539984406752694,49.957034716346215,50.17784904406623,29403400,49.31569061279297,49.73443665937944,48.93096342086792,49.36810119628906,57.81724276771787,0.7739990807249367,0.012547313145336456
2012-01-05,50.88444137573242,50.9286035562581,50.16900192152621,50.36331955906927,41260600,49.348707008361814,49.743243130770594,48.9316055615743,49.37978940963745,60.18437643671798,0.7540938943715274,0.012651420255517
2012-01-06,51.061092376708984,51.175913369751896,50.698957113158926,50.89327137719372,46325200,49.390555953979494,49.74390286532315,48.93598871231079,49.391002674102786,61.1826323591635,0.7403968617652293,0.012664700125994256
2012-01-09,50.893272399902344,51.2112454902596,50.725454766373076,51.193579944199925,39195500,49.4662483215332,49.759429168701175,48.92938547134399,49.39703916549683,59.65249910379839,0.7101071963667555,0.012012841778380832
2012-01-10,51.26425552368164,51.58222869712462,50.91095124888738,51.432073201061314,35949900,49.520894622802736,49.78617983731357,48.92770350774129,49.404317150115965,61.91973267967519,0.6943924792533919,0.011611264134978172
2012-01-11,51.37023162841797,51.485055992216836,51.06109299821913,51.2554072646191,37144100,49.60899639129639,49.80349884033203,48.924050394694014,49.4134832572937,62.566837487317365,0.6187769355976356,0.011240698441652316
2012-01-12,51.57338333129883,51.64404551905903,51.10525813014248,51.485058965957144,26188300,49.73453254699707,49.80547381314364,48.9176256497701,49.421255321502684,63.83552312451169,0.5664912077220191,0.01083422109996196
2012-01-13,51.38788604736328,51.40555158945788,50.9462576030713,51.29956170624794,35980400,49.889069366455075,49.822473630038175,48.910533332824706,49.426916885375974,61.776677324346814,0.579768397510305,0.010081734881862994
2012-01-17,51.85604476928711,52.07685913471861,51.661730418872075,51.83837921572941,41790800,50.07361335754395,49.849105488170274,48.906244564056394,49.43456869125366,64.85728867536719,0.5974634242915167,0.010065550159374917
2012-01-18,52.54497528076172,52.54497528076172,51.82953569535042,51.95319117124296,48692700,50.28020477294922,49.8629867553711,48.918967692057294,49.44553379058838,68.8375131567186,0.6176523901769967,0.010287210732423195
2012-01-19,52.87177276611328,52.96893159029204,52.686289575967606,52.783445030787774,47774500,50.52696285247803,49.88136978149414,48.93368247350057,49.458965339660644,70.54188824247188,0.596201369475836,0.009749974588627267
2012-01-20,52.79228591918945,52.818782558335144,52.6068027064516,52.6421304355262,41041700,50.698706245422365,49.91414586847479,48.949125385284425,49.47265661239624,69.54555709737456,0.5816902987538525,0.007914567844645901
2012-01-23,52.8099479675293,53.180914368412886,52.500805930767534,52.80111350882706,40958300,50.906632614135745,49.97139961936257,48.966691652933754,49.48582290649414,69.64813939629097,0.6113425821040634,0.006787948704145284
2012-01-24,52.71280288696289,52.85412393883037,52.4743229801816,52.57148183509542,38440200,51.08896331787109,50.019208179820666,48.99413372675578,49.49867864608765,68.28570379002126,0.5526699394453333,0.006830341444119799
2012-01-25,53.375221252441406,53.507711151358464,52.84526839548936,53.225065809044864,61591800,51.28323516845703,50.060183160955255,49.02314380009969,49.51602952957153,72.26920554735989,0.5678098375874114,0.007036031731408249
2012-01-26,53.18973922729492,53.70202655072649,52.933593880900055,53.60486773868994,37852700,51.45900325775146,50.102585116299714,49.06992998123169,49.53328540802002,69.63183048932359,0.5684406258084499,0.007222309159778539
2012-01-27,53.34873962402344,53.44589509194712,53.048432022130946,53.07492866162294,45532300,51.671426963806155,50.14131892811168,49.12052949269613,49.5530450630188,70.6215862085677,0.5627625410386788,0.0063057993115964795
2012-01-30,53.39289474487305,53.47238802218486,52.69512079617585,52.89826953389302,42797800,51.86839408874512,50.17013653841886,49.19521004358928,49.570922470092775,70.9051773576667,0.5835822911902849,0.006306120867799014
2012-01-31,53.46355056762695,53.75502702455423,53.11908084170083,53.657868205578474,51449600,52.07595920562744,50.23335488059304,49.25262142817179,49.5895912361145,71.38124280582669,0.5797958544496511,0.006138870513680612
2012-02-01,53.89635467529297,54.09067233722449,53.57838154462641,53.77269920655793,46146700,52.25791072845459,50.3049223466353,49.32952143351237,49.610862216949464,74.16937848251584,0.5943071955639248,0.0051205611097511206
2012-02-02,54.06416702270508,54.24081911899583,53.85218720264297,54.07300148066679,46373600,52.43765296936035,50.36242342862216,49.391425673166914,49.634724864959715,75.17909166484066,0.5835818046665183,0.0051185203278812106
2012-02-03,54.80609893798828,54.867926661555344,54.4792947749398,54.56761913164753,36453800,52.63373584747315,50.43917326493697,49.45607274373372,49.660763607025146,79.07382590427011,0.5961985125681427,0.00551989434894154
2012-02-06,54.76194381713867,54.77960936462853,54.4616362485284,54.602957259088605,28541300,52.81877841949463,50.50488142533736,49.51457014083862,49.680973300933836,78.28651040591572,0.5715906270041822,0.005612655643151908
2012-02-07,54.876766204833984,54.98275611657808,54.470465365990954,54.71777965253857,37935700,53.017953109741214,50.58803544477983,49.577391084035234,49.69974155426026,78.8755330443197,0.5570799959453129,0.005393885682010319
2012-02-08,55.168243408203125,55.168243408203125,54.682452626435,54.885601376288626,41171100,53.21315250396729,50.697926191850144,49.64498291015625,49.71931007385254,80.3339515620978,0.561496743962299,0.005344227791947496
2012-02-09,55.56570053100586,55.62752825456807,55.044578740011374,55.380217360319236,46856400,53.42292594909668,50.82192271839489,49.7351354598999,49.73941999435425,82.144229959597,0.5842095621690859,0.00538542873992605
2012-02-10,55.17707443237305,55.32722652838668,54.982756784017916,55.16823997416132,58090500,53.60311050415039,50.95581124045632,49.82878271738688,49.755834083557126,74.88562615984411,0.5772692271221282,0.0059150156458492335
2012-02-13,55.689361572265625,55.76002376021105,55.336060740614236,55.59220274851996,36810200,53.818184280395506,51.096134116432886,49.92538172403972,49.775204029083255,77.6848751161846,0.5917798249213588,0.005813564313102013
2012-02-14,55.83066940307617,55.83950385916375,55.37137539789743,55.56569299953092,51648200,54.016915512084964,51.258703821355645,50.008008352915446,49.79549953460693,78.40004541145875,0.5684384104121263,0.0056966636570010476
2012-02-15,55.442047119140625,56.40479746769784,55.353719389839114,56.095655469180066,105709100,54.16176910400391,51.42076665704901,50.08439566294352,49.81433391571045,71.60346672932499,0.5886273681287187,0.0057053088821377405
2012-02-16,56.20164108276367,56.26346880016701,55.31838412630691,55.45970510456568,83642300,54.32826251983643,51.567204215309836,50.17340710957845,49.838193035125734,75.98558875388984,0.6277431969889992,0.006174029639895616
2012-02-17,56.024993896484375,56.2546392426441,55.777683005334175,56.210477064847026,76112300,54.489897918701175,51.71586920998313,50.251432005564375,49.86156332015991,73.15815906087,0.606292412081922,0.006248485397916645
2012-02-21,56.18397521972656,56.431286087933174,55.83067109141036,56.08681641597171,38141300,54.658599281311034,51.8352690263228,50.31994988123576,49.88713054656982,74.09250991915212,0.6037687559154514,0.006217393559424976
2012-02-22,55.92784118652344,56.245814292332525,55.84834791007116,56.077996650648195,43174700,54.81935119628906,51.94377261075107,50.38369852701823,49.910584602355954,69.87253330829938,0.5873647996771533,0.006359659239179706
2012-02-23,56.29880142211914,56.360629141208285,55.72468303702513,55.99849391396132,54250000,54.965530204772946,52.06158051924272,50.44987980524699,49.934929523468014,72.330530193812,0.6050300988078889,0.006018327086556827
2012-02-24,56.49312210083008,56.59028091885241,56.35180110262261,56.457791008938614,41364900,55.13069934844971,52.173002763227984,50.52133976618449,49.95805528640747,73.54798759534914,0.5684386600852461,0.005841769487691804
2012-02-27,56.5726203918457,56.75810357564675,55.93667419668958,56.18398510842431,42678500,55.29189338684082,52.28843016190962,50.60283028284709,49.98346267700195,74.05102082150407,0.6025077093350524,0.00585309821880021
2012-02-28,57.146724700927734,57.146724700927734,56.55494413343447,56.62560631010365,43717500,55.47958488464356,52.414295820756394,50.68903195063273,50.01020706176758,77.39430648921254,0.6081855533997766,0.00604283678325531
2012-02-29,56.89057922363281,57.37636646737738,56.705089347627975,57.19088333008779,59784400,55.65093631744385,52.550862260298295,50.763218593597415,50.038737773895264,72.88243567931193,0.6214345775412967,0.0062835169855751305
2012-03-01,57.34104919433594,57.39404920255216,56.93475173783488,57.102572742871985,67558900,55.823171043395995,52.681220800226384,50.842988872528075,50.073946151733395,75.57879948579775,0.6157574678529149,0.006276270813639458
2012-03-02,57.29688262939453,57.48236578626003,57.11139947252902,57.26155154160358,33358200,55.984806823730466,52.821015097878195,50.93124691645304,50.10823257446289,74.79355580140427,0.6006162226202767,0.0063363139889092875
2012-03-05,56.70512390136719,57.33224260221541,56.51964402041152,57.2615803910326,45788800,56.07975807189941,52.959968983043325,51.00959685643514,50.13745714187622,65.04277766573387,0.6170197407606973,0.00646056858162681
2012-03-06,56.14863586425781,56.28112573520465,55.84832841022138,56.14863586425781,54638600,56.14909267425537,53.102723277698864,51.07803977330526,50.16315439224243,57.45678745616591,0.6447816714663753,0.0069422798794220985
2012-03-07,56.58144760131836,56.713937513901826,56.325305603339935,56.41362996548995,42741800,56.23432674407959,53.2557465986772,51.144380760192874,50.192943515777586,61.24289072816925,0.6100833551653244,0.007089127370548804
2012-03-08,57.1909065246582,57.35872755733653,56.79344346051457,56.91709893552449,43711100,56.33545989990235,53.41534222689542,51.2097990989685,50.229504165649416,65.85144400233908,0.5980973038909008,0.00734203082313941
2012-03-09,57.429378509521484,57.53537179637866,57.25272977014363,57.288060865762695,43117200,56.428643798828126,53.587937996604225,51.27343584696452,50.26879072189331,67.48085256982228,0.588633663491653,0.007255913739019629
2012-03-12,57.45587921142578,57.50887248302947,57.16440274017118,57.411713659277936,32687300,56.54258403778076,53.735182744806465,51.337146790822345,50.307245864868165,67.66549375495518,0.5703375739441873,0.0069730571309598146
2012-03-13,58.52463150024414,58.52463150024414,57.65020190768964,57.76502967126549,61559100,56.684347534179686,53.914695670387964,51.411597124735515,50.34951124191284,74.06185172489074,0.6182865672696869,0.007749839992774166
2012-03-14,58.72776794433594,58.94858223908393,58.36563600508232,58.58645029983032,59926900,56.82920246124267,54.09036074551669,51.49492594401042,50.39152166366577,75.07124987208317,0.6145008622567195,0.00775279635561695
2012-03-15,58.89558410644531,59.01923956220647,58.60410764412961,58.904418564347374,65531200,57.00187931060791,54.26137528852983,51.5928516070048,50.430296401977536,75.90545505806394,0.6233331780669761,0.00742192089543668
2012-03-16,58.85399627685547,58.98671109482171,58.71243875447257,58.98671109482171,53023100,57.1344970703125,54.42827744917436,51.68625135421753,50.474427700042725,75.23356045797502,0.5842505324521164,0.007022391829114253
2012-03-19,59.26982879638672,59.41139305914879,58.79205953479808,58.95131595532762,60966200,57.29673881530762,54.61317859996449,51.77849696477254,50.520112438201906,77.38876875962822,0.5862186007990771,0.006974352840017873
2012-03-20,59.376007080078125,59.43793976280329,58.80091402611242,58.96017046028514,47290600,57.4563404083252,54.7935868696733,51.86744785308838,50.57009609222412,77.91719199549479,0.5837720734377528,0.00697831059353207
2012-03-21,59.38485336303711,59.71220891846188,59.305221775125815,59.38485336303711,39648100,57.62919101715088,54.97672514481978,51.96248515446981,50.62213949203491,77.96339945623039,0.5768804423246614,0.006794357182955138
2012-03-22,59.2609977722168,59.4025553127226,58.99556810230267,59.030959174968345,56953900,57.77730083465576,55.140428300337355,52.0612561861674,50.674001655578614,75.5788967125328,0.5794533635167269,0.006830303078315455
2012-03-23,59.22561264038086,59.34947803205702,58.88940079141049,59.33177911887038,45541700,57.913925361633304,55.2996335809881,52.169924386342366,50.72743963241577,74.87431750667298,0.5542732677197729,0.006863318548515243
2012-03-26,60.260772705078125,60.260772705078125,59.570663635510684,59.623746871582895,40855300,58.09833297729492,55.47011233243075,52.29711780548096,50.785615100860596,80.57839853701961,0.5670135944020197,0.007639490276244769
2012-03-27,60.349246978759766,60.596977747156515,60.2784648306015,60.30501319877873,37278200,58.25845909118652,55.638987870649856,52.41734946568807,50.84795728683471,80.97592455542916,0.5506495510044752,0.007468050994266229
2012-03-28,60.1103630065918,60.61467397712907,59.75645903161758,60.384635380872304,44421900,58.41944828033447,55.80657133622603,52.52576500574748,50.909105052948,76.42726405938959,0.5564306216825697,0.007442199155634145
2012-03-29,59.88031005859375,60.1014991461698,59.455624040379426,59.809527930532155,53975300,58.54641132354736,55.96322687322443,52.62566426595052,50.9660355758667,72.21990117113683,0.5785930284319919,0.0074789442915599
2012-03-30,59.76530075073242,60.18113061107976,59.526412729731945,60.145746293303986,39480900,58.66983222961426,56.11586449363015,52.72724466323852,51.026991577148436,70.14104817014632,0.6007536097526719,0.007507323005944473
2012-04-02,60.3846435546875,60.46426841600256,59.59721064761336,59.70338387952456,40031600,58.85380821228027,56.27606922496449,52.82027470270793,51.09196430206299,74.41251705123877,0.5863468582934465,0.007114439803598181
2012-04-03,60.36695098876953,60.650072855154605,60.03073913170381,60.43772639274749,45539900,59.06472396850586,56.439324951171876,52.91037098566691,51.157590789794924,74.08646572152594,0.5889459646826738,0.006490998608616741
2012-04-04,59.544097900390625,59.95108496246944,59.199043505363925,59.9156939027033,54088100,59.212856483459475,56.57910773537376,52.991557153066,51.217873363494874,60.753482749525205,0.6427156479204414,0.007468704872590813
2012-04-05,59.915714263916016,59.96879749652731,59.39370439266357,59.437944919944144,42979900,59.349096870422365,56.713121171431105,53.07202707926432,51.27492021560669,63.91216864222319,0.6642028453143415,0.007273387322460728
2012-04-09,59.4644889831543,59.70337704004861,59.06635122187314,59.17251769146437,36908200,59.450852394104004,56.83298873901367,53.140964603424074,51.331467361450194,57.82640870605513,0.6806335251494957,0.007583685585248617
2012-04-10,58.50895309448242,59.66798886162172,58.32315501352666,59.437950249418584,69254200,59.503506088256835,56.93692814220082,53.20853850046794,51.380997295379636,47.509492235720806,0.7311912473926527,0.008570404626598693
2012-04-11,58.79206848144531,59.18136351312618,58.6416614919892,59.02210706836188,62950000,59.51687793731689,57.045693969726564,53.27326567967733,51.43615846633911,50.33671660256308,0.7501500527717734,0.007572413680762774
2012-04-12,59.4644889831543,59.52642167380152,58.81862045928424,58.90709476732927,57407400,59.553713989257815,57.16845189874822,53.35180870691935,51.49086126327515,56.35017322048147,0.7735333371957935,0.007950542442130476
2012-04-13,58.5620231628418,59.4556221887072,58.53548155318412,59.26098146783254,55227500,59.53703594207764,57.262757388028234,53.4248841603597,51.53745096206665,47.95717969805358,0.8070283507189109,0.008676903853505398
2012-04-16,57.907310485839844,58.88939074527714,57.7215124300215,58.85399967509892,57588000,59.489701652526854,57.348531410910866,53.487297693888344,51.57975704193115,42.9582927332486,0.8165082257587949,0.009015457926471696
2012-04-17,59.08404541015625,59.26984348847128,58.0665739573439,58.15505501858108,47362400,59.48041248321533,57.452809697931464,53.55079174041748,51.624653339385986,52.53480790180279,0.8898173657982983,0.010049849744554825
2012-04-18,58.93362808227539,59.27868256015035,58.75667949111349,58.915929173065564,42536100,59.4582935333252,57.55355030406605,53.621464506785074,51.66502103805542,51.348101498009044,0.8658022317643963,0.01005347650406304
2012-04-19,58.27008056640625,59.42910975823191,58.05774083473279,58.72130840260092,81110900,59.40255489349365,57.640941758589314,53.687121073404946,51.70079740524292,46.371776735634676,0.9169900858563069,0.010344537652948066
2012-04-20,58.11079788208008,58.84514727949283,58.02232359628277,58.58856712557191,59906900,59.345044898986814,57.71756799871271,53.739865175882976,51.734943046569825,45.238403847794714,0.9289976431321817,0.010349471250103548
2012-04-23,57.5799446105957,57.66841889515372,57.05793485643955,57.56224570359097,70514400,59.26276149749756,57.78149122758345,53.787525494893394,51.76292139053345,41.59003310269003,0.9422694472215619,0.010509921702813674
2012-04-24,57.270286560058594,57.71266477410146,57.02254909006367,57.473776758431036,49661500,59.11323719024658,57.82629463889382,53.839864540100095,51.790054092407225,39.58458974466634,0.9473253015492047,0.009553323292840254
2012-04-25,58.79206848144531,58.82745955252145,58.36738912884492,58.455863431456955,57526900,59.03537826538086,57.8995696327903,53.915956846872966,51.829494400024416,51.86779300143495,0.9751299807675794,0.011543729335264393
2012-04-26,59.13712692260742,59.2698417604366,58.70359808584538,58.7832296886057,41799500,58.98671646118164,57.977030736749825,53.991405137379964,51.87259212493896,54.14436575153311,0.9744978786766855,0.011630905588664824
2012-04-27,59.49102783203125,59.67682589532648,59.075191178398576,59.384861367380665,46003800,58.96725234985352,58.05562681718306,54.06115039189657,51.91640550613403,56.42101723185084,0.9568029983113304,0.011701075403218785
2012-04-30,59.06635284423828,59.429099542233516,59.02211231392211,59.31408361363155,37787700,58.93230495452881,58.119275041060014,54.12955640157064,51.96103775024414,53.01930504528332,0.894237403312336,0.01179778946633025
2012-05-01,59.163665771484375,59.836075808029555,58.91592829732166,59.004409341743475,37643800,58.871256065368655,58.19175851995295,54.195767116546634,52.00281915664673,53.70805349385132,0.9119329098883456,0.011532546748008706
2012-05-02,59.33176803588867,59.376008560433704,58.73013335292032,58.87169763133937,38299300,58.81949691772461,58.25798409201882,54.25846579869588,52.04680242538452,54.93704415416051,0.9056130538281438,0.011563313450346351
2012-05-03,58.7036018371582,59.411409850706534,58.55319482808037,59.3671693185507,51297600,58.77747211456299,58.31021922718395,54.331107966105144,52.08189212799072,49.63418912514042,0.9005564533035714,0.01140452354794989
2012-05-04,57.24373245239258,58.703581762262104,57.234889749111346,58.1638798552791,107554000,58.643873023986814,58.342977142333986,54.39180453618368,52.11078033447266,39.976497616071214,0.9220445799315152,0.01248560490927001
2012-05-07,57.29682922363281,57.57110156131935,56.88099261478162,56.898684773599214,50267800,58.53549003601074,58.36288965398615,54.445098050435384,52.138221454620364,40.43049690257709,0.8740142902105364,0.012438856476389653
2012-05-08,57.0844841003418,57.279131602491546,56.164339942629475,56.93407712146467,72659700,58.46426658630371,58.3821531122381,54.49926160176595,52.16192211151123,39.15499852305681,0.9176204482081418,0.0119905871087684
2012-05-09,56.907535552978516,57.22604842035846,56.19088160137364,56.420920172293854,85715300,58.37003993988037,58.39530875466087,54.54725777308146,52.18526496887207,38.0769884521224,0.8936060121714061,0.011912575977547045
2012-05-10,56.792518615722656,57.18180686313793,56.58017558294941,57.164114704228325,49448900,58.236441421508786,58.41103016246449,54.60133463541667,52.20737407684326,37.35703001105998,0.8778065548127246,0.011513142135769866
2012-05-11,56.7836799621582,57.385314731863204,56.544795270503684,56.59788188256424,47099900,58.14752426147461,58.41984613591974,54.66516319910685,52.236201477050784,37.29866573158974,0.8626391573640814,0.011107144599709247
2012-05-14,56.25282287597656,56.695201149458306,56.164345196233185,56.297060028309055,46360000,58.06479988098145,58.41547705910423,54.72772095998128,52.26193559646607,33.87543724798098,0.8575833774988831,0.011030284192467928
2012-05-15,56.06702423095703,56.8633031378711,55.969700465926984,56.403232680584864,66908600,57.91394882202148,58.40628440163352,54.79650278091431,52.287575035095216,32.742756708725835,0.8101854974618306,0.009776526795771253
2012-05-16,55.68656539916992,56.42976089413373,55.57154949970817,56.26165839678965,52825900,57.751595687866214,58.37973605069247,54.860794130961104,52.31249788284302,30.49426876158256,0.8310403345928548,0.009821796891981758
2012-05-17,54.509857177734375,55.79275498186385,54.501007721282605,55.704277292739796,62253900,57.56358451843262,58.3364501953125,54.924298477172854,52.337948398590086,24.817734557440545,0.8803340877109507,0.010495099447789086
2012-05-18,53.80204772949219,54.8195157503526,53.75780720134651,54.677954835490354,79496500,57.348147010803224,58.272104714133526,54.98491061528524,52.35748857498169,22.14710170791652,0.9226764470607327,0.010715163366006097
2012-05-21,55.30612564086914,55.35921224427598,53.83743003072749,53.90821216860328,61473000,57.234456062316895,58.23590913252397,55.044565200805664,52.39614221572876,37.53068355309339,0.9681776616375828,0.0127566728140923
2012-05-22,55.24419403076172,55.695421730788716,54.84605631025081,55.46538315330252,62954800,57.13315143585205,58.209346771240234,55.10619665781657,52.435979194641114,37.204691427777604,0.9827126768536202,0.01273170588197424
2012-05-23,55.350372314453125,55.4830837750984,54.297509834576886,54.7752791930882,56951100,56.96106662750244,58.194832888516515,55.15397488276164,52.4905749130249,38.19585706387459,1.0060954567032883,0.010911488464993352
2012-05-24,54.987613677978516,55.483075120561786,54.58062315361347,55.42999189461526,83131200,56.753590965270995,58.16585408991033,55.19587046305339,52.53264205932617,36.09940094789219,0.9656483051962493,0.010734886693290193
2012-05-25,54.916839599609375,55.13802874037631,54.7575831482509,55.040704978426305,32078900,56.524881553649905,58.12450741854581,55.23834940592448,52.5838844871521,35.687843029715296,0.9435294941667978,0.010514921883484027
2012-05-29,55.61579513549805,55.87237533515556,55.10263473618301,55.42999707715774,44216700,56.35235366821289,58.09153317538175,55.28210687637329,52.62878517150879,42.6425782131328,0.9308899552055726,0.011117897217781062
2012-05-30,55.14686965942383,55.341513778114866,54.571776632421674,55.111478592360754,56431800,56.15151386260986,58.049551183527164,55.32312984466553,52.66927726745605,39.55229572455741,0.9315222183549692,0.011127125039491304
2012-05-31,54.907997131347656,55.2176605987624,54.49216043932329,55.07609967436157,55260100,55.93032531738281,57.98379419500178,55.36216220855713,52.70510597229004,38.03998134105718,0.9403699954442969,0.01102881946159287
2012-06-01,53.448143005371094,54.2532713301882,53.43044746937663,53.917062896450105,71430800,55.667552375793456,57.88780101429332,55.39606819152832,52.73565542221069,30.391848237648915,0.9858721526308329,0.012076863220232648
2012-06-04,53.85511779785156,53.934746003938265,53.120771786232076,53.598541022752286,74119500,55.498121643066405,57.796156172318895,55.42676642735799,52.76964488983154,34.354301461191724,0.9997749706152023,0.011372585694569348
2012-06-05,54.076316833496094,54.182490044531185,53.64278803454327,53.669329649762936,47916900,55.33709602355957,57.70928927334872,55.46400076548259,52.816289501190184,36.47108234323951,0.9744963519040449,0.011452109456933646
2012-06-06,55.31497573852539,55.35921288767284,54.43021925526378,54.483305859287604,58781800,55.24862060546875,57.63738285411488,55.51610339482625,52.87316736221314,46.813542944310306,1.0048309704577012,0.012809957000913877
2012-06-07,55.093788146972656,55.8989164340859,55.04955099659729,55.8989164340859,38414800,55.15793323516846,57.559524328058416,55.572742048899336,52.928148899078366,45.392426922437814,0.9732322688082269,0.012817457307799028
2012-06-08,55.6246337890625,55.69541592092944,54.81950560200395,55.00530363553796,39730800,55.09953899383545,57.491156699440694,55.634904289245604,52.97669469833374,49.36524703343278,0.9599609666596126,0.01305721789605532
2012-06-11,54.68680191040039,56.07586938172618,54.65141083945594,56.0493243909787,51008900,54.99469509124756,57.407989501953125,55.68718474706014,53.01875085830689,43.36308621907384,0.9504819686229301,0.013528958353355927
2012-06-12,55.350372314453125,55.376913931566484,54.571785586702674,54.9433817266036,48802600,54.94957256317139,57.33753058693626,55.74896608988444,53.06790138244629,48.16542257614434,0.9473221775033517,0.013748507762081275
2012-06-13,54.96992492675781,55.60694734226062,54.78412348778607,55.19111406236757,50840100,54.894717597961424,57.241333354603164,55.795736980438235,53.10944097518921,45.7692448655406,0.9214114570714257,0.01380688921530589
2012-06-14,55.17341232299805,55.394601433738046,54.67794749991238,54.96106929165334,65170600,54.86905994415283,57.14722726995295,55.85008691151937,53.1454988861084,47.27997485187117,0.9081401689912367,0.01377057940812073
2012-06-15,55.85890197753906,55.93871321055081,55.300223346456825,55.32682596318231,41536100,54.93651218414307,57.06992797851562,55.906692854563396,53.18340337753296,52.11894539703718,0.9356298329503332,0.013137960508577832
2012-06-18,56.382102966308594,56.52398921373832,55.53965189220431,55.62832952828477,32191200,55.065514945983885,57.00632421320135,55.96412884394328,53.22352865219116,55.47790870885317,0.9376870890923205,0.012804848653907915
2012-06-19,56.96739196777344,57.20682907446317,56.62154438315163,56.665886592737515,36476500,55.1485782623291,56.955453144420275,56.02490396499634,53.26877597808838,58.94742143055116,0.9220233465979065,0.011496596513830847
2012-06-20,57.01173782348633,57.260037975436,56.58607897035725,57.091545687039414,51389700,55.23695545196533,56.894127585671164,56.09083290100098,53.31986587524414,59.20680829225395,0.9183418355721668,0.011481274675229077
2012-06-21,55.592864990234375,57.02946387167419,55.53078995962395,56.967388841063766,42492700,55.24908008575439,56.80732602206143,56.141993840535484,53.36381757736206,48.621350024669745,0.9198507105778246,0.012921200081229734
2012-06-22,56.17814254760742,56.24908736808592,55.628333720239965,55.77908977233916,29504200,55.30860652923584,56.74612683382901,56.1992096265157,53.40476737976074,52.401704273813785,0.9085827220167785,0.013008693356745229
2012-06-25,55.09626388549805,55.734750387931584,54.93664141418081,55.71701756475003,33136400,55.31757774353027,56.65850046331232,56.23953412373861,53.441405620574955,45.706966427681735,0.9587112308338283,0.01378362826777886
2012-06-26,55.442108154296875,55.601730616137765,55.03418558863023,55.28248569245598,30611100,55.30889339447022,56.585366266424,56.28097400665283,53.485086574554444,47.99428141875922,0.9076147289288846,0.013549879743535238
2012-06-27,55.77908706665039,56.02738716061033,55.59285861334537,55.65493363683535,35705800,55.340504264831544,56.53573233864524,56.32176272074381,53.52746635437012,50.19595683695889,0.8887514124163738,0.013466733620653213
2012-06-28,55.158348083496094,55.39778183027035,54.573066718993246,55.362309412340245,49793400,55.35302181243897,56.46966469504616,56.35590651830037,53.563580665588375,46.306944695228324,0.9123307001829204,0.013683268595339469
2012-06-29,56.89645767211914,56.89645767211914,56.05400299389804,56.222495282676604,44761300,55.52543754577637,56.422973216663706,56.40593306223551,53.60496030807495,56.4754604451939,0.9347343463509782,0.013837183903337075
2012-07-02,57.064937591552734,57.09154021018508,56.63927877925757,56.9762599408879,33425600,55.68592853546143,56.39575347900391,56.45427207946777,53.6435814666748,57.319236701074374,0.9095295667840995,0.013798505577645906
2012-07-03,57.54380798339844,57.54380798339844,57.011735286374126,57.10041294159961,15895100,55.859303092956544,56.389144342595884,56.50571854909261,53.682335662841794,59.71004326057336,0.8887616269662253,0.01384993891335019
2012-07-05,57.57927703857422,57.86304957813902,57.18022423051063,57.490599388523535,37016200,55.97251815795899,56.36178491765803,56.555767663319905,53.721179218292235,59.88926438810606,0.8863452993807053,0.013055074103566594
2012-07-06,56.860992431640625,57.3664625960998,56.44419993774625,57.31325058122285,40684100,56.060878372192384,56.32410063310103,56.601376883188884,53.75753122329712,54.59309637313637,0.9127578860432202,0.013396213992161052
2012-07-09,56.75455856323242,56.98512585178332,56.470786041043084,56.79890076837819,35628300,56.11737461090088,56.296545687588775,56.64219783147176,53.79766246795654,53.8334129312873,0.8791866352722367,0.0132825132078866
2012-07-10,56.195884704589844,57.20682820646894,55.974187191366774,57.06493855048401,47365700,56.19282875061035,56.26172908436168,56.67262207667033,53.8429193687439,49.90764018662796,0.9083234143399217,0.01286971621992711
2012-07-11,55.8855094909668,56.27569589608174,55.42437825792062,56.124943210981286,43432000,56.21958560943604,56.2309211730957,56.69773654937744,53.88411678314209,47.821194767234694,0.9209918881315196,0.012702086736978587
2012-07-12,55.362300872802734,55.5928647881124,54.8568308351925,55.44211210941674,57680400,56.23920440673828,56.196230524236505,56.71915334065755,53.91992650985718,44.447831501088245,0.8874207983975241,0.012790599450888425
2012-07-13,56.20475387573242,56.328903940505796,55.477586311057884,55.51305534182488,32357200,56.290771484375,56.149188440496275,56.74744338989258,53.95744077682495,50.502388955584614,0.9095908476726328,0.01319815890245879
2012-07-16,56.04513931274414,56.32891189597132,55.823441770670655,56.08061173135655,27621400,56.30008335113526,56.0929704839533,56.77521286010742,53.997764587402344,49.403755386403425,0.8570172042350654,0.012942167013151238
2012-07-17,56.337764739990234,56.52399320143334,55.539655810455606,56.39983976619287,42467800,56.29786643981934,56.035638427734376,56.799900722503665,54.04241104125977,51.48738195263738,0.8867880873400799,0.012821042938980542
2012-07-18,57.10040283203125,57.26889508309828,56.21361290543885,56.23134910991091,44489700,56.30451698303223,55.99989388205788,56.832489585876466,54.096985912323,56.51365031156486,0.9203597424362207,0.012973554610955914
2012-07-19,57.73003387451172,57.916258982720315,57.39305607380161,57.499466555251374,53017800,56.3404317855835,55.97382784756747,56.8690003712972,54.16064826965332,60.18162874134995,0.892490871224215,0.01319819628964826
2012-07-20,56.96739196777344,57.73003196608597,56.940789348290416,57.71229914165438,40573100,56.40915813446045,55.930839191783555,56.898787848154704,54.21587799072265,54.21644192567672,0.8247147953383761,0.012228998377457768
2012-07-23,56.27569580078125,56.470790694426135,55.433244576120394,55.8589067773157,48657800,56.41403579711914,55.88669544566761,56.92222239176432,54.261753978729246,49.43083076777423,0.9019923639616287,0.012377658925068412
2012-07-24,55.832313537597656,56.453067391493946,55.46872966904697,56.37325613338105,57269700,56.450838279724124,55.86103328358043,56.938355382283525,54.301453552246095,46.59184057017817,0.934297008634676,0.011680009628496647
2012-07-25,55.45985412597656,55.82343793467943,55.11400652536113,55.39777908908845,46264400,56.45172557830811,55.82763373635032,56.949986108144124,54.34087455749512,44.29059574067331,0.9368314132495433,0.011715045992631271
2012-07-26,56.195884704589844,56.51512966488476,55.84117071313429,56.25795973766546,41928200,56.472565460205075,55.811477383700286,56.961567656199136,54.375748786926266,49.58938384164703,0.9311313016838453,0.012015435543757839
2012-07-27,57.52606964111328,57.63248011090913,56.435314966010495,56.603807230748274,42621000,56.59095153808594,55.822723458030005,56.984602038065596,54.41560214996338,57.46363500409542,0.9970067013680628,0.012749185875316689
2012-07-30,57.48173141479492,57.91625664977842,57.28663651910035,57.667956515502134,37821300,56.620215225219724,55.83525459983132,57.006310081481935,54.45400201797485,57.143227266385615,0.9539337810520558,0.010722804229242152
2012-07-31,57.463985443115234,57.80096315315319,57.41077345103684,57.57039589593265,34588300,56.64016761779785,55.847623790394174,57.0254412651062,54.49002532958984,57.00622166936511,0.9209960713345724,0.010709286049545916
2012-08-01,57.29549026489258,57.88963781486415,57.064923019504604,57.87190499552785,30920200,56.62775173187256,55.86658137928356,57.03985617955526,54.52054285049439,55.6421112626639,0.90642722416209,0.010563030379383326
2012-08-02,57.0915412902832,57.659086384080645,56.67475226487073,56.86098074732694,40534900,56.60336494445801,55.8852089621804,57.05581007003784,54.55400012969971,53.95901103618966,0.9076937278411508,0.010588047775571272
2012-08-03,58.173423767089844,58.421723889363946,57.80984337823732,58.01380129338922,42117400,56.66898651123047,55.93042456886985,57.07651058832804,54.58974321365356,60.742754894994235,0.9666017616825846,0.011020390524690143
2012-08-06,58.616817474365234,58.87398738548892,58.35078453455059,58.474934592931575,23523600,56.76209945678711,56.00509657426314,57.09972848892212,54.63263067245484,63.1398020772611,0.9463322064983944,0.011085431171621661
2012-08-07,59.10456848144531,59.343998859757946,58.776453670147234,58.86513133746034,28223300,56.90753364562988,56.101506042480466,57.13024950027466,54.67918867111206,65.62623741244056,0.9228964356222004,0.010833400335096263
2012-08-08,59.077945709228516,59.202095754259844,58.856248233719704,58.95379566419719,20723500,57.06715545654297,56.17008458917791,57.1542187054952,54.72248996734619,65.36704746116362,0.8893243906115629,0.010692117452457735
2012-08-09,59.25532150268555,59.33513613965586,58.962679109915,59.0690963706513,20726200,57.26180648803711,56.24301417957653,57.181138102213545,54.761442775726316,66.32142480911452,0.8595538551486739,0.010299990237994326
2012-08-10,59.29079818725586,59.30853101581777,58.89174527072062,59.0424979933519,20312000,57.41610870361328,56.31465828635476,57.20702829360962,54.80563228607178,66.52014751846485,0.7797423089661102,0.009933454891027696
2012-08-13,59.43267822265625,59.44154801934231,58.97155028006891,59.27305571066976,19890300,57.58548564910889,56.39547764171254,57.236235268910725,54.85083921432495,67.34988638084195,0.743003738739426,0.009847769681535208
2012-08-14,59.459285736083984,59.77853074998107,59.29079343272932,59.65437389731237,24218700,57.74156169891357,56.47806757146662,57.26257263819377,54.889228115081785,67.51249439590003,0.7265344748119418,0.009848552448586956
2012-08-15,59.61001205444336,59.6986896822258,59.40604742144137,59.41491721392041,29100400,57.86704216003418,56.550689697265625,57.28854672114054,54.92797464370727,68.47044812921084,0.6720606692316723,0.009515723044661518
2012-08-16,60.31946563720703,60.452485518599566,59.760790254165045,59.831735092997356,35699900,57.996513748168944,56.64473689686168,57.319770431518556,54.97462396621704,72.57030523340283,0.6296233876485954,0.009560360654826273
2012-08-17,60.585487365722656,60.59435715935451,60.31058465416703,60.45246752392567,22584800,58.1774185180664,56.74796399203214,57.348426787058514,55.029246444702146,73.93874011895113,0.6049199858278388,0.008846933192006362
2012-08-20,60.674190521240234,60.68306031860223,60.30174022011283,60.54117062350243,26924000,58.39734325408936,56.87934667413885,57.37995688120524,55.08220073699951,74.39740323840343,0.6042864427116277,0.008103413902211273
2012-08-21,60.43472671508789,61.082079485582724,60.195289678364034,60.83377942206858,41391000,58.62746391296387,56.99897592717951,57.40573752721151,55.12876638412476,70.77605523576666,0.608720372130138,0.007848835206204646
2012-08-22,60.68302917480469,60.79830941865426,60.133217036977605,60.30170927201662,44555700,58.88862266540527,57.11909796974876,57.433955415089926,55.17789337158203,72.2826288121882,0.5859173908777626,0.007436987550627362
2012-08-23,60.18645477294922,60.60324049391775,60.02683226244144,60.40815232833933,28800400,59.088151168823245,57.20767031582919,57.462966505686445,55.22273374557495,65.05912785557773,0.5377755561122274,0.0076548441979462966
2012-08-24,60.55888366699219,60.70076653421229,59.94699646507591,60.0445438962704,38384800,59.23979187011719,57.30703568892046,57.49971857070923,55.266488533020016,67.66876326170672,0.5415760168791779,0.006057439914575077
2012-08-27,60.656436920166016,60.89586724156182,60.52341706798136,60.81605938965346,20671400,59.39852714538574,57.39852301857688,57.53367681503296,55.319838008880616,68.33587210642544,0.5162380731783023,0.006011137314945707
2012-08-28,60.656436920166016,60.82492241830723,60.399267010121214,60.60322491988972,27337900,59.55814971923828,57.50706183693626,57.562556234995526,55.373319473266605,68.33587210642546,0.5219386365815792,0.006003372586593622
2012-08-29,60.656436920166016,60.80718959532895,60.399267010121214,60.656436920166016,26672400,59.72619705200195,57.60353573885831,57.58944838841756,55.422093620300295,68.33587210642546,0.5244718905434992,0.005892755318645205
2012-08-30,60.044551849365234,60.41700203652907,59.947004405250276,60.39039941825608,24425400,59.873847579956056,57.69580168290572,57.61102066040039,55.46939208984375,58.82692033456709,0.5453752312448269,0.006424489266747239
2012-08-31,60.443603515625,60.70076663574597,59.83171631268523,60.47906915823679,42128000,59.98735656738281,57.79162334095348,57.6270120938619,55.51587013244629,62.4925254777792,0.5738789872296373,0.005253139710935943
2012-09-04,60.38151931762695,60.612086579424385,59.78737172536995,60.328314090162095,32017200,60.0755916595459,57.873852747136894,57.64079335530599,55.566261253356934,61.57405184813401,0.5979488112869719,0.005113984280699178
2012-09-05,60.31946563720703,60.612108023136166,60.15984313267043,60.35493805662319,26129300,60.13633651733399,57.94544115933505,57.652659034729005,55.62223731994629,60.6151134894972,0.6093504276927797,0.004879243504971409
2012-09-06,61.65850067138672,61.67624025816391,60.67416334102306,60.69190292780025,43100000,60.265364265441896,58.03073404485529,57.67602990468343,55.686800365448,71.08116433245421,0.6460862246071132,0.006777123543699484
2012-09-07,61.56985092163086,61.676268193484034,61.39249556754864,61.51664566854081,32958600,60.38109073638916,58.11360882845792,57.69519675572713,55.75558359146118,69.75948301043522,0.6460862332319641,0.006820717656211509
2012-09-10,60.78059768676758,61.54323775694463,60.73625547300327,61.41021788132362,25490000,60.455580711364746,58.20793124112216,57.706901677449544,55.81962856292725,59.20464565068106,0.6783916153846923,0.007577438419095084
2012-09-11,60.68302917480469,61.02887667202298,60.58548175090521,60.789446391514,29810100,60.51809825897217,58.28983827070756,57.71771980921427,55.88859703063965,58.03562824713631,0.6467205520917696,0.007598928831918316
2012-09-12,60.86040115356445,61.02002363963728,60.48795094128499,60.904743364123576,42203400,60.588154029846194,58.39464076649059,57.73104817072551,55.96025608062744,59.597458699256734,0.6372191461400288,0.007608430761292613
2012-09-13,61.68513488769531,61.951174700287496,60.85155655520854,60.91363160939025,45417800,60.69191017150879,58.50815034346147,57.75154418945313,56.02794387817383,65.94428477637503,0.6688920913340078,0.00809399476486534
2012-09-14,62.23493576049805,62.456633307840136,61.88908812789817,61.90682095478976,38880300,60.78768367767334,58.625529410622335,57.767995548248294,56.099876461029055,69.39576787669617,0.6701584021203253,0.007922355192156427
2012-09-17,62.261531829833984,62.28813445020721,62.03983430582845,62.27040162518223,31798400,60.87148590087891,58.7546782060103,57.783931255340576,56.163099193573,69.55650160489827,0.6612905428916329,0.007897858650651785
2012-09-18,62.314762115478516,62.34137151221782,62.09306450237059,62.10193430128369,27169800,60.95351448059082,58.85319283225319,57.802301247914635,56.22487228393555,69.8972685483108,0.6486228001531481,0.007898752034263061
2012-09-19,62.43000793457031,62.58963038111555,62.12849586190942,62.305857894553995,36484600,61.05327854156494,58.9507395657626,57.82354873021443,56.287925491333006,70.6629195560399,0.6524236525816046,0.007799335694376727
2012-09-20,62.36793518066406,62.43001020292768,61.96001263926456,62.12849811931153,42520200,61.13752384185791,59.038450969349256,57.84523735046387,56.34794067382813,69.63557380087491,0.6353211560635604,0.007798283761567006
2012-09-21,62.385704040527344,62.73253776781698,62.32345200703851,62.6791808205302,23678500,61.24748630523682,59.12584055120295,57.86191285451253,56.408748626708984,69.77105880270797,0.6024665444719695,0.007473779057307105
2012-09-24,62.02109909057617,62.12781980271964,61.73651730982511,61.869916503763235,32341600,61.320597076416014,59.2196606722745,57.875697422027585,56.46773355484009,63.5091055553725,0.5899288213753836,0.007587295319024306
2012-09-25,61.14957809448242,62.32347893676898,61.12289960931136,62.18118463590238,41299600,61.34525413513184,59.29957011829723,57.88907642364502,56.52658432006836,51.590081453504,0.6433798525890896,0.008318068888125611
2012-09-26,60.65155029296875,61.105104861872604,60.340290014295604,61.06953128931493,32770400,61.34500980377197,59.38058221990412,57.89520839055379,56.57898542404175,46.24857812727988,0.604273671105514,0.00853710022187344
2012-09-27,61.48752975463867,61.62982408529605,60.69603619901663,60.80275694700966,25339500,61.38656444549561,59.48243713378906,57.912067063649495,56.63838209152222,54.722861222200955,0.6538808972763646,0.009073966489346694
2012-09-28,60.9806022644043,61.46973041800969,60.92724529672566,61.2829742461691,30112600,61.43336696624756,59.584588068181816,57.93266414006551,56.69797180175781,49.614767143438435,0.6343586836538948,0.008967149265418977
2012-10-01,60.89167404174805,61.65648893743404,60.69602277285642,61.27408148959104,37715300,61.45577049255371,59.66980479847301,57.950160853068034,56.76094442367554,48.75498665511168,0.6712923439010267,0.008872245093973516
2012-10-02,61.06953811645508,61.34523163835633,60.58930501068763,61.15846866530847,33254300,61.49017143249512,59.76115750399503,57.96353626251221,56.825466289520264,50.59892475409801,0.6872819102807703,0.008882582591725885
2012-10-03,61.46084213256836,61.57645117032595,60.99839241160575,61.23851236267337,38236000,61.547240257263184,59.85430436567827,57.98769308725993,56.890704765319825,54.479634974164476,0.6500276683980023,0.008965899011667668
2012-10-04,61.67426300048828,61.843235758957725,61.36300274933241,61.55865398862027,26128600,61.54802837371826,59.93746545965021,58.01908435821533,56.95939302444458,56.48733027621369,0.6292229962180375,0.007489046150692537
2012-10-05,61.345237731933594,62.07447916091431,61.18516001411019,61.98554181826059,25207900,61.5367977142334,60.00319643887607,58.03792762756348,57.01933212280274,52.633179283431495,0.6750100678198488,0.0075796549791418335
2012-10-08,60.78494644165039,61.11399688256251,60.64265894352952,60.98949277734492,30911500,61.53701515197754,60.07260652021928,58.05335528055827,57.07999975204468,46.77981590215382,0.7074580520024806,0.007295043979205249
2012-10-09,59.815589904785156,60.776049140798946,59.67329562687815,60.624866559246215,67974000,61.49364318847656,60.13696823120117,58.066234525044756,57.133746757507325,38.750515268441696,0.7539235016857744,0.008122153136075125
2012-10-10,59.51322555541992,59.96678014295299,59.40651161832895,59.797807362604985,45134300,61.42628440856934,60.20389390425249,58.07792142232259,57.183863964080814,36.63807893509834,0.7603714274686973,0.008131365261030853
2012-10-11,59.32645797729492,60.002342183808516,59.29088441011377,59.95787352859102,30469400,61.308350563049316,60.27419579245827,58.092475700378415,57.23212436676025,35.35597124343866,0.7819694283912888,0.007370854198559024
2012-10-12,59.2997932434082,59.63773203251465,59.18418421199525,59.31757663863875,24891200,61.161593437194824,60.330630493164065,58.109388256073,57.283122005462644,35.16676100561918,0.7679952205210862,0.00693069121062528
2012-10-15,59.735557556152344,59.81559979695339,59.166393920326584,59.52212288895912,22220100,61.035294723510745,60.370803000710225,58.11725066502889,57.33453203201294,40.74745205095449,0.7286114026045999,0.007244444332694724
2012-10-16,60.58040237426758,60.651542725541624,59.8066925338448,59.82447592542222,33960600,60.94857673645019,60.42714247270064,58.12927796045939,57.39087280273438,49.77412557261982,0.7362326232619186,0.00808487370017093
2012-10-17,60.544830322265625,60.740481559338384,60.1891014171301,60.26913685867921,33439400,60.854317855834964,60.48315783413974,58.13805964787801,57.44231033325195,49.43265654931842,0.7057402196819892,0.008051951392458333
2012-10-18,59.84226608276367,60.54482878672264,59.61993637081328,60.349177554612,61707600,60.72803440093994,60.52946284901012,58.14452559153239,57.48917505264282,43.13803230854325,0.7317837549347986,0.008360395596444983
2012-10-19,58.41044616699219,59.82445949020401,58.339299050299616,59.771102545165824,75362600,60.52927150726318,60.55344293767756,58.13824876149496,57.52680507659912,33.71541740667169,0.7705338169266872,0.009659304625297486
2012-10-22,58.712860107421875,58.864049552482626,58.25041703391267,58.38381629251068,38621500,60.36385955810547,60.56325087113814,58.1330911954244,57.565063915252686,36.852771217789375,0.7603699519910627,0.009816165870042737
2012-10-23,58.15258026123047,58.650596827619545,57.97471914036776,58.232622515095485,52591200,60.21400966644287,60.55481019453569,58.128499348958336,57.60136045455933,33.67283417772016,0.7718043954434849,0.009590682822637276
2012-10-24,57.948020935058594,58.57943651975136,57.859083619919566,58.48161090107006,39872400,60.078833198547365,60.53378205732866,58.13436841964722,57.63477928161621,32.56789831209291,0.7889558161725192,0.009501884719271726
2012-10-25,57.948020935058594,58.44603733200736,57.779048178251884,58.34821171332606,52688700,59.90185775756836,60.513237970525566,58.139795017242434,57.66766822814942,32.56789831209291,0.7730751023833301,0.008749014332867091
2012-10-26,58.11698913574219,58.35710903988313,57.49446861568198,57.94802315742002,54213100,59.758677101135255,60.49254101839932,58.14839922587077,57.70038625717163,34.62301896051383,0.7845080763688352,0.008747683733170593
2012-10-31,57.76128387451172,58.15258652451488,57.56563933447771,58.04586576952286,38524500,59.60215759277344,60.464731667258526,58.155513795216876,57.73225324630737,32.38538191776745,0.747029246030616,0.008784280828303018
2012-11-01,58.57945251464844,58.69506155694543,57.956925063519186,58.125897866463276,26945000,59.4776533126831,60.44921847256747,58.17040491104126,57.76587028503418,41.71601609763805,0.7737084715884498,0.009487740009024597
2012-11-02,57.956912994384766,58.88180549505728,57.903556029815284,58.846231923689295,44083000,59.302456855773926,60.42190260453658,58.18018185297648,57.7929299736023,37.47806006226362,0.7927650209846817,0.009454383772564913
2012-11-05,58.33932113647461,58.454936941110645,57.84130470101188,57.96580880987756,28094700,59.13570976257324,60.398799133300784,58.19756933848063,57.8202677154541,41.41522215712959,0.8041996223832081,0.009589922524122245
2012-11-06,58.446044921875,58.84623575211169,58.21482008542259,58.43714983221306,29608400,58.99075012207031,60.36473693847656,58.217394510904946,57.84853651046753,42.50342928638296,0.8029288931019433,0.009621324632444842
2012-11-07,57.06758499145508,57.89465173560503,56.82747190410492,57.823504604181316,70737800,58.80488204956055,60.30077507712624,58.22890300750733,57.869824695587155,33.776538702900055,0.8531137394148577,0.010644050620270414
2012-11-08,56.16938781738281,57.361075411238076,56.16938781738281,57.2276762044514,58585800,58.62257194519043,60.218869573419745,58.24273242950439,57.887107620239256,29.52293255406488,0.8988499859610702,0.010630918721942807
2012-11-09,56.40951156616211,57.01424883394164,56.16939499873643,56.20496857742538,51542100,58.46738624572754,60.14568384343927,58.264461294809976,57.90227907180786,31.988805243327732,0.8931333477543905,0.010744064493132678
2012-11-12,56.40061569213867,56.80080996562487,56.24943307353452,56.73855790002515,32663700,58.32109413146973,60.067821780118074,58.27358204523723,57.91833345413208,31.944213626450875,0.8251626234419831,0.010757150566511208
2012-11-13,56.00929641723633,56.54288972129646,55.83143198254962,55.96483115668513,43288300,58.15656929016113,59.99187344637784,58.279957898457845,57.93163623809814,29.965409887944773,0.8321501391689036,0.010790793016228106
2012-11-14,55.35121536254883,56.347251680234635,55.262281428168045,56.284999622409444,82655300,57.93735218048096,59.89718856811523,58.27996492385864,57.941427841186524,26.942775089783638,0.8569236595269375,0.010690502453987968
2012-11-15,55.16447067260742,55.57356009611138,54.95992765709726,55.386800479790246,55124200,57.66655559539795,59.79733463634144,58.281438732147215,57.949932441711425,26.137070349568646,0.8493007694685321,0.009830406157533934
2012-11-16,55.404571533203125,55.564649220301675,54.524147646643776,55.20892366534697,70873100,57.409542655944826,59.7018461747603,58.285503164927164,57.957473526000975,29.073841919093866,0.875980228032991,0.009997831495220846
2012-11-19,56.720767974853516,56.765236641380206,55.9915266245907,56.009313412704785,55306400,57.25346775054932,59.6302885575728,58.29471127192179,57.97075653076172,42.557020209732016,0.9115534197455578,0.011643847160857807
2012-11-20,56.738548278808594,56.81858711993356,56.196063177015205,56.70297470664581,52012700,57.16987285614014,59.5701794017445,58.30797526041667,57.98041877746582,42.71544623559693,0.9140946163799281,0.01051514851876903
2012-11-21,56.85416030883789,56.93419575694077,56.56068342919717,56.80079995095343,19611700,57.07693786621094,59.50491679798473,58.32419328689575,57.99087985992432,43.80079243285128,0.8740756624734912,0.010434937585640822
2012-11-23,57.7168083190918,57.734591714896936,57.13874957341811,57.174323149994365,16462900,57.05514926910401,59.456467507102275,58.359765497843426,58.00508007049561,51.22638300112766,0.8670886582461377,0.010892710937539499
2012-11-26,57.96581268310547,58.00138625729624,57.39664906598414,57.57451015197249,26430900,57.05603885650635,59.4136738170277,58.39402128855387,58.019067916870114,53.15063749821949,0.8664532976185184,0.010912453290066241
2012-11-27,57.770164489746094,58.161467041688475,57.6723388517605,57.95692067545517,25828600,57.047146034240725,59.34297679554332,58.42480335235596,58.03009023666382,51.43360667004725,0.8562899064212951,0.01093968931143482
2012-11-28,58.26818084716797,58.312649513407486,57.13874864532245,57.49447762034097,37295800,57.05470561981201,59.28294643055309,58.44941339492798,58.045545768737796,55.3846046652944,0.8245276100152203,0.011095637402227214
2012-11-29,58.61502456665039,58.81956415807628,58.32154763811806,58.57945098880106,41136100,57.09739265441895,59.24357237382369,58.478757031758626,58.06017408370972,57.950320515358776,0.778791589804724,0.011062704546477295
2012-11-30,58.51719284057617,58.66837544199479,58.348220059599186,58.623906778064374,33497400,57.09427967071533,59.20419353138317,58.50286169052124,58.073606700897216,56.95539798233034,0.7413126159359221,0.010612754557528262
2012-12-03,58.40158462524414,59.0241120764211,58.374906137401744,58.97074831576992,28240000,57.1165132522583,59.1594877763228,58.53381821314494,58.08840438842773,55.73759971664885,0.7483004050022792,0.010329304062517
2012-12-04,58.36600875854492,58.49051288690653,57.98360128287251,58.428260822725726,49584500,57.11784763336182,59.09914002852006,58.5589485168457,58.09922622680664,55.34543031604813,0.7336899668085058,0.010228121929837701
2012-12-05,57.7168083190918,58.285971974379926,57.40554800525703,58.27707688399437,54076200,57.08138580322266,59.01699225685813,58.58183921178182,58.10768529891968,48.62233521534104,0.7247964311814558,0.010517004219926514
2012-12-06,58.090309143066406,58.23260342107285,57.38774641157997,57.53892899323835,47512300,57.13252201080322,58.94115184437145,58.60614668528239,58.117216968536376,52.218539459919214,0.7413124719299391,0.009109145559936868
2012-12-07,57.74347686767578,58.437144529118164,57.547825622660795,58.37489247706474,30089400,57.21122646331787,58.85803756713867,58.62185147603353,58.12629514694214,48.80248673801168,0.7305137099870441,0.00840295085134461
2012-12-10,57.91244888305664,58.2148140505635,57.58339844933031,57.58339844933031,33219600,57.2863733291626,58.775900129838426,58.634604358673094,58.134363384246825,50.50140573263526,0.6784244594910517,0.008384191760582025
2012-12-11,58.668392181396484,58.997435962489305,58.26819444673388,58.3126631233522,40750800,57.39976215362549,58.70863571166992,58.64877936045329,58.14523973464966,57.32423143166882,0.7114575406706451,0.008770753554319173
2012-12-12,58.54387664794922,58.97964109723334,58.38379894219663,58.97964109723334,45917700,57.52649116516113,58.63878430453214,58.66154718399048,58.15509601593018,55.95606917547425,0.7273382426201535,0.008576126522842642
2012-12-13,58.081417083740234,58.83734360138745,57.83240886920632,58.42825092326461,45467700,57.663001251220706,58.567153722589666,58.682285118103025,58.159769477844236,51.0798430784106,0.7362313373431597,0.008283561869443214
2012-12-14,57.5300407409668,57.87687456271149,57.3343895010155,57.6901184113847,39630300,57.781279754638675,58.501343952525744,58.69355093638102,58.16296678543091,45.93960814612327,0.7463949367297766,0.00861605117098822
2012-12-17,58.294857025146484,58.31264041788894,57.50336374129328,57.583399186081564,42302900,57.92579402923584,58.458494984019886,58.72020587921143,58.16773582458496,53.00418679421971,0.7692626857774688,0.008962123953121435
2012-12-18,59.18419647216797,59.27312703667444,58.428269711445125,58.588347441543625,55596000,58.04896545410156,58.41661619706587,58.75138994852702,58.17717239379883,59.61326555034876,0.7552890531662487,0.008061525420243123
2012-12-19,58.9262809753418,59.37094049145673,58.89070739985671,59.35315031123131,34832500,58.158352088928225,58.3792649009011,58.77761656443278,58.1882781791687,57.105127546099,0.7502068946442277,0.008184534455512994
2012-12-20,58.9262809753418,59.05968018716943,58.63280406631416,59.03299491683129,40754300,58.26195812225342,58.3435304815119,58.80901600519816,58.202166404724125,57.105127546099,0.7578298045342038,0.00819573558124203
2012-12-21,58.30653381347656,58.37807721356649,57.76997195831042,58.02036703587101,51152900,58.29144439697266,58.29329403963956,58.820766639709475,58.21079183578491,51.11219333801724,0.794051452963634,0.008004303154100523
2012-12-24,58.19028854370117,58.2528873213083,58.05614635661302,58.15451683896066,11418300,58.30266819000244,58.233829428932886,58.83014456431071,58.215788745880126,50.05117208631133,0.7757282995943144,0.00797191883917773
2012-12-26,57.68054962158203,58.288654913758506,57.49275330200975,58.23500077181059,21751300,58.29818744659424,58.16121645840732,58.83128407796224,58.21704460144043,45.58272106893556,0.7639740751986618,0.00818785128103535
2012-12-27,57.591148376464844,57.80577185868373,56.875727672058574,57.734228423691604,52933200,58.264335823059085,58.092960288307886,58.831383005777994,58.217720947265626,44.82682654583917,0.7700588735652525,0.007933139475376405
2012-12-28,57.036678314208984,57.61795659336966,57.009851240560145,57.152934652316645,33082100,58.18541851043701,58.02480995871804,58.832847054799394,58.210281181335446,40.35692240517822,0.7499721911618344,0.008024984986858791
2012-12-31,58.24394226074219,58.35125737417385,56.85782453171366,56.97407745419838,57544000,58.171755981445315,57.996234547008164,58.84525858561198,58.20786205291748,51.65955628200947,0.8115448512494774,0.009469241897727406
2013-01-02,60.09507751464844,60.12191140658499,59.451207386007425,59.674775392866614,70695900,58.25643062591553,58.0068136735396,58.87775185902913,58.2138595199585,63.181107196364266,0.8681864274216302,0.011845145559218362
2013-01-03,59.78209686279297,60.22028834256947,59.60324514693682,60.09509077691904,47366500,58.32723503112793,58.01509801691229,58.910223420461016,58.218500022888186,60.55324982825203,0.8697007874641969,0.01193248618218211
2013-01-04,59.585365295410156,59.808933386929,59.442285264671575,59.808933386929,33972500,58.42066287994385,58.02029023603959,58.94541562398275,58.220077705383304,58.8950584269856,0.8241088867553604,0.011629153484343395
2013-01-07,59.603248596191406,59.7016190924317,59.24553832102271,59.43333468036617,26766200,58.4963098526001,58.01788461858576,58.973736413319905,58.22121391296387,59.00495568964197,0.8033269716613789,0.011576470052585119
2013-01-08,59.48697280883789,59.755257148631905,59.17397896091432,59.59428790930633,28734900,58.5834846496582,57.99800408103249,59.00241835912069,58.22172451019287,57.92064798671481,0.7870413653129447,0.011477163165030335
2013-01-09,59.710540771484375,59.87151001068523,59.51380665490926,59.576405424445475,25600300,58.67338924407959,57.9828351801092,59.030524826049806,58.22397222518921,59.463126994881065,0.7446318789071863,0.011483918599213076
2013-01-10,60.06827163696289,60.15769750670431,59.513827150912164,60.12193261701296,37528000,58.74338321685791,57.98694437200373,59.0552570660909,58.22818552017212,61.87154024676218,0.7563202549209096,0.011218466951555145
2013-01-11,60.148738861083984,60.17556593043828,59.91622622208978,60.04142376091262,21158600,58.823626327514646,58.01854969371449,59.07541294097901,58.227625350952145,62.41250803003963,0.7443533683132831,0.011190548164293195
2013-01-14,59.88046646118164,60.050380364642365,59.62112670112519,59.84469475399225,36768500,58.913578796386716,58.03977890014649,59.099688561757404,58.22528144836426,59.38728585172523,0.6994464499509557,0.011065661368254969
2013-01-15,59.585365295410156,59.674797990223055,59.31708767924156,59.585365295410156,31675300,59.01634502410889,58.06582953713157,59.127269140879314,58.22265645980835,56.162424113245216,0.7218029731707085,0.010870510223659627
2013-01-16,59.826820373535156,60.032499189145305,59.55853594484073,59.665851080869786,33822300,59.09294319152832,58.09998952692205,59.16055669784546,58.22238901138306,58.16420153404735,0.6988073754961245,0.010548390264647378
2013-01-17,60.11296844482422,60.345481088784055,59.96988164153992,60.0682521131093,32024200,59.13938179016113,58.13935220891779,59.19933265050252,58.22412734985352,60.468063762146194,0.669422841826392,0.01007088400012626
2013-01-18,59.97883224487305,60.04143102185467,59.71054787337751,59.93411590870546,31992000,59.192009353637694,58.17320390181108,59.23085721333822,58.22209829330444,58.832506869528444,0.6547310717290488,0.010024388430812438
2013-01-22,60.07719421386719,60.12191054369889,59.67477453639793,60.04142251455263,32123100,59.24955501556396,58.215311362526634,59.25211658477783,58.22064950942993,59.69346291373774,0.5799955835033893,0.010023064199772771
2013-01-23,60.44385528564453,60.62271382096248,60.3276023547545,60.41702821103572,31975700,59.356421089172365,58.249209594726565,59.27680095036825,58.2251482963562,62.81531908025408,0.4848206164499957,0.009700421363814127
2013-01-24,59.61217498779297,60.16661926302434,59.52274232930049,59.61217498779297,42596300,59.42751541137695,58.27930526733398,59.29470252990723,58.223630599975586,52.82163656869865,0.506539885072238,0.01028470606310853
2013-01-25,59.91623306274414,60.08614695172604,59.6837203972039,59.79998014135149,39240100,59.53929958343506,58.30797639326616,59.316542053222655,58.22588932037353,55.60264247905437,0.514205873763356,0.010038203264334038
2013-01-28,60.05038070678711,60.25605949585359,59.85363972750226,59.92518314228867,32926100,59.662261199951175,58.33714613481001,59.34119904836019,58.23359645843506,56.81221296962827,0.5103729449735229,0.010004360177902023
2013-01-29,60.05933380126953,60.19346919444835,59.585363728597116,59.978845742605714,35554700,59.8133939743042,58.391541567715734,59.35691496531169,58.23993278503418,56.89661642475538,0.5122891791259262,0.00963099128283244
2013-01-30,59.93412780761719,60.34549907831585,59.79999241799408,60.16664052089114,34445000,59.897903251647946,58.459991385719995,59.367892551422116,58.2422809791565,55.26985365815867,0.5237869975883852,0.008626475489473012
2013-01-31,59.79997634887695,60.229223125838764,59.746315384690845,59.907284631740154,34870500,59.883148193359375,58.521636199951175,59.37368761698405,58.24847074508667,53.5046914877815,0.5122896679709404,0.0048703492711271576
2013-02-01,60.506465911865234,60.61377421920666,59.97884171733099,60.22029223160526,53120800,59.919366645812985,58.59628802212802,59.385591952006024,58.2614665222168,60.634906389910626,0.5518938223981696,0.005412669809403608
2013-02-04,59.45121765136719,60.327600568836736,59.433328386987235,60.15768667100364,48483700,59.91265926361084,58.658868408203126,59.3872244199117,58.263302383422854,48.637257633522,0.5908599198923987,0.006717638399499485
2013-02-05,60.32759094238281,60.51538725187398,59.56746107365547,59.710541052087414,35120300,59.94887638092041,58.749347964200105,59.39586435953776,58.270272197723386,56.36008761000513,0.626630692647164,0.0074932281790205104
2013-02-06,60.1308708190918,60.40809988667652,59.95201907844587,60.1308708190918,43593200,59.9810712814331,58.83964614868164,59.40168263117472,58.27957614898682,54.38339594268496,0.6253533757847402,0.007522651987758384
2013-02-07,60.18452072143555,60.247119501414836,59.5227543927913,60.20240316310593,46017900,60.004770278930664,58.92655431574041,59.407726256052655,58.28994476318359,54.84849380732034,0.6400465467400716,0.007485836377560062
2013-02-08,60.80155563354492,60.92675317650452,60.47961714514758,60.48856177614595,39837200,60.04143447875977,59.000750454989344,59.4176557858785,58.30605281829834,59.91106763852497,0.6643188241416615,0.0077099741235324365
2013-02-11,60.8194465637207,60.86415607443007,60.613760981642955,60.83732900345353,17650400,60.0749698638916,59.074948605624115,59.42182229359945,58.32379861831665,60.05093411145019,0.6502659016763873,0.007708490348687251
2013-02-12,60.56905746459961,60.85522428792487,60.506458685208315,60.73896453851585,22057900,60.1093994140625,59.142492190274325,59.42168537775675,58.33268356323242,57.050948431260316,0.6362120442207632,0.007697045809416326
2013-02-13,60.78367614746094,61.01618880543434,60.604817632575745,60.7479044444839,23494700,60.16931495666504,59.1982534235174,59.42259775797526,58.340916309356686,58.94420999729882,0.6023562145415268,0.0076094106026504925
2013-02-14,60.765785217285156,60.855217883651235,60.47068061564251,60.50645231763803,24478800,60.21626319885254,59.24916201504794,59.42535657882691,58.34729009628296,58.71186517596577,0.595968021975502,0.007580373554565175
2013-02-15,60.58692932128906,60.90886779413026,60.41701545430231,60.75684318827582,25333600,60.23996124267578,59.300375921076,59.424555746714276,58.35489297866821,56.32172792887028,0.6023560627952607,0.007563905220555726
2013-02-19,61.02509689331055,61.04298614746389,60.685276114662265,60.703158546064216,23436500,60.292274475097656,59.35050166736949,59.43154443105062,58.36420013427735,60.55794452413709,0.5914954456755177,0.007684356222980426
2013-02-20,60.086151123046875,61.03407746895328,60.07720649070188,61.007250394673726,38200300,60.29272232055664,59.37724942294034,59.42760499318441,58.36797204971313,49.48274723181574,0.6208786112419199,0.008497377170984633
2013-02-21,59.442283630371094,59.925191513505574,59.22766017878571,59.86259272251165,45855600,60.24264373779297,59.394069255482066,59.41748704910278,58.371665458679196,43.59489795787207,0.647705982892866,0.008695870060490609
2013-02-22,60.041446685791016,60.05039131990905,59.54959415065038,59.78210687842202,21968000,60.26410732269287,59.42388492931019,59.41236213048299,58.385654029846194,49.604279146890164,0.6330138271220268,0.008456407275030671
2013-02-25,59.299198150634766,60.64060669385412,59.245543992188125,60.42598323731089,40927600,60.233255577087405,59.44085200916637,59.40105180740356,58.3956658744812,43.431195600102704,0.6560084826068834,0.00883768388975177
2013-02-26,59.52276611328125,59.63008125270062,58.98620406169769,59.37968608347874,42088800,60.20687484741211,59.47368760542436,59.3967035929362,58.4078572845459,45.626113555171926,0.6259875962137501,0.008869057738325855
2013-02-27,60.1308708190918,60.49752575699948,59.44228411257276,59.522765349036455,36339500,60.210451698303224,59.51078872680664,59.39409748713175,58.42397396087647,51.175357785813745,0.6687847987991843,0.009182237253612818
2013-02-28,60.00566864013672,60.5780023536754,59.99672400696254,60.13981084672523,28557300,60.2140287399292,59.55191948630593,59.390965398152666,58.44003971099853,50.04294559872819,0.6585643158055647,0.009182205424352174
2013-03-01,60.256065368652344,60.363380501291324,59.504879908448146,59.799991406138176,31617200,60.23683319091797,59.59453069513494,59.39043706258138,58.45740163803101,52.31554014992053,0.6668691827894365,0.009208158636859217
2013-03-04,60.52430725097656,60.533251878099044,59.97880098327967,60.059288981879114,19380500,60.237725257873535,59.628274605490944,59.38098545074463,58.478759059906004,54.69331144386273,0.6885874543631694,0.008869624532792395
2013-03-05,61.41861343383789,61.499094654903764,60.882051491799594,60.882051491799594,35581900,60.33609504699707,59.68054254705255,59.37972513834635,58.50551700592041,61.57307044426098,0.7333032973067871,0.008440640954556645
2013-03-06,61.266597747802734,61.624308035649456,61.186109692228,61.60641876874118,29071100,60.38304538726807,59.738454922762784,59.38377513885498,58.53341716766357,59.907813598162896,0.7326652260629817,0.007897078013832666
2013-03-07,61.427574157714844,61.52594466884604,61.2129438664702,61.338141458317715,21775900,60.447880554199216,59.80931916670366,59.389979680379234,58.56800575256348,61.10735813859839,0.7275554785177754,0.007847233526263648
2013-03-08,61.49909591674805,61.72266396574747,61.257645425841055,61.633238110698784,26159900,60.51360931396484,59.867578055641864,59.3953021367391,58.606490993499754,61.65628123085796,0.7256387785233801,0.00784709636739657
2013-03-11,61.67796325683594,61.695845701297024,61.2308270949888,61.41862346423383,23187900,60.55742969512939,59.912919269908556,59.3952423731486,58.63835018157959,63.06043097721543,0.7262789056757656,0.0075634837074333335
2013-03-12,61.45436096191406,61.642157226605725,61.15924962193321,61.499070459553465,27575400,60.589175415039065,59.95888436057351,59.3887375831604,58.669401016235355,60.09760430063285,0.694981952579432,0.007626244053607229
2013-03-13,61.3738899230957,61.606402572482175,61.15926653591444,61.53485916917027,34297300,60.62941703796387,60.00338634144176,59.38134056727092,58.699518604278566,59.022829752035896,0.6655994591727585,0.00756144011672332
2013-03-14,61.57958221435547,61.713724404498734,61.44544002421221,61.588526846433076,31530800,60.669212341308594,60.06289631236683,59.37521406809489,58.73247844696045,60.94545603987617,0.6464370871631208,0.007557746044773403
2013-03-15,61.40838623046875,61.659360871353044,61.256002908320944,61.62350637429156,30752600,60.70134239196777,60.12140717939897,59.36670055389404,58.764936180114745,58.48585865818583,0.575601034403557,0.007594922331239555
2013-03-18,61.27395248413086,61.52492720246129,60.70925936788738,60.84370522517284,36163000,60.735693550109865,60.18674177689986,59.35758403142293,58.79322696685791,56.555676464204694,0.5878717946586275,0.0075785005952133215
2013-03-19,61.15739822387695,61.57867308555272,60.610629230639205,61.462151124477884,33125100,60.742308616638184,60.25158268321644,59.34734814961751,58.82327960968018,54.865049678472374,0.58164338112197,0.00743103431740051
2013-03-20,61.5876350402832,61.72208765787032,61.30080598075131,61.5876350402832,28035400,60.8173828125,60.33432735096324,59.343735949198404,58.856677799224855,59.65888927267584,0.5804584587848629,0.006612470856569621
2013-03-21,60.888526916503906,61.175356151658384,60.74510887965246,61.02297961641503,30050800,60.88969497680664,60.38241070834073,59.34156052271525,58.89387971878052,50.30843342186721,0.5793174279125459,0.006674282372321609
2013-03-22,61.480064392089844,61.524884205561285,61.06774809461749,61.13945706075444,28837200,60.96162586212158,60.407592287930576,59.348464806874595,58.93200445175171,56.51835586418758,0.585167884643832,0.006649267686916804
2013-03-25,61.25600814819336,61.811742642365026,60.960220489589936,61.67728997651984,24909800,61.05946636199951,60.43439067493785,59.346535460154215,58.96790290832519,53.777035356209616,0.5763632238472525,0.005963387528316734
2013-03-26,61.5876350402832,61.60556570318506,61.35458429236848,61.489036909955594,19725200,61.16270980834961,60.47079557939009,59.351594066619874,58.99926620483399,57.09417621200996,0.5700317389594127,0.006005443736703995
2013-03-27,61.66831970214844,61.713132689840066,61.076730820837916,61.16636363476653,22539500,61.239582252502444,60.50834232677113,59.358066113789874,59.03213886260986,57.886053672597406,0.5931318151470063,0.005662996690184271
2013-03-28,61.82070541381836,61.901372906852835,61.524910928932535,61.668328923500106,23662800,61.33033409118652,60.550773828679866,59.364325841267906,59.06311922073364,59.40976011085748,0.5868063464337122,0.005612083100009863
2013-04-01,61.39942932128906,61.92826783878009,61.22912214651541,61.86552416994984,28112800,61.38750228881836,60.581480893221766,59.36381406784058,59.09668235778808,53.63263530745591,0.6035297097163159,0.005869171145958364
2013-04-02,61.8834114074707,62.08956610098924,61.6413953985932,61.69518053308943,29431900,61.455457496643064,60.614483434503725,59.365556971232095,59.129347553253176,58.61201650684586,0.615774220058991,0.006024773684047186
2013-04-03,61.31876754760742,62.008947969199454,61.16638419031899,61.919315125148856,35131200,61.45046520233154,60.63575668334961,59.36533638636271,59.16109176635742,51.643948123774145,0.6440190587956144,0.005524823989544576
2013-04-04,61.336666107177734,61.48904256313168,61.00501719844429,61.29184628434665,32287400,61.453968620300294,60.66223304054954,59.36993405024211,59.19190803527832,51.83940266291288,0.6543184076016401,0.005495913264503677
2013-04-05,60.82575225830078,60.91538506641145,60.22520492155987,60.36861604682797,55610800,61.42387752532959,60.68478553078391,59.378352069854735,59.21674228668213,46.110058914603336,0.7048972092149087,0.005767148656677673
2013-04-08,61.1484375,61.166361326691245,60.67337744941361,60.85264307050637,17891600,61.40634460449219,60.708814933083275,59.39197883605957,59.240573959350584,49.877881310781525,0.6818483551223176,0.005901898908924783
2013-04-09,61.560752868652344,61.811727469398235,61.03190766975637,61.30977826790645,30931400,61.40048408508301,60.73513828624379,59.41059796015421,59.263540763854984,54.276878548050725,0.6684037797457708,0.006070433061350056
2013-04-10,62.76184844970703,62.89630108446546,61.74001936721509,61.775873859053675,55271300,61.465858459472656,60.78573858087713,59.43944842020671,59.29229131698608,64.14806933775151,0.7234651213043247,0.007414442287342044
2013-04-11,62.73495101928711,62.87836896773277,62.53775475944641,62.60946373366924,37233600,61.533911514282224,60.83406143188476,59.464443365732826,59.328001747131346,63.81580796601966,0.6876142675654405,0.00740211221609564
2013-04-12,62.69013595581055,62.73494893430233,62.21507598482513,62.58257249805115,32783700,61.58943920135498,60.874902898615055,59.48202447891235,59.36056171417236,63.228176789243484,0.6792941065229121,0.007393522903482811
2013-04-15,61.45321273803711,62.555716539871995,61.38151056669106,62.457118360905156,48795800,61.5916805267334,60.90837631225586,59.489594332377116,59.39234645843506,49.64121464034932,0.7119443376903689,0.008696686910243265
2013-04-16,62.268882751464844,62.34059175607563,61.67729372124646,61.802781060041795,27682600,61.6414270401001,60.95115176114169,59.50981613794963,59.4264803314209,56.30871386903864,0.7503601564794279,0.009159986208536393
2013-04-17,61.04985046386719,61.74899608729031,60.691312317906366,61.73107225733811,60204800,61.63604965209961,60.96932393854315,59.531811173756914,59.452834148406986,46.41740093017398,0.8175864825191655,0.01022923687058931
2013-04-18,60.20728302001953,61.24704289336679,59.947343051682715,61.211188397194896,56798200,61.56703205108643,60.972013924338604,59.54426469802856,59.4780788230896,41.04998242763996,0.8835320442165779,0.010527646634758062
2013-04-19,61.03190994262695,61.15740408621837,60.234166286885426,60.32380593781433,43062800,61.57420120239258,60.9919735995206,59.5682591120402,59.498756084442135,47.454122305409506,0.9014588566404466,0.010729367595122661
2013-04-22,61.65935516357422,61.883440620555426,61.022953286373046,61.24703874335425,34412100,61.5831657409668,61.025780487060544,59.59918689727783,59.52172817230225,51.7493212725985,0.9136267533891755,0.01075655062147813
2013-04-23,62.25095748901367,62.47504301897923,61.686264415377615,62.00894812561184,53078300,61.632913208007814,61.05749851573597,59.635044701894124,59.54526391983032,55.447244931394486,0.9117070445695005,0.0109136897732912
2013-04-24,62.224037170410156,62.4481225881992,61.955138772189855,62.09854988353183,44500700,61.66473331451416,61.10791341608221,59.66927010218303,59.5684877204895,55.2397815399159,0.9123469339496398,0.01086355341659933
2013-04-25,62.55569076538086,62.78874153223868,62.376418314511476,62.38538364669113,26437100,61.709101867675784,61.1484243219549,59.70922349294027,59.596961212158206,57.35668780587094,0.8732928751075443,0.010915026784509285
2013-04-26,62.3585090637207,62.537774717945005,62.0896037438379,62.40332889654996,24079800,61.7359920501709,61.18892683549361,59.7407156308492,59.624980964660644,55.670894915311536,0.8713716711264959,0.01094133004006849
2013-04-29,62.93218231201172,63.17419852510253,62.528831074924334,62.55572024559043,31664000,61.81262969970703,61.23888431895863,59.7821762084961,59.658662452697754,59.40885080630052,0.8739337898222078,0.010964573823479838
2013-04-30,63.389312744140625,63.39827807969887,62.779799858579764,63.01285071326262,30135800,61.88792476654053,61.28593444824219,59.82425947189331,59.69618146896362,62.14787397048345,0.8227145044869211,0.01094585552696401
2013-05-01,63.09349822998047,63.50581463392458,62.968010926108136,63.407216489661295,28537200,61.97666130065918,61.32728084217418,59.862988249460855,59.73483745574951,59.35663108027918,0.8367994687390699,0.010767205060151332
2013-05-02,63.8912467956543,64.02569944259285,63.14728140933386,63.2010665712367,31744200,62.10439033508301,61.387684284557,59.919852097829185,59.77326992034912,64.04633817878047,0.8662513386069557,0.011045944270354657
2013-05-03,64.64418029785156,64.84136977149726,64.45594931945386,64.50972764512578,34061700,62.295311737060544,61.45787526910955,59.99047536849976,59.81626512527466,67.82042274622096,0.8406440233729181,0.010961687132008296
2013-05-06,64.89517211914062,64.99377030134403,64.70694109090172,64.76071943081347,19244300,62.48264846801758,61.53295503096147,60.06118920644124,59.85905216217041,68.98903752760448,0.802230522333914,0.010951278613571022
2013-05-07,64.85932922363281,65.0475602855674,64.61731297361048,65.00274043525243,25838100,62.6475772857666,61.6106350291859,60.13167848587036,59.89784679412842,68.60587717712524,0.7202788707909455,0.010942767836200224
2013-05-08,65.17302703857422,65.22680537109676,64.71589069649197,64.82345420008393,24252100,62.768136215209964,61.68605194091797,60.20804290771484,59.93506175994873,70.1675241521238,0.6639370731424253,0.010222429933261635
2013-05-09,65.08338928222656,65.52259492121709,64.9579019568007,65.04753478374113,29337200,62.885558128356934,61.77691081653942,60.289144357045494,59.975641746521,69.1096419239704,0.6364064944436792,0.01023614254648651
2013-05-10,65.47775268554688,65.50464183776603,65.1012840388487,65.21781281652281,20663700,63.02493896484375,61.88664661754262,60.375088373819985,60.02165203094482,71.1690855026556,0.6050325816834713,0.010257503881009053
2013-05-13,65.55845642089844,65.71979826203994,65.30748174324432,65.37022541265786,29730100,63.230201148986815,61.98695588545366,60.459704081217446,60.070282745361325,71.58656240236736,0.5762203433542291,0.008873223823341669
2013-05-14,65.89904022216797,66.09623649466546,65.54946749857498,65.57636349454296,36009800,63.411709022521975,62.10695301402699,60.5361896832784,60.12247867584229,73.34098103254323,0.5800621419314531,0.008572994470865437
2013-05-15,66.03349304199219,66.09623668901273,65.6122113383351,65.77355312189431,27214400,63.660891151428224,62.22532986727628,60.61364755630493,60.1716667175293,74.02289687296908,0.5742993554206747,0.006765995561451314
2013-05-16,65.96177673339844,66.41891287577748,65.92592908640829,66.08727085203948,27253400,63.948615837097165,62.33134633844549,60.689544359842934,60.21384525299072,72.9510059433965,0.5762205531225482,0.005486289591579503
2013-05-17,66.59821319580078,66.62510236157694,66.08729853041375,66.30241869516966,31114500,64.22693099975587,62.45121078491211,60.76355606714885,60.25942766189575,76.23926615520415,0.565337422179453,0.0051997986690174285
2013-05-20,66.49959564208984,66.71471574413114,66.23069038562966,66.47270648415277,25132400,64.46894302368165,62.56472951715643,60.83467092514038,60.30460571289063,74.7234181906333,0.5557336462781944,0.005163052880454736
2013-05-21,66.57132720947266,66.8133434149713,66.23071966080717,66.46377053018237,25900000,64.68496150970459,62.67467533458363,60.90801394780477,60.35098489761353,75.11105429161421,0.5589350781601722,0.005008715205529987
2013-05-22,65.98870849609375,67.18083830321905,65.64809411816002,66.65199974165522,59843200,64.87319507598878,62.75776797207919,60.97235167821248,60.395470733642576,66.22720661769196,0.601831004763504,0.005646227065952822
2013-05-23,65.8363265991211,66.06041213123322,65.28059885615359,65.40608620705257,48222100,65.03722686767578,62.84085395119407,61.03252919514974,60.43378524780273,64.09202478000856,0.5896660261375521,0.005734909873020959
2013-05-24,65.80046081542969,65.81838464410278,65.21783722463915,65.39710286555353,26430300,65.20932445526122,62.92036098133434,61.093223094940186,60.46970346450806,63.5725082048703,0.6088731240653716,0.005626489348606425
2013-05-28,66.23069763183594,66.81332119221383,66.02454283940016,66.5713050672121,27057100,65.37425022125244,63.006390103426845,61.15846570332845,60.50533411026001,67.0254281632838,0.6504883429816023,0.0054947431814205226
2013-05-29,65.9169692993164,66.15002005561632,65.54050742736268,65.97074761286852,32090300,65.50063304901123,63.08346294056285,61.221390374501546,60.53952922821045,62.38191383565063,0.6632937379722067,0.005609459692542354
2013-05-30,66.26656341552734,66.58028174347194,65.92595592212272,65.94387975291386,32390500,65.65928630828857,63.17095753062855,61.29263833363851,60.57458543777466,65.2693670006376,0.6703379865250026,0.00542855679999103
2013-05-31,65.65703582763672,66.51752312161241,65.58532684350247,66.01557390976288,38347600,65.7475757598877,63.248832910711116,61.35569438934326,60.606416625976564,57.04752718169523,0.7068339667086079,0.005471042111722457
2013-06-03,65.77359008789062,65.79152076199938,64.92206770853379,65.66603339743203,47613100,65.80404624938964,63.325087599320845,61.422611999511716,60.63812118530274,58.13356527343217,0.7394865763278915,0.004896667226416191
2013-06-04,65.43293762207031,66.16793746976278,65.16403240327442,65.90799758187175,35251900,65.83093452453613,63.39826126098633,61.4852827390035,60.66798944473267,53.84812414725669,0.7721391527848829,0.005021643539046374
2013-06-05,64.58141326904297,65.4687895142548,64.52762812428767,65.2178149672085,48654200,65.81703872680664,63.458396911621094,61.53455791473389,60.69284645080566,44.931684151889534,0.8047917270198468,0.005853440879234995
2013-06-06,64.89517211914062,64.90413745530851,64.06157365776956,64.67108658477795,62524100,65.80314598083496,63.52635643698952,61.58748537699382,60.71572498321533,48.326911992635175,0.8297617276034016,0.005854427876529713
2013-06-07,65.78250122070312,65.85421018095359,65.00268166470079,65.16402340599289,31969800,65.83810157775879,63.60262673117898,61.65166107813517,60.741710052490234,56.49593931695141,0.8508840442915775,0.006612959795929357
2013-06-10,65.80941772460938,66.11417751307471,65.66600658304297,65.90801587630001,25390000,65.85468482971191,63.69209747314453,61.720655886332196,60.76738618850708,56.71945974187219,0.8483230136865956,0.006484890348515001
2013-06-11,65.15508270263672,65.73769935773707,64.93099726958437,65.15508270263672,40278900,65.83451614379882,63.75891598788175,61.77782443364461,60.790987968444824,49.99468892904143,0.8694513494623725,0.006867977098580007
2013-06-12,64.40216827392578,65.55845021964124,64.30357011152432,65.53156105508566,42081900,65.75967254638672,63.8161188992587,61.821307531992595,60.80958366394043,43.59045815000462,0.849603915395079,0.007178708155597076
2013-06-13,65.21785736083984,65.36126855014079,64.13328416978726,64.31254986605045,28221500,65.7188907623291,63.88212294145064,61.87373733520508,60.83474067687988,50.92491383850418,0.8816161372003576,0.0077921369323134485
2013-06-14,64.78759002685547,65.28953929158904,64.6889918729191,65.21783713844556,27690700,65.66018142700196,63.9388369473544,61.922581577301024,60.8558842086792,47.42226937216924,0.8803345689280714,0.007907118129964953
2013-06-17,65.41502380371094,65.79148569676815,65.07440956266836,65.29849499975644,32441900,65.60102195739746,64.004188190807,61.981818993886314,60.87967714309693,52.547773109206815,0.8796942327229667,0.007909635533878101
2013-06-18,65.95282745361328,66.07831475123928,65.48672591510689,65.5046565796505,24853100,65.57368354797363,64.08697724775834,62.046506818135576,60.90615909576416,56.46529024648897,0.8777728572269012,0.008163411116319028
2013-06-19,65.21785736083984,66.04249050532724,65.14614834691538,65.97078149140278,43145100,65.50601005554199,64.1476035378196,62.109317715962725,60.928966197967526,50.34789891235806,0.8944178368166382,0.008498983858612556
2013-06-20,63.667179107666016,64.68005007068129,63.452058915625045,64.46492304009273,60908400,65.3899335861206,64.19030192982066,62.159951305389406,60.94707933425903,40.40236322938308,0.9539608487526995,0.009787384782227794
2013-06-21,63.32905960083008,63.81461618205618,62.79854140905063,63.64377029416775,51558900,65.26457023620605,64.22652726606889,62.212387816111246,60.96150661468506,38.61136483866723,0.9644338287198393,0.00981947594959063
2013-06-24,62.69965744018555,63.18520731012056,62.17813278263377,62.80755436231301,41492300,65.10953006744384,64.26059826937589,62.24951877593994,60.97309730529785,35.460192192327,0.9749353824132646,0.009974999751027952
2013-06-25,63.15822219848633,63.409990786982526,62.77157562038731,63.30209388344388,28897400,64.95590629577637,64.29713980934837,62.275044981638594,60.98729108810425,39.34425391460839,0.9584476650439687,0.010012842376785874
2013-06-26,63.72470474243164,63.841595334647494,63.4729293081389,63.69772365790879,23742300,64.84629306793212,64.33648438887163,62.30790004730225,60.997622108459474,43.840520653361196,0.9470769035169836,0.01030385394876574
2013-06-27,63.99445343017578,64.39908737323951,63.95848551122484,64.05739557329515,23545000,64.73268756866455,64.35889538851652,62.34464244842529,61.0097451210022,45.89715787206064,0.9267443727309056,0.010268610307980599
2013-06-28,64.08441162109375,64.46207158646257,63.65281003236304,63.796674941878756,28301100,64.6540563583374,64.38343103582208,62.38198547363281,61.02626419067383,46.59949565557804,0.9525365601643193,0.01013355374373251
2013-07-01,64.48003387451172,65.01055229986868,64.4170917081319,64.5160018067547,24942800,64.58937854766846,64.41597463434393,62.42359431584676,61.045249214172365,49.69251906218158,0.9559451475750278,0.010247742217454689
2013-07-02,64.50701141357422,64.90265182833548,64.15633263146563,64.45306294253658,23067900,64.54308223724365,64.47149824662642,62.46356490453084,61.06348226547241,49.905594493336984,0.9196193682002368,0.010202283311246514
2013-07-03,64.76775360107422,65.07347751541145,64.21925478256375,64.27321009696433,18847500,64.55239925384521,64.51693226207387,62.50272725423177,61.07889535903931,52.02077619345536,0.8929221076641062,0.009821265941472626
2013-07-05,65.26229858398438,65.28927280887052,64.6148897459998,65.13641429439619,28795900,64.5707555770874,64.59352222789417,62.54534025192261,61.09403217315674,55.83023047308044,0.8981960822498765,0.009909980012895643
2013-07-08,65.32525634765625,65.63097344970005,65.08247454527474,65.60399921836454,20558500,64.54789333343506,64.68657628839667,62.59071350097656,61.10935079574585,56.30585145440728,0.8656677418579218,0.009403818832771369
2013-07-09,65.72087860107422,65.86475029049947,65.32524517551425,65.63096222527331,26108600,64.5434663772583,64.77183026400479,62.64184277852376,61.126381378173825,59.27360570536001,0.8568258966762704,0.009510607131167196
2013-07-10,66.09852600097656,66.1974360539238,65.6219631241463,65.65792417960125,25598900,64.5906385421753,64.85254246104847,62.69410699208577,61.14472396850586,61.93163263457801,0.83390666605953,0.009293997160748486
2013-07-11,67.41133880615234,67.46528726132175,66.76392990339967,66.80889152282748,47768900,64.74109706878662,64.94636757590554,62.754926745096846,61.1699409866333,69.40663938972513,0.8054040099974148,0.009746807750602339
2013-07-12,67.70809173583984,67.75304651016327,67.27648336920497,67.45631618686318,31412600,64.86560878753662,65.04607765891335,62.8193372408549,61.19655292510986,70.80227869234014,0.7668674648511831,0.009456494363032477
2013-07-15,67.86091613769531,67.9058708893766,67.59116018689238,67.77998660838291,19783600,65.01927509307862,65.14253630204634,62.88420159022014,61.22575201034546,71.5227657531542,0.7071377423003194,0.009241676843939109
2013-07-16,67.77100372314453,67.96881699039055,67.60015782033562,67.91486854115793,31747100,65.13707408905029,65.24094529585405,62.94526116053263,61.258859138488766,70.42174464200194,0.6827324439616014,0.009109422898278645
2013-07-17,67.94183349609375,68.10368568188844,67.75300708936301,67.9778014107346,24631500,65.23652439117431,65.33202986283736,63.01467498143514,61.2953105545044,71.32494518382344,0.6589685479876201,0.008986619352736657
2013-07-18,67.77100372314453,68.10369497365132,67.66309996450009,67.9328559310216,36278800,65.36418170928955,65.41169697154652,63.080131403605144,61.326727924346926,69.05410880230701,0.6422694321550024,0.008542511982364975
2013-07-19,67.06963348388672,67.20451145488363,66.87182023462697,67.18653092683405,37732400,65.53430442810058,65.48399033979936,63.13862517674764,61.35717308044433,60.53284627327548,0.6486924274705765,0.006754006085913734
2013-07-22,67.26744079589844,67.42030612604135,67.06063389186899,67.32139609013952,21135900,65.73122348785401,65.54537568525835,63.19869273503621,61.38905191421509,61.958619263885645,0.6082303957132505,0.006490406026970144
2013-07-23,66.77294158935547,67.40236326984447,66.7189862594694,67.39336957149982,24739500,65.9348876953125,65.58408043601297,63.25568284988403,61.41756893157959,56.466806249615765,0.6037345252493377,0.006238992317953081
2013-07-24,66.98873901367188,67.45630840173041,66.83588045028557,67.429334168213,24426900,66.12641353607178,65.62214528864081,63.31558920542399,61.44520841598511,58.20771292459395,0.5915305309298547,0.006162620854389317
2013-07-25,67.41133880615234,67.49226148890645,66.95275635667254,67.30343503563358,23162200,66.31074523925781,65.66854546286844,63.373129812876385,61.473893795013424,61.45824291031749,0.581896393027226,0.006053973654477704
2013-07-26,67.77100372314453,67.77999055789716,67.0336785228555,67.14157542132074,20885600,66.49957275390625,65.7157814025879,63.44246136347453,61.50602262496948,64.02294612359968,0.5960259023569654,0.006072377676323715
2013-07-29,67.64512634277344,67.92386917251295,67.46528672666737,67.63613264692316,20958400,66.67760848999023,65.76235844005238,63.50344082514445,61.5403235244751,62.45649264891907,0.5902457117041341,0.006157553407741794
2013-07-30,68.00477600097656,68.29251245948765,67.75300745730165,67.88788542289272,24104600,66.85384559631348,65.80830431851474,63.56905670166016,61.58126945495606,65.08500751313699,0.5953823679139002,0.006135242267481827
2013-07-31,68.13067626953125,68.52631656544507,68.00479196813683,68.13966996539654,25007600,67.03502883911133,65.85507195212624,63.63527466456095,61.62435670852661,65.98286018199408,0.5350094610655661,0.0061157467208577095
2013-08-01,68.82306671142578,68.92197681403837,68.52633640358799,68.59827227097567,16880000,67.2377944946289,65.90823607011275,63.70212059020996,61.671839752197265,70.47894135472987,0.5574907041761961,0.006332870786502523
2013-08-02,69.20967864990234,69.22765917762423,68.67916046969748,68.83202582613659,18105300,67.4351634979248,65.96598489934748,63.77203919092814,61.72138917922974,72.65246057792844,0.5741898474220913,0.006271911772944073
2013-08-05,69.25465393066406,69.30860925018234,69.03885323313244,69.17373124165739,15462800,67.63163337707519,66.02585539384322,63.844419161478676,61.768984661102294,72.90240623295568,0.567125336493161,0.006277574093976951
2013-08-06,68.84100341796875,69.22764988377719,68.56226068454086,69.16470775493292,23675400,67.78763961791992,66.06663339788264,63.911563555399574,61.810287666320804,66.85070226379952,0.5915335260358593,0.006534639586369274
2013-08-07,68.71513366699219,68.8500116458981,68.22059022457577,68.6431978302185,20281200,67.9184700012207,66.10691590742631,63.9778081258138,61.85113918304443,65.08035598764408,0.6050211269052242,0.0065464497869922545
2013-08-08,69.05682373046875,69.21867592906277,68.60723505217189,69.09278478777514,19994000,68.00074424743653,66.1521067532626,64.04839057922364,61.89721197128296,67.58954316967714,0.584468083217604,0.005088128369335036
2013-08-09,68.77809143066406,69.18272545928619,68.58027126469509,68.9399436700768,18558500,68.05424423217774,66.20282280661843,64.11299886703492,61.949050197601316,63.57627688902037,0.6018096518189425,0.005159635237226266
2013-08-12,68.93991088867188,69.06579514166957,68.5083096955876,68.51729652781795,20515900,68.10819396972656,66.25925161188299,64.18678019841512,62.00018545150757,64.8800455468186,0.5928173972265783,0.005161104336517521
2013-08-13,69.32659912109375,69.47945768326022,68.5353252167778,69.02986883440724,23917000,68.18597373962402,66.32336321744052,64.26914949417115,62.056055545806885,67.84226075389226,0.6114435153771122,0.005242973824170245
2013-08-14,69.06583404541016,69.3985322501235,68.96692395374352,69.29962215845686,29921000,68.24217376708984,66.37491115223278,64.34435272216797,62.11164461135864,63.92649495041794,0.6037365985304025,0.005343647077238444
2013-08-15,67.89691162109375,68.32851308539281,67.69909142488102,68.29254515333763,39406600,68.2484691619873,66.41091010353782,64.4160003344218,62.16138906478882,49.995848040277956,0.6480530689223646,0.006634538238627469
2013-08-16,67.86991882324219,68.22059748963525,67.75302136099135,67.90587988527967,23825000,68.28848342895508,66.44006202004172,64.48555994033813,62.21015371322632,49.72636959026769,0.6486954748365302,0.006165105593649009
2013-08-19,67.75298309326172,68.4543400299127,67.7350025723986,67.87886731983109,29586900,68.31276054382325,66.478170152144,64.54907754262288,62.26011220932007,48.50660781889332,0.6538348563222363,0.006160373141047403
2013-08-20,68.04975128173828,68.36446202456183,67.82495691398151,67.87890536698563,18842800,68.37660102844238,66.51955490112304,64.61611156463623,62.30746370315552,51.74189841713402,0.6602590253816365,0.005940290679182454
2013-08-21,67.81594848632812,68.41839561459972,67.56417994676258,67.83393587354178,30705100,68.4179615020752,66.56288237138229,64.67911059061686,62.35675888061523,49.12331452010993,0.6647529627623519,0.005993200526085855
2013-08-22,68.48137664794922,68.52633141665856,68.07674256847669,68.11271049955302,17269500,68.47146339416504,66.6337907964533,64.7454195022583,62.40746915817261,55.95539555144238,0.6763161215054723,0.006215001034948109
2013-08-23,68.93991088867188,69.02982723221633,68.69713607508413,68.96688510571748,20697300,68.5299087524414,66.70733150135388,64.80809698104858,62.45993848800659,59.946808016908086,0.6962228763067019,0.006274340006337951
2013-08-26,68.97589874267578,69.48842959527371,68.83203392344124,68.99388613269214,27525500,68.59644737243653,66.76539327448064,64.87234115600586,62.519480056762696,60.2512650897321,0.693651621000221,0.006242296484569053
2013-08-27,67.56417083740234,68.49931590126329,67.40231867519223,68.15763105223184,40068900,68.57441711425781,66.79729787653143,64.92347946166993,62.57645397186279,45.60616811130578,0.7610915242974505,0.007776353927789401
2013-08-28,67.824951171875,68.11268766383651,67.48326623147666,67.48326623147666,20490400,68.559130859375,66.8458409396085,64.97619492212931,62.633531169891356,48.11502680026076,0.762375849688091,0.007818397886466455
2013-08-29,68.30154418945312,68.64322928040916,67.70809041461558,67.80700052045219,27287900,68.53305473327637,66.91673868352717,65.03139142990112,62.69303581237793,52.43309011023446,0.7861390404882675,0.007628881615803546
2013-08-30,67.86091613769531,68.37344695607786,67.61813440993691,68.37344695607786,26228500,68.46561660766602,66.9647942976518,65.0847793896993,62.75229391098023,48.42083248651833,0.8002695476353371,0.007609100206486872
2013-09-03,68.24758911132812,68.7331458947504,67.92388458904661,68.41842821017899,27241500,68.41526336669922,67.02770337191495,65.14206021626791,62.81677577972412,51.899323617552334,0.7951336398190989,0.007747635892700919
2013-09-04,68.97589874267578,69.09278933706504,68.27454145598169,68.4813552800942,27142900,68.42200813293456,67.0924465526234,65.20369618733724,62.88583292007446,57.68750491836462,0.8246759204874518,0.008040240254473802
2013-09-05,69.09278869628906,69.29060882355878,68.9938854928334,69.02085971742851,17809700,68.44089088439941,67.14953675703569,65.26773287455241,62.95427400588989,58.54962006356465,0.7495307390841565,0.008033694188267632
2013-09-06,69.17371368408203,69.5423728296185,68.38244008718569,69.32657218686109,27715100,68.44673538208008,67.22146141745827,65.33356421788534,63.01653873443603,59.16987114369867,0.7989847829262219,0.007962100429473554
2013-09-09,69.98296356201172,70.09985412908198,69.44345861065857,69.47043282919957,25161900,68.50697898864746,67.33629386208274,65.40711059570313,63.08276081085205,64.83639913888359,0.8137564248894965,0.008300545572228056
2013-09-10,70.32466125488281,70.4235713143555,70.06389899447109,70.38760339634918,27619400,68.576216506958,67.46348661942916,65.47991914749146,63.150113315582274,66.92375536127834,0.8015513406783299,0.008342990542381532
2013-09-11,70.18978881835938,70.23475043446139,69.76717432364637,69.85709755585042,28132900,68.61937599182129,67.59967082630504,65.55742966334024,63.212478218078616,65.27662948089886,0.7803564309211372,0.008295100354225043
2013-09-12,70.14483642578125,70.360637097947,70.00096473755096,70.20777857433708,18332700,68.67332611083984,67.72670017589222,65.62963609695434,63.27337333679199,64.70502087109033,0.7553056759258234,0.008236861621107256
2013-09-13,70.18978881835938,70.26172466005083,69.81213593974839,70.2167630439488,16932500,68.78796997070313,67.84424715909091,65.70408426920572,63.33547145843506,65.03475379514683,0.7482441142140611,0.0071053295464123456
2013-09-16,70.00096893310547,70.78325584934028,69.83911670423551,70.78325584934028,25704300,68.89452247619629,67.95345653187145,65.77419538497925,63.39413539886475,62.39782479970149,0.7687972194477969,0.007159003872738793
2013-09-17,70.46854400634766,70.55846038541117,70.11786532587398,70.1538263893554,27174300,69.03030052185059,68.06953166614879,65.84753058751424,63.45340299606323,66.06696224090959,0.6962194612208076,0.007201918117007002
2013-09-18,71.31372833251953,71.45759995076597,70.43253868137727,70.57640343944738,31714700,69.19349937438965,68.1937806562944,65.92663911183675,63.51738567352295,71.48360716919842,0.7244794495800113,0.007528630374363178
2013-09-19,71.48458099365234,71.65542684159821,71.35869674574812,71.53852942556072,26435700,69.37693099975586,68.32064555775035,66.01068204243978,63.58280065536499,72.44128958861373,0.6820908526718047,0.007403741083936254
2013-09-20,71.23929595947266,71.73533129612835,71.203220036736,71.65415874977619,26328900,69.51482696533203,68.4383099642667,66.0886477470398,63.64716709136963,68.8655730854634,0.6661479036183339,0.0073225442484043946
2013-09-23,71.09501647949219,71.61810716551477,70.76131927341976,71.53693459937591,30319400,69.62258224487304,68.54435938054866,66.17011648813883,63.71405813217163,66.77759525932916,0.6650449132640434,0.007287886215008121
2013-09-24,71.09501647949219,71.47380343939253,70.86052636493372,71.2483340279118,21871300,69.72853813171386,68.6492641102184,66.25143607457478,63.77908166885376,66.77759525932916,0.6484789738870356,0.007292753616299573
2013-09-25,70.85149383544922,71.24832213526714,70.70719701419311,71.14911506031267,22746400,69.89290428161621,68.74254802357066,66.33498392105102,63.84462175369263,63.03632768737099,0.6646514767578233,0.005313062560205724
2013-09-26,71.40164184570312,71.57300077692538,71.11304131356954,71.14009653833527,22421700,70.07173881530761,68.8389683116566,66.42042729059855,63.91206771850586,67.4702995936866,0.6333353481180625,0.00544009237987091
2013-09-27,71.31146240234375,71.4377247173785,70.87855812166738,70.9867859120315,25151600,70.22223472595215,68.90987964976918,66.50168320337932,63.9752830696106,66.07121868602161,0.6071229303117178,0.005399656066401694
2013-09-30,71.14006805419922,71.32946143250663,70.34641862880007,70.57188791927699,28031900,70.38619232177734,68.9722792191939,66.57150170008342,64.03826402664184,63.38114663064002,0.6458682911233454,0.005128467002676905
2013-10-01,71.8615951538086,71.89767107733266,71.11303522243648,71.14911114596056,33129700,70.56689262390137,69.04501883766868,66.64755706787109,64.10716491699219,69.08714392573611,0.6620932142418984,0.005370612725849136
2013-10-02,71.83452606201172,71.93373311235395,71.30241489374181,71.37456672685934,25503800,70.70982398986817,69.11890106201172,66.7237603187561,64.17868734359742,68.65492454645438,0.6814964898287619,0.005055304782941368
2013-10-03,70.99578094482422,71.89765822942661,70.61699413667785,71.74434074243084,42998200,70.80497360229492,69.17442737926136,66.80328172047933,64.24219196319581,56.797797020883024,0.7408590164320705,0.005915013031073909
2013-10-04,71.60906219482422,71.70826925271787,70.93265418961009,70.99578532819895,22852700,70.92674102783204,69.24421026056463,66.881116549174,64.30431629180909,61.96971618868148,0.7288215820037139,0.0061330466048635564
2013-10-07,71.0138168334961,71.56396253818322,70.95068569758664,70.97774091572244,20227100,70.97828369140625,69.31592268510299,66.96414960225424,64.36475397109986,55.077751356509616,0.7360276566417058,0.006056300551654535
2013-10-08,69.64297485351562,71.07695663577971,69.61591963208099,71.01382549217271,43660700,70.94419937133789,69.3591142134233,67.04278036753337,64.41833744049072,43.1701741641147,0.7671687805209929,0.007443362485695518
2013-10-09,69.42654418945312,69.84140708075712,68.85835686899604,69.8053311492376,64526700,70.90603713989258,69.40736153342507,67.11273565292359,64.47393749237061,41.63954746291776,0.8129796164268787,0.0074603594316385805
2013-10-10,70.89656829833984,71.05890647198866,70.1570292585568,70.17506377528353,48062700,70.94362373352051,69.47841297496448,67.18971242904664,64.5374688911438,53.65804512170756,0.8915689752228205,0.008897949330627219
2013-10-11,71.4557876586914,71.50989812979162,70.70722736482165,70.71624807026573,25214100,71.00692367553711,69.55194840864702,67.26641934712728,64.60634508132935,57.26359833261361,0.8877034661424607,0.009047261796021137
2013-10-14,71.96080780029297,71.96080780029297,70.95972320744679,71.01383365653706,31471900,71.10491561889648,69.62812666459517,67.34755910237631,64.67819337844848,60.269873254921954,0.9154040031701304,0.009104511630575336
2013-10-15,71.68122100830078,72.24940131088674,71.59102776087363,71.90669036531122,38684000,71.16554946899414,69.7015102039684,67.42360518773397,64.75141609191894,57.84392715661635,0.9237788909514931,0.00908982192011264
2013-10-16,72.49292755126953,72.52900348521322,71.96082300735702,72.01493346788213,46735900,71.22450942993164,69.78311295942827,67.50805867513021,64.82266101837158,62.556175294443364,0.9327985720540843,0.00904789759000274
2013-10-17,72.90776062011719,72.93482272008066,72.10509034065151,72.16822147901023,32193500,71.29566841125488,69.86996903852983,67.59118849436442,64.88672443389892,64.72626863537644,0.9521246994625149,0.00910800930350855
2013-10-18,74.0892333984375,74.11628862083204,73.36772869094854,73.57516353060474,39628200,71.43816528320312,69.96571752374822,67.6803544998169,64.95826011657715,70.0501450771362,0.9682307849631064,0.009644839919100754
2013-10-21,74.25155639648438,74.44094979521074,74.01706638248997,74.26057021491604,31176900,71.59599227905274,70.05738802823153,67.7733383178711,65.03159107208252,70.7043601877255,0.9424627533791485,0.009598022443136114
2013-10-22,74.35977935791016,74.76562826441918,73.89080619749215,74.54015894328448,43944800,71.75923042297363,70.1502084905451,67.86057608922323,65.10537372589111,71.1567307891007,0.9598558854016405,0.009585819609050649
2013-10-23,73.9088363647461,74.13430567260777,73.54809097678918,73.99902959251254,38021300,71.91209754943847,70.24235090775923,67.93778155644735,65.17748304367065,66.54569727671009,0.9263576202853697,0.00968628496202017
2013-10-24,74.23352813720703,74.38685252778991,73.84572057190428,73.95394833923713,23155100,72.05369186401367,70.34268535267223,68.01560118993123,65.25009798049926,68.14627526075064,0.9096088269123592,0.009612646934370889
2013-10-25,74.76564025878906,75.10835120481367,74.40488791094388,74.92797847128045,35824500,72.22640075683594,70.44648201682351,68.09815378189087,65.3235848236084,70.62653197187372,0.9250692962244348,0.009647265262713652
2013-10-28,74.78369903564453,74.9009475431711,74.45000868229899,74.77468521258938,28618400,72.4085823059082,70.5556748823686,68.17824271519979,65.3967596244812,70.70988614222179,0.8529194288796772,0.00959576937320126
2013-10-29,74.90996551513672,75.09034519794453,74.58528896686401,75.03622785271152,36878100,72.56100082397461,70.66422133012252,68.26013085047404,65.47190711975098,71.32265332454273,0.8187770016882082,0.009428193247807087
2013-10-30,74.83781433105469,75.29776700240218,74.47706187606744,75.17150467527377,33535500,72.71116523742675,70.7644252430309,68.33813136418661,65.5481693649292,70.4161141675967,0.7608014905310085,0.009437280295652297
2013-10-31,74.66641998291016,75.12637931706718,74.38684023115663,74.64837858428105,31309900,72.89469718933105,70.86625407825817,68.4140310605367,65.62236736297608,68.19857107081253,0.7562920848839069,0.008936669001628745
2013-11-01,74.68447875976562,75.00915523277578,74.31471253709168,74.91896885266846,30867800,73.04846801757813,70.98966438987038,68.48724304835001,65.69522491455078,68.31180433915205,0.7343890922294725,0.008832793745963031
2013-11-04,74.79269409179688,74.91895637908111,74.53114881648564,74.90993567833836,16834000,73.23741188049317,71.11553303111683,68.56023639043173,65.7692942237854,69.02358103704222,0.7150629502710696,0.008487676924610308
2013-11-05,74.87383270263672,75.05421224842394,74.28761810096255,74.5040666751311,27975600,73.49895477294922,71.24500302401457,68.63450352350871,65.84327741622924,69.5753974622341,0.7092637838817087,0.006764020672343187
2013-11-06,74.85584259033203,75.21659501511617,74.61233866005134,75.1895397873939,25576800,73.77041969299316,71.36875013871627,68.70331710179647,65.91533735275269,69.28070657116712,0.6931583535699721,0.006642558905948492
2013-11-07,73.44889068603516,74.97305866843081,73.38575954925875,74.86483779440145,52173200,73.89803581237793,71.47116726962003,68.76122789382934,65.98452093124389,51.06443143433122,0.7202134334597728,0.007132535983556967
2013-11-08,74.44097900390625,74.45901352862327,73.51204616342619,73.71947416118263,31470500,74.04729537963867,71.57952367609198,68.82680832544962,66.0571446609497,59.20898913368674,0.7620876784502977,0.007487083223819579
2013-11-11,74.32371520996094,74.53114314581214,74.08020447388405,74.33272902923929,24822900,74.16544075012207,71.67741102738815,68.89626671473185,66.12851133346558,57.98063353103838,0.7318102930932306,0.00743299057209993
2013-11-12,74.44097900390625,74.54920679454882,74.0621920578274,74.0982679880416,20108500,74.30342864990234,71.77677612304687,68.96797215143839,66.20041955947876,58.8989121340688,0.7086193184932625,0.007318642717133815
2013-11-13,75.34282684326172,75.35184754244554,73.95393504238223,73.95393504238223,31345900,74.44592361450195,71.91820623224432,69.04749186833699,66.27746305465698,65.19806769810845,0.7698179287916683,0.007374092273574758
2013-11-14,75.57734680175781,75.63145725674548,74.98210427377292,75.14444251951605,31101200,74.57940292358398,72.05915888006037,69.12538061141967,66.35634990692138,66.63029708346768,0.7537129227463767,0.007326870573333535
2013-11-15,75.72163391113281,75.72163391113281,75.40597816296888,75.59537161186724,20511300,74.66102294921875,72.19406960227273,69.20708614985148,66.43242574691773,67.51604577526402,0.744049843267221,0.006500957850377303
2013-11-18,74.98208618164062,75.85690835701959,74.83778937623028,75.70359085102783,31679600,74.69754943847656,72.32354542125356,69.27971550623576,66.51008008956909,58.888071009153215,0.7807686111035638,0.006931927433320239
2013-11-19,74.76564025878906,75.29774463925717,74.63937796916005,74.936992291412,25545300,74.71784248352051,72.44205544211648,69.35562054316203,66.58227033615113,56.608004084150586,0.769173007086591,0.006968721527576512
2013-11-20,74.58525848388672,75.24363201569075,74.3688098337612,74.96405222257953,32177400,74.75166358947754,72.54404380104758,69.42905111312866,66.65454227447509,54.70696596355828,0.778836085373662,0.006839973187020761
2013-11-21,75.34282684326172,75.40595797599363,74.83777778140642,74.90090891413833,28125000,74.80712852478027,72.65768085826527,69.51163352330526,66.73033380508423,60.67934761945918,0.7878544279752911,0.007128946010070758
2013-11-22,75.74867248535156,75.77572770342175,75.41498228811552,75.46909272425592,25361300,74.8562801361084,72.7772255637429,69.6046940167745,66.80506938934326,63.45917739125196,0.7910753778013314,0.00705549814008255
2013-11-25,75.92908477783203,76.10043685967365,75.7396912889877,76.01927117050353,21695100,74.91354942321777,72.885336858576,69.69664328893026,66.88061758041381,64.65539593264025,0.7620861937459428,0.00706476914107052
2013-11-26,76.32588958740234,76.51528303482169,75.78476446895,75.94710269256363,26621000,74.98434562683106,72.99445010098545,69.78450485865275,66.95940174102783,67.19881123009992,0.7711049230892897,0.007132562699100611
2013-11-27,76.85798645019531,76.87602096908563,76.41606848921465,76.4791996264976,21638100,75.08535423278809,73.1156900579279,69.8765762646993,67.0397732925415,70.28658311488222,0.6970215132686631,0.007239770047632736
2013-11-29,77.31793212890625,77.41713228641568,77.08344214015936,77.1646077819698,16708900,75.21792984008789,73.24610997980291,69.97793334325155,67.1225340270996,72.68060051009934,0.6648088699566809,0.0072567471462232904
2013-12-02,77.09249877929688,77.52539616565818,76.97525028987326,77.40815455701447,26354600,75.33833084106445,73.3716137972745,70.08368609746297,67.20506187438964,69.71575580811245,0.6718950988035977,0.007325793256134911
2013-12-03,77.02935028076172,77.23677822479709,76.73172909415965,77.03836410039571,37147000,75.45016365051269,73.49940254905007,70.182115205129,67.28508314132691,68.8682705195325,0.6731832697975995,0.007346001774948081
2013-12-04,77.10149383544922,77.35401839616208,76.46116173341927,76.70467247466254,37193200,75.56154670715333,73.62000163685192,70.2847310702006,67.37015985488891,69.32702083858095,0.6371078528461344,0.007346517716048188
2013-12-05,77.00228881835938,77.25482026655152,76.81289539279906,77.16462702323655,39829300,75.66886901855469,73.72343000932173,70.38129161198934,67.45795988082885,67.84647718750819,0.6222915593304127,0.007363216247042578
2013-12-06,77.56145477294922,77.7237929767749,77.19168174393248,77.65164113490162,36842900,75.87449722290039,73.83391862349076,70.47803017298381,67.54555992126465,71.53627208495386,0.6512807314912408,0.005715037075460053
2013-12-09,77.87712860107422,78.0394668426737,77.74184558627799,77.87712860107422,22590000,76.04630470275879,73.9546064897017,70.58352409998575,67.63844957351685,73.39261576693013,0.6126302378437529,0.005140220943924294
2013-12-10,77.822998046875,77.96729484614916,77.66968054740302,77.75084620684883,26965900,76.2212688446045,74.07693342729048,70.7014892578125,67.72995073318481,72.51922551138358,0.5868622113186827,0.005109228404819353
2013-12-11,76.82192993164062,77.92222164281213,76.71370214863404,77.81399385980555,36830600,76.3403163909912,74.18105912642045,70.81392984390259,67.81340602874756,58.624732916768934,0.6106977336221503,0.006136189950376926
2013-12-12,76.62349700927734,77.03835975472437,76.56938657141232,76.84896634141886,33662600,76.40434989929199,74.28600463867187,70.92996184031169,67.89649517059325,56.32119085827965,0.5855744258510883,0.005672368388732151
2013-12-13,76.52429962158203,77.02033496727901,76.39803733009167,76.98425904388479,34072000,76.4516975402832,74.37914387096058,71.04134581883748,67.97783634185791,55.15446943999834,0.5991027670673249,0.005665788330434088
2013-12-16,76.94818115234375,77.39009916125681,76.84897408574183,76.90308452905974,24902500,76.51302490234374,74.48162966641513,71.15154145558675,68.05995571136475,59.05747283813913,0.6351780505665273,0.005765909327241777
2013-12-17,76.79486846923828,77.13757943308994,76.65056477028237,76.94818598879462,24454900,76.60366401672363,74.58444421941584,71.25821158091227,68.13683698654175,57.12107577819915,0.6177849146333756,0.005253999515639559
2013-12-18,77.687744140625,77.75989600765304,75.80282305978736,76.88507354208504,68387200,76.74976921081543,74.69037420099431,71.3715726852417,68.21894271850586,64.43485334980771,0.7182807407892611,0.005646287068326982
2013-12-19,77.47127532958984,77.57048240083071,77.12855749047448,77.56146169959636,44964100,76.89407005310059,74.79286055131392,71.47983303070069,68.29916122436524,61.68768444899865,0.7182836560699865,0.005662027320248712
2013-12-20,78.26021575927734,78.4230696635524,77.56356716482306,77.61784949870255,40475400,77.03993949890136,74.92494118430398,71.59444306691488,68.38296682357787,67.17979608014971,0.7469728316541031,0.005664065813716993
2013-12-23,79.08354949951172,79.08354949951172,78.66736185276537,78.90259684817899,28181800,77.20668334960938,75.06084095348011,71.71374136606852,68.46999475479126,71.73372203299401,0.7697074466253123,0.0059392486935240475
2013-12-24,79.11973571777344,79.17402496626978,78.95688177756054,79.1016439033667,13852500,77.36621589660645,75.20822129683062,71.8292200088501,68.55832162857055,71.91814814133389,0.7214421984800582,0.005951266446460377
2013-12-26,79.382080078125,79.44541175712284,79.11066155497791,79.26446607502479,15241100,77.51902542114257,75.38529593727806,71.946360206604,68.6483625793457,73.27932458835339,0.7137868647938065,0.005913277233644706
2013-12-27,79.18304443359375,79.52685093124984,79.08352912929108,79.48161105441001,15827400,77.6352783203125,75.56268685080788,72.058544921875,68.7363798904419,70.4877691442702,0.693916696475466,0.005872008921349321
2013-12-30,79.06541442871094,79.17398596958928,78.83922889552373,79.06541442871094,18983700,77.72265243530273,75.71121132590554,72.16660232543946,68.8246650314331,68.81919193279991,0.6843312299287183,0.0058095071774099255
2013-12-31,79.58113098144531,79.58113098144531,79.18304216509506,79.21019023200284,24890500,77.84708404541016,75.85894484086471,72.26801726023356,68.91620092391967,71.95380623972618,0.6999099623564494,0.005846449913800819
2014-01-02,78.95687103271484,79.23734588763634,78.73068541890176,79.21020471840072,29177500,77.9434600830078,75.9861459905451,72.36175708770752,69.00519828796386,63.616842032454755,0.6743332529539826,0.006200164370584404
2014-01-03,78.38687133789062,79.02923753452782,78.36877952927706,78.95685649480187,35723700,78.00772895812989,76.10806690562855,72.44947338104248,69.08919446945191,57.11013590535007,0.6880107402353194,0.006483902098462646
2014-01-06,78.09735107421875,78.49543987474591,77.80783382909962,78.40496702989036,32073100,78.06248207092285,76.20996551513672,72.53552627563477,69.17523859024048,54.08427392010481,0.6926756265538155,0.006547608732744006
2014-01-07,78.82115936279297,78.93877338833643,78.31449893149326,78.45926102690365,25860600,78.12546730041504,76.31748185591265,72.62618732452393,69.261944065094,59.816380353738005,0.6909343961568796,0.006667279245153566
2014-01-08,78.99305725097656,79.21020039829294,78.66734943263877,78.83925269860504,27197400,78.18126373291015,76.40664228959517,72.71970443725586,69.35062931060791,61.05970266020895,0.6949227035030654,0.006632206412053714
2014-01-09,78.73065948486328,79.2916021072935,78.45924097927566,79.28255275298345,23674700,78.22664680480958,76.4880805275657,72.81687965393067,69.43634443283081,58.10429637309784,0.614586144942505,0.0066877397497824365
2014-01-10,78.98399353027344,79.07446636597695,78.3325780689923,78.92066185501749,38008900,78.33474998474121,76.57215714888139,72.91451759338379,69.52292280197143,60.11166232569067,0.6276362625735133,0.005904560478255237
2014-01-13,77.81687927246094,79.1468514231492,77.51831268707474,78.87542599959171,48842300,78.3944190979004,76.6432124744762,73.00655040740966,69.60290367126464,48.56653591443175,0.6759751484386497,0.006886004049178987
2014-01-14,79.30066680908203,79.36399849623955,78.07926604096639,78.07926604096639,37178900,78.53323745727539,76.7353422685103,73.10914980570475,69.69240985870361,59.2753297667795,0.727674111548952,0.007979231877726941
2014-01-15,79.95209503173828,80.10589959591503,79.56305549123175,79.64447900074747,39835600,78.68343315124511,76.82964144620028,73.21365610758464,69.78275327682495,62.9250141679691,0.7696805114149348,0.008066924314401442
2014-01-16,79.96109008789062,80.07871095765178,79.7620526595125,79.88871597876822,31630100,78.84174423217773,76.92377582896839,73.31524016062419,69.87596488952637,62.97435680305804,0.7683882325573878,0.008026446640444464
2014-01-17,79.50872802734375,79.95205659704702,79.31873302717119,79.71682173379978,36895800,78.93279342651367,77.0073896928267,73.4141035079956,69.9668251991272,58.74041091203832,0.7826050367545788,0.007870320365724725
2014-01-21,80.11495208740234,80.15113571351102,79.44543765955302,80.01542985900954,26412700,79.06497726440429,77.10333765203302,73.51502164204915,70.0632711982727,62.38979015983974,0.8084537878894348,0.00793759067964211
2014-01-22,80.322998046875,80.52204240217823,80.08776318127717,80.322998046875,29376900,79.16811637878418,77.20618452592329,73.61662432352702,70.15914400100708,63.58032196467155,0.8026368356156267,0.007688654447646998
2014-01-23,80.05159759521484,80.08778121102122,79.49065491331763,80.07873875838743,35011900,79.21651878356934,77.30376850474964,73.71019541422525,70.25159822463989,60.873262548658225,0.8013438049737565,0.007438284943588077
2014-01-24,78.47736358642578,79.78019501301937,78.45022241547801,79.6625809713665,63974600,79.18440017700195,77.37076249556108,73.78742612202963,70.33017580032349,48.084615057920345,0.8685521745799046,0.008714913885343317
2014-01-27,77.71736907958984,78.61306207143924,77.12928517281823,78.47734933870174,63519300,79.10116462707519,77.42246315696023,73.85794874827067,70.405087890625,43.349721741844434,0.9254215212209564,0.008908093086349793
2014-01-28,77.67211151123047,77.75354189338165,77.18354992622764,77.35545314205311,44378800,79.02561798095704,77.47366804643111,73.93154131571451,70.4799977684021,43.07768855282278,0.9060336392949802,0.008901590431450964
2014-01-29,76.83975982666016,77.5725988427779,76.68595530027616,77.0026137083125,51939300,78.91433525085449,77.53532021262428,73.99924653371176,70.55693050384521,38.31546274990384,0.9376982996735614,0.00916750130497793
2014-01-30,78.26021575927734,78.53164123394797,77.69927299952181,77.78070340297761,65833600,78.8482894897461,77.60476088090377,74.07594146728516,70.63688716888427,48.73172453928785,0.9990926053357023,0.01005779789812836
2014-01-31,78.0521240234375,78.42307172171351,77.31023552952222,77.39166593511511,45187000,78.80305213928223,77.67255013205788,74.15322507222494,70.72189853668213,47.467161203256644,1.025588883564749,0.009932394241103473
2014-02-03,76.26069641113281,78.26017520362628,76.06165208654046,77.90732641098819,65596900,78.69674339294434,77.70563590309837,74.21423161824545,70.80216560363769,38.26209928745002,1.0663020536369885,0.011050200330518099
2014-02-04,76.8216552734375,77.12926427517071,76.41451718553628,76.6497520650369,37675500,78.63295860290528,77.73252369273793,74.27669041951498,70.88111433029175,42.05167652827707,1.017834099369795,0.011200264757157219
2014-02-05,76.62261962890625,76.89403814910358,75.76311039169327,76.56833040275859,41721800,78.52303161621094,77.75152865323153,74.33966363271078,70.9559306526184,41.08798448592671,1.0410980258396023,0.010952410303581437
2014-02-06,77.5997543334961,77.69927655191636,76.83072465695156,76.84882337082989,32308600,78.45336647033692,77.7856762972745,74.42052065531412,71.03267463684082,47.454460083155865,1.0953836419018046,0.011378910554174447
2014-02-07,78.98399353027344,79.03827585116856,77.80782595822308,78.03401149879932,38359400,78.46603317260742,77.85843824906783,74.5131379445394,71.11647441864014,54.89142441867778,1.1522525316841643,0.012095940976690124
2014-02-10,79.4363784790039,79.47256209749413,78.90257692068563,78.95685925105708,30205400,78.48865242004395,77.94336076216264,74.61049957275391,71.20087785720825,57.031793901092826,1.1425587547449143,0.012141500162571971
2014-02-11,80.34110260009766,80.49490710306713,79.51778396190593,79.60825679290949,38635500,78.61486358642578,78.04801247336648,74.7129275004069,71.29079082489014,61.01572487935828,1.1871479978279262,0.011830881897213796
2014-02-12,80.49493408203125,80.67587980468474,80.2506497635485,80.50398343895499,32507200,78.67457695007325,78.14168715043502,74.81858571370442,71.37860458374024,61.666538095058655,1.1580684912264172,0.01110213108662904
2014-02-13,81.09204864501953,81.15538032896205,79.88874665011173,79.90683845867994,40454500,78.7315746307373,78.23883944424716,74.92367464701334,71.46711826324463,64.16714504825907,1.1341583840202378,0.011075550558754343
2014-02-14,81.25491333007812,81.43586595298503,80.82064084037508,81.06491825300344,33212400,78.79626579284668,78.33567269065163,75.0262996673584,71.55792533874512,64.84083472400107,1.072118970733733,0.011077771445363047
2014-02-18,81.65299224853516,81.80679678228759,81.19157174464193,81.39061615426787,29546600,78.90347900390626,78.43252910267223,75.13194211324056,71.64673406600951,66.49876490353772,1.0753499043402794,0.011002065589942631
2014-02-19,81.09204864501953,81.68918186730828,80.92919475736223,81.49918681548073,41749900,78.95233383178712,78.50951205166903,75.24467442830404,71.72897340774536,62.05797729741127,1.0591949685539757,0.011047001138899538
2014-02-20,81.47207641601562,81.62588100614911,80.80256190136669,81.14636851771031,41814800,79.00978775024414,78.5850419477983,75.35840047200521,71.81185792922973,63.82071316924343,0.9971548040893055,0.01107608150747707
2014-02-21,81.36347961425781,81.85204131038917,81.2639574037883,81.73442038748719,31192200,79.07538185119628,78.66269614479758,75.46724993387858,71.89437868118286,62.921112969627394,0.9596724979757038,0.011045162246702621
2014-02-24,81.79774475097656,82.16868545968684,81.46298765556499,81.553460494082,31500400,79.24140090942383,78.74939422607422,75.5833901723226,71.97750226974487,65.0431031806853,0.8601498357145049,0.009960083460786048
2014-02-25,81.70728302001953,82.07823071313048,81.44490689864179,81.915376806849,26771700,79.4408966064453,78.83313584761186,75.69555428822835,72.06062173843384,64.21863786941637,0.8433466893181328,0.009603251349559042
2014-02-26,81.63489532470703,82.18678174049542,81.30918756620652,81.92441256530354,42953700,79.63903579711913,78.91736505681818,75.80104592641194,72.14140745162963,63.52473523259925,0.8252514333808898,0.009608702135887586
2014-02-27,82.1645736694336,82.24633517468548,81.51954082438056,81.64673000896619,28742400,79.90527648925782,79.00105812766336,75.90997746785482,72.22443803787232,66.38680001013441,0.8002612496162342,0.00911750394992017
2014-02-28,82.07367706298828,82.63694811970623,81.3468830779483,82.14635854087845,48609800,80.09594955444337,79.07735900878906,76.01747716267904,72.30531122207641,65.43787836900826,0.7896572156223384,0.008437982955302301
2014-03-03,81.46501159667969,81.68305610078505,80.73821737686352,81.30148168424539,38885700,80.26659393310547,79.14357743696733,76.11316089630127,72.38246881484986,59.32300543110323,0.8443339662877857,0.008652871383065898
2014-03-04,82.50070190429688,82.6551518334667,82.2735774022533,82.35534582725964,33189000,80.57859420776367,79.24682783647017,76.21462790171306,72.46516344070434,65.27001638895737,0.8537347957680562,0.006643069845550933
2014-03-05,82.72783660888672,82.87319963514082,82.46437132226912,82.63698818312321,27203300,80.87390327453613,79.35781582919034,76.31911163330078,72.54581155776978,66.42919382731893,0.8525632437491605,0.006598854592726088
2014-03-06,82.6551513671875,82.98220427149872,82.35534536267173,82.91860968853685,24063900,81.1755298614502,79.46928586092862,76.4233642578125,72.62658933639527,65.673780256361,0.8068650458903507,0.006523192331578338
2014-03-07,82.24634552001953,83.00040073154776,81.8284371564873,82.91863228471993,31167800,81.40785942077636,79.56561612215908,76.52383556365967,72.704964427948,61.44178503572265,0.8466320789225301,0.006447174813639843
2014-03-10,82.31900024414062,82.36442791439923,81.79206976681384,82.2008980052733,18131700,81.57460975646973,79.66605488170276,76.62648582458496,72.78661588668824,61.91154708487237,0.8435701582039395,0.005416209956381482
2014-03-11,81.96466827392578,82.72780305839659,81.71936999942604,82.51885245701007,27484300,81.70102424621582,79.74381713867187,76.72228686014812,72.86725759506226,58.18825178652566,0.8613162974199753,0.005524456180710908
2014-03-12,82.27356719970703,82.31899486699827,81.2923947403318,81.59219377807177,27977200,81.79764747619629,79.83113153631037,76.81361885070801,72.94962312698364,60.42280927121636,0.8758363704116923,0.005055335394012312
2014-03-13,81.11068725585938,82.60971010047314,80.73820674017429,82.58245627387284,48542000,81.8284351348877,79.88295829079368,76.89383640289307,73.02402307510376,49.66249603188857,0.9675091885329762,0.006101611562506264
2014-03-14,80.55647277832031,81.20150518050869,80.52013204606219,80.84719170509938,38732300,81.80165634155273,79.90973871404475,76.97147954305014,73.09722059249879,45.5034300934445,0.9586639948913671,0.00607079192445256
2014-03-17,81.26512145996094,81.68303652703965,81.02891703404944,81.07433776305344,28467200,81.80216674804687,79.94874572753906,77.05623041788736,73.17221338272094,51.13818066610922,0.9938954187649846,0.006388902488420952
2014-03-18,82.24634552001953,82.34628088209153,81.33784726939514,81.36510110790721,31250200,81.83183441162109,80.00082328102805,77.14915815989177,73.25515993118286,57.66533060924212,1.00843579361082,0.0068609852130200565
2014-03-19,81.80116271972656,82.36443398854202,81.26514528256043,82.27357864132449,40869400,81.86729011535644,80.04842543168502,77.24040540059407,73.33529779434204,54.13216324403964,1.0350425333020101,0.006787241748219709
2014-03-20,82.02828216552734,82.27357356653106,81.38324944155077,81.54677935264972,31634500,81.89510040283203,80.10229575417259,77.3289607365926,73.41827451705933,55.62591843521603,1.0064896106750356,0.0067378642715751665
2014-03-21,81.04121398925781,82.54366485152022,80.88641783209738,82.49813330076044,62754000,81.87898712158203,80.12884271795099,77.4100419998169,73.5005735206604,48.26869066426935,1.0294744201963266,0.007282344144359431
2014-03-24,80.33096313476562,81.39633468857187,79.59339928169038,81.33259468827079,77735300,81.80564804077149,80.15382621071555,77.48663279215495,73.57775247573852,43.78147733621024,1.0732455037745032,0.007402389886641227
2014-03-25,80.59503173828125,81.26885559860577,79.92120093081766,80.74982789115569,41723300,81.75003547668457,80.19397458163175,77.55941143035889,73.65181512832642,45.79895415145594,1.1403045291256748,0.007460235265597284
2014-03-26,79.55699157714844,81.17781501128064,79.54788387607454,80.99569572550486,40930400,81.64614028930664,80.22051349986683,77.62376530965169,73.72055299758911,39.758842978183665,1.2119525452956117,0.007945729071412949
2014-03-27,79.11078643798828,79.8028256713272,78.67371414640282,79.44770182923696,64784500,81.49345092773437,80.22577944668856,77.69139035542806,73.79033151626587,37.47118103208991,1.2088916845716062,0.007783770419147484
2014-03-28,79.26557922363281,80.13973064025755,79.04703615912318,79.3657430580819,39895100,81.3530460357666,80.23073439164595,77.75519466400146,73.8646485710144,38.78701917144852,1.2460585655393908,0.007829443945719283
2014-03-31,79.8301773071289,80.36742063214322,79.78465268621909,79.88481657821936,33924300,81.27130432128907,80.25072562477806,77.82866433461507,73.93771017074585,43.46057066546995,1.2527305905065234,0.007945853873813583
2014-04-01,81.232421875,81.28705417004736,79.86655892171018,80.22168273379447,38683800,81.20789031982422,80.29160614013672,77.92524305979411,74.01993432998657,53.048448683267125,1.2834646430959507,0.008444465426872709
2014-04-02,81.44189453125,81.66043075861256,81.07766285421812,81.57847533138822,34631600,81.14359321594239,80.35751550847834,78.02537097930909,74.10006868362427,54.295315456882875,1.1914121105313507,0.008440756333152034
2014-04-03,80.79535675048828,81.66040058505615,80.33096136018841,81.52381288824574,30319100,81.05060348510742,80.38469168923118,78.10786088307698,74.17428133010864,49.89132475592713,1.237702545561439,0.008592714667555052
2014-04-04,78.64642333984375,81.41457421807836,78.43698787841323,81.33261879503475,131213200,80.87060737609863,80.360952203924,78.16778284708658,74.24142416000366,38.665437133469744,1.3699184449147097,0.01029727669082
2014-04-07,77.89973449707031,78.88315072812294,77.35338365553719,78.15469451797802,83995800,80.64964408874512,80.32347301136363,78.21727390289307,74.31258693695068,35.66273859852177,1.4019618485186496,0.010395532034086928
2014-04-08,78.61910247802734,78.72837406282397,77.71763448166413,77.99080997008511,51495700,80.4823657989502,80.30729800137607,78.27508958180745,74.38903715133667,40.46000387462876,1.3956369110313815,0.010721516234940968
2014-04-09,79.96675872802734,80.0122902924714,78.70105904446571,78.91049451491048,45685200,80.36702537536621,80.30460357666016,78.33737150828044,74.47537265777588,48.24558878706429,1.43155574599308,0.011491329121120485
2014-04-10,77.48995971679688,80.02135803974713,77.27142358132005,80.02135803974713,73659600,80.18598899841308,80.25309378884056,78.37555650075277,74.54703134536743,38.326388484961775,1.509604848779097,0.01299511937561485
2014-04-11,76.5884780883789,77.79954473153738,76.40636583327206,76.79790648703806,93657400,79.98758926391602,80.19012797962536,78.39638353983561,74.61135021209716,35.4680895717721,1.480336526735085,0.01312884680283461
2014-04-14,77.18949127197266,77.59925446406166,76.4792434089204,77.26233898796278,46500700,79.7838077545166,80.16671211936257,78.42086633046468,74.67732540130615,38.74785547671251,1.4640762686888817,0.013087722175055322
2014-04-15,77.44442749023438,77.89060741580094,75.83270541360392,77.4717436360861,84631500,79.54371185302735,80.16174954501065,78.44657173156739,74.74412548065186,40.1376616165351,1.4946456163310902,0.012715744704672335
2014-04-16,78.47338104248047,78.47338104248047,77.4808503351274,78.118257224868,46970900,79.37732276916503,80.17631808194247,78.48460960388184,74.8140922164917,45.51152358324855,1.4874914754254982,0.013201453442735309
2014-04-17,78.4916000366211,78.88314775314535,77.97257231445073,78.17290002250583,53719500,79.20048866271972,80.20635154030539,78.52009353637695,74.88401515960693,45.604636091264894,1.4744829723940873,0.01316530207873901
2014-04-21,79.07437133789062,79.07437133789062,78.30949126942096,78.67372285079966,25947900,79.10214653015137,80.22115436900745,78.55599962870279,74.95554824829101,48.62864341414385,1.4504143052483198,0.01311289090956172
2014-04-22,79.70268249511719,79.90301024202431,79.2109708292017,79.34755856092389,38593400,79.07073249816895,80.251164523038,78.59699115753173,75.02775016784668,51.74350009741198,1.4055401653351223,0.013134239694606425
2014-04-23,79.00152587890625,79.72998205118252,78.9559943287656,79.70266589995379,34376700,78.99105720520019,80.30099778608842,78.63108749389649,75.09613151550293,48.229100466079686,1.4191987237652992,0.013237601878216654
2014-04-24,79.75730895996094,80.3218683010118,78.9013726684104,80.30365984678312,48926300,79.00107307434082,80.35437330766158,78.67208328247071,75.16631366729736,52.01256519662054,1.425702752889132,0.013120755226089492
2014-04-25,78.48249816894531,79.3748581957877,78.29127816319337,79.28380204263999,44334000,78.96965866088867,80.38818928111684,78.703883934021,75.22823352813721,45.917040239241295,1.3177344998250209,0.013560559838180268
2014-04-28,78.73746490478516,79.3202326712954,77.49908166416593,78.85583721927826,58623800,78.9432529449463,80.40887492786754,78.73765881856282,75.28486415863037,47.248595946658504,1.338547638006715,0.013574999491310469
2014-04-29,79.36576080322266,79.51144926499852,78.59176610085406,78.97421307568705,36742700,78.92003211975097,80.41581615101208,78.77576770782471,75.34315250396729,50.48386925326904,1.332043608219902,0.013600804382175875
2014-04-30,79.57514953613281,79.65710489951059,78.80116216737122,79.00148978103243,38689400,78.83716850280761,80.4183392611417,78.81494534810385,75.40172367095947,51.550321991625495,1.2936689594838526,0.012969334281776131
2014-05-01,79.81194305419922,80.26723079900681,79.50234377521743,79.70267149447511,37127200,78.75567092895508,80.408718178489,78.85624618530274,75.46192836761475,52.78866895074368,1.1518798570097317,0.012975321555502514
2014-05-02,79.66622161865234,80.23078073877357,79.47500166195098,80.08508537339878,40074200,78.69921417236328,80.39365067915483,78.90805727640787,75.52055030822754,51.90937206166462,1.1063512983352513,0.012873124478782737
2014-05-05,80.08511352539062,80.10332892603435,79.00153338984306,79.19275341376321,27924400,78.77114868164062,80.37534276788885,78.95509173075358,75.58212085723876,54.267580637505716,1.1050501898388245,0.011373750962004997
2014-05-06,79.04707336425781,80.00318061686973,79.01064950302924,79.95764905354872,33698500,78.828515625,80.33520022305575,78.99445304870605,75.64200805664062,47.98773602308533,1.0348046198505645,0.011566431101047915
2014-05-07,78.81940460205078,79.29290770165692,77.88151304919965,79.21095230293551,67489100,78.83853073120117,80.28368044766513,79.03093992869059,75.69976787567138,46.71099867321249,1.0621218412942193,0.011417475455702045
2014-05-08,78.74655151367188,79.70265136805077,78.35500387412493,78.53711614720531,46556900,78.7775203704834,80.24103504527699,79.059304300944,75.75963592529297,46.286617652827296,1.0933412738107344,0.010697687392719202
2014-05-09,79.0379409790039,79.0925732754128,78.17289025207869,78.70102560782607,35081500,78.85491943359375,80.19677803733133,79.0881425857544,75.81988193511962,48.309443843118046,1.1043986277296238,0.008006977473226476
2014-05-12,80.340087890625,80.36740404696212,79.43861304865729,79.51146076364992,38951100,79.04249992370606,80.17817091508346,79.12662970225016,75.884525680542,56.24031780966803,1.140171782288519,0.008134919036009498
2014-05-13,80.39469909667969,80.68608293301055,80.2399029533155,80.4129075470772,30311900,79.2027603149414,80.15266099409624,79.17173480987549,75.94764415740967,56.54147366035363,1.1167569435226719,0.00804082760210533
2014-05-14,79.97584533691406,80.44934152539858,79.78462532153726,80.14884995246096,26483600,79.32933120727539,80.12118030894887,79.21515318552653,76.00929775238038,53.500316721983225,1.0627726986126658,0.008195788781271205
2014-05-15,79.3475570678711,80.09422878047648,78.83763695598658,79.95764105132443,59680300,79.37304000854492,80.07959234064276,79.25483900705973,76.06601165771484,49.22345672429272,1.0478127720214039,0.007975272422456013
2014-05-16,79.86654663085938,79.91207816781738,78.89223148533782,79.43857519314798,66804100,79.44178733825683,80.0378100308505,79.29253667195638,76.12469100952148,52.59462639510828,0.990576748832125,0.008084616150187848
2014-05-19,80.4220199584961,80.54949996016488,79.49323609674646,79.62981685057798,32017000,79.50916976928711,80.0077799016779,79.33148123423258,76.18268577575684,55.96447166156223,1.0003325130659795,0.00806532698557163
2014-05-20,80.13066101074219,80.67700503729628,79.8028532053815,80.38562109332469,33716000,79.53056869506835,79.9835189819336,79.36649436950684,76.23729068756103,53.80400856424574,1.001633163049938,0.007945578028501233
2014-05-21,80.8955078125,80.94103935719681,80.230791721612,80.27632326630881,36837700,79.62526779174804,79.95433363481001,79.40457452138266,76.29549495697022,58.349543392417615,1.0048825432403123,0.00789897452220477
2014-05-22,81.25064849853516,81.47829235553895,80.85910078660307,80.98658079075406,30617100,79.69993476867675,79.92747566916726,79.44118003845215,76.35754318237305,60.302765400437856,0.9951262926769766,0.007693032297886819
2014-05-23,81.842529296875,81.86074469857701,81.15049686928367,81.3326092034624,22687300,79.86793632507325,79.91270072243431,79.47888501485188,76.42318016052246,63.384631439989455,0.9671585993271228,0.006690519215324234
2014-05-27,82.86237335205078,82.88058180593602,82.13391014812181,82.2067578579427,29725200,80.07418174743653,79.92390122847124,79.52696730295817,76.49220790863038,67.99518457380654,0.9645577769485253,0.007078235743444477
2014-05-28,82.60741424560547,82.95343045044352,82.54367423557899,82.83505813100578,30468100,80.23626441955567,79.92914511940695,79.57345116933188,76.56135452270507,65.7656700107279,0.8930121742633302,0.007066086149864454
2014-05-29,83.13551330566406,83.14461405515223,82.73485801980041,82.89876182336855,33036100,80.41428260803222,79.95043321089311,79.623734664917,76.63233253479004,68.09894913529297,0.8351230539505394,0.007132734158511378
2014-05-30,83.14463806152344,83.2721180625352,82.70756575723712,83.15374576077828,29906400,80.58091735839844,79.96627086292614,79.67492090861002,76.7014227294922,68.13935551695647,0.8097565740908225,0.007145424943029119
2014-06-02,83.06269073486328,83.26301843834953,82.53455532515211,83.24480303959308,30409900,80.75074081420898,80.00176183527167,79.72076454162598,76.77140701293945,67.31473650657192,0.7668280058936229,0.007123740904501043
2014-06-03,83.02629852294922,83.162886277115,82.68028223325207,82.78954687887129,21774500,80.89780006408691,80.04666775790128,79.76367429097493,76.84705394744873,66.92737411562246,0.7694297247627568,0.007105256704655479
2014-06-04,83.33586883544922,83.47245655337183,82.68936104756476,82.81684106505521,20118300,81.11223983764648,80.08431771018289,79.80961488087972,76.92438369750977,68.58352642198219,0.7778853891874533,0.006199007144026087
2014-06-05,84.0369873046875,84.19178342370101,83.12641209100204,83.40868818416051,35583100,81.37311897277831,80.11687483354048,79.86974035898844,77.0058037185669,72.00300439238244,0.7642267826309583,0.00618179334920764
2014-06-06,84.51959991455078,84.51959991455078,84.18268454920693,84.3465883827339,22680600,81.66177139282226,80.16630096435547,79.93554121653239,77.08815296173096,74.09329422828955,0.7258529203012236,0.0061255963085387775
2014-06-09,84.45587921142578,84.66531463710132,84.2282353321497,84.53782767333803,23399500,81.93266830444335,80.2104390924627,80.00163771311442,77.17135261535644,73.31498105001424,0.6816254518393094,0.006200793293051874
2014-06-10,84.60157012939453,84.64709473454467,84.28286315764602,84.38302701497165,20626000,82.14574241638184,80.2751728404652,80.06541595458984,77.25195358276368,73.98778633779753,0.6452025764810136,0.005378872400474414
2014-06-11,84.58336639404297,84.70173872032481,84.22824246805699,84.31019093691201,22878200,82.35517578125,80.35248926336115,80.13032010396321,77.33017086029052,73.73762296096601,0.6211395697533847,0.005399381709544262
2014-06-12,83.81849670410156,84.4923207828529,83.52711275541385,84.401264601477,35275900,82.54730834960938,80.41109771728516,80.18140970865885,77.40438385009766,63.95315349072307,0.6523582890171866,0.005746414211703172
2014-06-13,84.06432342529297,84.27375883094811,83.70009186384095,84.1826957302307,39447100,82.78314666748047,80.49304920543324,80.23635177612304,77.4868846130371,65.53600469990319,0.6426025131467453,0.005218596124207598
2014-06-16,84.13719940185547,84.3830517938508,83.73654385490147,83.91866317039944,25212300,82.99667930603027,80.584438532049,80.2853266398112,77.56844585418702,66.01247121588682,0.6146350438530531,0.005164449303914181
2014-06-17,84.18268585205078,84.41032968285366,83.93683357152456,84.07342125943397,19977900,83.18471260070801,80.67384047074752,80.32781944274902,77.6478515625,66.32540431035589,0.6191878936005223,0.005079584527937695
2014-06-18,84.65620422363281,84.77457653609237,83.75473643578933,84.26465648594085,34514000,83.41098976135254,80.76158641468395,80.37395668029785,77.73182800292969,69.47613249188336,0.6536622000831136,0.004930792391769163
2014-06-19,84.60157012939453,84.83831474931007,84.21912315272422,84.7836824442741,38422200,83.59629287719727,80.82284365567294,80.41745243072509,77.81359790802001,68.67770420713344,0.6575650066036687,0.004714794465637993
2014-06-20,84.70108032226562,84.79238812988778,84.48195690874942,84.63716903641475,25897500,83.7688144683838,80.88210157914595,80.4634360631307,77.89222381591797,69.36820041026549,0.6277055857423071,0.004692831768780894
2014-06-23,84.71934509277344,84.74673464887364,84.46369994809451,84.69195553667323,20837900,83.91265525817872,80.95344682173295,80.51055215199789,77.97035659790039,69.5010998717921,0.6134506326648922,0.004545041649305441
2014-06-24,84.63716125488281,85.43149313383387,84.39064830806743,84.71020470794186,31945800,84.00139465332032,81.06236932927912,80.55268573760986,78.0476738357544,68.07002130318072,0.631861298376276,0.00381021921311708
2014-06-25,85.17584228515625,85.32192221564216,84.43629652864357,84.4454217353069,32818600,84.12981605529785,81.19466219815341,80.60451049804688,78.12363822937012,72.12196910871342,0.6190223236833917,0.0038544010733581008
2014-06-26,85.22150421142578,85.23976855957945,84.56413395985875,85.2306363855026,22563900,84.23411560058594,81.31470586603338,80.66146577199301,78.19812244415283,72.44122022735796,0.632809608673207,0.0036849915421264586
2014-06-27,85.59581756591797,85.6140749420443,85.0845274447153,85.11191699180752,22877800,84.35667457580567,81.41705239035866,80.72395299275716,78.27515258789063,74.97151263635618,0.6394144795573047,0.0037394922478111623
2014-06-30,85.74191284179688,85.95190403395563,85.52278251197102,85.57756857733055,19751900,84.49063568115234,81.5670879017223,80.78162593841553,78.3531379699707,75.90151902261992,0.6440494756348737,0.0036949995552001944
2014-07-01,86.68234252929688,86.91059811256062,86.00670098745474,86.04322271667384,31862500,84.67343788146972,81.75061270973899,80.84570331573487,78.4356007385254,80.83754391585924,0.6937058340988683,0.0042091583116424195
2014-07-02,86.82842254638672,86.956245115847,86.65495303972354,86.73712170617333,18777300,84.8480655670166,81.92586600563743,80.91318467458089,78.5197380065918,81.47237274633116,0.6397800082056071,0.004193989345724386
2014-07-03,87.3762435913086,87.3762435913086,86.87408543528996,87.11147321704527,15291700,85.01502838134766,82.10644448020241,80.98312009175619,78.6042765045166,83.65874212891998,0.6379338709066583,0.004050255486882129
2014-07-07,87.11144256591797,87.38534501851389,86.94709830803806,87.27577985799199,23266400,85.14462051391601,82.26350014426491,81.06057478586833,78.6832650756836,78.81713012169668,0.6230580688728367,0.004093634471732019
2014-07-08,86.06149291992188,87.01103704680416,85.70541474306704,86.947125757774,40612400,85.22490119934082,82.40113456032493,81.11691500345866,78.75614963531494,63.19919276601289,0.6896674768386818,0.005083796293390116
2014-07-09,86.70059204101562,86.80102504579978,86.04321490635827,86.28973481475826,29919000,85.32985229492188,82.53979311856357,81.17315247853597,78.83345611572265,67.42984491036118,0.6709510510628576,0.005285125770139941
2014-07-10,86.42670440673828,86.78278258827173,85.48628547606955,85.58671849812342,44245300,85.42201919555664,82.66204806241122,81.2270325978597,78.91011455535889,64.03250238728273,0.7193300164640236,0.00536811052415934
2014-07-11,86.98365020751953,86.98365020751953,86.38105898183592,86.6458363418121,19566300,85.58027687072754,82.80717759565873,81.28932361602783,78.98955772399903,67.60661846337356,0.7401985882172559,0.0049281541786730726
2014-07-14,87.50407409667969,87.70494016359704,87.23017152290879,87.37625150242481,19579000,85.75226440429688,82.9480278708718,81.35089963277181,79.07282062530517,70.55139367842273,0.7715025350242836,0.005009413342695045
2014-07-15,87.20278930664062,87.76885885292889,86.58193366833673,87.64103624790835,39467500,85.90554389953613,83.1065786188299,81.40823122660319,79.15182636260987,66.76727967529123,0.7819368463689774,0.005152257440238385
2014-07-16,87.54972076416016,87.92406330622335,87.4584199137913,87.83275549004611,22052600,86.0738956451416,83.26680145263671,81.4707155863444,79.23301765441894,68.83985015742765,0.7701974401249865,0.005165234632674287
2014-07-17,86.39019775390625,87.62277682557624,86.11628819761987,87.31234553073104,43111500,86.16059532165528,83.3945184881037,81.5366558710734,79.30926830291747,56.21998972457093,0.8295441564275349,0.006101901596537353
2014-07-18,87.75970458984375,87.80535152463435,86.7371171223944,86.83755013106385,36682200,86.31850204467773,83.54332857998935,81.62034200032552,79.38875885009766,64.49817018671166,0.8928017473846138,0.006923098327494242
2014-07-21,87.65013885498047,87.79622576332622,87.23928161542062,87.5770954008076,29750700,86.46595497131348,83.68584123091264,81.7034922281901,79.4678369140625,63.464258426725245,0.9019319349503984,0.006956794204229545
2014-07-22,88.20709991455078,88.34405467593102,87.96971212587893,88.06101297819625,25770400,86.64034271240234,83.8411299272017,81.79822006225587,79.55389350891113,66.41178522579003,0.868019831392313,0.007021321249089919
2014-07-23,88.77316284179688,88.87358888800513,88.35316644656339,88.51751074206118,28947500,86.84714279174804,83.99909446022727,81.88582795461019,79.639714012146,69.13701040117633,0.8941053240588052,0.007048754402029982
2014-07-24,88.67273712158203,89.02881529680728,88.54491454410672,88.92838227653266,24707200,87.02198753356933,84.17410652854225,81.97433306376139,79.72800861358643,68.0816268500089,0.8895395889001401,0.007026776766389942
2014-07-25,88.32579040527344,88.44448778262019,87.86015396829454,88.21623216871771,29898900,87.17720184326171,84.34694990678267,82.07487551371257,79.82142269134522,64.42280020675288,0.9162779062438305,0.007146196437221068
2014-07-28,88.35317993164062,88.58143554545843,87.6684130901872,88.41709122487727,25603400,87.31506996154785,84.52161587801847,82.17097155253093,79.91605587005616,64.58461206137315,0.881063237130995,0.007126975732925906
2014-07-29,88.19796752929688,88.74577960770324,88.12492406129375,88.54492051940743,27022200,87.43787269592285,84.68816181529652,82.26743278503417,80.00256286621094,62.840381202337745,0.8712807662001367,0.007166486991673317
2014-07-30,88.544921875,88.85534617005297,88.19796887957772,88.69100184743417,35348500,87.531001663208,84.83734061501242,82.35864251454672,80.08800853729248,65.10879104114022,0.8256294468111308,0.006839268818077961
2014-07-31,86.75538635253906,87.96057565537477,86.62756377237528,87.81449569196253,50047900,87.52734985351563,84.95298947420987,82.42340412139893,80.16198143005371,48.62201040396051,0.9195413665926385,0.008328569800288838
2014-08-01,86.43584442138672,87.04756786718444,85.86064271402893,86.5727991990841,60708000,87.48032989501954,85.07044400301847,82.48173300425212,80.23575454711914,46.36437972760898,0.9528010235267814,0.008228716481072313
2014-08-04,87.029296875,87.36711767839853,86.29887615201172,86.61843957194925,33230500,87.47622261047363,85.21011199951172,82.53746795654297,80.3084363937378,50.92211005956444,0.944323619369257,0.008365496421418171
2014-08-05,86.36279296875,86.92886941357666,85.96106781462956,86.68235640913477,50331100,87.49128761291504,85.32822556929155,82.58636678059896,80.37571155548096,46.17624501058745,0.969106123711237,0.008085667048967616
2014-08-06,86.29885864257812,86.83754538379308,85.75104669438825,85.82409014502872,34431900,87.47120094299316,85.4350771817294,82.62975686391195,80.43675968170166,45.7359108259325,0.9391068423861272,0.007906067964961882
2014-08-07,86.02495574951172,86.86493453053261,85.72365674138244,86.7005902502627,33274700,87.45111351013183,85.54224617697976,82.66950721740723,80.49562667846679,43.808520878852235,0.919544272273418,0.007906361581979927
2014-08-08,86.64582824707031,86.74626126960294,85.79671712571792,86.16192748349035,40236900,87.43422241210938,85.64679745760832,82.71111418406169,80.5570569229126,49.04992418255296,0.947587129129091,0.007942384719527793
2014-08-11,87.15711975097656,87.4310292644742,86.91973197033248,86.98364326137417,28277500,87.41687469482422,85.75418784401633,82.761656443278,80.62329833984376,52.94266326250703,0.9541075003043298,0.007939061823545644
2014-08-12,87.12062072753906,87.34887639301625,86.6732415736306,87.06584159688377,28152300,87.41276626586914,85.85015314275569,82.80872764587403,80.6877338027954,52.63351261037552,0.9547607750137084,0.00790212581895444
2014-08-13,88.04273986816406,88.07926159572932,87.43101660451255,87.47666353961365,27996500,87.43741722106934,85.94434162486684,82.86438814798991,80.75411930084229,59.12717252484945,0.9886707832629723,0.00820999817374039
2014-08-14,88.49925994873047,88.51751733145268,88.04274875678733,88.16143915900167,25006600,87.54287033081054,86.05146609219638,82.9202341079712,80.82269710540771,61.91119800284261,0.9645418054059098,0.0076214374305515024
2014-08-15,88.92839050292969,89.13838177143253,88.08841149730091,89.0105591821329,55205500,87.60130462646484,86.15679113214667,82.98041000366212,80.89278923034668,64.36812067418957,0.9743237924673664,0.0068708378678030285
2014-08-18,89.6131362915039,89.69530495138928,89.26618337428022,89.39401289933586,38938300,87.69945449829102,86.27440019087358,83.04689534505208,80.96666584014892,67.9236460870838,0.9847565711852307,0.007027920737758145
2014-08-19,90.11529541015625,90.17008148319475,89.76834945467901,89.82312856191038,21363400,87.79486427307128,86.40262936678799,83.1131513595581,81.04391021728516,70.26681280588666,0.9775827533948558,0.007000508961887851
2014-08-20,90.11529541015625,90.29790404393937,89.96008329579594,90.04225892245013,23435600,87.86197090148926,86.53152021928267,83.1801648457845,81.12106430053711,70.26681280588666,0.8647586566461923,0.0068898680624650535
2014-08-21,90.29790496826172,90.34355190281941,90.02399549768677,90.16095023297424,19339500,87.94322929382324,86.65810269442471,83.25377229054769,81.19859035491943,71.15546785270064,0.8028037460731302,0.006880101749456047
2014-08-22,90.43487548828125,90.61747718999818,90.13357641122074,90.33444246259441,24692000,88.04868354797364,86.77442793412642,83.31989040374756,81.27639556884766,71.8354275805257,0.7610651212438891,0.006785383718341966
2014-08-25,90.75443267822266,91.01007784900334,90.53530924124044,90.86399091380954,24124700,88.16874618530274,86.88778852982955,83.38677870432535,81.3558885192871,73.41027920076306,0.7258489284118639,0.006801333475230236
2014-08-26,90.845703125,90.94613611788007,90.63570496739455,90.89135701842045,20100400,88.30113296508789,87.00396714643999,83.45503330230713,81.44287258148194,73.85986295103439,0.6704155327747705,0.006762566692116206
2014-08-27,90.864013671875,90.97357890071237,90.67227974576726,90.873145849064,15589100,88.41708755493164,87.11782975630327,83.52684720357259,81.52498775482178,73.95500596680367,0.610417058902981,0.006743393992230883
2014-08-28,90.76353454589844,90.87309274490228,90.46223556702556,90.55353638813082,23563900,88.61749496459962,87.23019644997336,83.5972183227539,81.60718685150147,72.39777339423486,0.5719394184738168,0.004520412132352977
2014-08-29,91.10137176513672,91.22006913239748,90.63572840191605,90.96441701527088,17906300,88.85077133178712,87.36261236017401,83.673357518514,81.69048881530762,74.35317446522777,0.5575922551222122,0.004305239169470954
2014-09-02,91.36614990234375,91.39353945939865,90.99181434624673,91.32049599671357,18326800,89.0676139831543,87.49537284157493,83.74912904103597,81.77060543060303,75.80015795291251,0.5380272761055177,0.004190228681891543
2014-09-03,90.82745361328125,91.61264631482712,90.66310933486311,91.61264631482712,25950700,89.29084701538086,87.61701382723722,83.83010209401449,81.84685596466065,67.46087905733735,0.5373769983750714,0.003979876523691239
2014-09-04,90.74527740478516,91.50308751513899,90.51702185100196,91.03744423499539,24663500,89.5131679534912,87.73633367365056,83.91500879923503,81.9219741821289,66.2632619308079,0.573897584149958,0.003987153908494288
2014-09-05,91.20178985595703,91.25656896061388,90.41659018211054,90.88223346911411,30798200,89.77200965881347,87.85534432151101,83.99781436920166,82.00307270050048,69.50235561343443,0.5588981916050803,0.003787262750575293
2014-09-08,91.37528991699219,91.60354553311228,90.95530041922824,91.22920297908719,25571300,90.00848274230957,87.9785028631037,84.0738889058431,82.0861209487915,70.65548756469207,0.55042181056397,0.003654968251085189
2014-09-09,90.61746215820312,91.72221829169091,90.44398569428276,91.38439753716366,36449200,90.1814998626709,88.08607344193892,84.14735806783041,82.16628196716309,59.98652952061127,0.6019423395437775,0.004312916125487344
2014-09-10,91.36614990234375,91.40267163368628,90.4805170732592,90.73616222684896,31080100,90.39377632141114,88.20692443847656,84.22517363230388,82.2463985824585,65.52505974350977,0.6436804689926104,0.004494192845386
2014-09-11,91.29312133789062,91.33877525097111,90.60835443653811,90.97356484375462,28691900,90.55629539489746,88.32794189453125,84.31060619354248,82.32412082672118,64.58597826596346,0.6749832590406817,0.004106065028024918
2014-09-12,90.82745361328125,91.23831082642324,90.54441198801256,91.21092127432134,30444400,90.672705078125,88.43069846413353,84.39807694753011,82.39861267089844,58.7992184096485,0.693898156976441,0.004302176846964035
2014-09-15,89.95094299316406,90.93700862905393,89.67704051595453,90.92787645673833,32972200,90.72383270263671,88.51668826016513,84.47604287465414,82.46673793792725,49.76154221225395,0.7428099964319637,0.0048596080612636205
2014-09-16,90.7361831665039,90.90965968896303,89.52186840671885,89.61316927324117,38166900,90.77998504638671,88.61014945290306,84.56920280456544,82.53612892150879,56.2493730293412,0.8197642915575817,0.004943701854362611
2014-09-17,90.87311553955078,91.30223716877327,90.32530350969972,90.71790340815777,37196500,90.81787605285645,88.70344404740767,84.66722221374512,82.60390483856202,57.28529940671669,0.8680238989953273,0.004810067504502331
2014-09-18,91.55787658691406,91.56700876048548,91.05571849340498,91.15614453946083,30196700,90.89000511169434,88.79209012118253,84.7696580251058,82.6762317276001,62.11607807245732,0.8882407592137541,0.005063092926258982
2014-09-19,91.50115966796875,92.03196723218876,91.13508042954133,91.94044916817708,46918000,90.95016784667969,88.87704897793857,84.86691621144612,82.74859077453613,61.4957193039712,0.9105654786541828,0.005064109276032208
2014-09-22,90.65001678466797,91.29065013300024,90.25648287572676,91.2814962330584,48658000,90.96092491149902,88.93657212690873,84.9453961690267,82.81633338928222,52.94947876039047,0.9707763128749016,0.005526121659038288
2014-09-23,90.40287780761719,90.80556547148704,90.21984176897305,90.28390508073623,33989600,90.94334716796875,88.99641640403054,85.02007102966309,82.88333633422852,50.744313880058776,0.9447896501999001,0.005500617392368348
2014-09-24,91.37298583984375,91.4187483429267,90.18323756584084,90.49440024319651,35959000,90.96971130371094,89.09298900257457,85.10821793874105,82.95239398956299,58.11779330712834,0.962607158267674,0.006016583187776348
2014-09-25,89.45110321044922,91.19912795411472,89.41449459471816,91.08014820739392,68642500,90.89906578063965,89.14299829656427,85.19825693766276,83.01026386260986,44.049325357272906,1.0425009058835488,0.00767985701735822
2014-09-26,90.40287780761719,90.56761303534783,89.58835556560938,89.74393689669462,56106200,90.88103294372559,89.21529235839844,85.30244979858398,83.07316326141357,50.44670544875633,1.0759483852417324,0.0080898102621647
2014-09-29,90.283935546875,90.53103498066554,89.46025913027378,89.50602164656594,33342700,90.8401611328125,89.27529754638672,85.39965674082438,83.14047328948975,49.68219337105733,1.0611300461691329,0.008040594109194839
2014-09-30,90.41207122802734,90.87882240770132,89.98192866856117,90.53104400691743,41834300,90.79245719909667,89.32817022150213,85.48670101165771,83.2094161605835,50.55159884876839,1.0593257017914948,0.00801505146318843
2014-10-01,88.96604919433594,90.24732278549455,88.68234115701758,90.15580473949308,58164900,90.69938697814942,89.3602294921875,85.5823350906372,83.27162490844727,41.77866690110591,1.128749602163218,0.008664927146649399
2014-10-02,88.96604919433594,89.24061031471969,87.83121006268314,88.92944057945948,54501300,90.61042556762695,89.3859809181907,85.68548151652018,83.33171424865722,41.77866690110591,1.175941809460252,0.008667806246181867
2014-10-03,89.84465789794922,90.21073715761673,89.17656970775856,89.4877325399282,41627800,90.54256896972656,89.44878928444602,85.79094123840332,83.39696319580078,48.12285289220207,1.1748503701874944,0.00890823854079692
2014-10-06,89.65248107910156,90.3480310768075,89.37792683064706,90.12838628156747,36038700,90.45642852783203,89.48320340243252,85.89267501831054,83.45678688049317,46.91856947590927,1.1450155818957992,0.008891647221965485
2014-10-07,88.38033294677734,89.4877174584159,88.37117904667357,89.23146411454978,45154000,90.34457206726074,89.49647965864702,85.97523295084635,83.5113321685791,39.81543311185772,1.1667561799925446,0.009240133756227824
2014-10-08,90.10089874267578,90.38461379517418,87.91358437317935,88.4260980583228,64931600,90.28130950927735,89.53091236461293,86.07197710673015,83.5705355834961,50.68890672989805,1.2936944800682681,0.010140474977154675
2014-10-09,88.64575958251953,90.21074168837646,88.50847898045177,89.98194301239069,62497100,90.1489414215088,89.52859594171697,86.15173867543538,83.61834663391113,43.52655863818525,1.3512213304452152,0.010717086645216181
2014-10-10,86.43096160888672,88.61827567233276,86.41265381070387,88.1240698570834,77579400,89.92911682128906,89.4878363869407,86.20780766805014,83.65490276336669,35.34119462520434,1.421823400414763,0.011930546013784337
2014-10-13,85.07649230957031,86.93433629877207,85.003275063104,86.27539504533715,80835900,89.68539428710938,89.42875823974609,86.25843238830566,83.68337482452392,31.446481632144483,1.5179189384971974,0.012195869980639283
2014-10-14,85.08562469482422,86.1838551845785,84.84767219517177,85.60728522481438,71814500,89.40286636352539,89.36934814453124,86.30283501942952,83.71288772583007,31.50129371993654,1.5251098108058312,0.011919434327519936
2014-10-15,84.5365219116211,84.89344722252517,82.58715307873555,83.80436348893673,108847800,89.0860366821289,89.30277640602806,86.35328521728516,83.74024326324462,29.95066722009379,1.563679837303194,0.011888846538002252
2014-10-16,84.00568389892578,84.72868821887046,82.72441050892735,82.75186522017947,93165800,88.70842704772949,89.22024480646307,86.39718704223633,83.76236602783203,28.490598051632446,1.6270918290920864,0.011609533530875633
2014-10-17,85.11307525634766,85.92759767601703,84.61886946536083,85.11307525634766,69546700,88.38902282714844,89.19038460471414,86.4450813293457,83.79314704895019,35.5492050949003,1.6878873952849074,0.012229164136447023
2014-10-20,86.38520050048828,86.4584177296519,84.93004472835267,85.10392691964215,41479300,88.17578201293945,89.18946380615235,86.50183175404867,83.83313869476318,42.5631147018529,1.7329930568676986,0.012815856053624862
2014-10-21,88.65487670898438,88.65487670898438,87.23632271336174,87.45596739612871,53609800,88.08838195800782,89.21901980313388,86.57552286783854,83.88592632293701,52.49610146673331,1.7715606381167217,0.014320682010579672
2014-10-22,88.19729614257812,89.04842730363006,88.14237972476904,88.9294475503603,39178000,87.92959747314453,89.2523744062944,86.64661515553793,83.93280700683594,50.59635115823382,1.7356068757470413,0.014081524859496482
2014-10-23,89.52433013916016,90.01853603149237,88.92945228825765,89.08503368518254,48123800,87.93325881958008,89.31101934259588,86.725275293986,83.98546337127685,55.61311128894967,1.7767891561494307,0.01377853882399959
2014-10-24,90.25647735595703,90.32054068687238,89.35958374076289,89.71650901048827,43157600,87.92593879699707,89.3879560990767,86.81868699391683,84.04309246063232,58.138784703516485,1.7761357775743625,0.013690423693912528
2014-10-27,90.32051849365234,90.48525373015357,89.70733306855584,90.08256604484441,29545700,87.92776794433594,89.45476864901455,86.91452960968017,84.09977508544922,58.3619661094252,1.7401799653722014,0.013687607793224353
2014-10-28,91.68417358398438,91.70247439940074,90.67746115898724,90.74152448651309,34495100,87.99137306213379,89.53707871870562,87.02234312693278,84.16911155700683,62.89797570732051,1.662388999926028,0.014092276664239005
2014-10-29,91.34557342529297,91.62928850749184,90.69578607844413,91.38218204823414,40552800,88.11034927368163,89.61389604048296,87.12490673065186,84.22933609008788,61.11757735353606,1.6113979140414247,0.013580204557470473
2014-10-30,91.5377426147461,91.7573943023759,90.73237404057465,90.93371792971234,35935800,88.23893394470215,89.67744154496627,87.21822052001953,84.28726432800293,61.77882753654346,1.525106091897538,0.013576870500554433
2014-10-31,92.80072021484375,93.12103688135035,92.49870436540338,93.05697354804903,54254100,88.38673706054688,89.75564991344105,87.32160402933756,84.3514624786377,65.88514558492767,1.5002655941072658,0.013731435859269834
2014-11-03,93.07524871826172,93.32235506603364,92.82814935286754,92.96542988136552,33481000,88.55787544250488,89.831047335538,87.43076572418212,84.41929508209229,66.72206083212453,1.4420835842346338,0.01370352340016453
2014-11-04,92.76412200927734,93.00207455212187,92.13263552273551,92.78242282839749,22773300,88.77706489562988,89.88833798495206,87.54257043202718,84.48254093170166,64.78238382090947,1.3309508399087437,0.013237253459036752
2014-11-05,92.77328491210938,93.37730975501074,92.45296119619108,93.37730975501074,25818600,88.91068420410156,89.93666506680576,87.65012658437094,84.54479236602783,64.81482526277927,1.253813043399926,0.01262544082160724
2014-11-06,93.06611633300781,93.09357104651812,92.36141276847546,92.76410051963681,24671900,89.13170204162597,89.99031635631215,87.75549405415853,84.6098649597168,65.89604560579865,1.1688305077535983,0.011920215538644287
2014-11-07,92.98373413085938,93.26744909554445,92.49868229696222,93.23084048776644,20931700,89.4593406677246,90.03914961381392,87.86260299682617,84.68239681243897,65.28820510956459,1.1145729218452414,0.010069690975257973
2014-11-10,93.31324005126953,93.43221283494077,92.78242551049513,93.02953196123316,20360000,89.87117805480958,90.09148351495917,87.96608409881591,84.76037616729737,66.6146838067568,0.9988665729844948,0.008981186376031656
2014-11-11,93.60609436035156,93.60609436035156,93.07527986313951,93.33154019386193,15454000,90.29720153808594,90.1433319091797,88.0690461476644,84.84004608154297,67.79269829091635,0.9720642100095682,0.008925556764948182
2014-11-12,93.77079772949219,93.87146965097925,93.23083649822308,93.23083649822308,22050300,90.7589153289795,90.19651544744318,88.16844838460287,84.92470127105713,68.46660748444812,0.8877351574268479,0.008561031611605104
2014-11-13,94.17352294921875,94.5212943732687,93.73422648197314,93.94472430599052,28027800,91.26730728149414,90.25668834339488,88.26270796457926,85.00426780700684,70.11331264776106,0.8753145106544247,0.008128317581598269
2014-11-14,94.46639251708984,94.46639251708984,93.83490597672193,94.14607578733113,19251300,91.73497314453125,90.32401303378019,88.3615327835083,85.0863391494751,71.28757497302843,0.8648549305665806,0.007954421580911173
2014-11-17,94.18264770507812,94.45720180256262,93.73419747581032,94.24671102606234,23361600,92.12484550476074,90.38003623268821,88.45359223683676,85.17594890594482,68.48026017350159,0.8184434402473754,0.007815007827140787
2014-11-18,94.88740539550781,95.01553212006023,94.25591869422608,94.26507259808919,26336800,92.43647193908691,90.44405905983665,88.55144863128662,85.26627765655518,71.48400090347948,0.8073360766360794,0.005948260719726632
2014-11-19,94.45720672607422,94.78667724613166,94.01791735425006,94.78667724613166,23760200,92.74946746826171,90.51005457097834,88.64640293121337,85.35545059204101,67.26981239493227,0.7962266323115443,0.00590208701935239
2014-11-20,94.87818908691406,94.96056020273811,93.98130260496106,94.05451284056463,22874000,93.01716041564941,90.58519841974432,88.74516868591309,85.4418427658081,69.18431703852826,0.753081155966744,0.005245606620096662
2014-11-21,95.06127166748047,95.81173100796124,94.75925575448207,95.72020595623,34049100,93.25740013122558,90.65537081631747,88.84288037618002,85.52222915649413,70.00601076279253,0.7909983275588358,0.005100096670401969
2014-11-24,95.80253601074219,95.84829851697747,95.23511305236407,95.31748416711196,17928300,93.53150100708008,90.7358661998402,88.94092661539713,85.60405994415284,73.13004561273209,0.7798850171281779,0.005206333978769846
2014-11-25,95.94898986816406,96.2327049166223,95.7018904206734,95.94898986816406,17526000,93.74474182128907,90.83280306729404,89.03617153167724,85.68209938049317,73.7126068021656,0.7517754412088381,0.00435658212662327
2014-11-26,96.5712890625,96.62620546260251,95.93980981153106,96.04048173227842,18973800,94.00602760314942,90.92744196111505,89.1371332804362,85.7624811553955,76.08520595644886,0.7485066821394659,0.004213674398950077
2014-11-28,97.0197525024414,97.23939718572434,96.7634992082149,96.82756253177153,17360400,94.28012809753417,91.03156252774325,89.24061813354493,85.84211967468262,77.65070621261798,0.7413167767567594,0.00423002845254064
2014-12-01,95.92150115966797,96.93736727276034,95.56457598289255,96.75433122706234,35969500,94.4361671447754,91.12418157404119,89.33510258992513,85.91545261383057,66.21860843324185,0.7988445764069892,0.004547564324750484
2014-12-02,96.3059310913086,96.47981331776109,95.82087208679395,96.02221601652066,26031300,94.59770126342774,91.23972681218928,89.43916454315186,85.98871730804443,67.99484416162102,0.8079964859609235,0.004569276137535082
2014-12-03,96.47981262207031,96.61709320792869,95.87578781962637,96.45235790137477,32974300,94.78348579406739,91.34415643865412,89.542626953125,86.06565612792969,68.79409085718059,0.8151873599285062,0.004411493004840742
2014-12-04,96.43405151367188,96.80927764548012,96.03136368037306,96.38828899356783,31008800,94.96652412414551,91.44526436545632,89.64510072072348,86.14046600341797,68.31061271165517,0.8145335080578988,0.004426157177662929
2014-12-05,96.44319152832031,96.73605348183432,96.23270070862137,96.58962599626719,25622200,95.13537788391113,91.53408827348188,89.74727160135905,86.21586456298829,68.35844471538775,0.8053810961182586,0.004435034637171214
2014-12-08,95.75677490234375,96.61705975900279,95.25342223829846,96.19607122852958,32685800,95.27402992248535,91.61146309592507,89.83977635701497,86.28565971374512,60.92140304878901,0.8504841303628875,0.004834100202830178
2014-12-09,96.05882263183594,96.13203987427627,94.30165070755139,94.64027521705249,46035100,95.41130905151367,91.70980502041904,89.93525346120198,86.35741741180419,62.83736552777126,0.9217344697730862,0.00482613560829047
2014-12-10,94.54872131347656,96.1228566335637,94.37483914373094,95.88490415945373,39330100,95.45844039916992,91.78518399325284,90.01731713612874,86.42198654174804,49.71407855177361,0.9844865732427296,0.006143849809544971
2014-12-11,94.99718475341797,96.13202389306251,94.80498777836826,94.82329557712508,47576000,95.5197597503662,91.8510785189542,90.10296579996745,86.48614959716797,52.862527051566104,1.0276326433719365,0.006211407116947884
2014-12-12,93.96300506591797,95.17106136497121,93.95385814945547,94.09113172018279,46889400,95.50923385620118,91.93311309814453,90.18068116505941,86.54559623718262,45.74899373059897,1.0393989263745484,0.006656564116011105
2014-12-15,92.99292755126953,94.79586210192728,92.72752026886185,94.44808367141607,52968400,95.43556060791016,91.98020491166548,90.24582354227702,86.60323581695556,40.27429178692041,1.1309214252008652,0.006986225299858236
2014-12-16,91.50115966796875,93.77999227904884,91.48285186573798,92.40720037173156,65348600,95.30148620605469,92.00233625932174,90.29815400441488,86.64823810577393,33.612907190664075,1.2570875621552904,0.0077706381553277
2014-12-17,93.16683197021484,93.43223231355167,91.44626130450354,91.56524109536015,79715300,95.21545753479003,92.0524228182706,90.36124579111735,86.70043308258056,44.62613089029236,1.3499143734393388,0.008727570333902533
2014-12-18,95.40902709960938,95.41818099972129,94.24673315107474,94.50298649516867,49840900,95.2630485534668,92.16956787109375,90.44180507659912,86.76420246124268,55.36133949814025,1.463003009602346,0.010298745259344393
2014-12-19,95.82882690429688,96.21463913541001,95.26847756503402,95.50731671170259,51419900,95.31058044433594,92.2943456476385,90.51802577972413,86.83211486816407,57.04059725794232,1.4266447989471414,0.010297618334990623
2014-12-22,96.06767272949219,96.0952297467165,95.6267394287121,95.67267246301732,33869200,95.36090049743652,92.40749137184837,90.59501953125,86.90085823059081,58.00849125132162,1.4130411623069463,0.010302357698210288
2014-12-23,95.727783203125,96.42592465183579,95.61754812962431,96.41673664361151,30156900,95.35716285705567,92.51795141046698,90.6646156946818,86.96967380523682,56.07240994002745,1.4178319575861715,0.010195463643107673
2014-12-24,95.81045532226562,96.17789152770156,95.78289129930118,95.84719333609212,14291300,95.35023612976075,92.65304454456677,90.73710746765137,87.0373582458496,56.45312059604542,1.3944172689768501,0.010191333938387203
2014-12-26,96.49022674560547,96.69232087626932,96.05848146798664,96.08603848427775,13924300,95.34618301391602,92.76921414462002,90.82401358286539,87.11425594329835,59.556898421136026,1.421453896176189,0.010212700449766346
2014-12-29,96.47183990478516,96.68312201997199,96.34323583759179,96.39835687238612,17073800,95.3187873840332,92.91150651411577,90.9054406483968,87.19383277893067,59.43350448368645,1.348328800581608,0.010154231206503377
2014-12-30,95.82882690429688,96.41673325886829,95.70022282725915,96.19627012800315,18604000,95.31415367126465,93.08237679221413,90.9837916692098,87.26665130615234,55.131610072802424,1.2727022227816878,0.009937817925100532
2014-12-31,94.8459243774414,96.3708113682666,94.70813228659384,95.9941801205097,24367100,95.24115333557128,93.2600028298118,91.04931062062582,87.32964920043945,49.261920570032245,1.2666066221988308,0.01014465506483582
2015-01-02,94.56117248535156,95.71860939098333,94.10187012357449,95.31442807833005,31314600,95.14522132873535,93.43228551691229,91.10811977386474,87.39344924926758,47.678212012870794,1.2689949570433237,0.010138751200653006
2015-01-05,93.17405700683594,94.25801062383027,92.90766085427671,94.14777555809657,36521300,94.98222160339355,93.58933160955256,91.15788033803304,87.44917812347413,40.79757081528347,1.3001598438689743,0.010590098313494323
2015-01-06,91.92475891113281,93.46801486691254,91.51138965856902,93.31185377224593,66205500,94.75629997253418,93.73331479159269,91.19433898925782,87.50359584808349,35.78816186627992,1.2921800849602667,0.01089796053747572
2015-01-07,93.10974884033203,93.33021194888805,92.3105604352722,92.53103055222405,37577400,94.62394866943359,93.87870885675603,91.25033524831136,87.56748977661132,42.94438448150739,1.2284881295634367,0.011345503382937673
2015-01-08,94.89183807373047,95.0755561518251,93.79869658639976,93.89974363187044,40212600,94.56559944152832,94.03337499445135,91.30976969401041,87.63897380828857,51.66810993179799,1.2270478654523609,0.012208967524363736
2015-01-09,94.26720428466797,95.21336587833613,93.71603593134185,95.18580886234918,41410100,94.5515235900879,94.13541731400923,91.36491190592447,87.71252487182618,48.84882833788012,1.1731893595586353,0.0117742214782325
2015-01-12,93.2842788696289,94.5519504083639,93.045439765208,94.4509033645087,34129800,94.46587829589843,94.22790790904652,91.40722173055013,87.78339233398438,44.71415953132105,1.213214293328628,0.011934466020726725
2015-01-13,93.2567367553711,95.18581203961072,92.50348125686503,94.1937173805841,56162300,94.4305648803711,94.29576984752308,91.44458484649658,87.85334812164307,44.60024340735865,1.3713457550958634,0.01169794873669772
2015-01-14,92.7423095703125,93.2199878354847,91.92475212517918,92.31975234090396,51354200,94.41803398132325,94.340966796875,91.478497950236,87.91790878295899,42.426117283536556,1.4087463342373232,0.011529572888730787
2015-01-15,91.5389404296875,93.32102840571753,91.42870536593871,93.17405532911535,51005400,94.41992301940918,94.36311992298474,91.50527420043946,87.96944137573242,37.785913306247465,1.5117616710374844,0.011324602181326002
2015-01-16,92.61369323730469,92.73310928358704,91.27253168458314,91.41950474090025,35362200,94.39226608276367,94.38002028031782,91.54077847798665,88.0253003692627,43.70763114446223,1.553098245680356,0.010863064847217467
2015-01-20,93.34859466552734,93.58742679678025,92.12684896117871,93.17405756250714,30964100,94.28924446105957,94.41643884832209,91.58370037078858,88.0880665588379,47.394798538072195,1.6331476494818804,0.009473160301075407
2015-01-21,93.82625579833984,94.26718900786439,92.74230229200408,93.0730004470486,40128800,94.18911590576172,94.45804817893288,91.62771148681641,88.16396572113037,49.70090319513066,1.6869526236486163,0.009496191862521966
2015-01-22,95.56242370605469,95.66347076034374,93.36695954176741,94.1937049821341,40887200,94.16385345458984,94.50826096968217,91.70110346476237,88.25227916717529,57.06787797464266,1.7322263477131565,0.01043569897727069
2015-01-23,95.77371978759766,96.06767298610389,95.27767245104394,95.55324963242018,34783000,94.16615028381348,94.55732408003374,91.77891909281412,88.33805225372315,57.87648589915365,1.6731735811168065,0.010418427515091066
2015-01-26,95.6634521484375,95.8379892097788,95.1765929861641,95.6634521484375,19960900,94.15880012512207,94.61003917347301,91.85087038675944,88.4165357208252,57.270271570612955,1.6023081948696531,0.0104201467905631
2015-01-27,93.1832504272461,94.21208306693829,92.87092122705616,94.15696903506814,45253200,93.9934513092041,94.61749309193004,91.9077075322469,88.49500217437745,45.68042279135142,1.6620157458009257,0.01176223517270953
2015-01-28,92.70555114746094,94.78159898173602,92.68718214379264,94.68055194057251,43591700,93.8051368713379,94.61093736128373,91.96109663645426,88.57558753967285,43.840188150594955,1.7112274458143648,0.0117811859446845
2015-01-29,93.59663391113281,93.77117104978284,91.82372652970177,92.63209615640069,46539700,93.69352722167969,94.62208099365235,92.02419395446778,88.65762325286865,48.044749286696565,1.7099158178563647,0.01199661112982351
2015-01-30,92.87091064453125,94.23044834571697,92.742306579224,93.51393797946345,42927600,93.59477653503419,94.61403864080256,92.07606964111328,88.73475566864013,45.084297315690776,1.7092595192491271,0.011908891784293248
2015-02-02,93.6792984008789,93.76196944926801,91.63080709834415,93.08220402061384,43624700,93.55068283081054,94.6153696233576,92.13042112986247,88.81078525543212,48.86411804787273,1.7538774983754106,0.012090787906836131
2015-02-03,94.57952117919922,94.64382321569917,93.40370850697363,94.01917185752978,30750400,93.6209560394287,94.63007368607954,92.1925786336263,88.89122486114502,52.76326400365987,1.6508620645168282,0.011797892510716737
2015-02-04,94.49685668945312,95.12150809094359,93.98243335338067,94.19371549275992,34073200,93.74956092834472,94.63595248135654,92.24636294047038,88.96833728790283,52.36838269404824,1.6370827864719004,0.011326052707828157
2015-02-05,95.31439208984375,95.37869411587768,94.49683475524292,94.73566684714314,23605500,93.85979309082032,94.65137065540661,92.30315570831299,89.04639583587647,55.88476272685365,1.5649068093901823,0.011138622781705276
2015-02-06,94.73567199707031,95.69102144179054,94.39579284458415,95.46137033512882,34169300,93.8519847869873,94.66142564253373,92.35154972076415,89.12506656646728,52.90719342372201,1.553096166404646,0.010407689045919976
2015-02-09,94.43256378173828,94.8826781119882,94.20291261204378,94.36826173455972,22604700,93.86025276184083,94.65315579501065,92.39171161651612,89.19844284057618,51.36358332506387,1.497323856714852,0.010322744129656294
2015-02-10,95.90229797363281,96.03090202522245,94.80915652672581,94.95613659048263,23686500,93.99115371704102,94.6794301813299,92.43993663787842,89.2855418395996,57.7937910827493,1.5025703944022706,0.010556017120975545
2015-02-11,96.2513656616211,96.47182875011899,95.82880848850212,96.01252656085116,20303600,94.14088516235351,94.70439702814275,92.49107055664062,89.37311134338378,59.17434118214857,1.3844638974765948,0.010558683842929188
2015-02-12,97.37210083007812,97.40884586007836,96.72908032606883,96.87605343767187,22520300,94.3723747253418,94.74641210382634,92.55002218882242,89.46314304351807,63.322484652982965,1.4107124448621176,0.01064388288731599
2015-02-13,98.2080078125,98.22637681831068,97.4639334218421,97.64765852192872,29030200,94.70582809448243,94.7901479547674,92.61479829152425,89.5563073348999,66.08998795150089,1.4244895709062502,0.010071217614726125
2015-02-17,98.29986572265625,98.36416775484467,97.95997954771977,98.20800667787219,17675300,94.99013671875,94.8328911521218,92.67767690022787,89.64874694824219,66.39011049298102,1.253893662745076,0.009898203443491049
2015-02-18,98.43766784667969,98.4927818774993,98.05184860575261,98.18045268326277,15149600,95.24459037780761,94.86682531183416,92.74094327290852,89.74260417938233,66.86391146535823,1.1357876937310263,0.009835426249208822
2015-02-19,98.92452239990234,98.98882443557545,98.34579707044809,98.3733540845371,19828100,95.49950370788574,94.901457491788,92.80811417897543,89.83680122375489,68.55072659163312,1.042615039805762,0.009833290398595904
2015-02-20,99.58592224121094,99.64103627130915,98.54789461838479,98.8602238085331,28336700,95.70067863464355,94.96808332963424,92.88163407643636,89.93949546813965,70.730592174788,1.0144007459794335,0.009165728671744967
2015-02-23,99.68696594238281,99.71452996683733,99.31034170893221,99.53080484579102,17868000,95.8963409423828,95.02955669056286,92.95318069458008,90.0438332748413,71.06061068807378,0.8910454536209522,0.009168899131956423
2015-02-24,99.76046752929688,99.87989062388888,99.25523915687651,99.5583733769697,19745000,96.10119171142578,95.08920496160334,93.02313334147135,90.14890285491943,71.31398740559028,0.8470837934985828,0.009143943887927296
2015-02-25,99.51243591308594,99.99929521953224,99.29196576766375,99.61348297763858,19472300,96.41765098571777,95.14517558704723,93.09550819396972,90.25127532958984,69.1148924086858,0.816244844520409,0.006468076329023062
2015-02-26,100.01768493652344,100.0728059884904,99.33791936838206,99.61350360302224,22255500,96.7832576751709,95.21016637628729,93.17277825673422,90.34966331481934,71.07181471602601,0.8057467916256645,0.006162743280356955
2015-02-27,99.57672119140625,100.04521141107031,99.42056012098342,99.98090237318323,27757600,97.08226203918457,95.27961994517933,93.2425693511963,90.44557342529296,67.07714289395437,0.7578484125457001,0.00626594100435391
2015-03-02,100.4769515991211,100.51369661790227,99.75125324708331,99.76962926067176,22988600,97.46256408691406,95.35994956276633,93.3184165318807,90.548078956604,70.69803752271868,0.7762205501565285,0.005843071095701606
2015-03-03,100.00848388671875,100.27488005789512,99.3746444791475,100.17383299267661,20788900,97.77902336120606,95.45921797318893,93.396675046285,90.65138359069825,66.59352982853555,0.7407897556200587,0.006033180366298636
2015-03-04,99.6226806640625,99.82477482701827,99.08070723467924,99.67780171384914,21007400,98.03118133544922,95.543317898837,93.46547946929931,90.75016426086425,63.33252537570599,0.7611294977931047,0.0060424328308293605
2015-03-05,99.79719543457031,100.10033661104816,99.38382620002515,99.87987348651717,15381000,98.29619827270508,95.64939408735795,93.53634675343831,90.84704013824462,64.18683074199211,0.729631655833515,0.005990869577681856
2015-03-06,98.66732025146484,99.86150198771409,98.41929309280303,99.66859586897529,30990400,98.46384468078614,95.75256486372514,93.60167897542318,90.93972343444824,55.216935040386545,0.771626863453408,0.00659000288184918
2015-03-09,98.95205688476562,99.20007696349423,98.46519772431697,98.86937885292632,26237100,98.6746639251709,95.88803572221236,93.67668825785319,91.03000617980958,56.85332335595662,0.7952476514571478,0.006329633703604566
2015-03-10,97.1148681640625,98.27231178810302,97.1148681640625,98.24474776624817,34234500,98.80877914428712,95.95981819846413,93.72984396616617,91.1093272781372,45.341089226721735,0.8949801835254648,0.0077848082913140075
2015-03-11,96.55451202392578,97.38125741111465,96.51776700578455,97.26183435005672,25459700,98.84138984680176,95.98064519708807,93.77718893686931,91.18288719177247,42.51344293673479,0.9107275435399457,0.007184743813294069
2015-03-12,97.1883544921875,97.29858254181094,96.41672310284419,96.48102513458981,21473200,98.88823928833008,96.00536388050426,93.82410958607991,91.25451709747314,46.57228034665564,0.8956359568286884,0.007284018925997918
2015-03-13,96.76580810546875,97.48232560203637,96.15953269563106,97.09650633207008,42021100,98.85792465209961,96.01805725097657,93.86798165639242,91.32530906677246,44.325469846114586,0.961250574578702,0.00686303478772524
2015-03-16,98.01509094238281,98.05183596098945,97.0230034735864,97.12405052265574,25674100,98.84827880859375,96.05964466441762,93.92935727437337,91.39970695495606,51.73872277211694,1.00849174518644,0.007216488419402411
2015-03-17,98.1712646484375,98.32742573016642,97.5190562996907,97.74870742284364,19603800,98.84184875488282,96.10256847034802,93.99409383138021,91.47484008789063,52.58862051337044,1.015708886515528,0.007222827185979914
2015-03-18,99.13579559326172,99.58591684265095,97.3996336553208,97.90486893182049,40622200,98.87675514221192,96.15066972212358,94.0587839126587,91.55520561218262,57.55958251858053,1.1193800698885141,0.007549544844577421
2015-03-19,99.28274536132812,99.55832242113068,99.08983931694813,99.23681234716403,31314000,98.8946662902832,96.20177709406073,94.14071426391601,91.63648784637451,58.27732299797045,1.108225199466776,0.007478704591811684
2015-03-20,99.92542266845703,100.42261073012057,99.90701141780896,100.10036115992581,31761400,98.91164131164551,96.2762606534091,94.22006880442301,91.71943561553955,61.35543855508443,1.1227173382022346,0.0074691520878354895
2015-03-23,99.73209381103516,100.14641377025977,99.69526427751282,99.87020280561512,17268500,98.91389770507813,96.36510009765625,94.29880345662436,91.7979111480713,59.923261860938524,1.0762060791146177,0.007481259968504196
2015-03-24,99.37299346923828,100.18322196057144,99.3545822186571,99.7228634263907,22445300,98.8945240020752,96.45258775190874,94.37347780863443,91.87217811584473,57.25010971220377,1.0691248712485344,0.007523029440290643
2015-03-25,97.09883880615234,99.62160206438313,97.0620092737931,99.52953174574252,41581400,98.77384414672852,96.52394742098721,94.44125105539958,91.93539291381836,43.89536101657524,1.2007736126461788,0.009076351700708857
2015-03-26,96.76738739013672,97.31981636845933,95.97556994555192,96.29781959753049,47846300,98.61132926940918,96.61199521151455,94.50626220703126,91.99622200012207,42.34495433810522,1.193776293217346,0.008965799621277396
2015-03-27,97.15406799316406,97.38424727454189,96.60163912276013,96.74895723460877,33878400,98.49019660949708,96.6855282870206,94.5671739578247,92.05907550811767,44.794721464458966,1.1971855012605244,0.009024592842294562
2015-03-30,98.26815032958984,98.35101150622985,97.74334180399198,97.74334180399198,30570200,98.3797565460205,96.74691578258168,94.63897120157877,92.13132377624511,51.225059647280226,1.1514537007150005,0.009184300724944194
2015-03-31,97.22772979736328,98.19448561628248,97.20010940673949,97.99192671902213,30488100,98.24071884155273,96.80074351917614,94.71269950866699,92.19714080810547,45.85348222208913,1.1660644519664476,0.009399308804899403
2015-04-01,96.7213363647461,97.24614484270238,96.09524844152509,97.22772656655562,32970500,98.09565162658691,96.86323547363281,94.76786982218424,92.26006149291992,43.46447407890758,1.1852813778386289,0.009422969294796761
2015-04-02,96.7857894897461,97.0988299494738,96.472742005504,96.81340988036743,19164200,97.9450813293457,96.92740006880327,94.83570340474446,92.3230770111084,43.865356372871396,1.135516737664663,0.009406765836409566
2015-04-06,97.57762145996094,97.84462329241886,96.06763864219398,96.21495678032362,24451100,97.89059638977051,97.01531483043324,94.92859223683675,92.38768409729003,48.67991563595203,1.170585080143533,0.009344446629692917
2015-04-07,97.411865234375,98.24050494729833,97.411865234375,97.52234678302423,19379400,97.81358680725097,97.12209528142756,95.03138701121013,92.45173557281494,47.75653685036139,1.1720329574612194,0.00931284920347754
2015-04-08,98.1852798461914,98.32338882856267,97.4395011757071,97.44870328988777,25866900,97.86710739135742,97.22339685613458,95.14055080413819,92.51915657043457,52.30275792672343,1.0809787008081853,0.00849278269822722
2015-04-09,98.8021469116211,98.83897643750356,97.80777781084964,98.13922949476425,23114700,97.97948913574218,97.32255235151811,95.25943101247152,92.58957057952881,55.61994755328508,1.1211726666989972,0.008445771932108851
2015-04-10,99.20726013183594,99.21646926901357,98.5443427453159,98.76531286598475,17164300,98.0804344177246,97.4203887939453,95.38611081441243,92.66242107391358,57.700514208133306,1.0877627491922277,0.008380888182442954
2015-04-13,98.95867919921875,99.78731898803308,98.8481906159369,99.28092878648145,17783500,98.19007797241211,97.48213889382102,95.5014908472697,92.73133525848388,55.966711439881266,1.1226183834314583,0.008328264864634545
2015-04-14,98.67328643798828,99.14285429962922,98.11164823717688,98.85743414084581,23755700,98.22298774719238,97.53485828746449,95.60389156341553,92.7985941696167,53.961928782783225,1.1370874063270295,0.007892251239209513
2015-04-15,99.29014587402344,99.50191393445527,98.81137598996025,98.93106670484724,21128600,98.27893180847168,97.60079817338423,95.69251880645751,92.86706581115723,57.5051762294841,1.0134470281753838,0.007998445734885855
2015-04-16,99.15204620361328,99.32697771027085,98.88503734927602,99.02314634628017,16195300,98.27974433898926,97.70932173295455,95.78380839029948,92.93411647796631,56.45757098321033,0.9489965951816289,0.007705233479381538
2015-04-17,97.60521697998047,98.47068623512261,97.18168797756758,98.20368447071026,46514000,98.19586791992188,97.79840656627309,95.85114911397298,92.98873085021972,46.28625436795063,1.0338358862004822,0.008447611783449039
2015-04-20,99.06917572021484,99.24411424736986,98.05638813963806,98.09321767296098,28945900,98.15305557250977,97.89790732643822,95.92458826700846,93.04993461608886,54.61919570819875,1.0654040115093113,0.009029915238517481
2015-04-21,99.4926986694336,99.81495530996943,99.37300796191572,99.64001679362309,22759800,98.14108581542969,98.01830347234552,96.00102310180664,93.11051689147949,56.71146954284322,1.0423853448596136,0.009080668650100225
2015-04-22,100.03593444824219,100.20166384056934,99.10600802326675,99.75050731314155,21429200,98.17423286437989,98.13387867320668,96.07062110900878,93.17513935089111,59.30327218275401,1.0384395888685631,0.009121747964233921
2015-04-23,100.41340637207031,100.86456281633114,99.67683689435323,99.69524814587764,29473200,98.33996124267578,98.23994931307706,96.14618638356527,93.24689891815186,61.0484312207155,1.0785565872977148,0.007312762434112542
2015-04-24,101.77606201171875,101.91417097203413,101.30649435645188,101.47222370392763,32508100,98.59039497375488,98.37229850075461,96.23150571187337,93.32227626800537,66.61418124986118,1.058826583707639,0.00766473521175306
2015-04-27,101.51828002929688,102.34692691085672,101.29730284453775,102.15357011806381,31121300,98.80860557556153,98.48509646329013,96.30415204366048,93.39773414611817,64.72986172783176,1.074611180378756,0.0077387778615204935
2015-04-28,101.31572723388672,101.78529499918228,100.45945990870783,101.59193819472544,36849200,98.96098442077637,98.60473383123224,96.37282269795736,93.46939453125,63.2166840355339,1.1042048586849549,0.007473792849419653
2015-04-29,100.68038177490234,101.34329900206573,100.1279530937701,100.75404080558978,34043900,99.13361701965331,98.71833052201704,96.43879152933756,93.53527606964111,58.59004660839318,1.1173582359450773,0.007160445937679138
2015-04-30,99.0967788696289,100.51468404550396,98.57197040400425,100.10957329847822,44080500,99.25238914489746,98.77641199285334,96.49148731231689,93.59474601745606,48.96985696160449,1.2199500107451076,0.008033367435630356
2015-05-01,100.40420532226562,100.4686552400551,99.46506992074576,99.48348819697944,32874300,99.43330993652344,98.85191816850143,96.55263805389404,93.65901844024658,55.470590791931215,1.2508605820543945,0.008462795333777286
2015-05-04,100.56993103027344,101.19601893369153,100.51468322809477,100.72645124999947,23507300,99.58292541503906,98.9100605357777,96.61585636138916,93.72991710662842,56.231709646326195,1.233761121266792,0.008331470863462196
2015-05-05,98.93106079101562,100.35817526746905,98.88502914551007,100.17403463641723,47843300,99.6588851928711,98.9232069535689,96.66267153422038,93.78577388763428,47.5721181522872,1.2949235775736756,0.009222275199691744
2015-05-06,98.24971008300781,99.3913971944702,97.59600185690785,99.1059771727329,42687200,99.66210670471192,98.92229503284801,96.70136833190918,93.83877174377442,44.503643689218386,1.3915989330427843,0.009215301825367282
2015-05-07,98.83897399902344,99.11519192407042,98.14843621091963,98.2220952608673,29335800,99.66394805908203,98.92959150834517,96.74360313415528,93.89193111419678,47.64865142127671,1.319913039264576,0.009205407187672873
2015-05-08,100.07276153564453,100.28452257234744,99.71368236513504,99.86099347442638,33023300,99.70722312927246,98.95046858354048,96.79276345570882,93.94842910766602,53.58029247123952,1.3061024182599053,0.009582213758128339
2015-05-11,99.68603515625,100.33975046459227,99.6123831284839,100.13719158307931,19679300,99.74359092712402,98.95228881835938,96.83626047770183,94.00349559783936,51.60650872020196,1.3047872572851753,0.009609261092501561
2015-05-12,99.23489379882812,99.7412910436637,98.33259492104854,99.0967848207353,33665000,99.77167129516602,98.9440693248402,96.87836252848307,94.05804111480712,49.32382990149494,1.327147279093216,0.009645822621778022
2015-05-13,99.43745422363281,100.18323288246542,99.29013610486787,99.66763351581714,20738400,99.77903671264649,98.93819635564631,96.91627960205078,94.1134624862671,50.38498794783849,1.3100482192117429,0.009555260330832469
2015-05-14,100.89219665527344,100.97505783495032,99.87940909808182,100.24769037377692,23904200,99.8660442352295,98.96328291459517,96.96990451812744,94.17693363189697,57.300375622813,1.3126795771655781,0.010079296521732232
2015-05-15,100.89219665527344,101.28810534870921,100.64359906721269,101.14999635806602,23937400,100.03039321899413,98.97918312766335,97.02002124786377,94.23867000579834,57.300375622813,1.283742592535403,0.009307735153885948
2015-05-18,101.3341064453125,101.5366653005856,100.6527778612681,100.72643690400614,17631100,100.14363975524903,99.01113558682529,97.07229487101237,94.31156360626221,59.29897461587871,1.2521749031670484,0.008798032613596175
2015-05-19,101.22364807128906,101.60113845881449,101.05791869945692,101.44461822556039,14212900,100.2301872253418,99.02471188631925,97.11747080485026,94.38550262451172,58.56113695985187,1.2041658925286154,0.008780074692277097
2015-05-20,101.2880859375,101.89575554555297,100.75406835576207,101.29728805046831,21131900,100.29279479980468,99.04797737815163,97.16196327209472,94.45679656982422,58.88255257072801,1.1351141653066728,0.008714207376077499
2015-05-21,101.81291198730469,101.95102097536207,100.96585382984131,101.11316493245823,16771800,100.3627700805664,99.08779976584695,97.20564346313476,94.534047164917,61.50169806968371,1.1074920778134276,0.00874633069812938
2015-05-22,101.71163940429688,102.07992772249904,101.62877119605658,101.69322112490329,13543800,100.35954895019532,99.1226078380238,97.24474252065023,94.61111106872559,60.69822621841805,1.0831594288860384,0.008210770482536154
2015-05-26,100.54230499267578,101.62875145686996,100.13719424340125,101.49064951081844,25488400,100.31075019836426,99.15669846968217,97.28324921925862,94.68369781494141,52.21585155267295,1.0752696628954854,0.00859211241686906
2015-05-27,102.16281127929688,102.27329990630852,100.62521476543203,100.84618499493838,30572700,100.35310440063476,99.21507582231001,97.33205655415853,94.76128273010254,60.462026282010164,1.0706696326147989,0.00934226243883685
2015-05-28,101.93257904052734,102.20879695253699,101.6195386297955,101.96940856376285,17302400,100.41571426391602,99.30267056551847,97.37749627431234,94.8351600265503,58.906658252420264,1.0437055332998486,0.009232516153323208
2015-05-29,101.32494354248047,102.00627239017473,101.08555507320358,101.86816338772593,30383000,100.5271224975586,99.38940568403764,97.41825370788574,94.906181640625,54.89309706166384,1.006217586417502,0.008553368916313956
2015-06-01,101.66557312011719,101.94179103988274,100.83692638533402,101.86813199134346,24570200,100.59019088745117,99.4708096590909,97.46177355448405,94.97429580688477,56.675173139316556,1.0331816805918126,0.008094832346038623
2015-06-02,101.34333801269531,101.84052612445312,100.79090911891369,101.2880972306715,19449600,100.62886123657226,99.55403747558594,97.50832824707031,95.03851619720459,54.482298355879465,1.0075331722292609,0.008135300940404079
2015-06-03,101.64717102050781,102.02466138535465,101.39857346543738,101.80369124435859,20507200,100.76466674804688,99.62007529518822,97.55489781697591,95.10211009979248,56.20302496680767,0.988460621445121,0.007131493479536188
2015-06-04,100.87380981445312,101.72087527628187,100.55156008553215,101.07636879392267,31374600,100.89587173461913,99.66921248002485,97.60760688781738,95.15841346740723,50.92584497459768,0.9621543056902796,0.007177166385740289
2015-06-05,100.63439178466797,100.99347092719167,100.01750592807561,100.75408249067097,22641700,100.98564262390137,99.69645968350497,97.6545836130778,95.21100894927979,49.38004653589413,0.9858299283773897,0.00713541171596419
2015-06-08,99.6124038696289,100.66202099736944,99.40984494593945,100.58836192975231,24549200,100.96262474060059,99.70245347456499,97.70166193644205,95.25849449157715,43.33344404161411,1.0121362578139963,0.006999694578678911
2015-06-09,99.4466781616211,99.80575734890488,98.70089236728776,99.37301909127684,27554600,100.95065689086914,99.69374902898615,97.75544319152831,95.30423835754395,42.42620257615968,1.052253773689678,0.006956341373965592
2015-06-10,100.80931854248047,101.10394774878633,99.67684038445134,99.78732194649456,30297900,101.02937812805176,99.71333493319425,97.83301118214925,95.35611057281494,51.43031705263103,1.0890810877878445,0.007517090218161186
2015-06-11,100.95661163330078,101.4169700930746,100.78167317074269,101.14996134346427,17593500,101.10533599853515,99.74212799072265,97.89792601267497,95.40712146759033,52.29874097538172,1.0640903575600689,0.007513224270389476
2015-06-12,100.12798309326172,100.63438030032056,99.98987412547169,100.42261227977399,27201800,101.06712532043457,99.79720334139738,97.9372506459554,95.45353286743165,47.187188672908654,1.100917570516257,0.007017433764500576
2015-06-15,99.63079071044922,99.78731092239497,98.80214396409883,99.3822001988009,31238800,101.00405502319336,99.8492652199485,97.96893367767333,95.49736675262452,44.384091386027094,1.0831599968210617,0.007091596538896578
2015-06-16,100.17403411865234,100.3397634955483,99.48349621900496,99.5295278642726,16456900,100.94605140686035,99.9041736949574,98.00315335591634,95.54441925048827,48.01759125911513,1.0206794513146755,0.00713519942708533
2015-06-17,100.45024871826172,100.7724983449179,99.83336985801773,100.33976714598818,23296700,100.90738143920899,99.94384821111505,98.04250723520914,95.5911636352539,49.81296352511227,1.0456701773260104,0.007171684219423948
2015-06-18,101.91419982910156,102.08913133882038,100.7633032081189,100.8185439980811,43032400,100.93868713378906,100.02905675714666,98.09337177276612,95.64390388488769,58.07736348521887,1.0969676990108326,0.007912405436171431
2015-06-19,101.41029357910156,102.04705170579145,101.33646512137854,101.96399293068573,27877600,100.9185562133789,100.11431052468039,98.13437232971191,95.6968180847168,54.73616702735225,1.0688049797154175,0.007910122952325701
2015-06-22,102.15780639648438,102.46234356086327,101.92709770359198,102.15780639648438,19120900,100.94086456298828,100.21198355934837,98.1817553838094,95.75388072967529,58.54607398475222,1.0689787637312946,0.008083430771799132
2015-06-23,102.24085998535156,102.33314204967935,101.81635685690752,102.26854390058287,18127900,101.02579231262207,100.29676971435546,98.2351889928182,95.80907608032227,58.959407957929066,1.0572260365964732,0.007595908612576375
2015-06-24,101.71485900878906,102.55463506704555,101.68717508960177,102.12090859865926,15815900,101.00339469909667,100.37500596479936,98.2924301147461,95.86077392578125,55.205119654088385,1.035664949931763,0.006794502188521715
2015-06-25,101.51182556152344,102.21318196406355,101.34571501988685,102.11166957524838,18326700,100.98235702514648,100.43548861416903,98.3503522237142,95.91524574279785,53.78156653889431,1.0279150888646658,0.006790644875446738
2015-06-26,100.83814239501953,101.72406988369083,100.4597838373329,101.49336121366953,32311700,100.95801696777343,100.47250671386719,98.41421960194906,95.96260570526123,49.244024613689305,1.028780088502376,0.006822484035389594
2015-06-29,98.457275390625,100.27526159615684,98.41113082108114,99.72155492432188,50874900,100.79760208129883,100.45887062766336,98.46865723927816,95.99842647552491,37.274786823809976,1.1232191308110384,0.008529737847141361
2015-06-30,98.80792236328125,99.40776639511196,98.50338518764354,99.1955112919088,34809900,100.67083129882812,100.45612959428267,98.51614201863607,96.03832881927491,39.60313019025376,1.0727349463340192,0.008595726988426025
2015-07-01,99.59232330322266,99.9891425224605,99.1309059339075,99.78611775345459,21293000,100.56808891296387,100.47283935546875,98.55531272888183,96.0865357208252,44.560767856171225,1.1117294632516865,0.008792397827039016
2015-07-02,99.62001037597656,99.96146177473219,99.315480253487,99.87841002514517,20499400,100.50539894104004,100.4788368918679,98.59991944630941,96.13095485687256,44.73321189951851,1.0888183213528362,0.008655442606273954
2015-07-06,99.38931274414062,99.96147289853582,98.78024539071339,98.99249346816859,24311000,100.44314498901367,100.48315082896839,98.650794728597,96.1735358428955,43.51854788798438,1.0784889198285177,0.008654826641525983
2015-07-07,99.63845825195312,99.73074030878674,97.66359266490147,99.5000316463679,44230800,100.44444770812989,100.52011885209517,98.70397574106852,96.21393875122071,45.24766085659814,1.1649803746386556,0.008376669018895918
2015-07-08,97.90353393554688,99.04785407948955,97.71896980428919,98.92788105756878,39691500,100.36729049682617,100.4989253651012,98.74698594411214,96.2459506225586,36.7993510603411,1.2350060861217815,0.009241453586777828
2015-07-09,97.84818267822266,99.29703318008562,97.83895235789521,99.20475109882567,28381000,100.21923370361328,100.46902507435192,98.79956296284993,96.28194145202637,36.5647832888543,1.2220916719526207,0.008596003052674293
2015-07-10,99.34314727783203,99.71228253034936,98.78944791939071,99.14935285441103,26415800,100.13856048583985,100.45642894398082,98.855641746521,96.32664279937744,46.48636157059389,1.3044854767893201,0.009363622800683112
2015-07-13,101.08734893798828,101.1704007102674,100.19219784206027,100.20142816364876,25780700,100.18652877807617,100.46868244517933,98.92013136545818,96.37521461486817,55.27549991417087,1.3598571518374385,0.010033916464678758
2015-07-14,101.75179290771484,102.02863919374934,101.17040232976453,101.22577721950948,21977200,100.29257888793946,100.4682411887429,98.98617750803629,96.43671806335449,58.09878533454298,1.3901789420509547,0.010033334237663368
2015-07-15,101.86248779296875,102.25930698056467,101.57641129981928,101.94554657397101,28631500,100.37700157165527,100.47449951171875,99.0386780420939,96.49401611328125,58.56802936271823,1.376995778001069,0.009981051751812764
2015-07-16,103.30210876464844,103.32056235900185,102.49924011722275,102.70226485845701,29838900,100.51959457397462,100.51061553955078,99.10141461690267,96.55910697937011,64.18544986958277,1.4191820367050982,0.010408429406024152
2015-07-17,104.82482147216797,104.82482147216797,103.95736138298207,104.13269524064434,35926800,100.66512565612793,100.58596898859197,99.17775936126709,96.63117073059082,68.97665206965442,1.4376410839309273,0.010419536898720595
2015-07-20,105.1847152709961,105.5630738838512,104.72329786367419,105.04628864066535,26539000,100.85384674072266,100.69665874134411,99.27777156829833,96.71226406097412,69.99823329692593,1.324267115805115,0.010316377546800549
2015-07-21,105.1201171875,105.38773308813937,104.81558000869822,105.22162253976303,35468900,101.00196228027343,100.78240259343927,99.38122628529867,96.79303440093994,69.55549646991298,1.2972429783018424,0.010246944151906096
2015-07-22,103.92963409423828,104.43718889450183,103.51435430420173,103.51435430420173,35575000,101.08640098571777,100.84348810369318,99.46733462015787,96.8634592819214,61.79800500268935,1.3275674585960584,0.010640439666542597
2015-07-23,103.54203796386719,104.37259050125344,103.27442212911916,104.03114620970015,25698300,101.17775993347168,100.92732405229049,99.55626068115234,96.93290706634521,59.472347191299654,1.3598665193738506,0.010602949240602568
2015-07-24,102.5269546508789,104.28034234625105,102.37007440967666,104.09577818491564,30844700,101.22851638793945,101.00509213534268,99.62999114990234,97.00364017486572,53.76566935548337,1.411940835713276,0.01085756807041975
2015-07-27,101.67791748046875,102.38849703135904,101.45643914574141,101.94554036190438,35994800,101.27050514221192,101.05670928955078,99.68914445241292,97.06152526855469,49.48826594097413,1.340752825802721,0.010920933116279289
2015-07-28,102.55464172363281,102.75766653174578,101.31804631519437,102.13013850697462,33553500,101.47537345886231,101.10183438387784,99.75629266103108,97.13106967926025,53.59382169753824,1.3064765235803983,0.009460724056059843
2015-07-29,102.94221496582031,103.16369332536851,102.37928522810479,102.77610443599163,26714100,101.68208808898926,101.16103765314276,99.81985785166422,97.21362594604493,55.322614250064404,1.2583570432284918,0.009462640063354543
2015-07-30,103.43133544921875,103.60666928945562,102.08399736397077,102.70229504625492,25438100,101.87403869628906,101.23733659224077,99.89232171376547,97.30540016174317,57.47565127164313,1.233969334182646,0.00938555498905414
2015-07-31,103.3113784790039,103.80971023857373,103.09913036552403,103.7543423899568,22081700,102.05860710144043,101.30777157870206,99.96631183624268,97.39652893066406,56.75329877938399,1.1542069370836694,0.009404400047944518
2015-08-03,102.98837280273438,103.61590081252783,102.30547695229406,103.3298242482903,25001800,102.23856010437012,101.34588387229226,100.02536245981852,97.48878818511963,54.757670772127575,1.1805736231174342,0.009425084507349139
2015-08-04,102.79456329345703,103.12678437011776,102.37006014898398,102.94222023449312,22132300,102.39636535644532,101.38047235662287,100.07988910675049,97.58273258209229,53.54113286116794,1.1858470902880336,0.009459335362512533
2015-08-05,103.58821105957031,104.28033719137144,103.24675963324016,103.36673266878185,28989900,102.68059921264648,101.42145607688211,100.13169002532959,97.67510826110839,57.686795848041534,1.1878256139938412,0.00841168814163551
2015-08-06,101.92709350585938,103.81890752593338,101.46567613907744,103.68048090776475,42125400,102.88454475402833,101.43424599387428,100.16268240610758,97.75281772613525,48.02699736034445,1.2471483768035847,0.009396833752020217
2015-08-07,101.79789733886719,102.03783634129366,100.95812139137996,101.6779313579891,30006800,103.00728225708008,101.44351529208096,100.19183266957602,97.81853282928466,47.362700724223075,1.2642868717847762,0.008888867355848516
2015-08-10,102.96067810058594,103.1821564806522,102.43466254750935,102.4438928668744,21500800,103.10094871520997,101.4643837668679,100.22952442169189,97.8923497390747,53.58521438309751,1.3222944476664804,0.008388593164262065
2015-08-11,101.64104461669922,102.81304898964216,101.07811471297175,102.41622966473054,36123300,103.09541130065918,101.46310022527521,100.25216210683188,97.9529333114624,46.820513404628905,1.3420659122604743,0.008814425699011167
2015-08-12,101.99168395996094,102.19470871253331,99.86916845731729,100.9396530063311,41889000,103.10187110900878,101.48945257013494,100.27221012115479,98.01160934448242,48.67459159927113,1.4297353324805988,0.00884578190855602
2015-08-13,101.8255844116211,102.58231567663483,101.60410603979808,102.09320733788121,22510500,103.02804489135742,101.48332117254084,100.29003194173177,98.06913467407226,47.82399768070517,1.3631597396421964,0.00820900943536057
2015-08-14,101.98247528076172,102.13012518697788,101.3826312552075,101.58565603684161,17924900,102.88592758178712,101.48422837690873,100.30854867299398,98.12062618255615,48.73527897600445,1.340086770115974,0.0073934629139554295
2015-08-17,102.83149719238281,102.85918111395324,101.47492871005723,101.73332136561032,21224900,102.76826667785645,101.51162026145242,100.33620751698813,98.17805580139161,53.471249181315294,1.3361319263548737,0.007636859142864349
2015-08-18,102.30548095703125,102.77612874296766,102.16705430932386,102.69306993807452,13984400,102.62753486633301,101.5232549493963,100.35527248382569,98.23189449310303,50.36669832041886,1.3275629824831046,0.007687852055179505
2015-08-19,101.63178253173828,102.53616363167659,101.0411688895757,101.99168749991016,42511400,102.51264228820801,101.52849939519709,100.37239799499511,98.2760498046875,46.63233412840564,1.3255860408128208,0.007432265586924016
2015-08-20,98.8171615600586,101.01350606026286,98.80793123978468,100.69051525739037,57747300,102.27639846801758,101.47704467773437,100.35856641133627,98.30475936889648,34.96753476591748,1.476533999305957,0.009518936055063652
2015-08-21,94.49829864501953,98.25423654458527,94.49829864501953,97.42368369589235,97763400,101.87496566772461,101.36112629283558,100.31264820098878,98.3134302520752,24.740782529620162,1.6914225032206207,0.013224729907630912
2015-08-24,90.86234283447266,94.61828139882347,78.20104417312108,86.95875431570512,150829900,101.33418693542481,101.18345267555931,100.2396453857422,98.303875541687,19.555470939052157,2.8100305749755217,0.015301583600916196
2015-08-25,90.52086639404297,94.81204982325046,90.44704495749367,94.19375216803968,75088300,100.73249816894531,101.01815199418502,100.16234264373779,98.29114929199218,19.149545077921516,3.0156899298214057,0.014946748168849857
2015-08-26,95.07966613769531,95.26423731786629,91.2960449525728,93.16939842711696,104103800,100.33937072753906,100.93875177556818,100.13244552612305,98.30162895202636,37.7324851837739,3.186414182461933,0.019504074098525354
2015-08-27,97.48827362060547,97.55287177889598,95.31038279728071,96.45469604728603,69377700,100.0422176361084,100.878369140625,100.12024733225505,98.32250411987305,44.93388020201469,3.2859492318395738,0.0204958378328876
2015-08-28,97.46984100341797,97.82051578953072,96.75925406858522,96.9715092290434,49919600,99.7501407623291,100.81497331099077,100.12320543924967,98.34182285308837,44.89109230617773,3.2628779874938942,0.020500962717923524
2015-08-31,96.26090240478516,97.46059054417839,96.02097040944352,96.92534463333087,39549400,99.41376724243165,100.74466275301846,100.12075869242351,98.35427337646485,42.06205046646857,3.2318999308053415,0.02061559041510119
2015-09-01,93.25244903564453,95.31959678747715,92.86485311163155,93.86151627508781,73155500,98.93666152954101,100.62869290438566,100.08795948028565,98.34966800689698,35.98462187252379,3.3083648620865977,0.02154420675706942
2015-09-02,95.88253021240234,95.9009838091762,93.85228957443532,94.94123484151964,43963600,98.55137748718262,100.55066556063565,100.08059883117676,98.35674869537354,43.650004879786046,3.4276738004219487,0.022622543328503525
2015-09-03,95.41188049316406,96.91609854196378,95.14425758129109,96.2608867400693,45131800,98.22561683654786,100.45905886563388,100.0589054107666,98.36289485931397,42.66545159484555,3.5008414453435424,0.02243705663964001
2015-09-04,94.27680969238281,94.91356093796726,93.75078707979195,94.10146882151919,49379600,97.84956245422363,100.32019722678444,100.02645161946614,98.35984188079834,40.30433969179772,3.5206158031632637,0.022518142419059604
2015-09-08,96.93458557128906,97.0545515821006,95.68875977663738,96.08557909322576,37343500,97.54825782775879,100.23882071755149,100.00810820261637,98.37222877502441,47.614566521805344,3.6715657322103232,0.023401383330137474
2015-09-09,95.8456039428711,98.10654593962147,95.59643465335547,98.07886202760183,47146700,97.25848579406738,100.12405340021307,99.97946535746256,98.3770658493042,45.17361145210061,3.7440740567935458,0.023368206667169066
2015-09-10,96.88841247558594,97.52517066696028,95.62413345182755,95.73486910899182,47686700,97.00332221984863,100.02673617276278,99.95415693918864,98.38620155334473,47.92660112550139,3.678158765592055,0.023529168063048767
2015-09-11,97.42366790771484,97.42366790771484,96.16861203767418,96.44546528926311,29106100,96.78322639465333,99.94871451637961,99.93492005666097,98.39430721282959,49.33291434176903,3.4593154052350266,0.02359419567014026
2015-09-14,97.12835693359375,97.80202939549368,96.75922162737476,97.78356875781404,19718800,96.54052047729492,99.86901508678089,99.91621475219726,98.40020404815674,48.553815281268285,2.3611418725504927,0.02358081037617161
2015-09-15,98.27264404296875,98.57718111806807,96.99913496619227,97.35903985833929,30020200,96.31257781982421,99.82236966219816,99.92599646250407,98.40871082305908,51.734583816378965,2.1620733929875646,0.02367425691801643
2015-09-16,98.82637786865234,98.9186669835387,97.94968760259964,98.29113902193465,31329100,96.13862266540528,99.8290806163441,99.9431547164917,98.41774394989014,53.2411675832739,1.8924739970672602,0.023721761156895216
2015-09-17,98.86328887939453,100.33983018132771,98.41110180202962,98.72486929292518,56139800,96.00019798278808,99.83008728027343,99.95739822387695,98.43245288848877,53.34570900196045,1.8535827640742195,0.02369366808636332
2015-09-18,97.4571762084961,98.61352620398799,97.29066152683326,97.34617112592105,48384000,95.93219871520996,99.79126642400568,99.95064010620118,98.43820911407471,48.863820778435034,1.8901088806182034,0.023081828203211918
2015-09-21,97.7624282836914,98.56725020717482,96.88360534411856,97.99369822124198,35772600,96.09540519714355,99.75749220414595,99.95509592692058,98.44462219238281,49.848886699382625,1.906878471266904,0.02071585221547903
2015-09-22,96.30081939697266,96.59684469255433,95.40349073473452,96.26381535279998,47359700,96.36732902526856,99.701337779652,99.9515916188558,98.44395603179932,45.34465847510736,1.8327990609671383,0.018889847127857344
2015-09-23,96.37484741210938,96.8188889761933,95.8753032991904,96.55986061342696,21775100,96.66002807617187,99.64199940074573,99.94816710154215,98.44361431121825,45.612706115294124,1.711016982643655,0.018830646127322437
2015-09-24,96.02327728271484,96.38405780710103,94.60789938958656,95.44047254501551,38284300,96.70720863342285,99.60781291614879,99.93521423339844,98.44494682312012,44.4965968340623,1.7113253724180677,0.015261554011596786
2015-09-25,95.2092056274414,97.14262596385433,94.61715515547723,97.05011940094712,44700000,96.59325523376465,99.5598315152255,99.91685873667399,98.44069873809815,41.93765523768752,1.7730666149184233,0.014214940432904949
2015-09-28,92.49874114990234,94.86695059369849,92.22122140280581,94.80219528026265,44077500,96.34470024108887,99.43538776744495,99.86947091420491,98.43044883728027,34.76826300275506,1.7880839245554097,0.01547191390210012
2015-09-29,92.01769256591797,93.67358632198867,91.35163395366618,92.73000093536561,49315500,96.13253974914551,99.2704849243164,99.81293379465738,98.41555137634278,33.66817439285573,1.7746440018451588,0.01531227840547016
2015-09-30,94.13614654541016,94.23790591410864,92.97054372255515,93.33132437237684,41411400,96.17672462463379,99.13201862681996,99.7706745147705,98.41641708374023,42.323065714338036,1.7974422970635828,0.014677475320962407
2015-10-01,94.56165313720703,94.57090591088696,93.05376862830673,94.30263193655624,39339100,96.11068077087403,98.99927617853338,99.73403263092041,98.42426071166992,43.90623090651566,1.8161623979592665,0.013213304082395341
2015-10-02,96.21756744384766,96.21756744384766,92.95203635407005,93.24806165535243,59370900,96.15096511840821,98.870466336337,99.71356830596923,98.44784275054931,49.69338934185176,1.974928349506316,0.013768838273101316
2015-10-05,97.5959243774414,97.85494560673082,96.71710134123813,96.92986575481194,32853500,96.31692085266113,98.7390318437056,99.69944979349772,98.46998821258545,53.952018899687374,1.9791663502925567,0.013773690280198337
2015-10-06,97.13339233398438,97.68843887861863,96.3748270761643,97.36466231573196,33051500,96.3268611907959,98.59264415394176,99.68262767791748,98.47861003875732,52.350505778573556,2.0037829518293617,0.0123502467079233
2015-10-07,97.71619415283203,97.92896565019376,96.47659038759414,97.7439524803314,37389300,96.42039070129394,98.45802737149326,99.68355248769124,98.488046875,54.19549874806166,1.9697577292080422,0.012111220856453313
2015-10-08,98.10472869873047,98.27124336725284,96.40257796963527,97.34616344386188,50188900,96.48120651245117,98.35212000066583,99.67551542917887,98.49823215484619,55.434380324142545,1.99090330385492,0.01191265913790566
2015-10-09,98.54874420166016,98.7337643855195,97.8826856553632,98.1509596286105,23916200,96.53746032714844,98.26133284135298,99.66764914194742,98.51233695983886,56.870047571689895,1.9314342943620662,0.011893415337761608
2015-10-12,98.78929138183594,98.97430455372461,98.38225393432074,98.73378884182935,16162000,96.62050704956054,98.19337532737039,99.65726044972737,98.52723114013672,57.665717359336575,1.8052280851082787,0.011867389158697469
2015-10-13,98.15099334716797,99.22408960880607,98.05848675235798,98.22500144613628,26999600,96.6144245147705,98.12924943403765,99.63840700785319,98.53553497314454,54.77791601107346,1.8210864550686492,0.011687977952181216
2015-10-14,97.99371337890625,98.64126648109199,97.58667596736122,98.15097526689429,30902600,96.5727912902832,98.04632346413352,99.60688743591308,98.54314434051514,54.059532279660104,1.769545890512671,0.011616260127686774
2015-10-15,99.60334777832031,99.61260055319198,98.22498075001293,98.35449136701904,38393800,96.60979423522949,97.98561678799716,99.59092966715495,98.56201694488526,59.861212033352416,1.7047899166490024,0.012208961234670605
2015-10-16,100.0196533203125,100.07515586247092,99.33508903062341,99.81613458866441,27091100,96.73791809082032,97.92358620383523,99.5801290512085,98.58788558959961,61.2250998782652,1.544224388592711,0.011729466874957514
2015-10-19,100.59319305419922,100.65794836920307,99.66811309254405,99.89013736495728,23776300,96.8794563293457,97.87416465065697,99.57940247853597,98.61804569244384,63.086075261840136,1.4490731677596063,0.01176449097370103
2015-10-20,100.07514190673828,100.63018842432109,99.73285980962585,100.41742400385073,23404700,97.06817245483398,97.8211968161843,99.58755550384521,98.65255111694336,60.27222503247905,1.3545814010813615,0.011235689088544627
2015-10-21,99.46459197998047,100.68569721769028,99.4275949932679,100.58394491753097,30195200,97.22265968322753,97.760651883212,99.57972539265951,98.6902502822876,57.04296662668074,1.3360788969272284,0.011378892943507999
2015-10-22,101.49050903320312,101.57376988937855,100.06588522377143,100.35266477526554,42778700,97.49602127075195,97.72251184636896,99.58739687601725,98.73215408325196,63.94578943193663,1.2534822411858337,0.012039448184118081
2015-10-23,104.33052062988281,104.75605658033285,103.6737146808534,104.21951554755687,53170900,97.95208702087402,97.76621052135121,99.63239237467448,98.77934749603271,70.98466345964243,1.3697800543463023,0.012960503330623933
2015-10-26,104.39527893066406,104.59879766447828,103.85873082475395,104.2565155159907,25918000,98.5469139099121,97.81343564120206,99.68360544840495,98.8299878692627,71.12310223597245,1.3288125570084455,0.010432145837152079
2015-10-27,104.60802459716797,104.7560336938665,104.0899751142263,104.11773343654357,31390500,99.1764305114746,97.84338739568537,99.73168087005615,98.8866065979004,71.60246114518318,1.2726470796542009,0.010140243901981035
2015-10-28,105.47760009765625,105.47760009765625,103.92346568640913,104.76529172732589,42221900,99.74350318908691,97.91314294988459,99.77672119140625,98.94771091461182,73.536183014284,1.2501805806277406,0.009382479211832828
2015-10-29,105.31111907958984,105.4868865635676,104.88558306483439,104.99659522173633,24913300,100.28097648620606,97.97349631569602,99.82359689076742,99.01055496215821,72.51805690181973,1.2323394926689477,0.00952245064321059
2015-10-30,104.83931732177734,105.53312731666774,104.81156605122978,105.3573598594661,27199200,100.71206398010254,98.02829145951705,99.87030042012533,99.07705684661865,69.57802459921638,1.2415902530999554,0.009322842333039295
2015-11-02,106.0234146118164,106.1529252413867,104.89481593316107,105.11683314702442,22176900,101.1334384918213,98.10176308371804,99.9251834233602,99.1441054534912,72.58236070926364,1.2521620433257599,0.009175464348446658
2015-11-03,106.3934097290039,106.77268870549003,105.65334320531753,105.81060504781672,20418400,101.59643936157227,98.16652512983842,99.97102686564128,99.2093295288086,73.4641943716556,1.256787399500169,0.00893537306157569
2015-11-04,106.40270233154297,106.81899258123494,105.95866786789885,106.74498448469407,28633000,102.03076477050782,98.24102006392046,100.01694774627686,99.27221176147461,73.48725851372711,1.2026043665751942,0.008984321966045412
2015-11-05,106.11589813232422,106.75420542347328,105.56085168940255,106.49518422062972,25004100,102.4313232421875,98.32254943847656,100.05679601033529,99.32497913360595,71.42386896659151,1.2349820024482807,0.009120013106739482
2015-11-06,106.18994140625,106.31019927377616,105.23711006946368,105.91241456389636,29924900,102.81338310241699,98.45659998113459,100.09818178812662,99.37706024169921,71.64521934218529,1.240928711566385,0.00914789664610635
2015-11-09,105.06134033203125,105.93091783203035,104.4137871242451,105.79215441384741,33479800,103.12698554992676,98.6486552845348,100.12962557474772,99.42404968261718,63.563163158977154,1.3037019735170747,0.009698786613199364
2015-11-10,104.79306030273438,104.89481966641841,104.19175689672882,104.50628776387951,35452100,103.45908889770507,98.90194105668502,100.15446014404297,99.48209873199463,61.779105710265384,1.2759506314370788,0.009533421070522928
2015-11-11,104.6635513305664,105.58863133671092,104.48778387090283,105.0798345102113,22748800,103.79258079528809,99.15908078280363,100.17905941009522,99.54188873291015,60.890621053583814,1.2039270283235075,0.009523802453364807
2015-11-12,103.64595794677734,104.74680534048225,103.57194985726107,104.23800854730776,31196900,103.99471130371094,99.31483154296875,100.20492318471273,99.59213535308838,54.28454433459672,1.0545918809014683,0.00942722683454754
2015-11-13,101.61077117919922,103.32217461266421,101.55526864459583,103.21116248565801,52836000,104.07426719665527,99.3897860440341,100.20032285054525,99.63583465576171,44.0023893089793,1.1510649139341242,0.010575935432376393
2015-11-16,103.07241821289062,103.0909237663911,101.27776770238431,101.50903771653519,33980600,104.19822845458984,99.49165108420632,100.20982151031494,99.68280025482177,51.157678217863754,1.2330004485317383,0.010956574183293431
2015-11-17,103.13717651367188,103.8772434034519,102.87815521958915,103.24818866447916,30579500,104.35133018493653,99.61667424982244,100.22492345174153,99.72558853149414,51.45365106389195,1.193354289432855,0.0108539466074727
2015-11-18,105.1168441772461,105.21860354798638,103.45170431184295,103.55346368258321,32966500,104.63394279479981,99.8323905251243,100.25368404388428,99.77868846893311,59.52775586606601,1.2990773991172335,0.011375090926857144
2015-11-19,105.19084930419922,105.67189487189236,104.98733056846754,105.17235080904203,26188100,104.8189598083496,100.00163269042969,100.28574663798014,99.82807075500489,59.79694102382233,1.296434758973437,0.010602873331802282
2015-11-20,105.9031753540039,105.98642917714656,105.58864444281768,105.69040382074841,22727600,104.89759254455566,100.19238350608133,100.32121334075927,99.88390827178955,62.38992440118756,1.2594327556404363,0.008749704312900859
2015-11-23,105.59789276123047,106.32870687287301,105.14460549728035,105.94016787454342,20696200,104.95772323608398,100.39822138006036,100.36058069864909,99.93973491668702,60.58639331786502,1.264058175313305,0.008788144273261068
2015-11-24,105.50535583496094,105.75512427984243,104.3860030467693,104.91330531736146,26374400,105.00258979797363,100.55405356667258,100.40117206573487,99.98775020599365,60.02001969721786,1.3004007838659513,0.008787374384096254
2015-11-25,105.59789276123047,105.79215873149481,105.37587551775708,105.6626480846519,14159900,105.00860443115235,100.73136790882458,100.45105113983155,100.0344828414917,60.41849817475227,1.2448957466993085,0.008592966586110643
2015-11-27,105.74590301513672,105.95867454164286,105.38512234402711,105.82916389343946,8828000,105.03034362792968,100.89241319136185,100.5035446802775,100.07635185241699,61.08657010196815,1.2092145319352565,0.008588312869129701
2015-11-30,105.47760009765625,106.06040491299834,105.13532507434645,106.06040491299834,25041600,105.06225776672363,101.03884832208807,100.54244702657064,100.11269981384277,59.13800074902849,1.148423500267184,0.008542970123757094
2015-12-01,106.53221130371094,106.53221130371094,105.77363896299987,105.90315665023832,28639400,105.08769760131835,101.20982749245384,100.58891035715739,100.15386154174804,63.99910657111046,1.1616397696066312,0.00846000577761512
2015-12-02,105.8753890991211,107.07799576233619,105.71812721390354,106.61545582383798,22395500,105.06179656982422,101.34805922074752,100.63680540720621,100.19105014801025,59.269884854373,1.180141275508385,0.008541893737087377
2015-12-03,104.08075714111328,106.34720041304305,103.46094815119156,106.16218722840411,42754300,104.94569931030273,101.4435933893377,100.67388846079508,100.21683132171631,48.684258146202666,1.3023839025534076,0.009324486920388363
2015-12-04,106.51371765136719,106.68948512144098,104.18251900324474,104.39528346489124,40037300,104.96559028625488,101.58269209428268,100.72671915690104,100.25147029876709,59.297497314260795,1.3393866652781352,0.010791040471139046
2015-12-07,106.03266906738281,106.65247095554538,105.52387225901049,106.58771563973437,25892100,104.95772666931153,101.73861014626243,100.77323932647705,100.2831988143921,56.79625590089428,1.2904897104587139,0.010842319650201325
2015-12-08,106.04191589355469,106.3841980280181,104.88556591498927,104.92256996123939,30792600,105.00675544738769,101.88914628462358,100.8076369603475,100.31460605621338,56.833947972959756,1.3261714196848626,0.010551293280314148
2015-12-09,104.43226623535156,106.16216813762583,103.79395886487082,105.57936330099581,48509200,104.98871574401855,102.03699077259411,100.83282006581625,100.3392052078247,48.845276656237715,1.346655865287756,0.011107731271701617
2015-12-10,104.90404510498047,105.60710769145501,104.35824438219939,104.67277516738474,30154600,105.00074043273926,102.19206709428268,100.85570538838705,100.363637008667,51.018434138723435,1.3869629371328134,0.011151561451458894
2015-12-11,102.48958587646484,103.96971205807465,102.42483057657562,103.69218531123603,56022200,104.94292182922364,102.30963634144176,100.85777810414632,100.37820133209229,41.33933353252751,1.5072225553797785,0.012126039826096504
2015-12-14,103.26667785644531,103.31293467956421,101.18524785650068,102.6283774557665,53098500,105.02571716308594,102.45613583651456,100.87070992787679,100.39214996337891,44.95870967558063,1.5746215159134118,0.011367955547410859
2015-12-15,103.89574432373047,104.79307315473947,103.76623367366741,104.21952800668917,48428000,105.06688346862794,102.6633540760387,100.89057591756185,100.41158626556397,47.76821823563389,1.585855377714914,0.010994150565276821
2015-12-16,105.44062042236328,105.6163808212537,103.50719957216691,104.59879424326624,44944100,105.1820556640625,102.90740730979226,100.92892990112304,100.44067596435546,53.98068029512003,1.7067766659541326,0.011457365530751513
2015-12-17,103.90497589111328,105.90315189757683,103.88647739822365,105.90315189757683,45668800,105.12146224975587,103.08502238880504,100.97432740529378,100.46121486663819,47.883904914407694,1.8098568303639493,0.011144203298470665
2015-12-18,101.91183471679688,103.81403622067597,101.91183471679688,103.58205990951839,53746100,104.95751152038574,103.2186620538885,101.00019334157308,100.47743743896484,41.35523928762436,1.8861469257685581,0.011891309647966378
2015-12-21,103.04389190673828,103.06244689881399,102.11598655712103,102.87686866063294,26432800,104.81454734802246,103.34277704412287,101.02895641326904,100.4978966140747,45.86955044475741,1.8930041383373026,0.012088261580705691
2015-12-22,103.72127532958984,103.86974360721219,103.04390828117002,103.59136912634887,26540300,104.72071647644043,103.45414706143465,101.06313362121583,100.53092864990235,48.427720885588876,1.8548600777688213,0.01220737077147212
2015-12-23,104.49137878417969,104.56561288050199,104.07382438123462,104.2594025426873,25656900,104.67001762390137,103.5879286332564,101.10565083821615,100.57061298370361,51.248536449867515,1.7090090269874392,0.012345875293368605
2015-12-24,104.47284698486328,104.760502421604,104.42645597073776,104.49140905399759,11468600,104.613765335083,103.71077686656605,101.1459374109904,100.60703544616699,51.1759963959195,1.546531774883049,0.012342339794400473
2015-12-28,104.41719055175781,104.43575262366808,103.47073018566374,104.22233127283715,19183600,104.54732971191406,103.82554890025746,101.20021788279216,100.64529235839844,50.942778699288176,1.5374973536448096,0.012334536384989202
2015-12-29,106.05955505371094,106.29153132716232,104.97390071364943,105.03885378704165,27725700,104.5764274597168,103.96210909756748,101.26864598592122,100.68551467895507,57.1485975945641,1.5643336866716433,0.012846044266581574
2015-12-30,105.10384368896484,106.00391307803838,105.08528869550281,105.96679601175781,19520100,104.5050090789795,104.07691913951527,101.31665178934733,100.72017757415772,52.950897904485224,1.4647663356325802,0.012798038336355228
2015-12-31,103.79547119140625,104.92751661305854,103.77690912387008,104.73265738005594,29886800,104.40101318359375,104.17954600941052,101.33921947479249,100.74347595214844,47.77704139669583,1.470342853906804,0.013017158893309249
2016-01-04,101.6056137084961,101.69840280742747,100.32510715279224,101.55921561935317,50807600,104.27725601196289,104.24521692449396,101.33800131479899,100.75509029388428,40.62256967372141,1.5411392474931722,0.013315734981111035
2016-01-05,101.4293212890625,102.2366014105183,100.95609470553988,102.10669524099971,38795200,104.02303619384766,104.27841644287109,101.3343915939331,100.7626097869873,40.10194324938159,1.4806263819156646,0.012003867754298514
2016-01-06,100.45504760742188,101.03962550171205,99.66632937816651,99.66632937816651,41891100,103.74415512084961,104.28633270263671,101.31066608428955,100.76622455596925,37.25988885280721,1.4975261399586526,0.012105185838918755
2016-01-07,97.30943298339844,99.55496214782487,97.25375385050748,98.31156534381103,61386300,103.30753097534179,104.2266279740767,101.24803784688314,100.75590675354005,29.893522843607457,1.575534176232053,0.013669693856666132
2016-01-08,96.51142120361328,98.627043913093,96.40935106593182,98.01462308700424,69344000,102.91148872375489,104.1618330522017,101.17576039632162,100.75296966552735,28.361619931355392,1.5898926296469102,0.013462132777017407
2016-01-11,96.8083724975586,97.48573947803335,95.32372526704225,97.1980910681898,50024100,102.50670509338379,104.1135381525213,101.10649585723877,100.75317459106445,29.80317818383459,1.6019549894093887,0.013418789880844826
2016-01-12,97.93113708496094,98.43220685211811,96.57639604606472,97.7362777998481,46734200,102.27878265380859,104.0488222989169,101.05650838216145,100.75705993652343,35.119245811310606,1.6523263196976947,0.013053651694019125
2016-01-13,94.55355834960938,98.5713902893132,94.40509009274122,98.3301329115805,69870700,101.8431266784668,103.87105934836647,100.98160438537597,100.73848697662353,28.20044960548816,1.8909297837047003,0.014683943172309248
2016-01-14,96.56709289550781,97.41149001698237,93.4122138318275,94.92470382318199,78445700,101.47669410705566,103.72872869318182,100.93193887074789,100.73518379211426,36.26205772666001,2.116282543293466,0.015613998620260638
2016-01-15,93.56997680664062,94.59067840651213,92.33586800932063,93.36584356602269,91443900,100.88316192626954,103.52803691517224,100.86437269846598,100.71942699432373,30.731025654444124,2.3946524315306763,0.016131800708663227
2016-01-19,93.77409362792969,94.98965420698336,92.67916525100802,94.8411859826223,56563800,100.37661781311036,103.31524588844992,100.79120146433512,100.70436851501465,31.497364651179566,2.4881075855860906,0.01608910295773375
2016-01-20,93.48645782470703,94.48859723542168,90.23878931466759,92.29874018801806,86675000,99.95534896850586,103.10025204745206,100.71240348815918,100.68391269683838,30.97727971299898,2.6577838102539184,0.0157408039618737
2016-01-21,93.57923126220703,94.97108896193055,92.62349010776023,93.88544165519124,61660100,99.4821159362793,102.89552321000532,100.63030261993408,100.66474952697754,31.370896644683583,2.755878988536932,0.015381915010471656
2016-01-22,96.28874969482422,96.3258667639904,95.13814886810059,95.46291437410841,42229800,99.11048965454101,102.71852930242365,100.57178071339925,100.65526687622071,41.8083697391753,2.8572861983004043,0.016976118581237855
2016-01-25,94.85977935791016,96.49288788874605,94.77626418430503,95.94542705927829,38881500,98.62890968322753,102.50882693204012,100.50404243469238,100.63555503845215,38.48418518564491,2.7320190315737625,0.01694696537717152
2016-01-26,95.71345520019531,96.12172881245732,94.42366710187875,95.25878348048303,36143900,98.19094009399414,102.31447698419744,100.44503320058188,100.61808601379394,41.477807082943485,2.76184438911663,0.017197845229159594
2016-01-27,93.32872772216797,95.56497607625482,92.92972811318398,95.15670251031888,54524700,97.63651695251465,102.08198297674005,100.35953750610352,100.58993625640869,36.180925272315775,2.83475404455344,0.0177766153501781
2016-01-28,94.64633178710938,94.91542514857571,93.03177869766631,94.87830809050915,47641500,97.06585578918457,101.87209916548295,100.2988644917806,100.5698014831543,40.687837568267675,2.740636379838797,0.01767899613538241
2016-01-29,96.62276458740234,96.65988164441016,94.5906570415463,94.61849306446346,54245100,96.64180183410645,101.71867051558061,100.2557383855184,100.5564645767212,46.76131890803461,2.7300315052461315,0.018608205328358617
2016-02-01,96.88259887695312,97.2444813892059,95.78767030467768,96.15882677309172,32750300,96.2961582183838,101.57484394420277,100.20508772532145,100.54511734008788,47.52211687803384,2.679659853355926,0.0185556649977683
2016-02-02,94.78555297851562,96.47434078975162,94.49789744517494,96.43722371837356,44928100,95.95515518188476,101.39524397416548,100.14795862833658,100.53101902008056,42.271763017258124,2.717437755193411,0.01858371972307333
2016-02-03,94.3308334350586,95.41648067505805,92.67915645293205,95.41648067505805,61572900,95.60023078918456,101.22587807395242,100.08411820729573,100.50732730865478,41.20859722347518,2.615368042732984,0.018582735525950887
2016-02-04,94.32157135009766,95.07317234733772,93.19880683198218,94.08031399962535,49321600,95.29355697631836,101.09334716796874,100.02158476511637,100.4814716720581,41.1858751083563,2.4635887091758883,0.018538704327348093
2016-02-05,91.04608154296875,94.0246570649505,90.67491796242399,93.98753999896039,70749900,94.98038940429687,100.87468650124289,99.93044815063476,100.43652240753174,34.037997574654625,2.421833602139209,0.0188267234266888
2016-02-08,89.65425109863281,90.05325083198856,88.00257300936015,89.34804051921496,91673100,94.63753089904785,100.62954240278764,99.82063776652018,100.38272663116454,31.533632868078627,2.4741921433987275,0.018992700953373597
2016-02-09,89.3758544921875,90.73059562742411,88.31804282386088,88.45723006008426,73778400,94.26590499877929,100.34334259033203,99.71289087931315,100.32072559356689,31.041660395106504,2.3429596350279516,0.018930132849229023
2016-02-10,89.71917724609375,91.57498808445759,89.65422414992527,90.40582527406853,59421700,93.85530700683594,100.06203946200284,99.61361916859944,100.26173007965087,32.44147427086094,2.3323549734636493,0.018675492089906286
2016-02-11,89.5892562866211,90.3037402267048,88.32730455819463,88.5778358651614,76839200,93.60709190368652,99.76542275168678,99.53671995798747,100.20309772491456,32.17529918229744,2.277340699658421,0.017263337681029875
2016-02-12,90.95325469970703,91.04605087310115,89.75626335168856,90.60065331061324,49186500,93.32639999389649,99.49915660511364,99.50717792510986,100.15446208953857,37.93297348467812,2.258781476946924,0.016870936842794313
2016-02-16,93.00391387939453,93.00391387939453,91.72340055029507,92.29870415317691,40565900,93.29809684753418,99.27185766046698,99.52502435048422,100.1239977645874,45.43286018732406,2.2839670104547047,0.016408157308997615
2016-02-17,95.11029815673828,95.24020433909169,93.44006569882877,93.68132307149482,41766500,93.3649070739746,99.08117412220348,99.56326961517334,100.09752822875977,51.86667331793823,2.244864394217978,0.017182818323920244
2016-02-18,94.02465057373047,95.42578255150558,93.90401834775159,95.40722755946975,38991500,93.39181671142578,98.86806044145064,99.55447781880697,100.06480182647705,48.680783440891595,2.219015662278306,0.01738314089091387
2016-02-19,94.3030014038086,94.59065682512234,93.36582226408579,93.5699554581296,28257900,93.42800521850586,98.66488591974432,99.52793388366699,100.04166152954102,49.536651396485325,2.1587020878620686,0.017392054510781883
2016-02-22,95.83404541015625,95.92683451185198,95.09172551723573,95.18451461893146,23979100,93.40527000427247,98.47037381258878,99.51430225372314,100.02958320617675,54.073648768103865,2.170632232398866,0.016508053390266758
2016-02-23,94.25663757324219,95.53714454924936,94.19168447473508,95.27733215522096,29869700,93.37511291503907,98.25912378484553,99.49760004679362,100.00667152404785,49.168826148458756,2.1176079112305075,0.016587898555977313
2016-02-24,95.15668487548828,95.27731000771699,92.57710237025742,93.15240616570117,40739100,93.3472743988037,98.09686792547052,99.51346867879232,99.98209114074707,51.852427779584666,2.1149567266114766,0.016604364684693475
2016-02-25,96.09386444091797,96.09386444091797,94.49786629455896,95.35154449613006,29389300,93.48553123474122,97.9074160489169,99.51522979736328,99.9641302871704,54.5435041410479,2.0950733431117246,0.01566983047030487
2016-02-26,95.97323608398438,96.84546924614641,95.74125978165233,96.82690717752108,30925000,93.55187644958497,97.72451726740057,99.51990776062011,99.9478219985962,54.12417580633113,1.9134702057417539,0.015397013667719754
2016-02-29,95.11029815673828,96.59494529746007,95.11029815673828,95.88046129451634,27553900,93.47625312805175,97.52576058127663,99.52685349782308,99.92618621826172,51.09776481881356,1.8021229633926958,0.014784071259613549
2016-03-01,98.16307830810547,98.16307830810547,95.72269052000519,96.01961985954345,37699800,93.54027709960937,97.4117753462358,99.53709093729655,99.91254062652588,59.68582438121415,1.8478534882358357,0.016500101876558683
2016-03-02,98.2002182006836,98.21877319150309,97.43933614868496,98.04247600097358,29209800,93.71101036071778,97.28988758433948,99.55671272277831,99.89908073425293,59.778369986864206,1.7464465918464103,0.01563660103914602
2016-03-03,98.01463317871094,98.12598436201597,97.30943025584568,98.0981483360286,25474600,93.89520034790038,97.20852480801669,99.56609789530437,99.88248336791992,59.0489176451537,1.6689003258698196,0.01558461158090775
2016-03-04,98.05176544189453,98.68274141973936,97.40223447029983,98.12599957560724,31655400,94.08171005249024,97.11370821866122,99.57133204142252,99.86662395477295,59.156309418097166,1.6563083517954962,0.015581543473496356
2016-03-07,97.44859313964844,98.11668596253068,96.75266429570516,97.55066326977513,25861200,94.40183563232422,96.99648728804155,99.57400067647298,99.84742649078369,56.56152436987372,1.6072628151624977,0.013151815619375893
2016-03-08,96.6413345336914,97.6249118468372,96.47431130321803,96.78052173897844,28898500,94.75118980407714,96.83650027188388,99.56040643056234,99.82156860351563,53.19831307843315,1.5297135354426408,0.012711567047936136
2016-03-09,97.26300811767578,97.28156310396234,96.4650091996319,97.00319583354127,31047400,95.14554748535156,96.71573722145774,99.5473783493042,99.79932544708252,55.3978113778765,1.479341371198102,0.012616028346432667
2016-03-10,97.11456298828125,98.22804641211187,95.8618852872781,97.67130470019656,44236100,95.51531677246093,96.62851409912109,99.53280563354492,99.78218673706054,54.73631736084921,1.560864697183618,0.012683486697536595
2016-03-11,98.8125991821289,98.8125991821289,97.85685818693285,98.16306852889466,31454000,95.97648391723632,96.5515815041282,99.54410082499186,99.76543567657471,60.5406106276249,1.5661649175982089,0.012955628877812616
2016-03-14,98.97965240478516,99.21162871983115,98.41362962972447,98.44146565483314,25374900,96.37780380249023,96.46537017822266,99.5542443593343,99.750671043396,61.06952066844118,1.505853357218603,0.012744671299939489
2016-03-15,98.94255065917969,99.05390185620462,98.3115747014179,98.627066219977,26524600,96.67473564147949,96.36448239413174,99.57625878651938,99.7387590789795,60.874361016228434,1.3660047513133995,0.012029353363376776
2016-03-16,99.82408142089844,100.08389384390041,98.673473434236,98.70131654757843,31693100,96.9104248046875,96.27995938387784,99.60500240325928,99.72955162048339,63.831827941039634,1.3527491986923568,0.011223661468376214
2016-03-17,99.76838684082031,100.000363193954,99.16525398615791,99.53641048768662,29623700,97.19761161804199,96.1954356800426,99.63621164957682,99.72167686462403,63.505219039823565,1.333527751785358,0.010769588107935348
2016-03-18,99.92472839355469,100.17600286999537,99.39425374297512,100.00848418558313,37682300,97.4786979675293,96.08389337713068,99.67550767262777,99.71306465148926,64.06112506735772,1.2833207508066766,0.010774525048083945
2016-03-21,100.31560516357422,100.40866952354907,99.69206614135167,99.74790333726547,17288600,97.7027759552002,95.99683449485086,99.74064820607504,99.71027362823486,65.47701371817806,1.1164509815802626,0.010317710963628799
2016-03-22,100.62273406982422,100.85539854335755,99.72930334349897,99.74791337722488,18840300,98.0210807800293,95.93914836536754,99.81235688527426,99.71021533966065,66.59078597948118,1.1412122785117234,0.009321071061822157
2016-03-23,99.79444885253906,100.50174373798444,99.57108584627146,100.42729650291813,20912900,98.25296897888184,95.90621809525923,99.85950940450033,99.7111255645752,60.88587953766438,1.1527022984199269,0.009540448332888089
2016-03-24,99.82234191894531,99.8502605124982,99.14295870762251,99.31047736929426,19017300,98.4393928527832,95.87700028852983,99.90334847768148,99.71300388336182,61.00702907091642,1.111759073808224,0.009387262952058061
2016-03-28,99.6827392578125,100.12014947970802,99.50591203610473,100.10153235092076,13892300,98.6248680114746,95.86295831853693,99.93222490946452,99.70737098693847,60.00527815277436,1.0582030578637784,0.009389887720507474
2016-03-29,101.28349304199219,101.34863880588435,99.32911302487133,99.49663171778774,29963900,98.9335277557373,95.9352139559659,99.96295464833578,99.70900539398194,66.7477150428767,1.1202691462490537,0.009524827845808796
2016-03-30,101.77674102783203,102.40958863730957,101.56268660241585,101.88842252374775,23807200,99.11421089172363,96.03094704367898,100.0016492207845,99.71724918365479,68.50937067245833,1.1423792670338346,0.006704080687483143
2016-03-31,101.62784576416016,102.0838732740004,101.46963561602296,101.70230010458592,21447200,99.28559226989746,96.11857383034446,100.03424631754557,99.72723445892333,67.34943547168268,1.017241876544097,0.006737630627933707
2016-04-01,102.70738983154297,102.74461699357599,100.87399292845893,101.01359301099396,26389000,99.52023010253906,96.20541478937322,100.07260182698568,99.7399012374878,71.1618128305638,1.0295695816347685,0.006960238810195811
2016-04-04,102.3165283203125,102.78185725449568,102.07455528643754,102.70740292094092,17163000,99.73346824645996,96.34655969793147,100.10400002797445,99.74923263549805,68.06308090975078,1.0230912157741574,0.007084828037298351
2016-04-05,101.33003234863281,101.90704281843632,101.19974080712178,101.52546966089938,20107900,99.92754020690919,96.43315859707918,100.12517286936442,99.7463117980957,60.8598850563695,1.0498383842315857,0.007338619097668663
2016-04-06,102.99590301513672,103.03313018134558,101.43239753614377,101.43239753614377,25056000,100.24526863098144,96.6045390735973,100.1655471165975,99.75423984527588,67.17704588042723,1.0707439144493256,0.007596461872013314
2016-04-07,101.51615905761719,102.58641699544195,101.07874873604356,102.40028116692346,28567200,100.45792617797852,96.74530389959162,100.19490083058675,99.75103160858154,58.19248747730827,1.1480328481134012,0.008502697022801492
2016-04-08,101.44171142578125,102.39097936267306,101.08806397877377,102.14901342015251,22898000,100.67428359985351,96.88994487415661,100.21022052764893,99.74703586578369,57.77383274009142,1.1852590093190472,0.008486357403943249
2016-04-11,101.06945037841797,102.39098294278409,101.06014181096285,101.87912533845689,25772100,100.78712615966796,97.02613067626953,100.21896883646647,99.74380882263183,55.619095103216296,1.2291331342921796,0.007771335348062407
2016-04-12,101.91633605957031,102.11177334244692,100.52965084717295,101.14388839366124,28564100,100.93396034240723,97.12845042835582,100.2299950281779,99.74583137512207,59.33485326194023,1.2617065125361364,0.00793758517552967
2016-04-13,103.2192611694336,103.37747129313126,102.56779644187839,102.6980879673183,25356700,101.14779586791992,97.28044100674715,100.25619602203369,99.75773696899414,64.28863717450338,1.2909555846795786,0.008311216462260126
2016-04-14,103.22855377197266,103.61012684968131,102.37235036392322,103.23786233737786,17199700,101.31801948547363,97.41707916259766,100.2875623703003,99.78159336090089,64.32201957545442,1.3288466333140363,0.008166449596323252
2016-04-15,102.96797943115234,103.35885400689035,102.70739638066034,103.14480668699575,21353300,101.47799911499024,97.59233828457918,100.29987462361653,99.80239364624023,62.55614405900803,1.3315052177873739,0.008206923788094424
2016-04-18,103.51707458496094,103.55429465021817,102.60502677833033,102.67017254306424,17126100,101.65761642456054,97.7536245172674,100.29309590657552,99.82201740264892,64.75215085939527,1.2550582242784327,0.008248938068628654
2016-04-19,102.88423156738281,103.71251651330498,102.26068539094705,103.71251651330498,42481400,101.78604774475097,97.86746937144886,100.28050384521484,99.83833850860596,60.35850871509591,1.278325047638472,0.008416737015817681
2016-04-20,102.96797943115234,103.44261690189455,102.53056912481694,102.88422363650375,18078300,101.90331001281739,97.97811265425248,100.26683680216472,99.85623184204101,60.73817617874359,1.2995971990027704,0.008406956381603877
2016-04-21,102.97727966308594,103.34954417666988,102.51195079619477,102.91213390573537,20216000,102.06245155334473,98.1270531394265,100.24600079854329,99.87292594909668,60.78309531890459,1.2258092929569173,0.00811725219321159
2016-04-22,101.42310333251953,102.11178820580886,100.62273695260635,101.63715067810303,39074000,102.14248962402344,98.2560035011985,100.2136006673177,99.89052379608154,50.4048390310212,1.3434693459870215,0.008935596781245591
2016-04-25,101.42310333251953,101.43240479947085,100.92984867019815,101.11598451457125,14351900,102.2295078277588,98.38512226451527,100.18513221740723,99.90839839935303,50.4048390310212,1.2995956757071627,0.0089226724232859
2016-04-26,100.9298324584961,101.80465303564179,100.62272079023363,101.63713435279166,19118300,102.21182479858399,98.56482682661577,100.14268569946289,99.91633182525635,47.42428551294899,1.262369562328262,0.008253765983656139
2016-04-27,100.12018585205078,100.35285034393581,99.29190082896864,99.89682282758426,33059800,102.12899703979492,98.75511654940519,100.09040883382161,99.91149600982666,42.936369484436256,1.2424250873592837,0.008344607920456925
2016-04-28,98.91029357910156,100.81814459543897,98.7148563252899,100.2318257336496,29818200,101.993119430542,98.92846998734908,100.02797209421793,99.8972885131836,37.26167838952308,1.2995945792342678,0.008719451816162297
2016-04-29,98.38916015625,99.11507222522273,97.60740378172473,98.91032633902904,67502800,101.77720794677734,99.08610604026101,99.96358261108398,99.879921875,35.10926562382663,1.3122251014968935,0.008287426381675395
2016-05-02,99.31980895996094,99.45940906044432,98.23094095683156,98.64042559113177,24813800,101.62737197875977,99.26302517977628,99.90633150736491,99.86001037597656,41.597360618466304,1.2869640735210919,0.008666896372123072
2016-05-03,98.39844512939453,99.05921126707783,98.137855000134,98.61249243155764,38569400,101.48079261779785,99.39839227849787,99.85080738067627,99.82787849426269,37.59017985555333,1.2670225539686624,0.008649110501522119
2016-05-04,97.765625,98.16580822098466,97.5236519337319,97.80284507140401,27474500,101.21927871704102,99.48496884432706,99.79224541982015,99.79078304290772,35.08989743948729,1.2410951761047013,0.007611606031691465
2016-05-05,97.73765563964844,98.33328302142012,97.54221840046638,98.11922865449472,20788100,101.03035354614258,99.53273898037997,99.73452962239584,99.75387073516846,34.979155807496795,1.2510671042992527,0.007097309702488821
2016-05-06,98.25886535644531,98.27747539077536,97.16068872170379,97.25375309406701,30758500,100.87121124267578,99.60972470370206,99.68963718414307,99.72551689147949,38.85196397802049,1.2630327326695192,0.007275849892549868
2016-05-09,98.5380630493164,98.9940905656786,98.22164274851666,98.26817138668066,19289600,100.7446418762207,99.68672582452947,99.66403128306071,99.70049701690674,40.88323578952539,1.214505353726949,0.0073223586797566435
2016-05-10,99.88751220703125,99.93404084093055,98.71488128728416,98.8917085570275,21178900,100.64320068359375,99.7604252208363,99.63749039967855,99.6872998046875,49.5981204873668,1.2490717833367009,0.007772573985749442
2016-05-11,98.98477172851562,100.03641256662729,98.95685312844233,99.73860233191874,20966300,100.43147621154785,99.84639129638671,99.6028870264689,99.67383407592773,44.836311782030194,1.2663550731731184,0.0072535722409380965
2016-05-12,98.54737091064453,99.33842875732994,97.84937743997682,99.21744577854263,29196300,100.19741706848144,99.90804013338956,99.5481414159139,99.65379772186279,42.69732195428297,1.20453425937837,0.007253062747084322
2016-05-13,98.18438720703125,99.06850918060195,97.9889499423584,98.4635873567666,21059300,99.95823745727539,99.94604963822799,99.48975423177083,99.63000858306884,40.951342215641134,1.2457487671620027,0.007259637968154402
2016-05-16,99.41285705566406,99.77581299730122,98.24022634402982,98.33329779602285,18311900,99.75302658081054,100.00858820134943,99.43566824595133,99.60991619110108,48.610407859490834,1.2749983060807029,0.007815735187435825
2016-05-17,98.16581726074219,99.61764159133035,97.90522703441822,99.3291398590616,29932700,99.51710586547851,100.0641430941495,99.37373428344726,99.58418838500977,42.57360878925808,1.2803185151796086,0.008120553343231595
2016-05-18,98.51944732666016,99.04992205353217,97.75630812132927,97.94243686395382,27524400,99.2946792602539,100.0706225308505,99.31551837921143,99.56184375762939,44.67195122240654,1.2224846338977398,0.00820061125209293
2016-05-19,98.00756072998047,98.37982523238774,97.29095742063917,98.13785224076979,27334600,99.04619331359864,100.06711966774681,99.25226561228435,99.53790874481201,42.264540192946725,1.2025433097922382,0.00820897858054337
2016-05-20,99.0871353149414,99.487318445738,98.34260624822737,98.39845054346193,29549600,98.92939491271973,100.08661970658736,99.19677588144938,99.51540336608886,48.56067685533045,1.220492567802579,0.008166492288741549
2016-05-23,98.95687103271484,99.5524916098976,98.86380664884705,99.19883701069966,15729800,98.80608329772949,100.103076171875,99.14243647257487,99.50055225372314,47.88215693076333,1.1852590678899801,0.008162184572360027
2016-05-24,100.93915557861328,101.06013855020015,99.4780229509907,99.50594155209873,29931300,98.80654945373536,100.16654094349255,99.09582767486572,99.49625854492187,57.592705551857485,1.273007233734457,0.009381133581282137
2016-05-25,101.66504669189453,101.97216544160766,101.14388064415459,101.32070788193273,37951700,98.88379249572753,100.25788116455078,99.06074148813883,99.48978038787841,60.49536169365078,1.2902890367373598,0.009309001310202493
2016-05-26,101.96288299560547,102.09317454091648,101.52547262190849,101.76744567763895,21885900,99.03642196655274,100.3433334350586,99.04309253692627,99.49138957977294,61.65508307368263,1.251068697447104,0.00880651793229833
2016-05-27,102.49336242675781,102.50267099480719,102.00942339354542,102.02803342928716,19870000,99.24163208007812,100.44112978848544,99.0095895767212,99.49389797210694,63.6991627257015,1.2344501390213733,0.008689813835463897
2016-05-31,102.68876647949219,102.84698368363655,102.16760044331232,102.63292929000283,24366100,99.41007995605469,100.51160555752841,98.9817237218221,99.4982138824463,64.4509037971006,1.1832648139292365,0.008514673123933449
2016-06-01,102.6980972290039,102.9307617026085,102.28861258370203,102.3723683860287,19571500,99.62506256103515,100.57921364524148,98.95385856628418,99.5017919921875,64.48872066898349,1.1520212196950592,0.008127727119668346
2016-06-02,102.912109375,102.92141083786505,101.93491614731607,102.4933092344126,15696600,99.88238677978515,100.65138744007457,98.94119059244791,99.50219505310059,65.39793369074735,1.116124317780478,0.00787235910303536
2016-06-03,102.4281997680664,102.76323715905022,101.75812498609879,102.7167085271866,20269900,100.11691398620606,100.69873504638672,98.92055854797363,99.50280864715576,61.5599086752268,1.1214403999703109,0.00801808393500709
2016-06-06,102.80046081542969,103.0703524323064,102.43750483764686,102.61433209361743,12502400,100.34399375915527,100.75386366410689,98.923149172465,99.50865203857421,63.342198093497316,1.0536351766824552,0.007994089310627383
2016-06-07,102.53985595703125,102.9586490422196,102.4933202362974,102.85627613688838,12184300,100.54408340454101,100.80141143798828,98.91709232330322,99.52726551055908,61.20283283669094,0.9645576230403178,0.00806472881456789
2016-06-08,102.71672058105469,102.9307679335288,102.33514741307357,102.71672058105469,14568700,100.68554382324218,100.84506808194247,98.90726712544759,99.56835762023925,62.13747324280725,0.9147009507726267,0.00758272996422243
2016-06-09,102.54916381835938,102.66083818678865,102.10244504358015,102.29788228868541,17571600,100.86376342773437,100.88009407737039,98.88317165374755,99.6267917251587,60.646881605835944,0.8708284958764523,0.007216921727784276
2016-06-10,101.3858642578125,101.81396599906358,101.0322097452118,101.61852871068955,32965000,101.00568809509278,100.90902890292081,98.86217905680338,99.68111671447754,51.42366508281623,0.8734853785471698,0.0076818792107691556
2016-06-13,100.53895568847656,101.37654908431433,100.40866417138571,100.80884728826624,25154700,101.12341651916503,100.92205824418501,98.85073839823404,99.70841316223145,45.94537103888967,0.8940936017883294,0.007913565882463192
2016-06-14,100.53895568847656,100.9019116432804,99.80373521326092,100.26906408868689,24588500,101.17972145080566,100.93762581565163,98.82986392974854,99.7236665725708,45.94537103888967,0.822301381255056,0.007454783925465322
2016-06-15,100.25045776367188,100.92053250511198,100.08293907831185,100.78093241725273,24605700,101.28395347595215,100.91884335604581,98.80094045003256,99.73756965637207,44.08972460374085,0.8083430643840381,0.0068467964437832875
2016-06-16,100.54826354980469,100.64132790416699,99.1150497714889,99.75720588719247,32079900,101.38539428710938,100.89650740189985,98.76808115641276,99.75900646209716,46.49212977978307,0.8768127939319024,0.006835963606786018
2016-06-17,99.36969757080078,100.48013221333245,99.13641346063974,100.34016032338262,29208800,101.4535011291504,100.8554501620206,98.72555491129557,99.78959270477294,39.295867879407496,0.9391029432149897,0.007290007972797057
2016-06-20,99.99494934082031,101.00273173903585,99.92029668339123,100.5268370662813,20562800,101.49889183044434,100.80613306218928,98.68870290120442,99.81015480041503,44.227945210380156,1.0072208666371927,0.007009918436504671
2016-06-21,100.31218719482422,100.517478391422,99.93893112094347,100.12556271751757,22804100,101.5666576385498,100.76969049627131,98.64080816904703,99.83465633392333,46.59865595295851,1.0026778774637688,0.0070212761246551516
2016-06-22,100.069580078125,100.95606423562347,99.98560119039017,100.36818354440692,22724200,101.52317886352539,100.74677318226207,98.59885597229004,99.86362018585206,45.02251557261529,1.0015327599412203,0.005368727585253663
2016-06-23,101.49725341796875,101.515920134656,100.4241521442451,100.84406071924423,18714200,101.5147891998291,100.71952500776811,98.57970415751139,99.88643352508545,54.726968868386514,1.0224153076290625,0.006082288480929305
2016-06-24,97.31680297851562,99.37903371586626,97.10217845867088,97.88601679281447,68012700,101.28248519897461,100.64317307905718,98.5439640680949,99.89378952026367,35.15738219454829,1.290481185847483,0.010972911663679568
2016-06-27,95.38522338867188,96.67294932020283,94.94664805219813,96.67294932020283,48222600,100.92707824707031,100.53305511474609,98.49359658559163,99.8862735748291,29.846695039575792,1.426540194447146,0.011492394245726036
2016-06-28,97.47544860839844,97.52210828621388,96.39301385189987,96.43966641044801,28260600,100.66641235351562,100.46770962801847,98.46876659393311,99.88653247833253,40.34761111993059,1.5366305070962016,0.012787673418057251
2016-06-29,99.20176696777344,99.40705819465724,98.19398467466796,98.2406372412434,31356700,100.4915958404541,100.41835382634943,98.48453604380289,99.89689952850341,47.3563165921041,1.6307257962950774,0.01356078241712276
2016-06-30,100.34950256347656,100.41482183533266,99.03377664846101,99.36970636636852,36300800,100.36346549987793,100.36617639715021,98.51652005513509,99.90728382110596,51.44123379421729,1.6210180187039396,0.013860530069645192
2016-07-01,100.85340118408203,101.22665723219693,100.2655205945393,100.30284691127748,19902800,100.28472557067872,100.32299180464311,98.55022862752278,99.91741893768311,53.15970634869551,1.6198706295061425,0.013900510114650743
2016-07-05,100.23753356933594,100.46149148301996,99.69631262350066,100.32151956678429,21167900,100.15657920837403,100.27334733442827,98.56944859822592,99.92429016113282,50.79371154479281,1.624078638831992,0.013911973468187268
2016-07-06,101.05870056152344,101.10535312177907,99.44437104820636,99.76164120657542,24579300,100.08252143859863,100.22864962491123,98.62365811665853,99.94229778289795,53.749519811075174,1.6828921136014625,0.014062497347127527
2016-07-07,101.35729217529297,101.58124294848791,100.88139055289533,101.1520010001698,19161700,100.01455001831054,100.20088709050958,98.66357644399007,99.96027210235596,54.81245121898057,1.623861703809641,0.014076028973309092
2016-07-08,102.92496490478516,102.98095081994181,101.73054413373004,101.89850899846694,29457900,100.03334007263183,100.200105008212,98.74153467814128,99.99339282989501,60.00898655646316,1.638990886344205,0.014520441405398111
2016-07-11,103.51284790039062,103.89543022129047,103.26090413972659,103.27023038026658,20218500,100.13968925476074,100.20984261252663,98.82269096374512,100.02908283233643,61.783839331122046,1.5916645397920794,0.01430077002422245
2016-07-12,104.0353775024414,104.31532127622859,103.89540561554782,104.14735643580946,21906100,100.31451034545898,100.25733850652522,98.91059862772623,100.06914333343506,63.341178156140366,1.607659261603467,0.014145823716298245
2016-07-13,103.78343963623047,104.34332009601583,103.77410627810859,104.27800082769531,21107800,100.47673454284669,100.30025371204724,98.99563369750976,100.112014503479,62.02868850776029,1.5789986025087484,0.014172443401352468
2016-07-14,104.49264526367188,104.68860310598014,104.23136102132652,104.47397854387052,20871000,100.68884391784668,100.36503212668678,99.06399949391682,100.17198402404784,64.2729347296962,1.5403431320243672,0.014174374430325846
2016-07-15,104.32465362548828,104.79122183111343,104.09136952267572,104.73522880533764,17999300,100.87766342163086,100.44147699529475,99.14287344614665,100.2335188293457,63.31828463150092,1.2763986569629273,0.014197731132278008
2016-07-18,105.01518249511719,105.20180694728761,104.37131603237614,104.38998274915309,20713900,101.15993766784668,100.55247497558594,99.220387840271,100.28791400909424,65.58130933472219,1.1697556852116295,0.013856978236638694
2016-07-19,104.63258361816406,104.95918705872421,104.445959182929,104.65125033324709,18936700,101.39181938171387,100.66599176580256,99.3145866394043,100.33826866149903,63.252862240540885,1.0577798576863569,0.01390543252363307
2016-07-20,105.85501098632812,106.05096880469519,105.07117259359309,105.20181113917113,24997900,101.66896057128906,100.78481362082742,99.40799229939779,100.38645587921143,67.25338513735687,1.0211209719915229,0.014060879158373956
2016-07-21,105.61241149902344,106.13496577042457,105.32314140153609,105.92967455829755,18885400,101.94610214233398,100.91597664572976,99.4829060236613,100.42653831481934,65.72416565559679,0.9804623421355824,0.01405843813041937
2016-07-22,106.05096435546875,106.17226953719722,105.36044534077367,105.68704169101684,20003400,102.17378768920898,101.06661917946555,99.55930906931559,100.47112617492675,67.17711083401349,0.96979716776172,0.013803627942177791
2016-07-25,106.06031036376953,106.0883033229482,105.70571389612682,105.96699100748418,12968100,102.61096305847168,101.21794017444958,99.65326538085938,100.51284675598144,67.20901185617276,0.9144758010645779,0.009318154742678386
2016-07-26,106.18162536621094,106.5642077090978,105.64973773489253,106.0229938367034,21223800,103.15078315734863,101.36199035644532,99.75202198028565,100.55323123931885,67.64854800854164,0.8611535082526183,0.00744213568656331
2016-07-27,106.91879272460938,107.19872943144662,106.47088402669566,107.07742423707721,27646100,103.62295036315918,101.51436725963245,99.85699882507325,100.59508148193359,70.25743234157258,0.8838143417985539,0.006369561508780564
2016-07-28,107.29204559326172,107.41335078402103,106.75082467584258,107.08675440946362,16939700,104.0274642944336,101.64899513938211,99.99238185882568,100.63759525299072,71.5102045752692,0.8151620177649548,0.005580096496122039
2016-07-29,107.52533721923828,107.81460729694264,107.18940746223498,107.53466345968405,22385300,104.38625602722168,101.80427814830433,100.1413075764974,100.68446697235107,72.29566106423208,0.790500197636551,0.005292237001956159
2016-08-01,108.09455108642578,108.36516158167427,107.46935121081786,107.59998977828018,13990100,104.74831352233886,101.97786324240944,100.29729671478272,100.73497116088868,74.16706507648428,0.7971671258521543,0.005296780179480124
2016-08-02,107.27339172363281,108.029230155176,106.58287257482462,107.93591791116428,21278400,105.10010643005371,102.14311786998402,100.44358183542887,100.77332138061523,67.12293505638333,0.8644860325445772,0.005447161367315939
2016-08-03,107.62797546386719,107.63730882356008,107.12408794873066,107.18940722804595,15011300,105.4285701751709,102.29248365922408,100.59390449523926,100.81136299133301,68.51357798917348,0.8364901329074164,0.005329775937463863
2016-08-04,107.93592834472656,108.038573958842,107.33872138220144,107.59067229658243,12835300,105.75750198364258,102.47012204256924,100.73542677561441,100.84807666778565,69.71182362788257,0.8364901520647621,0.005330012942098623
2016-08-05,108.9717025756836,109.21432011083098,108.36516229744912,108.48647462465682,23196600,106.0598388671875,102.66016304709694,100.86849168141683,100.89255947113037,73.38108321541318,0.8651500409436973,0.004746452618707706
2016-08-08,108.85037994384766,109.05567112385963,108.50511685753054,109.02767104718508,12358200,106.32671546936035,102.8573052146218,100.98299236297608,100.9394884109497,72.2765866978684,0.8638165376680474,0.004776577961270136
2016-08-09,109.1023178100586,109.44758087780049,108.8690336851897,108.93435295538232,13276500,106.5800624847412,103.03939944180576,101.10863958994547,100.97754745483398,73.17937401619074,0.8051605196267408,0.004739639455667476
2016-08-10,108.8223876953125,109.19563662220173,108.53311052192632,109.16764366461173,14688400,106.8320098876953,103.2187724720348,101.22963447570801,101.00000679016114,70.43484898020895,0.7944963575829505,0.004747444088047557
2016-08-11,109.2889633178711,109.52224747248802,108.97169316557303,109.1956439606104,12969800,107.07182579040527,103.37058715820312,101.34175879160563,101.02447521209717,72.29960321505413,0.7864988990652334,0.004655090201482299
2016-08-12,109.36359405517578,109.37292741349384,108.98101179533272,109.1023169764017,19379000,107.32377281188965,103.51056074662642,101.46765009562175,101.0482530593872,72.59732786021914,0.7871650555895003,0.0045826239395076055
2016-08-15,109.83013916015625,110.08208994679273,109.46621657436128,109.50354288050244,11777800,107.5645206451416,103.65360176780007,101.58992888132731,101.07001575469971,74.44635085522059,0.7731669068331917,0.004497238660335457
2016-08-16,109.22366333007812,109.63423867361655,109.20499660762216,109.62491243165724,14161400,107.7940746307373,103.77597087513317,101.69934387207032,101.08957847595215,68.02099855986553,0.7451696559259346,0.0046441104345313735
2016-08-17,109.41958618164062,109.45691249533797,108.64508119077001,109.25162132963575,15980300,107.97230339050293,103.89834941517223,101.81139678955078,101.11247982025147,68.95323518356525,0.7558343128108993,0.0040674364169715795
2016-08-18,109.44759368896484,109.60622520382002,109.13032353998716,109.31695513328795,10036300,108.1640625,104.02106753262606,101.93087425231934,101.12960071563721,69.09194493318307,0.7451701577484136,0.003975849327128505
2016-08-19,109.41958618164062,109.6621965417738,108.95301793932336,109.25162132963575,18743000,108.33249359130859,104.13938529274681,102.0246784845988,101.14473159790039,68.76110481643327,0.7318393171479869,0.003960301548872518
2016-08-22,109.50360107421875,109.69023270410649,109.05569940102565,109.26098351499907,14500600,108.50465812683106,104.26802895285867,102.11887334187826,101.16023609161377,69.23697261855621,0.6691860879679642,0.003949798555022533
2016-08-23,109.69953918457031,110.11945493672138,109.65288662495405,109.93282334045398,11997900,108.68055381774903,104.3934667413885,102.21624755859375,101.178154296875,70.37057613401933,0.6765170156589083,0.003948458945021055
2016-08-24,108.99034118652344,109.7741723943151,108.62641853729642,109.62487426299268,17728700,108.78413124084473,104.51074829101563,102.30740235646566,101.19215629577637,61.532282850993845,0.7085099642573464,0.004134319059973321
2016-08-25,108.81304931640625,109.14897903052241,108.57976518822927,108.71040373046705,24266300,108.86018142700195,104.62159063165838,102.40210615793863,101.21091484069824,59.51974360911178,0.6578543982708263,0.004128318469096542
2016-08-26,108.9717025756836,109.68088846035474,108.31850973405756,108.85039736774391,23896000,108.93249969482422,104.73836406360974,102.50485922495524,101.23180805206299,60.756692605346856,0.7158418596971187,0.004118059876898358
2016-08-29,109.12100219726562,109.4102722807805,108.98103027582475,108.99968987635862,11184900,108.98382225036622,104.87900293523614,102.60367584228516,101.25409530639648,61.93544789281798,0.7045110576359812,0.00397757534008955
2016-08-30,108.76641082763672,109.26097213661556,108.39316184526868,108.94370907774913,19843300,109.0584732055664,105.02859302867543,102.70077457427979,101.27969757080078,57.51663456097898,0.7191742141410862,0.003615254250214638
2016-08-31,108.6544189453125,108.76639077166868,108.19717692346916,108.59842591286773,16169800,109.10979537963867,105.17614690607245,102.78278973897298,101.31491580963134,56.153967108816005,0.7098437946405178,0.0035804564079629547
2016-09-01,108.93438720703125,109.06502578849249,108.15988907958783,108.6917767667568,20944700,109.1597183227539,105.33403653231534,102.86574586232503,101.34422565460206,58.78290733040838,0.7465024439793423,0.003571051188220126
2016-09-02,109.2889633178711,109.69953858889504,108.87838092757974,109.47558779385767,18088200,109.17558135986329,105.49295834628019,102.95196596781413,101.37498458862305,61.89874644439251,0.753835427529224,0.0029443073585505002
2016-09-06,109.97016143798828,109.97016143798828,109.23298257212875,109.47560011362803,18525200,109.23157043457032,105.68569405295632,103.03651663462321,101.39925117492676,67.05193707888216,0.7618380213381845,0.0032234817612900968
2016-09-07,110.03543853759766,110.22207008230183,109.61553002072787,110.07276484653849,17546900,109.27822647094726,105.86824840198864,103.12207539876302,101.42347412109375,67.50548079279483,0.7471743611243268,0.00319581846586103
2016-09-08,109.3916015625,109.73685753179493,109.10232438911743,109.70886457420526,20125300,109.30668716430664,106.03332866321911,103.20096600850424,101.44091625213623,58.894307434106736,0.7798323957419961,0.003433548120261598
2016-09-09,106.63884735107422,108.71974505944473,106.6201877519294,108.47712755495928,50813300,109.1741813659668,106.15276988636364,103.25365969340007,101.44612102508545,37.10220210607233,0.9271349106077226,0.0065340329030123346
2016-09-12,108.5517807006836,108.70107885234583,106.03230764825369,106.04164100750357,39646000,109.13359069824219,106.28103401877664,103.31973508199056,101.46135314941407,50.74229012783847,1.0724376178228152,0.007811041448993222
2016-09-13,107.58131408691406,108.32781905801227,107.05875989521863,108.01055604713059,45863900,109.02114944458008,106.4676614934748,103.38462562561035,101.47127025604249,45.36716235997477,1.1350923994629818,0.007957698121439767
2016-09-14,108.09455108642578,108.68243175927417,107.66530906201133,107.69330914298295,28221800,108.96469383239746,106.6987401788885,103.45356070200602,101.48301349639893,48.47567798756233,1.1317612434159403,0.007982892188436647
2016-09-15,109.774169921875,109.94213476537104,108.11318820245093,108.12252156021906,38521400,108.98242301940918,106.92235329367898,103.53765595753988,101.50449634552002,57.08197759677759,1.2230733746053772,0.008745001619509049
2016-09-16,109.7218017578125,109.83406126389222,109.17922485074962,109.65631883020863,27596500,108.99613342285156,107.11362665349787,103.60797519683838,101.52044429779053,56.76361975410463,1.172534637951479,0.008746282931523575
2016-09-19,109.24472045898438,110.33922400616727,109.02956530207047,110.00245258594104,16222900,108.98739013671874,107.27535788796165,103.67020835876465,101.53729095458985,53.81878995561945,1.2347552807371858,0.008804238000718672
2016-09-20,109.45050048828125,109.89953132291745,109.2634084704929,109.6375925060696,18078600,108.98473510742187,107.43166878440164,103.73539714813232,101.56413967132568,54.905489070249146,1.2195410359219139,0.00881317765958252
2016-09-21,110.52629852294922,110.6853274533474,109.27275915267967,109.91823875348803,31546800,109.02607307434081,107.61873723810369,103.80055472056071,101.58420257568359,60.180807276937635,1.2797792071004974,0.009077855757716746
2016-09-22,111.4056396484375,111.52725588466656,111.05951869819312,111.17177105520078,22614400,109.14683799743652,107.8068634033203,103.87629731496175,101.61106742858887,63.898407315244754,1.28662353944426,0.009075366822860814
2016-09-23,110.69470977783203,111.32147603926562,110.53568081068107,111.32147603926562,22213400,109.24092102050781,107.97663463245739,103.95433629353842,101.63433139801026,59.09473818484949,1.2901093377614836,0.009212779523565116
2016-09-26,109.7685546875,110.19887916085644,109.60952576396984,110.06791332534891,16403900,109.28076362609863,108.10106353759765,104.01077505747477,101.661012840271,53.456713803537475,1.3149668483331018,0.00944047198199525
2016-09-27,110.85372924804688,110.9098554346789,109.59084008909754,109.69374285599233,20238400,109.36739997863769,108.23453410755505,104.08858814239503,101.69076126098633,58.45783965900934,1.365857940047917,0.009675332248728985
2016-09-28,111.04080963134766,111.10629255457485,110.47016967018078,110.99404019310158,14794300,109.48111991882324,108.36190560080789,104.1685806274414,101.73351737976074,59.270360733807145,1.344644278327477,0.00962856874676378
2016-09-29,110.23631286621094,111.05953500300863,109.75922600468039,110.8537294688092,27207500,109.56021461486816,108.47923056862571,104.24497114817301,101.76836555480958,54.347621476672174,1.2395653631673085,0.009799020473590023
2016-09-30,111.05953216552734,111.3869468083412,110.41405248604865,110.52631199377223,25543200,109.66647186279297,108.5986285122958,104.32116444905598,101.80418449401856,58.17564371993599,1.1311269873128882,0.009906955911403906
2016-10-03,110.90052032470703,111.04083580962849,110.47019571393113,110.91922667699488,19216400,109.74704971313477,108.71818972500888,104.3851749420166,101.83148399353027,57.1783089606089,1.0665781048936915,0.009906570098036954
2016-10-04,110.73211669921875,111.47114239441913,110.31114890121394,111.22791703137884,21239700,109.78514747619629,108.82213398326527,104.44770463307698,101.8656196975708,56.08175995051929,1.0707835206683407,0.00983332009910603
2016-10-05,111.12504577636719,111.48052360998547,111.01278623764809,111.05956282972419,14481300,109.83962783813476,108.94017874977806,104.51568018595377,101.91168575286865,58.10082196350173,0.9922708943698737,0.009858684131708336
2016-10-06,111.06888580322266,111.3027544182797,110.52630890338538,110.98468939050817,11987100,109.92349205017089,109.03497647372158,104.57861194610595,101.95181072235107,57.69257584332834,1.0009572587807105,0.009748160013121992
2016-10-07,110.82566833496094,111.33082543589926,110.2830913964971,111.17178934213969,19984200,110.13283309936523,109.12976296164773,104.64479058583578,101.98733268737793,55.8619138889165,0.9822483541596644,0.007655817914036869
2016-10-10,111.52727508544922,111.7705004626785,111.3495326401158,111.39630922165753,19687300,110.28160781860352,109.22933224764738,104.71611804962158,102.02251216888428,59.82246143870181,1.0029641587156988,0.006768976914332253
2016-10-11,109.9369888305664,111.45246048597666,109.45054510376515,111.43375413141372,27774400,110.39939155578614,109.29981731068004,104.77411562601725,102.0498328781128,49.0737336349861,1.0504042787882943,0.007280723494477163
2016-10-12,109.84342193603516,110.21761319022812,109.50665052097193,110.03987073863794,14267800,110.4868350982666,109.36639543013139,104.84428494771322,102.07696403503418,48.52132930919005,1.0296903721839266,0.007240314579545963
2016-10-13,109.45050048828125,109.74985199900439,108.45889994721763,109.0950227996422,22821000,110.47065162658691,109.41242648037998,104.91117992401124,102.09391876220702,46.17091380608067,1.066444882974005,0.0064102999361130295
2016-10-14,109.58145141601562,110.43273639644433,109.5159685049905,109.99306236366046,21313300,110.46363410949706,109.45405204079368,104.98327674865723,102.11630680084228,47.09079286749935,1.0590914468526396,0.006416424465832775
2016-10-17,109.28211212158203,109.73114294514124,109.14178954315086,109.48791761833405,14182700,110.46550369262695,109.48599340265447,105.05962613423665,102.14374000549316,45.18974332419258,1.006972736596141,0.006369369632993363
2016-10-18,110.25502014160156,110.76953394811324,110.19889395801982,110.58243477433457,19276700,110.50572967529297,109.52527465820313,105.15416552225749,102.1869870376587,51.97570177058691,1.0677798038916504,0.0066631129502892905
2016-10-19,110.24568176269531,110.40471073406948,110.04923295033225,110.17084208071752,13702900,110.49169883728027,109.57931629527698,105.25296986897787,102.23106884002685,51.909269565336665,1.0002918599922919,0.00628158056118954
2016-10-20,110.11471557617188,110.35794097335899,109.47859255537051,110.13342906516583,18132200,110.42715263366699,109.62452975186434,105.34292742411296,102.2793671798706,50.9261828970227,0.9809143225535938,0.005989724695477426
2016-10-21,110.52629852294922,110.591781443531,109.83404948578419,110.19888392004029,15707800,110.41873207092286,109.67162739146839,105.44399286905924,102.34545150756836,53.882145001173484,0.9929425729929225,0.005899298367262824
2016-10-24,111.8547134399414,111.9295531314203,111.21859033658238,111.23730382800501,19143000,110.52304000854492,109.72404577081853,105.56140193939208,102.42216796875,61.86614894612893,1.0103183669404865,0.006144472065447347
2016-10-25,111.49919891357422,111.93887303492146,111.33081323172003,111.92015954965797,20341800,110.5553134918213,109.77220611572265,105.6760814666748,102.49562210083008,58.92601571328678,1.0002935735429657,0.005832066708006026
2016-10-26,110.741455078125,111.34951485552759,110.41404047093997,110.77887490996089,20463700,110.54034576416015,109.80200861150568,105.7801030476888,102.5596736907959,53.13031364258021,1.022344496952961,0.006031434441891279
2016-10-27,110.23631286621094,111.31210998045987,110.07728391236742,111.21856395685215,19099800,110.54034576416015,109.82771634188565,105.87758846282959,102.63808746337891,49.626141613198676,1.0357082132879813,0.005892785123287997
2016-10-28,109.5440673828125,110.48889866812175,109.20729597690236,109.91825862683535,35369300,110.46457252502441,109.83235459761185,105.9580597559611,102.70297233581543,45.224192546600214,1.059763253538112,0.005778562516649083
2016-10-31,109.44113159179688,109.94628854824657,109.38500542011431,109.94628854824657,18749400,110.3916030883789,109.83376437100497,106.04519608815511,102.78232810974121,44.59080319677509,0.951517049712983,0.00577619930450509
2016-11-01,108.61795043945312,109.64697101578156,107.67311914671224,109.62826466513023,23498700,110.28589477539063,109.8117245760831,106.12911758422851,102.85654739379883,39.791246024699824,1.0417234211282067,0.005976417158216845
2016-11-02,107.7479248046875,108.79565853797472,107.47663641471755,108.54307649274999,26960100,110.11703872680664,109.78489296653053,106.20881373087565,102.92785472869873,35.44840539667267,1.037044859302467,0.0060768902930047825
2016-11-03,106.69086456298828,107.92569055943973,106.56924831596038,107.57020569840887,36205200,109.89813766479492,109.7352798461914,106.26946379343669,102.99341289520264,31.018811790699132,1.0637738832536294,0.006345060117845235
2016-11-04,106.31668090820312,107.14925266224927,106.12958172144296,106.42893328315502,26997500,109.67268829345703,109.67835415926847,106.33738765716552,103.04355255126953,29.608381565154616,1.0945108503119099,0.006354079290640554
2016-11-07,108.84247589111328,108.95473542031841,107.86023177471328,108.03796710790645,26591200,109.53844833374023,109.66786124489524,106.42341289520263,103.11346603393555,47.0954630355019,1.1766988992822018,0.008422706483691594
2016-11-08,109.55342102050781,110.04922137151159,108.47762390085771,108.73020601668117,20777900,109.5192699432373,109.6687670621005,106.51962839762369,103.18266586303712,50.800398427300564,1.2635645912048201,0.007996265508956997
2016-11-09,110.05854797363281,110.23628322957272,108.14082288827994,108.27178871354185,70234400,109.53002624511718,109.6752944946289,106.61105683644612,103.26631496429444,53.30263976811567,1.3504297285836984,0.008063849848930918
2016-11-10,108.28119659423828,110.74149248745347,106.83120795346889,110.59182024665266,72825400,109.47156105041503,109.66240095658736,106.68875954945882,103.33448928833008,44.690014676021626,1.5756120554578246,0.0088222662134055
2016-11-11,108.32794952392578,108.56181814799548,107.42988772684662,107.81343569613084,41115200,109.40888595581055,109.65358096036044,106.75033283233643,103.39301521301269,44.94203016688189,1.55623175636338,0.00881618173131376
2016-11-14,107.23343658447266,108.45891300091986,106.67215332645071,108.3560102376204,35906000,109.30645217895508,109.6219761241566,106.79673608144124,103.44476940155029,40.3113212761689,1.6404246043110748,0.00906335687864801
2016-11-15,108.72083282470703,109.09502400150906,107.88826120330162,108.04729013388399,31796600,109.22974281311035,109.61470031738281,106.85305233001709,103.51444580078125,48.13263084356603,1.6958838167683712,0.009407884905325029
2016-11-16,109.36632537841797,109.44115791295827,108.20633187924439,108.20633187924439,16538100,109.18577499389649,109.62560785466974,106.91032702128092,103.58962326049804,51.125703569293876,1.69588381431276,0.009522876726316208
2016-11-17,110.16149139404297,110.1801977458017,109.08569417174257,109.31020607837154,20598600,109.18811378479003,109.6530091719194,106.97259972890218,103.66882286071777,54.60121362890521,1.6825195916584559,0.00967073558449197
2016-11-18,109.74986267089844,110.47953160316895,109.64695990997785,110.2924395671881,16428700,109.1492919921875,109.66783599853515,107.03136444091797,103.76234176635742,52.51917643675982,1.7018973463055158,0.009665773166225508
2016-11-21,110.89114379882812,110.9940465608177,109.9837324269767,110.02115226198234,20268500,109.10111351013184,109.69696655273438,107.09785639444986,103.8685262298584,57.37258479580387,1.649778204937654,0.009563273566726337
2016-11-22,111.22793579101562,111.4992242922575,110.95664728977377,111.33083857207652,18850600,109.08755035400391,109.71983517733487,107.17118752797445,103.97778663635253,58.713766616524275,1.5989966599499539,0.009568855910254975
2016-11-23,110.77886199951172,110.98466748207241,110.2924185165429,110.86305839560578,22926000,109.08942070007325,109.73335196755149,107.23767420450847,104.08308506011963,56.17578514971877,1.5689305907351954,0.009486459003129935
2016-11-25,111.13436126708984,111.18113070469838,110.77887642832816,110.90984227299722,7162800,109.13432312011719,109.76503850763494,107.30929508209229,104.19081058502198,57.733370331008516,1.5248304310480774,0.009446284011935637
2016-11-28,110.88178253173828,111.39629632069357,110.7695301684051,110.99404203217492,13479000,109.20120887756347,109.84218278364702,107.37733726501465,104.29045322418213,56.204908269306124,1.381166976774733,0.009337958074471811
2016-11-29,111.26533508300781,111.79855524224796,110.66663199674183,110.98468988883774,18553000,109.29241905212402,109.89152013605292,107.44997202555338,104.3817603302002,58.022342593177385,1.3497616749784649,0.009350381259896526
2016-11-30,109.91825103759766,111.4430718656129,109.88083120206856,111.4056520300838,30405300,109.35743408203125,109.93400989879261,107.52107524871826,104.4558000946045,50.15070912230406,1.3116745551392899,0.009619270445558744
2016-12-01,108.01924133300781,109.8901903273972,107.8508556380286,109.88083358403613,39796600,109.37099990844726,109.93264063054865,107.58341096242269,104.52577304840088,41.58565149359953,1.1800396169667522,0.010259646452359265
2016-12-02,108.23438262939453,108.66470712372502,107.78535892494122,108.08471044027779,32876800,109.44817581176758,109.9046444979581,107.64753952026368,104.59542995452881,42.77798470422982,1.161998029654962,0.009990933161682787
2016-12-05,109.07634735107422,109.50666485172368,108.29990164600638,108.79570922653177,21419700,109.58615913391114,109.89290896329013,107.7210886001587,104.6616414642334,47.310670091024505,1.1252496402163905,0.010055412833526633
2016-12-06,109.3382568359375,109.52535601793518,108.87987632997519,109.38503341571293,27293300,109.61094818115234,109.89460962468928,107.7943385442098,104.73704956054688,48.67268844092673,1.0383848024252182,0.008573153031136186
2016-12-07,110.72276306152344,110.86308566479407,108.78633112028025,109.11374576984232,26622400,109.66941528320312,109.9177416714755,107.88894742329916,104.81487995147705,55.257044676694015,1.0985225531966418,0.008912028056804177
2016-12-08,110.91921997070312,111.19986519778799,110.55438545775554,110.76954775013456,18578400,109.71244888305664,109.9248856977983,107.97998301188152,104.88900672912598,56.11727640015314,1.0664494221947354,0.008866774788378289
2016-12-09,111.78919219970703,111.82661203262796,111.32145499385052,111.3308117363566,21863100,109.88784866333008,109.93185938054864,108.07562472025553,104.96808650970459,59.80287897846108,1.0717937342471455,0.008095562870233254
2016-12-12,111.28404998779297,111.51791862188057,110.82566946337047,111.29340673154569,23259300,110.03565368652343,109.94257465709339,108.16907863616943,105.04895526885986,56.818867708697816,1.0517465089912383,0.008208906429336105
2016-12-13,112.687255859375,113.2953157034095,111.62081551505158,111.62081551505158,54477900,110.30834465026855,109.99564195112748,108.26232865651448,105.12157615661621,62.427319168457174,1.1519740248617498,0.008107188203772436
2016-12-14,112.45339965820312,113.19242544108926,112.12598497897629,112.82759092179296,28746000,110.49497299194336,110.02472686767578,108.38846696217855,105.19284206390381,61.00522564737956,1.1613256811217667,0.007705781129554296
2016-12-15,112.63114166259766,113.29532776268144,112.33179008034716,112.60307856693429,22762300,110.65821380615235,110.05364199551668,108.5321829477946,105.26592460632324,61.7190027009543,1.2014163223465968,0.007641528237020646
2016-12-16,112.21358489990234,113.13306392413705,111.9884091389869,112.90788100501322,26283900,110.76081848144531,110.08959239612926,108.65500075022379,105.33673370361328,58.987351769963034,1.2384083675510027,0.007599333806049909
2016-12-19,112.67335510253906,113.36765857703085,112.16671127593557,112.32621052350372,21138700,110.90699310302735,110.11893463134766,108.76726398468017,105.41285751342774,61.03247332486865,1.2433386572359422,0.007546727469417435
2016-12-20,113.10494995117188,113.31135694830694,112.89853579582639,113.02988895682617,11461800,111.01768341064454,110.15901517001065,108.87355937957764,105.49517559051513,62.902574891562544,1.1773215988233383,0.007269698693684031
2016-12-21,113.02050018310547,113.22691433048833,112.76717828472387,113.15185333903817,7079300,111.10731163024903,110.20062214244496,108.97495187123617,105.57396305084228,62.272825414496666,1.062488787837296,0.007263509559109062
2016-12-22,112.70148468017578,113.05801359838556,112.2605103697898,113.02986752039651,16645000,111.20344276428223,110.22928466796876,109.07881813049316,105.65189765930175,59.83580837605885,1.05664271853815,0.007225691093424431
2016-12-23,112.77655792236328,112.82347283256323,112.41064452907666,112.5138516049483,9007500,111.28555259704589,110.26033325195313,109.1764669418335,105.72171745300292,60.23023937425457,0.9952531529065364,0.007204996937690453
2016-12-27,113.35826110839844,114.01502685110948,112.97358607572761,113.02049382408713,16110600,111.40937652587891,110.30638039328835,109.27647501627604,105.793610496521,63.242412706248565,1.0376095272484085,0.007232003272985773
2016-12-28,112.47630310058594,113.70540340058038,112.4012492777768,113.60219634123256,17975200,111.46992492675781,110.32363544810902,109.35606950124105,105.86127925872803,56.282104666762315,0.9824237828405344,0.007474117861336761
2016-12-29,112.31681060791016,112.71087004453092,111.96028166404511,112.4481637534504,13267500,111.58985290527343,110.36690493496981,109.42943585713705,105.92374290466309,55.1010848067208,0.9899315428729177,0.006878509535689663
2016-12-30,111.16281127929688,112.54201971567856,110.8438055755608,112.53264245837138,41749000,111.7470314025879,110.39089383212003,109.48883113861083,105.98071502685546,47.357751715355995,1.0464188341724128,0.006018217016427404
2017-01-03,112.15731048583984,112.57951599910017,111.54745251030087,111.90398145131604,22307600,111.94317779541015,110.44010855934836,109.55861339569091,106.0418779373169,53.43133694747924,1.0787889758486082,0.006247558777395261
2017-01-04,112.76716613769531,112.9735802628437,112.26989964977022,112.2792769040338,19749100,112.12771873474121,110.49803064519709,109.62756773630778,106.1041357421875,56.72835554377109,0.9934321230905597,0.006150810050529721
2017-01-05,113.40518951416016,113.48024335211136,112.68273995297145,112.68273995297145,20644300,112.33106536865235,110.57299568869851,109.70323886871338,106.16804801940918,59.92500711906726,0.9742223328781989,0.006213606803180419
2017-01-06,114.39972686767578,114.69996370515635,113.23631001721495,113.52716244027745,24074300,112.51491355895996,110.64835399280895,109.78144340515136,106.24107440948487,64.34644867362118,1.0099449047072793,0.005910523709513227
2017-01-09,114.77497863769531,114.98139272278084,114.41844261501741,114.49350358381359,18909200,112.70770149230957,110.73070484508168,109.86596336364747,106.31583759307861,65.87624489795014,0.9697314097040584,0.00592175309272999
2017-01-10,115.02831268310547,115.37546433202192,114.5591923155902,114.82189857608535,16176600,112.86965751647949,110.82004297429864,109.94240754445394,106.39256546020508,66.90853618286513,0.9422546036566614,0.005746878170998505
2017-01-11,115.33795166015625,115.33795166015625,114.48414902344938,115.07524535908024,20686000,113.07235260009766,110.90752757679333,110.02345371246338,106.4628377532959,68.17575132253644,0.9576689458665898,0.005576722286736212
2017-01-12,115.15969848632812,115.23475948439689,114.09010431758597,114.92513823602133,19622500,113.19597473144532,110.96761821400035,110.09935983022054,106.52975254058838,66.59471990068698,1.0139626099241486,0.005002023392807168
2017-01-13,115.5537338256836,115.75076352355015,115.21596658413839,115.21596658413839,16930800,113.35099143981934,111.04133703058416,110.17847169240316,106.599381980896,68.34243508845996,0.9992170248260247,0.00496941800508754
2017-01-17,115.20660400390625,115.43177982153738,114.86883669835449,115.25351175521556,14538500,113.47976455688476,111.12252155650745,110.25367984771728,106.66187805175781,65.11060366259208,1.0186505122433493,0.005064152645745958
2017-01-18,115.44115447998047,115.55374595838683,115.08462553567472,115.37547790712917,12499700,113.64114303588867,111.21715504039418,110.32469952901205,106.72750118255615,66.27121814132445,0.9636970475266285,0.004935834699265559
2017-01-19,115.3848648071289,116.01348446914342,115.14092017776144,115.61004061058595,12710700,113.77671852111817,111.32335135719993,110.3921396891276,106.79777534484863,65.70630888749557,0.9328692024250854,0.004911868244658749
2017-01-20,115.63819885253906,116.18238032981564,115.32857761634268,115.89152076329306,22091000,113.90338096618652,111.43602530739524,110.45974686940511,106.86098682403565,67.06692477785265,0.9402416547813104,0.004879303193671952
2017-01-23,115.73200225830078,115.90088589010293,115.00017557322792,115.56311862649864,17434200,114.0389560699463,111.56537170410157,110.5233922958374,106.93206604003906,67.57984070281317,0.8832770959782559,0.0048603432251481575
2017-01-24,116.51074981689453,116.68901787021132,115.76015426860138,115.95718398943116,17640900,114.22941932678222,111.7246957952326,110.60037027994791,107.00741123199462,71.54239333837722,0.8504421597002018,0.004913527069115954
2017-01-25,117.68356323242188,117.71170931574875,117.1393817607343,117.24258883840643,15036200,114.47476959228516,111.92456304376776,110.68416684468588,107.09048179626465,76.25036418077514,0.8779199969752278,0.005250009271058401
2017-01-26,117.80550384521484,118.04944843947281,117.59908973916646,117.84303433342443,16052200,114.69713172912597,112.1334507335316,110.76641330718994,107.16992763519288,76.68230587232362,0.8531239470585449,0.00520622269812014
2017-01-27,118.03070068359375,118.14328500328111,117.6460185027698,118.05884676351559,15053000,114.97485160827637,112.30050936612216,110.84190495808919,107.24398483276367,77.49629896387427,0.7840962908135377,0.004678246570381104
2017-01-30,117.11122131347656,117.6366338930297,116.46383284352035,117.6366338930297,25006700,115.21457214355469,112.43792391690342,110.9107453028361,107.31339817047119,67.18379694445912,0.8544678611684192,0.005147121442600248
2017-01-31,116.87667846679688,116.90482455085296,116.20114381660841,116.69841039016086,19091100,115.5002655029297,112.56188992587003,110.97553164164225,107.38294166564941,64.81449657439191,0.8611682526281642,0.00437437475926599
2017-02-01,117.68356323242188,117.91812347109304,117.14876617458005,117.70232490190298,22861900,115.77657814025879,112.73284204656427,111.04937477111817,107.45377410888672,68.88045408685397,0.8745712788845422,0.004238123298052905
2017-02-02,117.58037567138672,117.93690471638978,117.14878561957934,117.4771685765837,15101400,116.01723861694336,112.9010679765181,111.11846987406413,107.52725482940674,67.80141215620174,0.841733547044553,0.004236402552786575
2017-02-03,117.91815185546875,118.04012063198142,117.58976887392532,117.70235323433327,16957200,116.24288673400879,113.09533552689986,111.18975785573323,107.60200569152832,69.48649323693671,0.8323535415711731,0.004158369930137316
2017-02-06,118.0588607788086,118.07762244824725,117.6085019719664,117.72109346322955,11630100,116.42584342956543,113.26511785333807,111.25833053588867,107.67741359710693,70.18645591128161,0.8169409236391546,0.003838262894196242
2017-02-07,118.49043273925781,118.73437735412631,118.19019596642326,118.3027802823554,17541100,116.61161613464355,113.43101071444424,111.3355536142985,107.76275024414062,72.28632914863825,0.8316835059681266,0.0038479074723622156
2017-02-08,118.68749237060547,118.85637604528735,118.10578034487654,118.33096334992645,12569100,116.79457511901856,113.58602891401812,111.41278616587321,107.84907218933105,73.2140465674672,0.8229714637559005,0.0038453200461710494
2017-02-09,119.11907196044922,119.38177828512168,118.74377414311262,118.80945072428074,17542700,116.9836311340332,113.75637817382812,111.49338181813557,107.94001838684082,75.1741278696553,0.8115774066875616,0.003865515306045376
2017-02-10,119.51313018798828,119.68201384609948,119.1753628717659,119.38177702703629,13915700,117.20130271911621,113.91314156272195,111.57749468485514,108.0369831085205,76.8405298769251,0.7874510901715084,0.0038081728025809998
2017-02-13,120.18865966796875,120.33876732480951,119.83212356058081,119.87903130856733,19120200,117.43304901123047,114.07606381503018,111.66653683980306,108.14337493896484,79.39403542024414,0.778066913379415,0.003888026658385539
2017-02-14,120.59210968017578,120.60148693588266,119.85089846133573,120.23557353342132,16333500,117.70232429504395,114.25448650013317,111.75730826059977,108.25438968658447,80.7585438752656,0.7458975545003231,0.0037155988246483054
2017-02-15,121.30516052246094,121.36146700265323,120.44198060630688,120.50766434165452,17891400,117.99552459716797,114.4394101229581,111.85993175506592,108.36431644439698,82.91223752854965,0.7794066756460367,0.0038015929065701895
2017-02-16,121.26764678955078,121.62418294357175,120.95802554786223,121.38023112601162,15098300,118.28966369628907,114.62824401855468,111.96372006734212,108.47866245269775,82.38975272802374,0.7914703110173379,0.0037944494997349896
2017-02-17,121.79303741455078,121.80242898517096,121.07058798130997,121.08935680613169,15563700,118.59740562438965,114.8196567882191,112.07056452433268,108.5987995147705,83.91825123566059,0.731825537002166,0.0038155639941383638
2017-02-21,122.39354705810547,122.46860806311118,121.96196417485122,122.02763360646692,18479600,118.93048286437988,115.04648035222834,112.18116906483968,108.7220789718628,85.47053636719392,0.715075047837326,0.0038249156016992147
2017-02-22,122.44044494628906,122.52488319651792,122.0745315455432,122.28094570149429,12110900,119.2269676208496,115.308684054288,112.29511934916178,108.84298686981201,85.58753865775827,0.6728540940286517,0.0037450065368157563
2017-02-23,121.98069763183594,122.62808616138456,121.49282265815266,122.62808616138456,17489000,119.44182434082032,115.55861705433239,112.40617167154947,108.96020004272461,78.88143614018364,0.6976501230587563,0.0035435306882070678
2017-02-24,122.21527099609375,122.21527099609375,121.38962862768315,121.42715196952922,18624500,119.66231269836426,115.79750657515092,112.516845703125,109.07183883666993,79.75312564661027,0.7237856521884629,0.0035390054916156466
2017-02-27,122.36537170410156,122.3747489588259,121.78366694996485,121.99008108525584,12008700,119.87904624938965,116.03436320911754,112.62581577301026,109.18874183654785,80.31309418596899,0.7324971902299059,0.0035416280653881504
2017-02-28,121.9900894165039,122.39352614349458,121.65232210990733,122.33723397846522,16598600,120.12298965454102,116.239223688299,112.72598183949789,109.30595542907714,74.74689424703658,0.7371891515348727,0.002980781921731743
2017-03-01,123.32241821289062,123.54758692485711,122.53429908816052,122.76885937407475,25813800,120.44527664184571,116.46473638361151,112.83670667012532,109.43164558410645,80.03672969048816,0.7948249949593296,0.0034245281591831
2017-03-02,122.70313262939453,123.31298343252243,122.5530106630675,123.29422892404557,19951400,120.69625511169434,116.66317166415128,112.94763609568278,109.54809696197509,72.44089648263605,0.8001908260526805,0.0036814109290347606
2017-03-03,122.92831420898438,122.96583754193863,122.29030301741373,122.61869302554226,13722700,120.96365203857422,116.87488555908203,113.08338165283203,109.67190944671631,73.42838183494553,0.8082331574008685,0.0036154635727845604
2017-03-06,122.65623474121094,122.86264889444135,122.16835975759422,122.5248815815571,12026200,121.20055618286133,117.05613972056996,113.20091876983642,109.79259338378907,70.1573386785729,0.8035415370129348,0.0037446334402881985
2017-03-07,122.44984436035156,122.98464867475363,122.23405290968816,122.41232101448884,15500900,121.42010536193848,117.23789326060901,113.32482318878174,109.91480480194092,67.69385368434351,0.8035420577642591,0.00383059971076567
2017-03-08,122.66563415527344,123.05030208686706,122.40292781917076,122.5248894146617,15776000,121.62886543273926,117.42033857865768,113.44624888102213,110.03269729614257,68.92256025624113,0.7841054771463993,0.003806547098226388
2017-03-09,122.75944519042969,122.92833600972213,122.10267937411699,122.63748359938515,20855300,121.83246307373047,117.6120814930309,113.5544595082601,110.15171016693115,69.46624967984066,0.7954982799960868,0.00381279552512493
2017-03-10,123.27547454833984,123.47251144179123,122.74068466569244,123.32238945786831,21922600,122.040283203125,117.80484730113636,113.66740678151449,110.26339176177979,72.33349658144971,0.7954972637273576,0.003830069442205679
2017-03-13,123.48189544677734,123.51004153074885,123.16289695081963,123.22856637461274,10731600,122.23872146606445,117.9935190374201,113.78604990641276,110.3724760055542,73.4091708000682,0.772038258825131,0.0038118693114747803
2017-03-14,123.1816177368164,123.24730145904721,122.68435130090424,123.20038655979909,14019700,122.38836936950683,118.17826662930575,113.90047588348389,110.47856967926026,69.19460504591633,0.7968377227464438,0.003792760967788245
2017-03-15,123.94160461425781,124.23245694630467,123.04088722546435,123.4349466091811,22709100,122.55584411621093,118.38263244628907,114.01227010091146,110.58581089019775,73.3628891751338,0.8008595954327598,0.003925323109316519
2017-03-16,123.85717010498047,124.17618287613425,123.57570930163784,124.17618287613425,18457300,122.68344459533691,118.58409812233664,114.11603285471598,110.6916529083252,72.19411421331628,0.7847761101531745,0.0037992859956812956
2017-03-17,123.81397247314453,124.14303129318752,123.74815210141513,124.01140489593006,21234500,122.81076087951661,118.77420196533203,114.2253600438436,110.7972322845459,71.56593227608278,0.7707616232182701,0.003800039430224827
2017-03-20,123.9267807006836,124.20884134170743,123.59772190798925,123.77634644597754,10105200,122.91744804382324,118.98239246715198,114.34334526062011,110.90230564117432,72.24511801387828,0.7614698660847645,0.0037204997509277674
2017-03-21,122.04637145996094,124.50967092309524,121.97115434745794,124.39685242743941,35841900,122.90008926391602,119.15929357355292,114.43661727905274,111.0003964996338,50.56380440487054,0.831542656605057,0.005046690281449799
2017-03-22,122.87370300292969,122.99593256189534,121.9240998377824,122.08394511313398,29177900,122.92175216674805,119.37221887761896,114.53522472381592,111.10076271057129,56.718310186458375,0.8531444547686148,0.005278229797755909
2017-03-23,122.56351470947266,123.05241890553242,122.35667117830127,122.71394897690664,20311700,122.95089302062988,119.56142259077592,114.6379514058431,111.2008810043335,54.00373161433424,0.8545882549619189,0.005236839731610803
2017-03-24,122.81732940673828,123.43784544520842,122.34723323887502,122.95835251861864,22967600,122.9809959411621,119.74415283203125,114.73593304951986,111.30138404846191,55.865120534621276,0.8782066660292936,0.0052394272899193356
2017-03-27,123.01475524902344,123.2310098040501,121.6608760618816,121.9429366169021,18472400,123.0134651184082,119.91887220902876,114.83688500722249,111.40371200561523,57.31219301911212,0.936745092965225,0.005243805476620456
2017-03-28,123.76691436767578,124.13358879251523,122.7421081990471,123.01475765497548,23721900,123.1023063659668,120.08918470902877,114.9455083211263,111.51561725616455,62.373807076162805,0.9898955448060696,0.0053366496687323245
2017-03-29,124.34044647216797,124.3874589620019,123.71991603723454,123.85154240105093,13710000,123.15320777893066,120.26310230601918,115.05563666025797,111.634624710083,65.71234041222768,0.9786017083176566,0.0048698751455608
2017-03-30,124.54728698730469,124.67891334798948,124.1806125292401,124.29343102519924,16092400,123.24541549682617,120.43617456609553,115.16795667012532,111.75466636657715,66.85456555511026,0.9619212827926995,0.0047031064807056214
2017-03-31,124.46268463134766,124.80115449673967,124.22763651221985,124.36865964521706,19841400,123.32213401794434,120.60207880193536,115.28159847259522,111.87572750091553,65.8877358454562,0.9780908116920283,0.0047063668131347375
2017-04-03,124.38745880126953,124.86695176608157,123.69171125274039,124.56609765468902,23700300,123.40869522094727,120.76985626220703,115.38876667022706,111.99492347717285,64.98778279878462,1.0050691236540337,0.004668790873379378
2017-04-04,124.58489990234375,124.60370776881028,123.98317729120292,124.0301897842699,13400000,123.51544799804688,120.93405928178267,115.51083259582519,112.12099948883056,66.28926648660052,0.9642806062802508,0.004637690521159321
2017-04-05,124.07719421386719,125.49687959655674,123.84214611000613,124.76353066020609,32011200,123.58602600097656,121.0953427401456,115.62944736480713,112.2414107131958,60.10240859891392,1.0395848857126941,0.004760958473061877
2017-04-06,124.14301300048828,124.47208611824308,123.82335098942313,124.19943660202851,18832200,123.65520439147949,121.25355834960938,115.75188496907552,112.36056484222412,60.6155933692224,1.0577174526446629,0.004760776091090854
2017-04-07,124.07719421386719,124.45326544156576,123.63530263091259,124.10539883863468,16743100,123.69529037475586,121.41160070245917,115.87268282572428,112.48060291290284,59.78741940559072,1.0724919795685912,0.004687804061085111
2017-04-10,124.12420654296875,124.64131524003224,123.7857366999997,124.1994236576505,15619300,123.72740592956544,121.56589175137607,115.99636694590251,112.59373767852783,60.205639905563395,0.9522821198825367,0.004677255037311947
2017-04-11,123.58830261230469,124.1994363517321,122.69512259674066,124.01138637270878,33778400,123.74774017333985,121.70873357599432,116.10747763315837,112.72509517669678,53.389213449279616,0.9831736220881443,0.004752976031533104
2017-04-12,123.0899887084961,123.67290341244721,122.95836234482333,123.5694816734045,15955200,123.70515937805176,121.82835610129617,116.21451352437337,112.8636190032959,47.9525547221207,0.9845160035447681,0.004621441775513839
2017-04-13,122.60108947753906,123.6447036686399,122.58229595784228,122.92076581296142,23683000,123.6423553466797,121.9177656693892,116.3185666402181,112.9892472076416,43.29442520120958,0.9825013967207842,0.004692467386818487
2017-04-17,123.61648559570312,123.6352934595522,122.90194457760192,122.94895706412626,13325500,123.63248100280762,122.02341988303445,116.42765153249105,113.11132080078124,53.4157956518568,0.9442206995668292,0.005087274531928108
2017-04-18,123.42849731445312,123.78577513357128,123.11823199988244,123.20284590034657,12841100,123.6075668334961,122.12156163995917,116.52409973144532,113.22671577453613,51.58020193073653,0.8925108810111654,0.005091714238735488
2017-04-19,123.62593078613281,124.37807339311178,123.4566886572221,123.9644006977536,17764800,123.6865447998047,122.24001090309837,116.6251558303833,113.34057842254639,53.391727853920855,0.9126561062891148,0.003679124608999292
2017-04-20,124.66011047363281,124.93277431137912,123.93617263398458,124.12420825017635,21977900,123.77586517333984,122.38152784867721,116.74114462534587,113.46269130706787,61.51410381629293,0.9704091567531806,0.0038321590092306565
2017-04-21,124.63188934326172,124.81992493455157,124.31222740344938,124.77292679637613,22454900,123.8792839050293,122.50786105069247,116.86110776265463,113.58055725097657,61.200674670198275,0.9657076957947776,0.0037633102526002378
2017-04-24,126.13619995117188,126.25841519237515,125.7977301559249,126.01397036377288,22469900,124.04522743225098,122.66342149214312,116.99937553405762,113.70445178985595,69.9809700871811,0.997942362635653,0.004522519958806912
2017-04-25,127.0482177734375,127.27385479303811,126.4370840375546,126.54991689355401,19384400,124.24690055847168,122.82942269065164,117.14610125223795,113.82506805419922,73.84538520968704,1.0348798172255727,0.00471064147538634
2017-04-26,126.86955261230469,127.40545476900598,126.79433550595789,127.09518958514897,25398500,124.40203247070312,122.9896170876243,117.29819793701172,113.94185157775878,71.89287110083161,0.9603359441182501,0.004632935071063819
2017-04-27,127.63111877441406,127.63111877441406,127.1046133238486,127.17983043767188,16136500,124.56656608581542,123.15581137917259,117.46389122009278,114.05983028411865,74.93508348630817,0.9683953036389232,0.0046952630018446415
2017-04-28,127.85680389404297,128.1858627144808,127.64996036293286,128.13885021264645,22771900,124.73204193115234,123.32252613414417,117.64027404785156,114.18019710540771,75.77197847044805,0.9495939557398927,0.004695727922980562
2017-05-01,128.99436950683594,129.16361156618441,128.22341934769992,128.27982858541782,24815500,124.95862617492676,123.50207699862393,117.82925478617351,114.30270572662353,79.4893961693974,0.981824608033386,0.004961585879010494
2017-05-02,129.21066284179688,129.26708644891536,128.82519477679128,129.15425358087901,18345100,125.19978637695313,123.67839577414773,117.9989896774292,114.42713577270507,80.11416395844299,0.9059373164000034,0.004929486181462057
2017-05-03,128.796875,128.96610263146155,128.44899429168268,128.91909017399297,23827600,125.41038513183594,123.83490878018466,118.15935179392497,114.54604423522949,75.38336003917595,0.9093035651493112,0.005060865123060621
2017-05-04,128.84400939941406,129.21068400162827,128.39272089196652,128.77820336630023,14630100,125.64872589111329,123.98494332053444,118.31589730580647,114.66710136413575,75.56039731555191,0.8918432364967482,0.004889780216315362
2017-05-05,129.31402587890625,129.31402587890625,128.6935099443941,129.17300279065216,19330700,125.90727653503419,124.130559054288,118.49117088317871,114.78439643859863,77.31258548127063,0.862294090246678,0.004893578928491167
2017-05-08,129.59617614746094,129.59617614746094,129.116682969152,129.37993581365936,13279900,126.18322563171387,124.28198686079546,118.6684061050415,114.90431526184082,78.31754180053414,0.8488619505766845,0.004855633360360446
2017-05-09,130.0474090576172,130.33886638247697,129.68072027914621,129.79355311336664,28426100,126.4793857574463,124.43206634521485,118.85852254231771,115.02429748535157,79.85444461680879,0.8340843903164971,0.004844295514091901
2017-05-10,130.12261962890625,130.16963211713679,129.6619345443596,130.12261962890625,20499400,126.80610160827636,124.57259493741122,119.03687076568603,115.14460903167725,80.10754285595837,0.7770025365687019,0.004607855233178314
2017-05-11,130.01918029785156,130.05679602182437,129.1636162511063,129.76533871891382,27232100,127.15256118774414,124.71039012562144,119.20897789001465,115.26379680633545,78.64412727233886,0.809238668475685,0.0044158820070670304
2017-05-12,130.31065368652344,130.33885830678193,129.9627727930097,130.0756056202391,19738600,127.53803939819336,124.86184387207031,119.37688757578532,115.38075611114502,79.76582944530352,0.7199215016655997,0.004127113833488048
2017-05-15,130.724365234375,130.7995823595707,130.24487220072714,130.3671018224451,20481300,127.89343338012695,125.0165546764027,119.55167509714762,115.49791770935059,81.26962926201858,0.6782825957354086,0.003940925314123377
2017-05-16,131.26968383789062,131.2884917064853,130.67737226606098,131.06284032195,21786000,128.28549270629884,125.1784512606534,119.72149626413982,115.61663944244384,83.05706568034797,0.6782826084051388,0.003815507855559722
2017-05-17,127.93196105957031,130.47047716048036,127.91315319841249,130.22601800401256,55642200,128.50079421997071,125.28648529052734,119.8606964747111,115.71582649230957,50.985709370278336,0.8636372139314789,0.007437870684033833
2017-05-18,129.05079650878906,129.48329130115184,127.74392971904918,127.88496717895293,41319900,128.7203285217285,125.39063762318004,120.01296259562174,115.82471351623535,56.982108126991754,0.9482527597911873,0.0074561567930025285
2017-05-19,129.59617614746094,130.14148970999875,129.4269483243651,129.511562235913,36730100,128.9685428619385,125.51596568714488,120.16681105295817,115.93455451965332,59.578091932999214,0.9328160118674903,0.0074602292336857536
2017-05-22,130.6866912841797,130.75251161200563,129.84052420139193,129.88752232561987,19509700,129.19606742858886,125.65702708851208,120.33185195922852,116.04830833435058,64.226760532345,0.9838477113261054,0.007241639611715898
2017-05-23,130.81838989257812,131.08164265698937,130.4799200031637,131.07224589618886,19687500,129.3845760345459,125.80542990944602,120.4947940826416,116.15754177093505,64.75393765220016,0.972423004448354,0.007128787230963387
2017-05-24,131.42007446289062,131.48589480801957,130.8465566038628,131.21323101562186,15891900,129.6121021270752,125.96852500221947,120.67397594451904,116.27039024353027,67.13670561611153,0.9616759905754749,0.007126958502436231
2017-05-25,132.5389404296875,132.87741031006533,131.63634929994677,131.9184099246282,23928600,129.85749320983888,126.14803966175427,120.87830677032471,116.38757335662842,71.05532988822796,1.0214488414799427,0.007226532643003765
2017-05-26,132.77401733398438,132.8304266019058,132.38853487491804,132.56717378747084,13851600,130.10335388183594,126.33012279163708,121.08280372619629,116.50733150482178,71.81573635594522,1.0187630235284308,0.007226527049776894
2017-05-30,132.8867645263672,133.0465954817363,132.62351185326577,132.70812570972092,20306400,130.2979736328125,126.5048735185103,121.28122386932372,116.62532051086426,72.19305728624055,0.9959339802037519,0.007038830694580265
2017-05-31,132.83973693847656,133.3568454683277,132.16281181762693,133.3568454683277,33229400,130.47942733764648,126.67501609108665,121.4770695368449,116.74270122528077,71.76151095452789,1.0449579857697222,0.00705095438098095
2017-06-01,133.3568572998047,133.41326653603073,132.54829143944474,133.11241249409377,20120700,130.70742645263672,126.86002044677734,121.66568698883057,116.860334815979,73.62829396258766,1.0382416799687257,0.006984865436751471
2017-06-02,134.8800048828125,134.90820950646147,133.6107394338209,133.82697966386195,37222900,131.00922622680665,127.05890045166015,121.86536019643148,116.98861652374268,78.19970075976128,1.1221893008890507,0.007298770582210346
2017-06-05,134.85182189941406,135.08687005667824,134.66378624284295,134.87062976893148,15727500,131.28611602783204,127.25880321155896,122.05754877726237,117.11577770233154,77.93051699454185,1.1127874191027456,0.007312703322273006
2017-06-06,134.31588745117188,135.13385025212372,134.11844073394337,134.69195867441013,22393000,131.52210159301757,127.44974712025035,122.24948075612386,117.24011917114258,72.7986378831888,1.141665281799605,0.007438639029271307
2017-06-07,134.84239196777344,134.9552104647236,134.0714416616182,134.69195774104156,18842400,131.7618507385254,127.64821277965198,122.43410689036051,117.36723320007324,74.57031643470077,0.9650394363444091,0.007444442699931499
2017-06-08,134.98341369628906,135.19965390562942,134.25005051302963,135.14324466373156,25417400,132.00489044189453,127.88343172940341,122.62185700734456,117.49463226318359,75.03925975290028,0.9086281370942036,0.0074410104450168876
2017-06-09,131.6081085205078,135.2936604576783,129.84995358532223,135.14324059920662,109783700,132.08433685302734,128.04223910245028,122.77999839782714,117.60417510986328,50.862850945707805,1.2195576850332313,0.009562785486206758
2017-06-12,130.90296936035156,131.1380174343609,129.24823608395627,130.49869355922954,104454000,132.11395263671875,128.19386555064807,122.9357432683309,117.71373825073242,47.42522128748832,1.3055246116051487,0.009646885962971492
2017-06-13,131.96539306640625,132.1534286589689,130.94998365113256,131.6363200197745,51193000,132.1760040283203,128.36019398082385,123.09651025136311,117.82949996948243,52.6210133034732,1.351862943375981,0.009787408405753265
2017-06-14,131.39190673828125,132.5013270431693,130.32948458317355,132.5013270431693,60093800,132.18211517333984,128.5125058260831,123.24890155792237,117.94160099029541,49.76221193748647,1.459315625129861,0.009805379289485355
2017-06-15,130.80892944335938,130.94995251770402,129.26701499702287,130.0661696619637,55145200,132.3259635925293,128.6405424638228,123.39713846842447,118.05004062652588,46.96872405568231,1.5069981889929807,0.007860717364144997
2017-06-16,130.24142456054688,130.83536402520645,129.76062532766284,130.7410828962736,48087400,132.3854949951172,128.7478329745206,123.54330463409424,118.15741569519042,44.35822284628303,1.552201544032684,0.0077381232612299625
2017-06-19,132.41917419433594,132.54172237776356,131.30671748944005,131.5047020707893,39626500,132.52664489746093,128.8909581964666,123.70699310302734,118.27623947143555,54.751302367522186,1.6862882718002672,0.008520625542898655
2017-06-20,131.38217163085938,132.45691039961582,131.33503106326938,132.28722161862973,40935100,132.56141891479493,129.0167670510032,123.85719235738118,118.38847839355469,49.96534614206481,1.68113439220353,0.008562149892848316
2017-06-21,132.6831817626953,132.74916705171682,131.59900620619143,131.68385060005426,35743400,132.65465850830077,129.16759837757456,124.02558301289876,118.50544948577881,55.250394996189215,1.7169929867943483,0.008827712343261898
2017-06-22,132.6454620361328,133.13569805942652,132.30607007928054,132.89058724042064,24099100,132.7159278869629,129.31415405273438,124.19498844146729,118.61882598876953,55.06877816759621,1.66544125632929,0.008782918833232855
2017-06-23,133.15457153320312,133.3242603373,132.12695880679942,132.49463226762606,21654300,132.74670944213867,129.4791972767223,124.37825311024984,118.73442165374756,57.11770327474802,1.7207425218053811,0.00861911534687255
2017-06-26,132.53236389160156,134.1444652347805,132.24011244256238,133.91821347309082,34411100,132.73462677001953,129.631730929288,124.54804522196451,118.85012546539306,53.88367446351572,1.7842384699509373,0.008680135255725087
2017-06-27,130.12835693359375,132.19299086752883,130.11893457059713,132.0327243848641,65957800,132.59670639038086,129.74175206964665,124.69272181193034,118.96757301330567,43.609645836737506,1.8934999355151538,0.009568950636639054
2017-06-28,132.00439453125,132.11752038689716,129.85491696226333,130.6091085136201,57427200,132.55493927001953,129.88502821488814,124.84771518707275,119.0848360824585,51.39772978720685,1.9872856520890139,0.010172766067991433
2017-06-29,129.7135009765625,131.45760138285735,128.45021424853095,131.45760138285735,88769400,132.3727714538574,129.99639545787466,124.97532997131347,119.19549701690674,43.497524149175376,1.8523194671149403,0.010805388416135318
2017-06-30,129.76063537597656,130.73167066100066,129.33639903348828,130.08116822272046,68898300,132.11680297851564,130.11767994273794,125.10021044413249,119.30382743835449,43.68930405655255,1.7834194093264293,0.010393717245168127
2017-07-03,128.3936309814453,130.50539010031397,128.30878659940794,130.354560438452,32797000,131.79389343261718,130.2229988791726,125.21158809661866,119.39692474365235,39.50167892710667,1.851001138061337,0.010561382520606509
2017-07-05,129.6569366455078,130.00575096888545,128.36536846627087,128.79902718420811,42116600,131.560945892334,130.33282526189632,125.33091297149659,119.49660041809082,44.77020703938773,1.8130397125341102,0.010899127484065444
2017-07-06,128.4878692626953,129.21379349165883,128.02592925039966,128.66699473084137,48430500,131.24321975708008,130.42481384277343,125.44198106129964,119.59281616210937,41.194961568323286,1.7777622592376656,0.010931441193417194
2017-07-07,129.8737335205078,130.2225621419188,128.91213518544913,128.92155754294942,36970400,130.98773574829102,130.5384102561257,125.56131439208984,119.69493232727051,46.63542222283302,1.8249018436433704,0.011301566592575994
2017-07-10,130.7222900390625,131.03340062562842,129.6286918048222,129.9586615017126,24853500,130.94344482421874,130.64863170276988,125.69061177571615,119.79591228485107,49.703748356577684,1.7609312010426217,0.01003210587930157
2017-07-11,131.08993530273438,131.25020174271663,130.04347787732303,130.53371394304017,31517700,130.9527931213379,130.76605072021485,125.82101828257242,119.89433376312256,51.0178211563653,1.7669915245459902,0.00998108804682349
2017-07-12,132.6454620361328,132.79630610257425,131.94783340308453,132.2118033267161,36045800,130.9867965698242,130.8844009399414,125.96485659281413,120.00408752441406,56.228651349679645,1.7912326230447349,0.010172614725772668
2017-07-13,132.93765258789062,133.25819967870743,132.55113462427906,132.805667686475,31073600,131.0640838623047,130.99148157293146,126.1090187072754,120.11993301391601,57.150766695060526,1.7824781283506204,0.01012025518966405
2017-07-14,133.9842071533203,134.15391037048425,133.10745275137847,133.53168921635955,34544800,131.22284774780275,131.12083892822267,126.26112041473388,120.23558540344239,60.371010210765675,1.7838321463572677,0.01016983634153762
2017-07-17,134.0501708984375,134.5215478187441,133.79562333359297,134.12559293192038,25343200,131.41328506469728,131.23754896684127,126.40728225708008,120.35063220977783,60.57214026625056,1.6996586958524813,0.010087175318951902
2017-07-18,134.9458465576172,134.974128035088,133.53171514292148,133.95595169027246,25748500,131.53961868286132,131.36644065163352,126.55113461812337,120.47417987823486,63.2961330004591,1.6303003795069162,0.009523430852327576
2017-07-19,135.73770141601562,135.9356860629676,135.285183575489,135.34174650739448,33752300,131.75739517211915,131.4890466863459,126.70056959788005,120.5975707244873,65.56144076263001,1.5393886709866718,0.00934668991635386
2017-07-20,135.9168243408203,136.1713719147777,135.30404007659675,136.08652751855274,36139400,131.9190773010254,131.61097689541904,126.84962062835693,120.72265224456787,66.07155751226037,1.3474709249482362,0.009143822189045239
2017-07-21,135.86026000976562,135.86026000976562,135.14377225133515,135.4171645425587,39697100,132.07981719970704,131.73940207741478,127.00586261749268,120.8482929611206,65.74040113253284,1.3030266722320059,0.00914503021744617
2017-07-24,136.4824981689453,136.57676493609011,135.68115152915158,135.84141798005348,26712700,132.24621353149413,131.87828369140624,127.16924444834392,120.9750802230835,67.6606125182725,1.2100988083771844,0.009157627835351274
2017-07-25,136.13363647460938,136.4541836841385,135.76596308555244,136.02993298614302,28120900,132.42627716064453,132.0022766113281,127.32299505869547,121.10040397644043,65.44583499231096,1.1441097070042048,0.009097302546663404
2017-07-26,136.57667541503906,136.65209741048903,136.25614272333277,136.4729719694547,18610600,132.7486930847168,132.12919477982953,127.48129755655924,121.22915901184082,66.92647005625864,1.064642102773598,0.007854124430379092
2017-07-27,135.71881103515625,137.60431818583191,134.15383664762874,137.47233326069573,80665900,132.9344139099121,132.23231117942117,127.62963638305663,121.35011669158935,61.43689990335156,1.1871984355578624,0.00755223403096759
2017-07-28,135.6056671142578,135.83193314484882,134.6911950203758,134.90803869417127,38013200,133.22902221679686,132.3320029518821,127.77585976918539,121.47846008300782,60.72938341642441,1.1683433858197776,0.006167727090448519
2017-07-31,135.03060913085938,136.1619106997329,134.73835778397236,135.99222193777783,33848600,133.492520904541,132.42311983975497,127.91369457244873,121.60439601898193,57.12837420880855,1.1838311751317028,0.006325425600811053
2017-08-01,135.34173583984375,135.5302837264284,134.92692185818856,135.4925799032241,20149400,133.83992614746094,132.51459406072442,128.05247993469237,121.73385219573974,58.56008263918135,1.1050448228745569,0.005594374089722835
2017-08-02,135.70936584472656,136.2467422541501,134.44607958488191,136.21846079947275,41769700,134.14254760742188,132.60523043545808,128.19073238372803,121.8644917678833,60.249308252474115,1.1831589382202574,0.005333476453315226
2017-08-03,135.1814422607422,135.9167889403976,134.93633149594996,135.84136692385874,27112800,134.47722625732422,132.67635331587357,128.32130165100097,121.99398841857911,56.676446691059915,1.166316056924115,0.004863607230864115
2017-08-04,135.42657470703125,135.72826282148628,134.87035342944597,135.48315201745237,29472900,134.7548683166504,132.8126190185547,128.4482842763265,122.11984619140625,57.92415031838442,1.1757435502733427,0.004461471110260388
2017-08-07,136.2845001220703,136.2845001220703,135.48316794623832,135.6717158472998,17933900,135.0329788208008,132.94414090243254,128.57905419667563,122.25004028320312,62.04416989748301,1.133994444764239,0.004451298684472612
2017-08-08,136.04885864257812,137.14245698587456,135.66232596145457,136.02057716691422,30810400,135.28092498779296,133.06146240234375,128.70191834767658,122.37971099853516,60.29772767786846,1.1690152675549237,0.004527953052656354
2017-08-09,135.86961364746094,135.93561328953948,134.61574991544458,134.92686025965392,36169500,135.44213256835937,133.1556973544034,128.82360140482584,122.50642757415771,58.93868325376498,1.2094279024801093,0.003913800154250733
2017-08-10,132.95657348632812,135.19089549361752,132.82458852356172,135.09662874037411,63331700,135.44307861328124,133.19457341974433,128.91663087209065,122.61193687438964,42.26593190196098,1.3717116906525422,0.006386942185515549
2017-08-11,133.96534729003906,134.257598724327,132.83403099755336,133.135719178292,45862500,135.4421356201172,133.24085110751065,129.0130625406901,122.72426761627197,47.77544935522639,1.4094227134979076,0.006368790538241535
2017-08-14,135.69053649902344,135.8979434689862,134.99290795031249,135.0306117697238,34161000,135.52415390014647,133.29815285422586,129.12347997029622,122.84901302337647,55.58213517817644,1.4962842203232125,0.006989800621796916
2017-08-15,135.78485107421875,136.03939867011016,135.41717760694618,136.02996192397256,25509200,135.56610412597655,133.35289528586648,129.23851458231607,122.9767557144165,55.96963458580394,1.503695657986378,0.0068437395676171
2017-08-16,136.02047729492188,136.66155717160026,135.56795963126942,136.12418075797527,31913000,135.5802429199219,133.40987188165838,129.35355796813965,123.10913776397705,56.979397329398914,1.3353468009954972,0.006729236914989015
2017-08-17,133.23936462402344,135.69995203282613,133.23936462402344,135.49254509528123,70191000,135.44636993408204,133.4171378395774,129.44417457580568,123.22812892913818,44.11858782328443,1.4525164114544558,0.008138482044369203
2017-08-18,133.14511108398438,134.05958339290717,132.59831217043296,133.3148142431532,60751900,135.31061248779298,133.41328790838068,129.53713308970134,123.35076473236084,43.75811475158432,1.455210576219717,0.008137713402419798
2017-08-21,132.97540283203125,133.42792054806236,132.15519738920628,133.1356692234323,37111500,135.13525772094727,133.37865878018465,129.61757462819418,123.47690212249756,43.07566112030807,1.5030220969780206,0.008031903419217654
2017-08-22,135.00234985351562,135.14377156366257,133.64478199368594,133.69192256373492,36294200,135.07869338989258,133.3813956520774,129.72006810506184,123.6184595489502,52.586898710098495,1.529286815718245,0.008828481286818643
2017-08-23,134.52151489257812,134.82318856738854,134.22926357516607,134.32353030498498,25702300,134.97593536376954,133.38513433283026,129.81667811075846,123.75948371887208,50.43410851634614,1.5144745895683818,0.008812345924955764
2017-08-24,134.12557983398438,134.9740524535665,133.37137395808884,134.82320840133127,38160800,134.89627380371093,133.3721013849432,129.91225598653156,123.88589923858643,48.667360765368656,1.5676723826710486,0.008732743505339894
2017-08-25,133.84275817871094,134.9834822213104,133.66363265500985,134.64410466307427,26380400,134.8081283569336,133.3513621937145,130.0071969350179,124.00734592437745,47.390295766222316,1.6006669649040117,0.008739544613795475
2017-08-28,134.2576446533203,134.56875530165516,133.8239713414717,134.24820790364132,15362100,134.76948013305665,133.39953557794743,130.10379702250162,124.12834140777588,49.484417263349314,1.5481421746014032,0.008733515208206798
2017-08-29,134.78546142578125,135.01172743168902,132.98479889011452,133.10736144147407,24498300,134.7416664123535,133.47012634277343,130.2040138244629,124.2608627319336,52.09681328279331,1.5905578756329004,0.008766086795166682
2017-08-30,136.3693389892578,136.59560509252495,134.81380088698242,134.89864528122678,33642700,134.77466506958007,133.55019808682528,130.31312936147054,124.40106967926026,58.95618679390893,1.5023520572646487,0.009147123412398263
2017-08-31,137.83058166503906,137.84001840818013,136.68042105360556,136.75584307233814,38480700,134.90712203979493,133.66726490367543,130.4327017466227,124.55405540466309,64.06812247826062,1.5057171781324103,0.009376605738666449
2017-09-01,137.64208984375,138.19831127489675,137.2744163435514,138.00976334394863,22293600,135.01789779663085,133.79150418368252,130.55320568084716,124.6986616897583,62.9784783356064,1.4336670890179977,0.009389280846656266
2017-09-05,136.4070281982422,137.52890734567404,135.37943017011415,137.23665601522288,44794300,135.02402420043944,133.90360606800425,130.6570842107137,124.83386520385743,56.23019805222791,1.5508412754802745,0.009541647635875054
2017-09-06,136.82186889648438,137.13297938876764,135.83197449108889,136.7558692229931,30722700,135.06267471313475,133.98365506258878,130.76512336730957,124.96716709136963,57.86339259422691,1.5656560867194105,0.009553440594017065
2017-09-07,137.14242553710938,137.49123991383436,136.64276706790923,137.07642585216982,22721100,135.12631530761718,134.08838695179332,130.8761938095093,125.10412990570069,59.13236151683789,1.4276103849356028,0.009555342154642162
2017-09-08,135.9545440673828,137.0292829207293,135.81312235348193,136.96328324385235,27890100,135.2762138366699,134.14786626642402,130.97642517089844,125.22944690704345,52.788107989997876,1.4181840964465482,0.008363276890424909
2017-09-11,137.51951599121094,137.75520448198097,136.98215371260287,137.01985754160117,27126300,135.45392227172852,134.2364854292436,131.1053680419922,125.36090480804444,59.025301263059276,1.4558939004281248,0.00856582960552888
2017-09-12,137.84945678710938,138.02858230425764,137.19895438705768,137.90601971141285,30256700,135.5618682861328,134.32184697931464,131.23016599019368,125.49625778198242,60.21855419517631,1.3602695565401706,0.008132809373025521
2017-09-13,138.0380096435547,138.0568687474299,137.3875072200332,137.61377331069153,28450900,135.6745262145996,134.42194962935014,131.35912011464436,125.63077602386474,60.91898360466062,1.3528606457578232,0.008133652055856148
2017-09-14,137.2271728515625,137.91537875678438,137.14232850405725,137.5005793738895,35296400,135.73486099243163,134.55101900967685,131.47920214335124,125.76250297546386,56.32616779749336,1.3023608346163797,0.008267165889178781
2017-09-15,137.69863891601562,138.19829735608272,136.97271435042845,137.19898047594853,46422400,135.95782470703125,134.6545507257635,131.60156784057617,125.8946694946289,58.295032364321585,1.2956275088559315,0.006653687329214118
2017-09-18,137.51812744140625,138.29286994219893,137.10240562386483,137.85826216332518,24858200,136.17647552490234,134.7964530251243,131.71616128285726,126.03266887664795,57.231216221196085,1.3274618201524058,0.006666385241603618
2017-09-19,137.75439453125,137.9527981330713,137.2914287657154,137.7638375162226,20871200,136.4154251098633,134.9417941006747,131.82794418334962,126.18134464263916,58.30375998951729,1.2299218791367903,0.006631057456341013
2017-09-20,137.3291778564453,137.85827315120937,136.27097285015168,137.7070989479152,34236200,136.53176651000976,135.1042585893111,131.93445994059246,126.32681861877441,55.60126715485211,1.2140044958735043,0.0058998950071563845
2017-09-21,136.48831176757812,137.24415406456242,136.00644572396777,137.2347110817188,28841800,136.63010635375977,135.22846540971236,132.03467350006105,126.46387844085693,50.60586899509705,1.2034368325560203,0.006027600188761634
2017-09-22,136.35606384277344,136.55446743757608,135.91199847966405,136.05371533309452,21702400,136.74163055419922,135.3715234929865,132.1344118754069,126.59896747589111,49.84733667480058,1.1833349773107824,0.005980026050382851
2017-09-25,134.919921875,135.89308260234054,134.25855260643394,135.81749548353744,54947700,136.79548873901368,135.46327237215908,132.22053705851238,126.7199532699585,42.41266263352913,1.171538660361043,0.006474943836847991
2017-09-26,135.2694549560547,135.86469430932434,134.79704643232043,135.60958966981391,29628800,136.8460792541504,135.54594809792258,132.3138058980306,126.84170444488525,44.579210442971835,1.1548703017414113,0.006464849615888011
2017-09-27,136.48831176757812,136.9985067597193,135.64742495793055,135.98754534151286,33249400,136.93122177124025,135.64410039728338,132.41668338775634,126.9652000427246,51.43993002930075,1.2177687987228032,0.006706323138562318
2017-09-28,136.44105529785156,136.58277211113028,135.84581584854814,136.15760725452773,24149400,136.93480758666993,135.7131111838601,132.51971556345623,127.09098506927491,51.17541424258072,1.1754583043624243,0.006176967955939077
2017-09-29,137.42372131347656,137.52765182938194,136.35608719565548,136.71510809142347,43102400,136.9144645690918,135.79467606977983,132.63054485321044,127.21466739654541,56.21719706205741,1.1305228914430177,0.0059013420484502425
2017-10-02,137.54656982421875,138.10400883689223,136.9324296364342,137.63159996172323,27351300,136.90968856811523,135.8594463001598,132.74686374664307,127.34013324737549,56.817542975670605,1.1549479831043092,0.005898071852566742
2017-10-03,137.83941650390625,138.00003373957824,137.423694521334,137.7260430238484,19715200,136.98130798339844,135.9283416748047,132.86977564493816,127.46617462158203,58.28591405074731,1.1483035324505633,0.005521331957772749
2017-10-04,137.97169494628906,138.2645860573342,137.44259946610805,137.5748733361533,26381100,137.03879928588867,135.98335710005327,132.99786402384441,127.59496517181397,58.964679538351255,1.143039636145472,0.005491178053258929
2017-10-05,139.3227996826172,139.3983723984566,138.33073839016077,138.47245525332394,31562400,137.14781799316407,136.04854070490057,133.12874997456868,127.72821239471436,65.1944269275643,1.1574035251821329,0.00586734935627834
2017-10-06,139.51171875,139.51171875,138.85034955761876,138.85034955761876,23561100,137.32567672729493,136.1139024214311,133.2627768198649,127.8602462387085,65.9723138771077,1.1196110161854997,0.005427762666407871
2017-10-09,139.35113525390625,139.84242996321518,139.17161762610198,139.69127012322738,13704800,137.4172576904297,136.17737288041548,133.3938201904297,127.9918994140625,64.6496673663421,1.120285514025308,0.0048862629907882316
2017-10-10,139.45498657226562,139.96518137817878,138.84084690917553,139.8234646034147,19223100,137.4975341796875,136.23141812411222,133.51711082458496,128.12566692352294,65.13646591170831,1.0872165260214197,0.004869479046676
2017-10-11,139.87075805664062,139.8991158413597,139.209388776525,139.3889063847212,12439100,137.58917160034179,136.29936578924006,133.64410139719647,128.26113792419434,67.09038229193045,1.0420018783326452,0.0048963304627274145
2017-10-12,139.61563110351562,140.16362676801182,139.47389988419326,139.66287484328976,14513500,137.70859451293944,136.35461952903054,133.75642999013266,128.3924247741699,64.69437884826706,1.0453774444688264,0.004690831296216783
2017-10-13,140.15419006347656,140.31480726901117,139.6250947001232,140.18253342817283,18409900,137.8313720703125,136.4352627840909,133.86564642588297,128.53081420898437,67.34551259887006,0.9454963679799724,0.004703885985512995
2017-10-16,140.63604736328125,140.67383370827392,140.20142510364988,140.50377353065718,21809400,137.98726806640624,136.52672424316407,133.98036721547444,128.67241039276124,69.54875700983685,0.9063532085366474,0.004706550624385621
2017-10-17,140.81558227539062,140.83448266053205,140.37153135034038,140.58883532077257,13138200,138.14032745361328,136.63190557306464,134.09023774464924,128.8206742477417,70.35143011285925,0.8159174590028654,0.004704692749354468
2017-10-18,140.64547729492188,140.9761690541806,140.43761637483328,140.95726867505476,17218200,138.3061424255371,136.72833723588423,134.19681002298992,128.96311508178712,68.50882197586951,0.8017457744860914,0.004634720511445207
2017-10-19,140.1258544921875,140.144754875292,139.14325082227697,139.82352044635664,27680300,138.48801956176757,136.80863702947443,134.28957239786783,129.09990852355958,63.07421935856839,0.8253644772659803,0.004461225931012934
2017-10-20,140.50381469726562,140.8155917809114,140.33374005305174,140.69277531112604,30173300,138.69540710449218,136.9054074374112,134.3836819966634,129.2354016494751,65.23451010646394,0.7909471978563991,0.004437247525091567
2017-10-23,139.58734130859375,140.80614952858903,139.38892329210714,140.79670654371665,29297100,138.92877807617188,136.9810577392578,134.47360254923504,129.36133972167968,56.58930421386008,0.8510105563019457,0.003925684931723114
2017-10-24,139.82347106933594,140.11636202856764,139.30381884323302,139.86125740543292,20289500,139.15647888183594,137.04540266557174,134.56509806315105,129.4865821838379,58.12897229842636,0.8503360273096925,0.003920203756219113
2017-10-25,139.29441833496094,140.003031364475,138.25512787506838,139.5495230622813,36179100,139.2967842102051,137.1044128417969,134.64826800028484,129.60791271209717,53.54655325345146,0.8732807442553414,0.0036957943407299842
2017-10-26,138.85035705566406,139.55897003221696,138.8125562901912,139.20937782704868,28230200,139.4172492980957,137.15860817649147,134.72538617451985,129.7254747390747,49.98476240053679,0.8793553549442359,0.003804299174457149
2017-10-27,142.89418029785156,143.1587280008324,140.96674484268425,141.18404879511095,60165100,139.69077224731444,137.339291936701,134.83244260152182,129.86414714813233,69.73057486902428,1.1391809698053177,0.007285812299739901
2017-10-30,143.2154083251953,143.79174745591712,142.657969577203,142.79024342277353,31733400,139.97421417236328,137.50747486461293,134.9415491739909,130.0024555206299,70.71948611625066,1.1398554990703786,0.007281493408817043
2017-10-31,143.75392150878906,143.96178243209815,143.26262697802704,143.6783488246452,26319300,140.26993942260742,137.65408186479047,135.0560053507487,130.1451921081543,72.35032396826003,1.1439017163609597,0.007291597404283722
2017-11-01,143.70669555664062,144.39640804556524,143.139799494905,144.33026392443094,29481600,140.556689453125,137.79811540083452,135.1676390329997,130.2865198135376,71.9717391866956,1.1843932639925083,0.007308129551814358
2017-11-02,143.43270874023438,143.60278334708093,142.45010511398695,143.54608220028703,31017400,140.76218490600587,137.93288324529473,135.2735418955485,130.42675903320313,69.6932497749397,1.2242085695038034,0.007122765644168009
2017-11-03,144.81219482421875,144.83108079578204,143.46109818528961,143.95240736460678,26199200,141.0272087097168,138.14329833984374,135.3863961537679,130.57262901306152,74.1333916362166,1.2869748845573972,0.007351195645259747
2017-11-06,145.303466796875,145.36016795298823,144.65155487765702,144.6987842159298,28693900,141.32482528686523,138.3643593528054,135.5311587015788,130.7204863357544,75.50947552376451,1.3045221534959361,0.007322370883696114
2017-11-07,145.38848876953125,145.5774493436201,144.87827936104694,145.19007079583898,21333100,141.62150039672852,138.5900518243963,135.66730613708495,130.86487503051757,75.74991872035531,1.3159948180120682,0.007324038861977669
2017-11-08,145.9742431640625,146.01202950500024,145.14279949578267,145.3128740719149,17373500,141.92667465209962,138.78954079367898,135.80379002888998,131.00632843017578,77.39641514259888,1.2707807849101158,0.007334331304745718
2017-11-09,145.208984375,145.2845714948585,143.7161711955249,144.77436204000588,40594500,142.20634231567382,138.9838584206321,135.92480913798013,131.1433458328247,70.64767195620584,1.3828046906110936,0.007470700279727946
2017-11-10,145.1995391845703,145.3129270822775,144.61375697736895,144.86886172624736,20150800,142.4586097717285,139.1852031360973,136.04465204874674,131.2791900253296,70.56588502276122,1.331514966927283,0.007470641230537402
2017-11-13,145.37901306152344,145.56798802858128,144.65151422206108,144.65151422206108,12522400,142.6957580566406,139.3949532248757,136.16097653706868,131.42052898406982,71.24703679006794,1.3389385827262532,0.007461387946457706
2017-11-14,144.84994506835938,145.02946267085645,144.15078945876272,144.86884545198237,25173800,142.89747619628906,139.58754050514915,136.26356824239096,131.56039531707765,66.37100814715117,1.3018185908229754,0.007555949589689305
2017-11-15,144.16969299316406,144.55707161241173,143.4043931560169,144.22637973417196,24808000,143.07368698120118,139.75816289728337,136.35853220621746,131.69282596588135,60.62586976909469,1.3517570315598826,0.0076598377553482415
2017-11-16,146.01202392578125,146.34271566760157,144.86880334234465,144.89714670115617,34790600,143.36799545288085,139.9334844415838,136.46790936787923,131.83498420715333,68.56273910237705,1.1992321550791079,0.007977502460009354
2017-11-17,145.45462036132812,146.15379035293043,145.31290353312326,146.04985987332424,28725800,143.61553573608398,140.07210332697088,136.573033396403,131.97266654968263,64.33715371677016,1.1783113651571833,0.00808367411311096
2017-11-20,145.3412628173828,145.69084064308782,145.1334018354043,145.55856678335326,21143900,143.90323181152343,140.21208829012784,136.67290344238282,132.10907855987548,63.48030705192406,1.1648159866415182,0.007873081899743343
2017-11-21,146.9191131591797,146.9852573005872,145.96485272676824,146.0309824514056,20147800,144.2580139160156,140.40321710759943,136.77322934468586,132.2512219619751,69.55771720215301,1.1924864103946706,0.008114085130417588
2017-11-22,147.0985870361328,147.24030384447573,146.76789526097824,147.0513432944299,17299000,144.64822235107422,140.5900665283203,136.8752857208252,132.39327743530274,70.16588676724331,1.1364734204549438,0.007985959349725763
2017-11-24,147.6371307373047,147.68437448073965,147.16472213648765,147.24976664137716,8280600,145.08756103515626,140.78087935014204,136.98629608154297,132.535867729187,71.97512415412423,1.0784316625305987,0.007863418687953205
2017-11-27,147.57102966308594,147.92060748215383,147.23089482783072,147.58993004748044,22653400,145.32140350341797,140.99208817915482,137.09236806233724,132.6761572265625,71.40276360574573,1.0770816324585906,0.004955442865951278
2017-11-28,147.948974609375,148.04346212975202,147.1080875783968,147.9017308491865,25227300,145.55808181762694,141.1817146994851,137.2004144032796,132.81495880126954,72.73768211398288,1.0939533873715948,0.004958014532118246
2017-11-29,145.3695831298828,147.81665635524033,144.67041317259472,147.77887000849617,71986300,145.63886489868165,141.3184442693537,137.31509335835776,132.93884616851807,54.157094407051524,1.2660484893403594,0.006504579019222724
2017-11-30,146.5883331298828,146.87178107716664,145.64351625011108,145.98365090349935,56595500,145.78294677734374,141.47390469637784,137.44580472310383,133.06526203155516,59.43039813281817,1.2120574878222337,0.006728477174571295
2017-12-01,145.9647979736328,146.67341079380046,143.85784547493043,145.69079294311308,59015800,145.90955123901367,141.6327706076882,137.56246643066407,133.1887477874756,55.88828496620922,1.363228574533768,0.0068021747202480125
2017-12-04,144.28305053710938,147.04191521431162,144.1413192976373,146.88129800965712,51319100,145.8830940246582,141.7524871826172,137.66989262898764,133.30119785308838,47.64086768980886,1.5049515824019193,0.007014893789662953
2017-12-05,144.37754821777344,146.02153572514942,143.70673592029632,144.25471733931857,40604200,145.83679809570313,141.87720392400567,137.78296445210773,133.4111178588867,48.104286577555655,1.5825641682656604,0.006968491234213588
2017-12-06,145.02947998046875,145.25624136070354,143.66894053260066,143.83901517196932,28647800,145.81884765625,142.00947820490057,137.90619824727375,133.5240630340576,51.30627642408338,1.5926890908199758,0.007049608617672531
2017-12-07,145.52076721191406,145.93648913810804,144.86884095645243,145.0200151872081,32666200,145.7961738586426,142.1584161931818,138.0153781890869,133.64176338195801,53.628263727003684,1.5137337699069835,0.007031272437043433
2017-12-08,146.16326904296875,146.94746932307083,145.93652206244764,146.58843404821724,28081700,145.84388809204103,142.33432450727983,138.1385540008545,133.76150337219238,56.54659282719757,1.5555777192890983,0.006993359762598965
2017-12-11,147.29702758789062,147.34427134146728,146.21993632348224,146.22939372425924,20821500,145.94876251220703,142.5332511208274,138.26033604939778,133.88616165161133,61.188268709214285,1.600117968633027,0.0071849638887970845
2017-12-12,147.0985870361328,147.53319485956163,146.78679564101256,147.2308608628415,20310300,146.0347412109375,142.7546813964844,138.38077875773112,134.01170413970948,59.980576818256985,1.5360040211576478,0.007198820149926605
2017-12-13,147.382080078125,147.85448880588987,147.16476168327856,147.69387156846224,24418500,146.16134796142578,142.97491094415838,138.4993413289388,134.13200244903564,61.15998473463746,1.5562535344619022,0.007133081010035746
2017-12-14,147.27809143066406,148.0150476016589,147.11747425665388,147.63711211860735,24594700,146.31676788330077,143.1710887562145,138.62222239176432,134.254877243042,60.4561640753964,1.5785239559189148,0.007023533890993359
2017-12-15,148.95046997070312,149.1111016290779,147.6088308789768,147.8544926505354,49816200,146.46369018554688,143.39853265935724,138.77907333374023,134.38498802185057,67.02783043843243,1.6601880662111097,0.006905054314645244
2017-12-18,150.19931030273438,150.32239807258784,149.65964555591796,149.93420929606643,26844500,146.7009246826172,143.63081609552557,138.93069763183593,134.5227033996582,70.91491557868503,1.6913704626775032,0.006993664605391199
2017-12-19,149.3092803955078,150.06671782279815,148.89268908815228,149.91522744795662,31415000,146.89932556152343,143.8446835604581,139.09399579366047,134.65700057983398,65.03083978117695,1.5505175896633472,0.007179172278811108
2017-12-20,149.1482696533203,149.85836425820068,148.56126273629764,149.8299616297584,38972600,147.01078338623046,144.05029907226563,139.25555941263835,134.7894137573242,63.99633920931523,1.535867844993291,0.006837237032040068
2017-12-21,149.1672821044922,149.83003450200516,148.9968518040353,149.3566378685075,18638700,147.11421813964844,144.25385520241477,139.42867317199708,134.92145294189453,64.06902479938117,1.3942690863575657,0.006837857089421616
2017-12-22,148.99684143066406,149.05364671122192,148.59919001984136,148.9400361501062,23330400,147.1822036743164,144.42974687056108,139.5898390452067,135.05005977630614,62.84416485509326,1.2276616697844591,0.006813464321973476
2017-12-26,148.1920623779297,148.3814181115119,147.65238336795815,148.16365974023816,21918700,147.2132553100586,144.5875713001598,139.75404065450033,135.1736106109619,57.27615168230716,1.1583515453453745,0.006937886120906001
2017-12-27,148.21099853515625,148.60866438537064,148.0689853364493,148.20153580421493,22388200,147.22635650634766,144.74865972345526,139.90685119628907,135.29875751495362,57.371856012775915,1.08352141826098,0.006916211463368767
2017-12-28,148.390869140625,148.71278975393824,148.21097615148634,148.68437267157108,25393800,147.37742080688477,144.91113031560724,140.05408935546876,135.42100383758546,58.32678539512792,1.043104662603572,0.005547998322298308
2017-12-29,147.4724884033203,148.5518319619922,147.41568312869276,148.52342932467843,33186000,147.42162857055663,145.04934359463778,140.19061063130695,135.53908042907716,51.93028027684192,1.0223508570423345,0.005489895123148197
2018-01-02,150.05723571777344,150.0951010831363,147.86066890692638,148.22991761860484,32573300,147.62625045776366,145.23919095126067,140.33570874532063,135.6702967453003,63.92232547343179,1.1253230271364398,0.006586663825488586
2018-01-03,151.5153045654297,151.6478550267392,150.17086004445693,150.19926268281492,29383600,147.98786315917968,145.445756669478,140.49052251180012,135.80823936462403,68.67043428727195,1.1856244621662029,0.006086108116326294
2018-01-04,151.78041076660156,152.23486744305097,151.56265238264498,152.03604896763068,24776100,148.3580062866211,145.64838145862927,140.63882420857746,135.95690956115723,69.45750398377562,1.1830288270136475,0.006073873404118765
2018-01-05,153.30474853515625,153.40889636185685,152.2159421671278,152.49998300784918,26992300,148.77176971435546,145.8754572088068,140.7992790222168,136.10906478881836,73.56915193424618,1.2352368448886668,0.006291287035970105
2018-01-08,153.90121459960938,153.97695977794436,153.2479250775212,153.30473034954352,23159100,149.19079208374023,146.11647061434658,140.95724042256674,136.26575328826905,74.98804061459104,1.1563814521750484,0.006294777865960133
2018-01-09,153.91067504882812,154.36513166518887,153.44675570290903,154.20417858120518,24782400,149.5781623840332,146.36710371537643,141.10868186950682,136.42122001647948,75.0109544398622,1.1239848707746998,0.006312048166626371
2018-01-10,153.55088806152344,153.5793051438427,152.5472897521407,153.2289818956677,34004000,149.89085540771484,146.6043232310902,141.2556324005127,136.57390068054198,72.29828873705878,1.1280394480679377,0.006281896188145157
2018-01-11,154.60183715820312,154.6113143351201,153.5793133352896,153.81601160755804,20473500,150.26601791381836,146.87731406471946,141.411812210083,136.72807529449463,75.12777234303353,1.1111340731889112,0.006312288597906207
2018-01-12,155.73800659179688,155.89895968968523,154.2704743562168,154.46929282252498,37762700,150.68381423950194,147.16666925603693,141.57227478027343,136.88506309509276,77.77117430217191,1.167941404295951,0.0064017578100304725
2018-01-16,155.29307556152344,157.56537420684495,154.82914154071287,156.77007112567466,41231800,151.0845634460449,147.4575539328835,141.7319367726644,137.03879203796387,74.43491720714826,1.3228085886874692,0.006481000595988103
2018-01-17,156.96884155273438,157.20553985768248,155.27408804594995,156.03152551116744,33849900,151.4854820251465,147.78698092373935,141.90187149047853,137.2013228225708,78.22392737375127,1.364736713617942,0.006442328922006576
2018-01-18,156.9972686767578,157.35704029937355,156.3534417337441,156.72269053519113,26432200,151.82537994384765,148.04340071244673,142.0791919708252,137.36437187194824,78.28272882658234,1.397873821954235,0.00631760732760322
2018-01-19,157.4895477294922,157.7451858904341,156.73211042290708,157.4611450946003,38937600,152.23439331054686,148.3029305197976,142.2615576426188,137.52889511108398,79.32394132242263,1.4343925266024573,0.006019477992260716
2018-01-22,159.17481994628906,159.17481994628906,157.25283148822055,157.43272445323709,26081400,152.7357208251953,148.5833104913885,142.46275939941407,137.7043832397461,82.42963300121836,1.4905239283716765,0.0062050042556899805
2018-01-23,160.4908447265625,160.63287231683287,159.5913944424974,159.66713960125924,37989700,153.30189895629883,148.88847683993254,142.67233530680338,137.88612239837647,84.40018830419558,1.4073410491379488,0.006254351324859271
2018-01-24,159.4494171142578,161.18205008697086,158.5310267224878,160.83172684314468,54287400,153.82452774047852,149.1796897194602,142.87016906738282,138.06298351287842,77.03713998104496,1.4830841959606127,0.006577401562160434
2018-01-25,159.39256286621094,160.60445641240005,158.8812866985592,160.54765115975223,28925000,154.3845527648926,149.44478732022372,143.07192840576172,138.23932529449462,76.64403269115076,1.5547703985477253,0.0063128680744429806
2018-01-26,161.83544921875,161.85438913894382,159.97027881705392,160.28270804215813,32038200,155.06577529907227,149.74536881880326,143.29200236002603,138.43056102752686,81.1054473267524,1.6142947326532675,0.006762937088782478
2018-01-29,161.049560546875,161.81646087712062,160.70871435044134,161.4945545935223,37277800,155.69870986938477,150.03011557839133,143.49837786356608,138.62035888671875,76.07116850515632,1.642701887502231,0.007045097778706731
2018-01-30,159.72401428222656,160.40570656046702,158.89084606753565,159.58200107714234,44987700,156.31128616333007,150.2801114169034,143.6956708272298,138.80597351074218,68.36338760179987,1.731297495863625,0.00721515796146609
2018-01-31,160.3867645263672,160.94538350177467,159.38316603195054,160.62346282965103,42449200,156.82776260375977,150.55607105601916,143.89998041788738,138.9898249053955,70.00008712821656,1.7454997939448182,0.006480005053198245
2018-02-01,159.02340698242188,160.69922070011876,158.51213051671303,159.15595746484286,38037900,157.2031677246094,150.8074141068892,144.11720403035483,139.16779945373534,62.80229871612242,1.825975787502608,0.006810474103028252
2018-02-02,155.8516387939453,158.77722649421813,155.71908831568786,158.398514969745,68478100,157.40672912597657,150.99782548384232,144.29958979288736,139.3289279937744,49.93748461528845,1.9456781684501496,0.008455754700158653
2018-02-05,149.70692443847656,156.93096061182612,149.59331388638628,154.3935619690327,105372200,157.2268379211426,151.08613419966264,144.41639302571613,139.45416206359863,34.98544786217012,2.2743506012578467,0.01219174183692256
2018-02-06,153.6739959716797,153.86335171489213,146.84762535687182,147.51984041231358,118537900,157.2154769897461,151.25893970836293,144.565469233195,139.59937259674072,46.187762347672695,2.6375130688498314,0.013642140339139944
2018-02-07,151.6857452392578,154.8480310664731,151.67626806121106,153.1816657850335,91028300,157.10423049926757,151.36209827769886,144.6960131327311,139.72712032318114,42.25778772983811,2.7923819573950164,0.013946120774985239
2018-02-08,145.28536987304688,152.24430357493935,145.28536987304688,152.07387333789637,94184800,156.69095458984376,151.35902099609376,144.79639650980633,139.8183060836792,32.63218463675112,3.2170861169925495,0.01676512640735921
2018-02-09,147.79440307617188,148.87374659130643,142.1420473280707,147.33993200365109,113836600,156.3505828857422,151.40362354625356,144.91847394307453,139.92293033599853,38.54214090013068,3.5606368887902073,0.01723073920845867
2018-02-12,150.4169921875,151.43953031286728,148.13523214485127,149.30924616341395,63050600,156.08453216552735,151.46722134676847,145.06382052103677,140.03685970306395,44.06569460158936,3.7168565220867498,0.01768188180029692
2018-02-13,151.19337463378906,151.49634087769093,149.3281912908301,149.55542680894234,31785600,155.87954711914062,151.5416720303622,145.19874572753906,140.1535425567627,45.62374179951292,3.682365537970877,0.017742361862655334
2018-02-14,154.02430725097656,154.26100554545883,149.59332211278897,150.30341699623577,52107400,155.73232040405273,151.657802512429,145.36126899719238,140.2786922454834,50.985035071985536,3.8926879464586626,0.018109084034137076
2018-02-15,156.88365173339844,156.88365173339844,153.7971106816023,155.40665645159513,51633900,155.72663955688478,151.8271229137074,145.55091959635416,140.4170571899414,55.73255043001602,3.9373104306774667,0.018620229273319546
2018-02-16,156.18296813964844,157.8871838566654,155.9178528280027,156.3723238363266,62256300,155.66131057739258,151.97683188698508,145.73708801269532,140.55398765563965,54.34347683979668,3.9974958707027537,0.018633236238929176
2018-02-20,156.49542236328125,157.8114641710341,155.5675691868948,155.63385163723748,36785600,155.5273406982422,152.1791198730469,145.922402826945,140.69224472045897,54.88348585246232,4.003580192474179,0.01846492314694474
2018-02-21,156.0504608154297,158.79615529303103,155.95577571747754,157.2623549452458,41161800,155.30532150268556,152.35115855823864,146.09961115519206,140.8259268951416,53.90567815408176,4.094877485740562,0.018348168576566067
2018-02-22,156.031494140625,157.56529422530033,155.6338428018912,156.73211173638282,37074400,155.1344253540039,152.5341893976385,146.26346244812012,140.95810348510742,53.861628282925814,4.076617574312233,0.01830750094079186
2018-02-23,159.22219848632812,159.22219848632812,156.6469200242878,157.29074686325617,50096900,155.12590713500975,152.80581026944247,146.44172592163085,141.10397743225099,59.81131351165097,4.06850226566717,0.018922124545494114
2018-02-26,161.33351135253906,161.33351135253906,159.83759121918314,159.97014165303418,39266700,155.1008102416992,153.1141005082564,146.6391544342041,141.26003189086913,63.19356712493423,3.6951927042936767,0.018840191052150103
2018-02-27,159.33580017089844,161.64597758447402,159.26006943821488,161.3808766793341,42209900,155.0151222229004,153.37421542080966,146.83022753397623,141.40661499023437,58.202337251346734,3.3644914034535924,0.01901694581696079
2018-02-28,158.31329345703125,160.76548431780174,158.2091456297015,160.24474518115306,42936300,154.94458618164063,153.60680680708452,147.00932273864746,141.5466281890869,55.77413050817722,3.3205325236563192,0.01898174242783546
2018-03-01,155.728515625,159.12751362809794,154.32726596687874,158.39847894005064,76809900,154.71167373657227,153.78072038130327,147.16420682271323,141.67164894104005,50.08560281933247,3.1663406636082283,0.01928065235066075
2018-03-02,157.15823364257812,157.4327973579141,153.34265759115058,153.853919644401,57445100,154.61841506958007,153.96001503684303,147.34090423583984,141.8010916900635,52.944442765383585,2.977657842431642,0.01933813249141106
2018-03-05,158.90029907226562,159.30741319986544,155.832684007959,156.4197055958498,38540200,154.7708480834961,154.1745916193182,147.51907742818196,141.95593338012696,56.23373354037323,2.965486553518145,0.01892880216304769
2018-03-06,159.57254028320312,160.11221941177172,158.56894167244707,159.67668812659778,29480900,155.2641288757324,154.3962363503196,147.70010312398276,142.108542098999,57.46922568806712,2.9208528501227033,0.016345283182555015
2018-03-07,159.94175720214844,160.0743221099568,158.07658801921463,158.35115167144852,34609400,155.57751693725587,154.62648481889204,147.88263435363768,142.26027000427246,58.16770464862574,2.730142182842154,0.015408286888807408
2018-03-08,160.82228088378906,160.93589143584174,159.96069567227863,160.6045225100492,25828400,156.03434371948242,154.8423359264027,148.07926025390626,142.4109479522705,59.86073066680171,2.580684552977666,0.015006653773040956
2018-03-09,163.94671630859375,163.94671630859375,161.73122365637659,161.96792195973956,38310500,156.96741104125977,155.09228876287287,148.29799423217773,142.5765895843506,65.23703606754339,2.6631920098449524,0.011030283897398465
2018-03-12,164.81771850585938,165.19642990717708,164.0602812563101,164.4295299290147,37635000,157.81857681274414,155.37426036487926,148.5254908243815,142.74357780456543,66.58085924852526,2.5921790537338114,0.010713530938744852
2018-03-13,162.5738067626953,165.8875817403972,162.15721559684965,165.19641255755673,55638900,158.4264175415039,155.61836103959516,148.73231925964356,142.89375213623046,60.131741363856754,2.655749522876243,0.011117398774199516
2018-03-14,162.54539489746094,163.54900748686296,161.83530023661527,163.42591978930426,40536400,158.9940185546875,155.86159945401278,148.94245440165201,143.04260902404786,60.05242548678209,2.640196367650426,0.011150830888794839
2018-03-15,162.40341186523438,163.3502049219649,161.80692761648115,162.65905003568795,28810400,159.4129737854004,156.1053552800959,149.15841356913248,143.19019226074218,59.629137191362254,2.522523007634756,0.010607595558480992
2018-03-16,161.92054748535156,163.0377563224348,161.84480230957922,162.67798479616,31176700,159.66481857299806,156.35496410023083,149.37145093282064,143.33559631347657,58.12852518485266,2.4569259466808018,0.009988030549927418
2018-03-19,158.4658203125,160.47627365201393,157.08125326807155,160.36247877479033,71395100,159.77896118164062,156.54141540527343,149.56766675313312,143.46114112854005,48.6878372011872,2.6321678088965785,0.011171975039915204
2018-03-20,158.98739624023438,159.35724407651745,158.0011401669316,158.53220224258357,34075700,159.90355987548827,156.73407953435725,149.76531626383465,143.58167808532716,50.007928414201245,2.546436753288408,0.011183089675717735
2018-03-21,158.29507446289062,160.03999634470762,157.60279834669134,158.57009797545274,43863500,160.01579055786132,156.93085382634942,149.94703928629556,143.69889434814453,48.23409476534752,2.377647491631056,0.011214418153394853
2018-03-22,154.38800048828125,157.2045394398581,154.18884498437893,156.10447406765286,66607300,159.93361587524413,157.00959500399503,150.0965971628825,143.7992549133301,39.68000071815832,2.378796756755926,0.012579348862428452
2018-03-23,150.31964111328125,154.86214562627683,150.24377304849477,154.20779622905314,80110400,159.4884880065918,156.98785566850142,150.20406316121418,143.8766411590576,33.09779680755095,2.460485570032755,0.012836609350541704
2018-03-26,155.90528869628906,156.09496608094653,150.93605377788413,153.36377380983046,57481500,159.2170768737793,157.0628534490412,150.3570524851481,143.9812505340576,46.2747989317307,2.7627746577713714,0.015287935225760768
2018-03-27,150.86021423339844,157.06228097261555,149.53254464160668,157.06228097261555,78889100,158.7932975769043,157.01840737082742,150.46555913289387,144.07751106262208,38.834755022359985,3.1579176749332794,0.01662383855361703
2018-03-28,149.12472534179688,151.52399639475541,147.97724096108354,149.99718622738624,89369700,158.33386917114257,156.93156211159447,150.55850105285646,144.1686198425293,36.65170312888453,3.3402477606460343,0.016723957028745837
2018-03-29,151.85597229003906,153.354334289406,148.5368198088779,149.9308650085941,68692600,158.14024200439454,156.89420387961647,150.6629441579183,144.26807273864745,42.16206456341079,3.4611819789119926,0.017045779166150996
2018-04-02,147.4746551513672,151.48609771795935,145.92888853703812,150.77485088321868,85549400,157.65606307983398,156.78372691761365,150.72930196126302,144.3484864807129,36.654045198848074,3.7952798470846796,0.017934415955475798
2018-04-03,149.13418579101562,149.7600862883191,146.4599060294409,148.76433812812712,64090000,157.1677574157715,156.68431507457387,150.8108273824056,144.44011276245118,39.85891307743122,3.7645522838940115,0.017941417297317193
2018-04-04,151.4861297607422,151.95080186336838,146.08064109704546,146.25134789807564,65768700,156.76343688964843,156.60700822310014,150.91108690897624,144.54633628845215,44.16998591731846,4.061441820756528,0.01836716312889712
2018-04-05,152.34906005859375,153.23101362262636,151.23951677766496,152.9939313539573,43054900,156.3838020324707,156.5534806685014,151.01507275899252,144.64598571777344,45.70773500380121,4.09345750214779,0.01842867806652098
2018-04-06,148.5368194580078,152.16892232954157,147.82557249943906,150.670560333714,59870900,155.76952896118163,156.40017117587004,151.08941599527995,144.73175895690918,40.412095867942305,4.331352755454868,0.019006264519989574
2018-04-09,149.57997131347656,152.56721718836326,149.32393282990395,149.81705363035536,41810400,155.0511917114258,156.26531122381036,151.16796417236327,144.81624290466308,42.37934248821201,4.273574434960257,0.018401353802310994
2018-04-10,152.88018798828125,153.3733088545504,150.850763663742,151.9318585941908,48296800,154.45431518554688,156.1815046830611,151.2699986775716,144.91741653442384,48.2052796113964,4.447662551495114,0.019229896106809093
2018-04-11,151.99813842773438,153.62926511622592,151.82744619003944,151.92227038753137,41622100,153.92553176879883,156.05101956454192,151.36318664550782,145.0116343688965,46.842081469274454,4.4022783320787005,0.019093892844657363
2018-04-12,153.8284454345703,154.3595073316183,152.83269714242965,152.9180432750942,30467900,153.48968429565429,155.92988503196023,151.47304471333823,145.11811477661132,50.00170412489346,4.277645433891002,0.019388363478346327
2018-04-13,153.0318603515625,154.82420174967174,152.36803288380975,154.59661202950136,44604900,153.0211067199707,155.8132021817294,151.58059476216633,145.23263229370116,48.64647860603513,4.1232023116109975,0.01939239484062453
2018-04-16,154.1982879638672,154.75779855299822,153.13614973511827,154.10344928385982,28180800,152.63499374389647,155.7187608198686,151.69471537272136,145.34360176086426,50.75137712105323,3.8339603997374576,0.01953131058420196
2018-04-17,157.51748657226562,157.85888566451925,155.44064330025242,155.75359367401452,35536100,152.58757705688475,155.64025240811435,151.84413324991863,145.48262168884278,56.24713465114579,3.557593354711971,0.019678830184835315
2018-04-18,157.83993530273438,158.37099740992969,156.7683185340571,157.5175068048454,29573900,152.53020401000975,155.5818955854936,151.9942704518636,145.62301818847655,56.75204142819888,3.418730743440593,0.019669455988088804
2018-04-19,156.3889923095703,157.41318971603692,155.84843764906412,157.04334185845374,34705700,152.43489990234374,155.5212588223544,152.13672523498536,145.7629949951172,53.7464571957572,3.216872398665032,0.019753094615161303
2018-04-20,153.913818359375,156.1044563012031,153.3732638177011,155.99066143784182,49197100,152.41119079589845,155.40356889204546,152.26225407918295,145.88427940368652,48.980894504081746,3.008918451441338,0.019274073004954765
2018-04-23,153.5249786376953,155.2699004953339,152.6999370521454,154.66297052440083,33040600,152.57145767211915,155.3035974675959,152.3508440653483,146.00946495056152,48.257001697321904,2.956760107463503,0.018268196629997624
2018-04-24,150.2722625732422,154.49232493297612,149.25754330801686,154.25524261534662,70256800,152.2898063659668,155.20215426358308,152.40965118408204,146.1114575958252,42.58698130978646,2.911375883080384,0.01682795342900445
2018-04-25,150.4524383544922,151.07833916828005,148.38508741667732,150.53779898935915,52089300,152.2694175720215,155.2157090620561,152.46547215779623,146.21010833740235,42.98659120727577,2.961501233554764,0.015205079174891313
2018-04-26,153.6198272705078,154.131918588058,151.90333954327278,152.39647469856942,43005500,152.49417266845703,155.21472417658026,152.5480815887451,146.32275779724122,49.62454868974107,2.9012149960127016,0.015647766117843145
2018-04-27,153.7146759033203,155.91480658376165,152.84221477946244,155.8768653125236,51043400,152.58710784912108,155.25161382501776,152.6337646484375,146.42810386657715,49.8129843940457,2.8328002870086846,0.01514526392499984
2018-04-30,152.62411499023438,155.0328649684649,152.2447746001171,154.0750576153368,35615300,152.84458084106444,155.38504555442117,152.6988639831543,146.52653617858886,47.607892280088265,2.760996917528254,0.013613475816782225
2018-05-01,154.3690643310547,154.38803497146245,151.86547520050595,152.2258450164594,36513500,153.1063247680664,155.5045848499645,152.77441062927247,146.62846046447754,51.32104648760645,2.8124784064403974,0.013620108044454213
2018-05-02,153.45863342285156,155.11820947238124,153.27844856507443,154.63455233406268,38646800,153.20494995117187,155.55988741787996,152.8416618347168,146.72550277709962,49.35559486053584,2.775220692399176,0.013309818895055637
2018-05-03,153.43968200683594,154.00867089858772,150.9929907023404,152.68101568081028,60337100,153.25948104858398,155.6007293701172,152.90387382507325,146.8179719543457,49.31325885149651,2.8151857874266994,0.013259074293791102
2018-05-04,156.35098266601562,156.71135228210852,152.6619837871752,152.77579309614447,41543200,153.6501892089844,155.64303255948153,152.9967238108317,146.9210383605957,55.612195825038356,2.9811450941051,0.012436319461504737
2018-05-07,157.6502227783203,158.16231408633664,156.95793216942724,157.0812195735443,32500200,154.05370178222657,155.65697021484374,153.1004795074463,147.0297053527832,58.11386689768077,2.849054645510025,0.012463489217389137
2018-05-08,157.48899841308594,157.83038294948977,156.34151399666138,157.31829167453236,26040200,154.2841423034668,155.68071621981534,153.20139605204264,147.1378490447998,57.67944316469964,2.840925365292583,0.01161648536014849
2018-05-09,159.20553588867188,159.31933078014328,157.21403846577707,157.77354930932154,29122700,154.64451217651367,155.7299910111861,153.32102597554524,147.25146423339845,61.02045370427214,2.8490535553422944,0.0116615681568402
2018-05-10,160.85556030273438,160.96936962254077,159.5942809966587,159.71756839713558,27067600,154.99586791992186,155.8173564564098,153.46007486979167,147.37507385253906,63.96534084087965,2.7596325011994134,0.011594284610417187
2018-05-11,160.703857421875,161.0831832779089,160.00208867082307,160.6659161540593,24688800,155.3794677734375,155.9023085160689,153.58250681559244,147.49570976257326,63.49041241441081,2.653284727192079,0.01148870917719746
2018-05-14,160.9788818359375,161.9936010265649,160.7133508173417,161.0737205441597,21821700,155.718497467041,155.9342482133345,153.71187566121418,147.62201011657714,64.012089997766,2.3714962971728397,0.01142617629106007
2018-05-15,159.19602966308594,159.7934817327193,158.35201719298553,159.7081355714449,49361600,155.80242462158202,155.8953849098899,153.82733205159505,147.73996192932128,58.20590262957833,2.3667543608406425,0.010836686223195342
2018-05-16,160.24862670898438,160.61847443172474,159.3287464423619,159.4046144970717,22941200,155.92285919189453,155.91198175603694,153.93841133117675,147.86605201721193,60.48479976234132,2.2055375419172845,0.010916858551680834
2018-05-17,159.6322479248047,160.84610808198119,158.85461107423765,159.68914535867944,27480200,156.08502197265625,155.93596274636008,154.04285850524903,147.9875045776367,58.474116517332575,2.128316485020451,0.010722669345905142
2018-05-18,158.80722045898438,159.5658722726055,158.5701381496388,159.01583957848112,26217900,156.3296920776367,155.99193919788706,154.135942586263,148.102993850708,55.80025445461946,2.005032156936027,0.010083910262151262
2018-05-21,159.69859313964844,160.74176079726993,159.0157951219965,160.0399921484744,22954600,156.63837280273438,156.03812755237925,154.23700561523438,148.22557960510255,58.03309577455616,1.9630307688881032,0.010072239722325559
2018-05-22,159.49000549316406,160.69438768612574,159.20551829592233,160.42885665512952,19477700,157.09925994873046,156.0488494873047,154.33318087259929,148.3458967590332,57.30358148123192,1.9379670890950027,0.008523153698686246
2018-05-23,160.8365936279297,160.8555497880315,158.25713775966346,158.2760939197653,26557800,157.61846771240235,156.07183227539062,154.4620726267497,148.4686572265625,60.73515157977268,1.9081622199607682,0.008595518837605778
2018-05-24,160.7892303466797,161.0737320212628,159.16758093080546,160.7892303466797,27696500,157.97693786621093,156.08724087801846,154.58041343688964,148.59235908508302,60.550814332363196,1.7550752624981973,0.0075466091349071255
2018-05-25,160.9503936767578,161.52887492630407,160.46675111219355,160.77020885750298,27460500,158.3387237548828,156.08957020152698,154.70529340108234,148.71776298522948,60.98474126234214,1.7015604334831624,0.007542554695010763
2018-05-29,160.2392120361328,161.1401220279853,159.28140459832127,160.2202413973606,41220500,158.71947860717773,156.0221610329368,154.83826141357423,148.8541761779785,57.95524583753954,1.7279781818285653,0.007388740509826928
2018-05-30,161.3866424560547,161.6711440857028,160.4762546056055,160.81765366711244,22665800,159.07035751342772,155.95977783203125,154.9800038655599,148.99128265380858,61.295935946709044,1.6798810200574061,0.007174421095682821
2018-05-31,161.28236389160156,162.35396611355037,160.86509670272687,161.38666621846411,35670900,159.46154403686523,155.93629705255682,155.11544456481934,149.1192417907715,60.82295325875425,1.6602407112684492,0.006953228492437217
2018-06-01,163.81442260742188,163.90924686337894,162.04103682376441,162.08845618692195,45543300,159.98028106689452,155.95937028364702,155.26789169311525,149.2593896484375,67.40080211648896,1.770654165889275,0.0075150360823988864
2018-06-04,165.29379272460938,165.33171952800967,164.12735178783197,164.2316541147718,20459600,160.42742156982422,156.01192266290838,155.42731272379558,149.40575622558595,70.51561538637304,1.7869079741676959,0.0067095555665098935
2018-06-05,165.8058319091797,166.08085541100255,165.07562902856384,165.6825589842071,24779300,160.8352020263672,156.08256419788708,155.58155275980633,149.5685885620117,71.52959626823454,1.6710766698453199,0.006584601853686824
2018-06-06,166.77313232421875,166.80158103553387,165.1420053471769,165.9765394666918,25036600,161.29940872192384,156.2336062344638,155.7455073038737,149.7367286682129,73.3912745468622,1.688014592682332,0.006567511164197199
2018-06-07,165.41705322265625,166.83954700384436,164.582533377534,166.80162020330224,39600300,161.60998458862304,156.35050908868962,155.8957987467448,149.89893692016602,66.79687187313726,1.706980065437106,0.006722561031220005
2018-06-08,165.426513671875,165.84378074863625,164.23160986654014,164.63939886259396,31780300,161.8385322570801,156.48017161976207,156.0470355987549,150.0510577392578,66.81927086012365,1.746270144503551,0.006431290451154385
2018-06-11,165.8722381591797,166.28001270626433,165.27478622518285,165.3032349391491,22319700,162.09695129394532,156.68897594105113,156.18805033365885,150.20781135559082,67.91741206600723,1.679890583274688,0.006412303368904132
2018-06-12,166.74473571777344,166.90594995571973,165.91969389111992,166.09986429563205,22511800,162.3852439880371,156.9876140247692,156.32592887878417,150.37090713500976,70.00976319355905,1.647379326584448,0.006464332651711718
2018-06-13,166.73529052734375,167.9870778743739,166.36542815100321,167.0008216152095,37858600,162.76220703125,157.18452314897016,156.4711456298828,150.53536979675292,69.95657381860062,1.5776105905132087,0.005739954320794758
2018-06-14,168.4232177734375,168.69822678641418,167.3800501993523,167.50333758638524,35916000,163.17093658447266,157.5038504860618,156.63177019755045,150.7061976623535,73.78902893756376,1.5816666739855723,0.005928374774562996
2018-06-15,167.8352508544922,168.16717176986268,167.01020931160426,167.7878315136748,49615700,163.58108673095703,157.84404185901988,156.78733660380047,150.87144660949707,70.41923922829027,1.606729863108624,0.005908828621147736
2018-06-18,167.73831176757812,167.88085977308367,166.2557545050282,166.77845469408697,31633200,164.02764129638672,158.1328116677024,156.94351552327473,151.02829147338866,69.85283594326421,1.5900432801365838,0.005678930049868435
2018-06-19,167.26319885253906,167.30120683532996,165.08688292987196,165.61908169691742,38236000,164.40587158203124,158.49260337136008,157.10244166056316,151.17545455932617,67.00808508915085,1.6771501935748827,0.005768496995318703
2018-06-20,168.45108032226562,169.1448381159728,167.8808592992069,168.03292017219897,33038000,164.85392532348632,158.84381963556464,157.27110900878907,151.32949951171875,70.26826388432173,1.7052051830470418,0.005795684008154608
2018-06-21,166.9875946044922,169.04987199725568,166.66446150735655,168.8787998280276,43469400,165.16147537231444,159.12566445090553,157.42608172098795,151.48240234375,62.123311381130804,1.687957148627167,0.006164615257868618
2018-06-22,166.61691284179688,167.61477798711653,166.01818215354544,167.54826041138,30073200,165.4528594970703,159.38507995605468,157.5856185913086,151.63137756347658,60.219330131528785,1.693621356697402,0.006215450427991721
2018-06-25,162.86297607421875,165.35292588652447,161.3804187287082,165.10582332805683,77799700,165.54848861694336,159.64555553089488,157.69233309427898,151.7599803161621,45.133284249631274,1.995854766029542,0.008264209275293614
2018-06-26,163.52821350097656,164.46905924700897,162.86295087081345,163.4616814374316,39008100,165.71293869018555,159.89915993430398,157.79244066874188,151.89784866333008,47.636743667804524,1.9920356723037247,0.008209714630036058
2018-06-27,161.30442810058594,164.96331603049703,161.19038966165343,164.22203717478075,52843500,165.7088279724121,160.05232793634588,157.8718074798584,152.01677322387695,40.915889510361325,2.100315153913241,0.008694302077436976
2018-06-28,162.6919403076172,163.24315020264922,160.7722112940679,161.1048427052974,46407700,165.7793067932129,160.2467606977983,157.95003407796224,152.1409856414795,46.03208000149281,2.1616557272336143,0.008901001845876281
2018-06-29,163.12908935546875,164.33604914463746,162.89149964507553,163.47121911848802,36408500,165.74504013061522,160.4158633145419,158.02693303426108,152.26644104003907,47.572408390972036,2.2072901812292423,0.008175432083935787
2018-07-02,164.22203063964844,164.26955148775508,161.2474024643612,161.59903063796187,31770000,165.6914520263672,160.61932095614347,158.1128609975179,152.40141532897948,51.313818627446686,2.3493214117188024,0.008052948301027128
2018-07-03,162.3212890625,164.83973413041227,162.15972980355136,164.83973413041227,25512700,165.5172248840332,160.7670118852095,158.18594767252605,152.52452857971193,45.264037789521865,2.4249181691109607,0.008388964478100851
2018-07-05,164.33607482910156,164.46912450766342,162.5398969178529,163.3762174695716,31626200,165.39537200927734,160.89098621715198,158.26706631978354,152.6586183166504,51.75683161738108,2.4381252538318887,0.008791472236254247
2018-07-06,166.89251708984375,167.01606837992483,164.41207992821478,164.71620171877586,37005600,165.46914520263672,161.05557861328126,158.36002057393392,152.80430892944335,58.48578451518451,2.5286241887597476,0.009317333086746534
2018-07-09,168.39410400390625,168.43211198117197,167.0921168879864,167.75736525008682,27362100,165.61752471923828,161.27385337136008,158.46919581095378,152.95963356018066,61.85157763331351,2.5225163047078007,0.009508203509109739
2018-07-10,168.5176544189453,168.89779219490532,167.93793488474398,168.70772330692532,23902500,165.74979553222656,161.53937766335227,158.5654359181722,153.1197802734375,62.12368277312404,2.4016897670260278,0.009499184986544253
2018-07-11,167.66238403320312,168.2801262718817,167.07316591442128,167.19670276109144,30280600,165.79567794799806,161.79642139781606,158.6543118794759,153.27631187438965,58.98707006857586,2.3704647128181926,0.009526842676900588
2018-07-12,170.5513916015625,170.5513916015625,168.28953308380719,168.40357149602207,27930100,165.986483001709,162.1651328346946,158.76316057840984,153.45446922302247,65.35098697537207,2.40643593270821,0.010248063916324488
2018-07-13,170.69395446777344,170.96955215504533,170.06671414337154,170.54189357070777,28049800,166.1000198364258,162.5331604003906,158.85915336608886,153.63159172058104,65.63436780285622,2.356881802572689,0.010029675757557832
2018-07-16,170.2853240966797,171.01710461041762,170.00022798863841,170.73199400104835,21405300,166.22252349853517,162.83616943359374,158.9407740275065,153.80057678222656,64.01817999487554,2.0554805531934415,0.010008423700860913
2018-07-17,171.32119750976562,171.68232401936834,168.47961926874322,168.47961926874322,31034100,166.40166778564452,163.15628800825638,159.03970553080242,153.97497749328613,66.28464483732103,2.169523151366984,0.01007175194908497
2018-07-18,170.99806213378906,171.48275443157806,170.47537636363865,171.34019190227087,23220800,166.58841094970703,163.49035977450285,159.13641802469888,154.1428491973877,64.91108609139451,1.971983987016685,0.010054485530584162
2018-07-19,170.14273071289062,170.95054147399696,169.94316349043083,170.3803204071779,31094100,166.6729934692383,163.77715370871803,159.2056453704834,154.30583000183105,61.290632288318406,1.8708382537864634,0.010041830382366921
2018-07-20,170.10472106933594,171.22613745470667,169.91463771471638,170.6559308948199,35897300,166.82884979248047,164.07980984774503,159.2811050415039,154.4671565246582,61.12746819318687,1.8470804611414653,0.00980774189429994
2018-07-23,170.64645385742188,170.72248431496922,168.9168080775322,169.60106769413144,22184700,167.03032684326172,164.3926602450284,159.3721253712972,154.63053031921388,62.65347577862254,1.760189547858831,0.009789638530821331
2018-07-24,171.3496856689453,173.01281348283987,170.64641497287909,172.40458446238281,36900300,167.45466232299805,164.66536393599077,159.46348304748534,154.79066474914552,64.59641483339125,1.737789132365965,0.008041329098406881
2018-07-25,173.74461364746094,173.84913920072938,171.340192391803,171.42573571016183,35026600,167.96548233032226,164.9579892245206,159.586159769694,154.9618292236328,70.26917674993744,1.7635828012061776,0.0084338026895889
2018-07-26,171.1121368408203,171.93894451102202,170.88404546568697,171.38773456377848,40873500,168.45586776733398,165.20568265047942,159.7133305867513,155.12063423156738,59.06598989587879,1.7764809891312277,0.00860078760965496
2018-07-27,168.80279541015625,172.30962315648472,167.83343947316357,172.19558469362215,59456100,168.76141052246095,165.38017827814275,159.87246284484863,155.26737327575682,51.334018268697385,1.986237331416437,0.009237827328370377
2018-07-30,166.41734313964844,168.90727875110102,165.6190451651664,168.81225156442017,60193000,168.92582321166992,165.4813016024503,159.9786574045817,155.40010620117187,44.80895340942433,2.1525499225430997,0.009902643077532644
2018-07-31,167.69085693359375,168.33710864933158,166.14178149254667,167.0731293315069,47285100,169.0992645263672,165.60833795720882,160.11203333536784,155.54048233032228,48.56761996163408,2.2061812548474484,0.009933519369538105
2018-08-01,168.32757568359375,168.83126477626385,167.3582199776968,168.08048757252087,37101900,169.3995788574219,165.74195057262074,160.3040517171224,155.68134925842284,50.38686221200989,2.1050410570051405,0.009486486140257757
2018-08-02,170.617919921875,170.8175016571464,167.06357267028005,167.13960311698702,47178200,169.71367111206055,165.9496213045987,160.4942476908366,155.83125862121582,56.36573584119974,2.3086904123760377,0.009559863762345454
2018-08-03,171.14065551757812,171.15015388738092,170.19029648949385,170.94107374109615,28934400,169.92607803344725,166.1476581920277,160.6669448852539,155.98288398742676,57.62101193442106,2.304617610669457,0.009014633421302199
2018-08-06,172.1479949951172,172.1955158360841,170.8174984559913,171.02657855518606,24808800,170.1137725830078,166.37521722966974,160.8415667215983,156.14039657592772,60.00858585290502,2.1742827984885764,0.00890086856383258
2018-08-07,172.7752227783203,173.09834127137194,172.262020935169,172.63266026574556,29895700,170.32665100097657,166.62918090820312,160.99782435099283,156.3036434173584,61.464388856553384,2.170209099082529,0.008917633103948401
2018-08-08,172.98434448242188,173.29796468395503,172.07199348693206,172.53767460460136,22680700,170.5927490234375,166.87074002352628,161.13199679056802,156.46604606628418,61.96157258726505,2.182428567201439,0.008791511168651657
2018-08-09,172.87982177734375,173.56408146734864,172.62322076825976,172.87982177734375,18852900,170.70917053222655,167.1141912286932,161.27113723754883,156.63250846862792,61.534238337116875,2.1559543499941958,0.007990649288602795
2018-08-10,171.5587921142578,172.2240404417664,170.91254052373094,171.71083851674123,33818500,170.75241241455078,167.30914029208097,161.39666531880695,156.79118507385255,56.253646918214095,2.167497565435324,0.008205489970887431
2018-08-13,171.36875915527344,172.9748538464338,171.29272868743223,171.87244831605864,26089200,170.80658416748048,167.50149536132812,161.52431780497233,156.9515567779541,55.51560360975382,2.1186208975096656,0.008188412872180995
2018-08-14,172.442626953125,172.64220871132906,171.10261736592713,172.02446669885106,20913000,170.86265563964844,167.71044505726206,161.66107724507648,157.1195181274414,58.8047617527873,2.0493812215436327,0.008195266508565748
2018-08-15,170.3328094482422,171.61579967234317,169.27791056436416,171.07408817731056,58528000,170.8293930053711,167.8939650102095,161.7536656697591,157.25671127319336,50.8496897366569,2.0711060934712657,0.008658067315971057
2018-08-16,170.8935546875,172.0054729275456,170.56092325186526,171.6443318832938,27711800,170.86693420410157,168.06681795987217,161.83333269755045,157.39510200500487,52.68185529987335,1.8708546503271424,0.008612412615118224
2018-08-17,170.93154907226562,171.35920766883967,169.42048193041867,170.4468712629918,36092600,170.90827560424805,168.24225769042968,161.9299639383952,157.53099014282228,52.81021389818241,1.774461232647598,0.008611684805443194
2018-08-20,170.77951049804688,171.37824131232222,170.11426209403405,171.31170922125713,24939000,170.9149284362793,168.3688956520774,162.03384908040366,157.6663542175293,52.19999344306038,1.7079363798978306,0.008587456018086942
2018-08-21,171.40670776367188,172.43309697199612,171.18812930767402,171.29266935207716,26258700,170.91777954101562,168.48003956187856,162.16450068155925,157.8062242126465,54.533941532631474,1.720832213853701,0.008576912509302235
2018-08-22,172.07199096679688,172.27157272896844,170.8270230494858,171.04560154990082,18042400,170.83414840698242,168.5939697265625,162.2887819925944,157.94252319335936,56.93590106664376,1.5558765490405781,0.007991326359936967
2018-08-23,171.8249053955078,173.01285411298045,171.53979480304895,171.76788617728147,25776200,170.8697868347168,168.68582014604047,162.3964870452881,158.07513038635253,55.75772834815154,1.5925338284723227,0.007214331004585125
2018-08-24,173.42144775390625,173.56401025660765,172.35705067341766,172.39505864001111,23136100,171.1007194519043,168.8313545920632,162.51189460754395,158.21529518127443,61.32643919988444,1.6183257914013975,0.006714119879725071
2018-08-27,175.18914794921875,175.18914794921875,174.02021061728036,174.2958083048027,29343600,171.5393096923828,169.00885703346947,162.63895619710286,158.3613697052002,66.37322948257176,1.6767082141912368,0.005913286615713841
2018-08-28,175.44570922851562,175.8353597514951,175.07506993871908,175.65478928956207,20277000,171.92705230712892,169.18292014382104,162.76081809997558,158.51255332946778,67.04540738413039,1.6434452581735977,0.005795070059515276
2018-08-29,177.4700164794922,177.56504366348824,175.6833372049943,175.749854783659,29175600,172.38417434692383,169.37792524857954,162.8735122680664,158.6739057159424,71.83010315369611,1.727621953593864,0.006149479797670939
2018-08-30,177.15640258789062,178.21130152645128,176.56717022043534,177.12789298155053,29315500,172.71109848022462,169.56740001331676,162.97633463541666,158.83279266357422,70.13125891887343,1.7045398144798014,0.005650548524577309
2018-08-31,177.38449096679688,177.88818004664083,176.74775221494372,176.9378211033388,28653200,173.02329025268554,169.73033225319602,163.0997570037842,158.9954653930664,70.6744907175723,1.6658471482437684,0.005645205377040059
2018-09-04,176.62423706054688,177.14692294236286,175.67387800076742,176.8428155839242,29063500,173.24710235595703,169.89013200239702,163.21708068847656,159.15773811340333,66.34331672702751,1.6780629782885919,0.005716271361875872
2018-09-05,174.3433837890625,176.33914381171266,173.74466738333132,176.31063419721738,42623300,173.32551040649415,170.01022422096946,163.31658045450845,159.29939491271972,55.37837092114703,1.6576953560353576,0.006503688138892368
2018-09-06,172.78477478027344,174.62847363849232,171.61583722118763,174.41939348954,46091400,173.3155319213867,170.11061651056463,163.40711568196613,159.43604568481445,49.373203321520045,1.7534077087497337,0.006830842748505308
2018-09-07,172.1194610595703,173.6020182796825,171.48272248433355,171.53974168490362,46629500,173.27751388549805,170.177314342152,163.52089602152506,159.56993667602538,47.02884880937644,1.7663055699588739,0.006883434599728161
2018-09-10,172.69920349121094,173.2028924985906,171.75834305222324,173.1078508174031,26132000,173.33453445434571,170.28116177645597,163.63516108194986,159.69883712768555,49.288451804676306,1.7792034433931008,0.006694471318621414
2018-09-11,174.0297393798828,174.31484998660366,171.55881462473369,172.0054845249532,30116500,173.46758346557618,170.4159404407848,163.76628328959148,159.83349288940428,54.12509547457071,1.8579497925302957,0.006880696166430246
2018-09-12,173.51649475097656,173.89663243387557,172.02442461788567,173.7730956626611,36204000,173.52127685546876,170.6096407803622,163.92568740844726,159.96288970947265,52.062359817999784,1.898004441281332,0.006803015023599816
2018-09-13,175.3697509765625,175.70238243822106,174.5239320183203,174.59996248102306,31133200,173.77312393188475,170.8249414617365,164.13443832397462,160.10188331604004,58.24965340183343,1.9489207539465465,0.00649788834785835
2018-09-14,174.85658264160156,175.7689192913569,174.16281003140995,175.49332152252006,31224100,173.97127532958984,171.07134427157317,164.29236577351887,160.23642135620116,56.090792244422396,1.9394210681499118,0.006555047432229538
2018-09-17,172.3380584716797,174.68544582910246,172.176499218501,174.56189454671465,33071200,174.04160079956054,171.24672823819247,164.4713478088379,160.37126373291017,46.903145439421344,2.0045912987062025,0.007424220968369894
2018-09-18,173.7636260986328,174.60944497999554,172.39510689702868,172.48065022312394,31877300,174.19080657958983,171.44008345170454,164.67667198181152,160.5071401977539,51.723458572601885,2.1125267769590477,0.007618225286058537
2018-09-19,173.6305694580078,174.20079060290038,172.49964003814404,173.79212873208462,31843400,174.30199966430663,171.61114779385653,164.85812695821127,160.6454690551758,51.25574238776619,2.0826565005150286,0.007597645453422522
2018-09-20,175.55027770996094,175.78786740862628,174.40985005663214,174.82801024649504,33295800,174.47591400146484,171.851674860174,165.09209047953289,160.80180519104005,57.260647395980065,2.119311260843781,0.007919718832502818
2018-09-21,174.59046936035156,176.27259445624222,174.371876335511,176.0255063210254,38605400,174.61419219970702,172.03811839710582,165.30422617594402,160.95286979675294,53.698754400288266,2.173617710060504,0.008036258547739851
2018-09-24,175.0760040283203,175.14265584526314,172.6101482950509,173.32420019269114,34945600,174.69692001342773,172.1869090687145,165.50080846150715,161.1031024169922,55.216378551087224,2.23232446607356,0.007803933336913463
2018-09-25,175.31402587890625,175.4473149888292,174.4000330341322,174.99984129249717,25277500,174.70316390991212,172.31272583007814,165.69218317667642,161.25206871032714,55.97814382555686,2.1014467716079475,0.0074694994449086855
2018-09-26,175.4377899169922,177.0753500505911,175.0950444349035,175.46635082988104,36210600,174.70276794433593,172.43854647549716,165.9163579305013,161.39844131469727,56.3934951183942,2.0277088572067266,0.007463928000476912
2018-09-27,176.92294311523438,177.5513119965595,176.05655703893007,176.15176972788842,33113300,174.67541427612304,172.60692027698863,166.14421602884929,161.546570892334,61.13257911862243,2.027296448936608,0.007242807084946168
2018-09-28,176.8849334716797,177.35145261798053,176.10424426783513,176.42794431510183,28076800,174.6618408203125,172.72207558371804,166.34425557454426,161.69550262451173,60.950011334670926,2.0132006563493263,0.007232643463134062
2018-10-01,177.2467041015625,178.5415186696014,176.79923045858732,177.9131495717101,27371300,174.6549514770508,172.84121648615056,166.55466028849284,161.8448257446289,62.10986129773799,1.9407901455739054,0.007242006863805463
2018-10-02,176.84681701660156,178.20826871549235,176.43743431914604,177.09434972710352,25618600,174.66608047485352,172.96051635742188,166.74648005167643,161.9926693725586,59.98886315613998,1.924041548027418,0.007193045048555204
2018-10-03,177.03726196289062,178.00837659881716,176.76116829143515,177.58946383322444,29128700,174.80077438354493,173.06444480202416,166.94652506510417,162.13310333251954,60.67757379615561,1.8569930208943828,0.006509990544152402
2018-10-04,173.6383514404297,176.4374366662725,172.38161336865528,176.32317850593466,80557300,174.84345321655275,173.1124500621449,167.10852559407553,162.250298538208,45.593626636523126,2.07481725905784,0.007625377089268166
2018-10-05,171.51522827148438,174.20006988307253,169.87766839365477,173.61930719933738,83325600,174.81324157714843,173.13740456321023,167.225173441569,162.3613282775879,39.06148379696453,2.1921256923662105,0.008080337750740975
2018-10-08,170.4679718017578,171.98175815346252,168.4495754720636,170.91544543187248,66864500,174.7016799926758,173.14400912198153,167.33040707906088,162.4679267883301,36.298946790806475,2.2821825618721436,0.008141036043051152
2018-10-09,171.02017211914062,172.34354754864228,170.1823466866776,170.59172941463584,49097900,174.55120162963868,173.15080399946734,167.45233357747395,162.57719123840332,38.75837612739923,2.315043297387025,0.007959998499117861
2018-10-10,163.49880981445312,170.05856482438804,163.2798380060877,169.95383665040103,114471100,174.0503173828125,173.00806080211294,167.53220850626627,162.64970108032227,24.74465069128688,2.7138315947037728,0.012515505521315858
2018-10-11,161.47091674804688,165.0887675173891,159.7667050125888,162.8228530562343,143084500,173.35537567138672,172.78490267666902,167.59842465718586,162.71609535217286,22.393682406151797,2.9582133364229923,0.012259625965332024
2018-10-12,165.96470642089844,166.47881738600185,162.7371779545644,165.82188732745325,102078400,172.91078186035156,172.69131303267045,167.729195022583,162.80486389160157,36.737484235085,3.135027128404616,0.01418542740150032
2018-10-15,163.95584106445312,165.69811489230906,163.3369873765282,165.38394484477124,64885300,172.49167098999024,172.6031865900213,167.84172337849935,162.8826887512207,33.73569857761406,3.2479154919527042,0.014092980601589882
2018-10-16,168.7256317138672,169.13501431940716,165.37434551357626,165.67901449879216,71979700,172.23977127075196,172.6451554731889,167.967605082194,162.98895446777342,45.18770153168558,3.4764060376145927,0.015609680531783063
2018-10-17,168.7923583984375,169.71586677393614,167.05959984113684,169.5445012745279,66987600,171.99786071777345,172.6651827725497,168.09325243632,163.08263008117675,45.33004431761313,3.515173527131164,0.015614140905552005
2018-10-18,164.8793182373047,168.21156005643297,164.1747964073816,168.15443823534963,82486200,171.4643127441406,172.60248718261718,168.19537913004558,163.14945014953614,38.94317227470921,3.7559130729104857,0.0160592485663676
2018-10-19,164.72695922851562,167.63077217469137,164.12715119428742,166.21218433477785,82923700,170.97113723754882,172.49537880637428,168.28169492085775,163.2141828918457,38.714447266636284,3.8817225564383335,0.016054752577372107
2018-10-22,165.57435607910156,166.8501253052679,164.3176177769631,165.71716064642507,52909300,170.49605484008788,172.39417336203834,168.3826592763265,163.27553092956543,40.79715483223975,3.936127780149655,0.016106451190794457
2018-10-23,164.96499633789062,165.7837762423116,160.72829227966218,162.46105027011325,77567000,169.9786033630371,172.2635733864524,168.47870356241862,163.33084983825682,39.75101437274923,4.208147469811613,0.016079622315808405
2018-10-24,157.41510009765625,165.05069827895215,157.1294764647299,164.77460463449026,102997400,169.0774688720703,171.98429842862217,168.4875712076823,163.34837196350097,29.617494095025208,4.441402699810679,0.018677010322634753
2018-10-25,162.86094665527344,163.83206125702893,159.14788277712347,159.86193464041557,83481100,168.37436904907227,171.80023664994673,168.5309939066569,163.39492225646973,41.25124797211518,4.591014104807458,0.0205100107560981
2018-10-26,158.67184448242188,161.81367551274892,156.35830894532376,157.2818171623955,130970900,167.46371459960938,171.54190979003906,168.5408509572347,163.41527229309082,36.283047221221295,4.803189463989655,0.021052621457001208
2018-10-29,155.40625,161.7184733859481,152.41675332095778,161.09963422268467,111871900,166.37169189453124,171.24822720614347,168.50919024149576,163.41361351013182,32.95137986203865,5.313226549920058,0.021249428586682967
2018-10-30,157.96726989746094,158.0815135165082,154.24467701770706,154.949213232475,92584000,165.4277145385742,171.00456376509234,168.48512115478516,163.42698448181153,37.7769079837237,5.0344052917592155,0.02184351930766259
2018-10-31,161.68043518066406,163.04188747223102,160.4617729630846,160.53794025964746,73828600,164.65987319946288,170.80888755104758,168.49325930277507,163.45054244995117,44.06286279149452,5.016730653899915,0.02275052937485263
2018-11-01,163.81307983398438,163.98445990241936,160.6902929601478,161.91847078040985,52706800,164.16860961914062,170.69034701260654,168.51687761942546,163.4846215057373,47.35255927448881,4.8943211042082435,0.02278540014027788
2018-11-02,161.26148986816406,164.27954756604376,160.15708608134338,163.30843288953432,75966800,163.65592269897462,170.51521856134588,168.5340897878011,163.50348121643066,44.017111070783244,5.001088421374683,0.02287155101614101
2018-11-05,160.86158752441406,161.52803293091299,159.0716931234567,161.47091111427312,39573500,163.17560348510742,170.33212835138494,168.53919779459636,163.5119150543213,43.49994832483092,4.806600317981987,0.022858564490025966
2018-11-06,162.0802459716797,162.98470869533497,160.63309689737844,160.87111416820463,34410400,162.72860717773438,170.173959905451,168.55959777832032,163.51986206054687,45.59761451208427,4.78483923692179,0.02293776082186366
2018-11-07,167.164306640625,167.164306640625,163.6321236272519,164.02247547360042,51169600,162.91188201904296,170.0968253395774,168.6292401631673,163.55843650817872,53.37478753718137,4.8181605710567466,0.021919308071044415
2018-11-08,166.0979461669922,166.8976805539125,165.30772723917147,166.3835552141648,40296500,163.14323348999022,169.98820634321734,168.68256810506185,163.5919634246826,51.705174513308776,4.70051474398886,0.021761371486529308
2018-11-09,163.29891967773438,164.9459953908708,162.00410493368454,164.5461280544262,50602700,163.00994415283202,169.833188421076,168.71430905659994,163.59928077697754,47.50465073999025,4.81203858006049,0.02121777769533096
2018-11-12,158.35765075683594,162.4610661397075,158.21483167934176,162.15641159041132,62578400,162.73003463745118,169.55930120294744,168.69365119934082,163.58582122802736,41.149191845810876,4.814081725470719,0.02210584633207947
2018-11-13,158.4909210205078,161.35664336181196,158.0434474468683,159.10024457414596,64128100,162.2182991027832,169.25569707697088,168.67449862162272,163.57965576171875,41.37699425704976,4.48493701837939,0.020918709669083248
2018-11-14,157.28184509277344,160.61408763510943,156.3773821653386,160.06188569908852,75270700,161.6427734375,168.92544500177556,168.64392738342286,163.5641311645508,39.869178846861885,4.329204469122116,0.02092881554107596
2018-11-15,160.03329467773438,160.46172287567043,155.62522453674424,156.9961918646553,73254300,161.40047225952148,168.60841369628906,168.6422114054362,163.56918060302735,44.79897590943908,4.210194514049009,0.02087301225247067
2018-11-16,159.47161865234375,160.24279251367744,157.83405818219728,158.47194291351556,65390700,161.1377052307129,168.28687217018822,168.6262528737386,163.58728050231935,44.005833506127935,3.7178383902268552,0.020878680882533106
2018-11-19,154.29229736328125,158.90030776346043,153.79721742347246,158.70989687197084,67280500,160.57360229492187,167.86701410466975,168.56800231933593,163.61020736694337,37.42582939184789,3.849093013803294,0.021925482902985714
2018-11-20,151.5313262939453,153.644920925807,149.59862712126255,150.77918354550894,102652800,159.90191879272462,167.4107793634588,168.4656431833903,163.59949401855468,34.46716839429395,3.8218824900353376,0.022167728828952432
2018-11-21,152.6833038330078,154.20662007342565,151.5979457331217,153.6163419307884,42965800,159.6653289794922,167.01695972789418,168.36055577596028,163.60448181152344,36.7151380725332,3.777677264121678,0.01998013266067162
2018-11-23,151.57894897460938,153.13081194571666,151.46469078800388,151.46469078800388,23503700,159.101229095459,166.63139925870027,168.2419984181722,163.63594970703124,35.45936326567697,3.6022243836225636,0.018124113261033532
2018-11-26,155.08251953125,155.15868679488534,153.05460790329147,153.70202238048194,42012600,158.9217628479004,166.3216366854581,168.14457664489746,163.67239028930663,42.21224756920056,3.6824670988239694,0.018251559056012476
2018-11-27,155.606201171875,155.99655305253083,153.45451536064698,154.23521912195864,36608100,158.93176040649413,166.01085482510652,168.06281954447428,163.69833633422851,43.16939644965518,3.696068948390206,0.017674840307568253
2018-11-28,160.6140594482422,160.6140594482422,155.6347419622156,156.7296156515834,70141000,159.0640998840332,165.766933371804,168.02271575927733,163.7454397583008,51.45065642870351,3.690625920348911,0.018751488391263827
2018-11-29,160.0904541015625,161.14725165264412,158.8242146603999,159.93813404763316,44885700,158.98460083007814,165.52282354181463,167.97453422546386,163.7757704925537,50.620091097395104,3.7239443196911037,0.01800066496217916
2018-11-30,161.25196838378906,161.34718112221498,159.50967986804972,160.3094290995242,36722800,158.85654525756837,165.2661365855824,167.92876116434732,163.79761207580566,52.453692120261245,3.562777178323791,0.017813811919724313
2018-12-03,164.07005310058594,165.0030766562481,161.3852115378138,164.81266576105054,50771700,158.99697341918946,165.07001786665484,167.90655085245768,163.83704750061034,56.65873399378905,3.4675643407571073,0.017887944622244877
2018-12-04,157.7769012451172,163.67021162835886,157.58649031994403,163.2132079750364,70594700,158.8427391052246,164.8052695534446,167.817831548055,163.84345489501953,46.72143135960022,3.6940191168784104,0.019938301873027878
2018-12-06,158.89083862304688,158.90988407597388,154.01624864826684,154.59701147943588,71715500,158.68326873779296,164.5348552357067,167.74329477945963,163.8576567840576,48.44508105531725,3.7409426853024246,0.019927261684253322
2018-12-07,153.64495849609375,159.10982734381093,153.14987835950515,158.1958488904134,80432200,158.0073013305664,164.1714804909446,167.62585016886393,163.84572410583496,41.61685372959265,3.8211891599723953,0.01965510747307077
2018-12-10,155.2539520263672,155.9299131127408,151.76937480522503,153.3593288369929,73960800,157.46510162353516,163.80245638760653,167.52577311197916,163.82588287353516,44.21404409085202,3.94631801540351,0.019908351146705437
2018-12-11,155.7680206298828,157.82449330114315,154.4541606686741,157.7864024031081,59058300,157.08855667114258,163.46023004705256,167.420080947876,163.79805541992187,45.05504330189668,3.7817416870890646,0.019688927559055207
2018-12-12,157.1389923095703,159.56677117979484,157.05330958563087,158.04345495957784,53780000,157.0276237487793,163.1341025612571,167.33800926208497,163.78707138061523,47.3352933079572,3.7178188519385884,0.018667033748600122
2018-12-13,157.18663024902344,158.8241904301964,156.16790923498382,158.1672603598229,46378500,156.96240921020507,162.80451354980468,167.25942357381186,163.78143806457518,47.416953339524206,3.7164608102051773,0.01866581128773575
2018-12-14,153.35926818847656,155.95841235394641,152.9974773387515,155.3871797004755,56547400,156.76628036499022,162.4030858820135,167.18022600809732,163.7695918273926,41.80801478420547,3.896677363959402,0.019374842554671853
2018-12-17,149.88421630859375,153.92099411494115,148.68461459356877,152.70234695216084,74834100,156.2588264465332,161.9114726673473,167.06652603149413,163.73322174072266,37.473703655313194,4.015008914037717,0.01942894543423792
2018-12-18,150.82676696777344,152.28343135366674,149.51290711876385,151.04573876680175,63642100,155.8265838623047,161.43768782182173,166.9792121887207,163.6928540802002,39.3114903447762,4.031329381396221,0.01954101662762048
2018-12-19,147.12327575683594,153.0165873682802,145.9903109039185,150.59832307959036,81856500,155.46813278198243,160.8899891246449,166.8494733174642,163.63060775756836,34.96305452272057,4.1755021091101145,0.018975534062670486
2018-12-20,144.9906005859375,148.39900979512382,143.18167506025776,146.76144973870086,99002100,155.14109649658204,160.31078518954192,166.69831924438478,163.5558519744873,32.7186215886954,4.382237662154531,0.01884237817483768
2018-12-21,140.49679565429688,146.70427358786867,139.68753138714698,145.71412845707243,141129400,154.5317710876465,159.6464130748402,166.50060895284017,163.45422454833985,28.558493133250906,4.752183444051419,0.019757738447594014
2018-12-24,137.01280212402344,141.29027089150622,136.9746168125307,139.47616993139565,56163300,153.8034637451172,158.98049399636008,166.28970489501953,163.319554977417,25.81769520083408,4.792508144516881,0.020293805904167763
2018-12-26,145.56773376464844,145.64410437689799,137.57610718480598,138.5213574124602,98982100,153.3277244567871,158.50872136896308,166.13330205281576,163.22330505371093,40.83330371022685,4.945918106819213,0.02459440163053327
2018-12-27,146.13107299804688,146.25518618235523,140.4309575665825,143.57222015706,85824300,152.8539680480957,158.06623229980468,165.96029001871744,163.1410913848877,41.67057927321546,5.012389048823906,0.02460124647682794
2018-12-28,146.0546875,148.55624051718436,144.86119624081124,147.18133625556132,77856600,152.1259994506836,157.6123143976385,165.77412821451824,163.0586378479004,41.584648300443334,4.85061014111443,0.023196824108539543
2018-12-31,147.28636169433594,147.97381381406322,145.80644421199165,147.4868746330001,53015300,151.48579483032228,157.31754261363636,165.5972007751465,162.9830525970459,43.6041173416059,4.708240947868417,0.023376022892266157
2019-01-02,147.8783721923828,148.7090375958502,144.05919947724058,144.1642273096665,58576700,150.81711502075194,157.07040543989703,165.4323340098063,162.91284172058104,44.595572159185735,4.799634196878456,0.02330582836798826
2019-01-03,143.047119140625,146.3315953941148,142.7320356475282,145.7014429769087,74820200,149.7659683227539,156.65372203480115,165.2031317392985,162.8357482147217,38.627462794329176,4.895890339374355,0.02356259891896713
2019-01-04,149.16732788085938,149.9025226764872,144.8803160150912,145.453183156539,74709300,149.33548965454102,156.38483997691762,165.02374318440755,162.78664787292482,48.10253097144093,5.195827649420756,0.024756891601290652
2019-01-07,150.94320678710938,151.67840140294462,149.05272091537373,149.53966005187098,52059300,148.93810806274413,156.06152316006748,164.86255887349446,162.7498885345459,50.491024151837415,5.084151047799253,0.02487891200607752
2019-01-08,152.3085479736328,152.871872215904,150.09342173632143,152.3276333395195,49388700,148.87128753662108,155.7618175159801,164.70412012736003,162.73949127197267,52.30834958682418,4.908584687671409,0.02390184700348955
2019-01-09,153.54981994628906,154.21817214421458,152.26084354608716,152.9005531190291,46491700,148.78608093261718,155.55582663796164,164.55871810913087,162.7556421661377,53.96285277302813,4.85049928504459,0.023853022433384715
2019-01-10,153.9890594482422,154.07498734711655,151.52569103091892,152.38501372663038,38943400,148.69713287353517,155.36059209650213,164.42410418192546,162.74606101989747,54.56354064292526,4.530714988747156,0.02384966001562339
2019-01-11,153.42564392089844,153.5879569343998,152.5663217347974,153.08191796025415,30176600,148.51146545410157,155.13970642089845,164.28511187235515,162.75888816833495,53.597496291306854,4.259672344359921,0.023761782611128823
2019-01-14,152.06985473632812,152.7286641054348,151.42058805047586,152.12713997381877,30710200,148.2556266784668,154.90524930087003,164.13030687967935,162.7736138153076,51.24621621970298,3.901694749338556,0.023824622216300845
2019-01-15,155.03924560546875,155.24930116812692,152.68090643569985,152.76683428342895,40874200,148.3396255493164,154.8620519464666,163.99438654581706,162.78953018188477,55.81780382659061,3.820537060254505,0.023618143399314243
2019-01-16,155.01065063476562,156.3759976427261,154.95335081635352,155.2970768819006,33812200,148.595947265625,154.7193192915483,163.83827018737793,162.82721015930176,55.7635767349659,3.30563310121865,0.022968609597959787
2019-01-17,156.23277282714844,156.92976759132435,154.26590170942924,154.5141426280303,39329000,148.86624755859376,154.6749725341797,163.714275487264,162.8627030944824,57.65694633706,3.0798929059416764,0.022987307608576334
2019-01-18,157.77955627441406,158.51475102441884,156.41420916481994,157.33080236185145,57183200,149.39906158447266,154.71812355735085,163.6224151611328,162.89417022705078,59.991009262315025,2.9789596145771964,0.02216816837403291
2019-01-22,154.6191864013672,156.71972816433137,153.49252304432275,156.64334297326178,56711700,149.88049087524413,154.65724931196732,163.5240971883138,162.90552085876465,53.50179893245759,3.130364159435749,0.02244056064310432
2019-01-23,154.81968688964844,156.11820601755403,153.07242843269594,155.4116684862577,38106100,150.5966354370117,154.53250843394886,163.41683743794758,162.93693519592284,53.84291818466638,3.015788407024926,0.02094319242744986
2019-01-24,155.8221893310547,156.05134485860142,154.73372607092716,155.325692972528,32417800,151.53710479736327,154.38721951571378,163.31262588500977,162.96814628601075,55.59695040177612,2.742308567226329,0.019727997303884633
2019-01-25,157.6840362548828,158.1614326886778,156.5382877275715,157.0729694023846,36515900,152.142919921875,154.3221749045632,163.20484352111816,162.99216552734376,58.733418885290554,2.4197256973521086,0.014834716414579223
2019-01-28,155.73629760742188,155.7458402932487,154.4377784546573,155.6503697280223,33491200,152.62318115234376,154.22898781516335,163.07647387186685,163.0108563232422,54.40399309571319,2.464052648256011,0.01528516370548388
2019-01-29,154.26588439941406,155.8603866758222,153.71210281022724,155.82218680402596,30784200,153.03374099731445,154.08690851384944,162.92745628356934,163.0130435180664,51.32795054681347,2.4190407472568967,0.015530657521231261
2019-01-30,158.1901092529297,158.76299092400328,155.5262429911055,156.0131822132278,41346500,153.57892837524415,153.9237412886186,162.80591367085773,163.03883476257323,58.13166966294522,2.600453456289882,0.016298730776981366
2019-01-31,160.5580291748047,161.3505092848396,158.94442632404585,159.1640246823243,37258400,154.21291122436523,153.82301552512428,162.70236104329427,163.07063346862793,61.61817382009012,2.6441037216979026,0.01649265859823259
2019-02-01,159.88006591796875,160.97808647874677,159.44086934884416,159.76549543367247,32143700,155.05455856323243,153.760854547674,162.59402974446616,163.08244636535645,60.07566740495677,2.6522808228734625,0.014209561525330433
2019-02-04,161.86602783203125,161.86602783203125,159.7654865129804,159.9086996103543,26718800,155.68949356079102,153.82464322176847,162.51325670878092,163.10257682800292,62.99777022378635,2.659101212061196,0.011375163724340706
2019-02-05,163.29823303222656,163.48918870370457,162.01881400744153,162.0856419364161,28156400,156.30724487304687,153.91204889470882,162.4460023244222,163.1371230316162,64.98795899191117,2.547937957766519,0.011285719566522592
2019-02-06,162.81130981445312,163.62287513988616,162.07611510989648,163.33644888913645,27970000,156.8323829650879,154.01258461692117,162.3657413482666,163.1816104888916,63.73288345896948,2.556803186596312,0.011323202729119049
2019-02-07,160.62481689453125,161.78966548077221,159.40268306125952,161.38865418257222,42036200,157.1861328125,154.02333956631747,162.28484141031902,163.21710968017578,58.289148732857676,2.610000391689062,0.011862141774607
2019-02-08,160.93992614746094,160.96856877557246,159.03989716079016,159.22129561583432,29020700,157.53367614746094,154.0500360662287,162.20189450581867,163.27044799804688,58.83485730443658,2.584764207225626,0.011861694701499571
2019-02-11,160.78712463378906,161.9137878744139,160.38611334884993,161.52231927400283,21434100,157.90175018310546,154.1681238347834,162.11735763549805,163.32212142944337,58.435611374070426,2.3876671569022454,0.011805679949439589
2019-02-12,163.16458129882812,163.40327955776894,161.6751064940751,161.9615473186012,29722100,158.45648651123048,154.3796375621449,162.05389989217122,163.36984519958497,62.67913944410722,2.3569798239823734,0.011802746354524815
2019-02-13,163.2791290283203,164.37714960769725,163.09773061477298,163.8901959032232,26094100,158.86848068237305,154.5722889293324,161.98617006937664,163.41766746520997,62.87580183904734,2.354251267214516,0.011200477811596023
2019-02-14,163.47964477539062,164.06206903880658,162.15248320058822,162.69670758860892,30326800,159.29193038940429,154.7886652166193,161.91456718444823,163.47194511413574,63.24095958941317,2.3235614443998918,0.011186095356367597
2019-02-15,164.16714477539062,164.7591118960032,163.403307303285,164.7209265784425,32521700,159.68864898681642,154.95384022105824,161.85075251261392,163.5209355163574,64.52921833931643,2.188529072435082,0.011126844864430566
2019-02-19,164.4917449951172,164.98824145894403,163.63243708028884,163.66107970618407,19487700,160.02425842285157,155.11539556329902,161.77633832295734,163.57610107421874,65.15022984096791,2.131923394796526,0.010991161013605236
2019-02-20,164.4630889892578,165.25556890218667,163.5751385207738,164.6063021070828,32593000,160.5164535522461,155.1853779185902,161.68695449829102,163.63121810913086,65.04196832814576,1.930732241712501,0.009704386627078508
2019-02-21,163.86154174804688,164.47260857993902,162.99269134026608,164.0238547817858,25207400,160.96854629516602,155.25394314852628,161.5904197692871,163.66877090454102,62.687055812406555,1.8106977565527171,0.009816377346240985
2019-02-22,165.07415771484375,165.18872821035853,164.12890741989287,164.21484986051362,27735400,161.43114471435547,155.3234375,161.48712094624838,163.70589057922362,65.40611502747359,1.795695566010506,0.009836328183972941
2019-02-25,165.6757049560547,166.76416852151723,165.56111987564668,166.33451453470062,32608800,161.83072814941406,155.35263117009944,161.39144846598307,163.74682411193848,66.70240785179347,1.7663719579835515,0.009608399652127958
2019-02-26,165.84754943847656,166.37268852840353,164.9977842089532,165.2746823513627,21939700,162.3362907409668,155.4993702281605,161.2953072865804,163.7800341796875,67.08188814973425,1.7486393471104813,0.00896248232416625
2019-02-27,165.7425079345703,165.94302086834384,163.99523505362922,165.08369845515168,25162000,162.9101219177246,155.62394603382458,161.2046262105306,163.8044689178467,66.5823763901237,1.7772840460194053,0.008514409953087991
2019-02-28,165.360595703125,165.9525626785042,164.89274190610905,165.22692527097536,25085500,163.26864624023438,155.83695761940697,161.1297696431478,163.82775260925294,64.69609775772325,1.6095121902480867,0.006876613141068202
2019-03-01,166.50633239746094,166.75457330535846,165.35102658401135,166.55407495601366,31431200,163.5660614013672,156.04154635342684,161.07744928995768,163.85538986206055,67.65642994358441,1.5720032692884303,0.006304634444440074
2019-03-04,166.53497314453125,167.84303473405134,164.67312993379528,167.60433651295742,38063500,163.8988067626953,156.23730912642046,161.0309118906657,163.89208457946776,67.729276770056,1.6893054317664362,0.0061570982462919215
2019-03-05,166.65914916992188,167.17473106651846,165.83802646868477,166.65914916992188,22319900,164.13846282958986,156.41040288751776,160.98057810465494,163.92413719177247,68.06511194056993,1.597916122755994,0.005655997851150507
2019-03-06,165.71385192871094,166.85005780070875,165.44651108459183,166.8214151794805,27194600,164.25924377441407,156.5654432816939,160.91127904256186,163.95454521179198,62.714530582294145,1.6067823886983266,0.005591354022321934
2019-03-07,163.68017578125,165.35106372300547,163.06910877388177,165.29377846746885,39407400,164.3026870727539,156.75309614701703,160.82930971781414,163.97890998840333,53.05227522733529,1.6592936255990989,0.006263197331960408
2019-03-08,163.43190002441406,163.5178278894257,161.6846272575929,161.84694030338719,39303200,164.44304122924805,156.99941766912286,160.7298276265462,163.99757652282716,51.99899843171356,1.7049896206661646,0.005396831970090963
2019-03-11,166.83102416992188,166.94560926935958,164.08122945623236,164.10987208884453,30518400,164.7375961303711,157.2904041637074,160.66294797261557,164.03428161621093,62.86828243048652,1.8591256825440448,0.0070007721281045935
2019-03-12,167.74758911132812,168.17724305933953,166.8691812754646,167.27019259820761,33953500,165.08561935424805,157.6653916792436,160.62469406127929,164.06883659362794,65.15925044190794,1.8352534331158157,0.007014753311577108
2019-03-13,169.00787353515625,169.8862811901753,168.37772134000028,168.61641954741793,42426100,165.37778396606444,158.1020693692294,160.585062789917,164.1099298095703,68.0758902102503,1.8823087787711188,0.006494072310799117
2019-03-14,168.72146606445312,169.32297570698708,168.67372350387515,169.12247734913709,23751500,165.6499008178711,158.6152451948686,160.5441535949707,164.1487851715088,66.70916481745336,1.8338849031139952,0.006536996603553146
2019-03-15,170.28732299804688,170.79336207979668,169.26568758120388,169.38025806945404,38192000,165.99028472900392,159.2202364834872,160.5002956390381,164.19902572631835,70.22835825812922,1.8611624180190003,0.006753344326043552
2019-03-18,170.69284057617188,171.20937514632857,169.87022387912185,170.21457539406128,32935100,166.31656951904296,159.6770566073331,160.46781539916992,164.24555671691894,71.08095693629419,1.8586086285730272,0.006735189167561404
2019-03-19,171.2667999267578,172.1755010409298,170.53982735902179,171.39113897479314,36893300,166.655322265625,160.13406982421876,160.4360720316569,164.29547889709474,72.29051430151168,1.836314904801126,0.006742361148732878
2019-03-20,171.94595336914062,172.9981429772888,170.49203721397245,171.27638479827368,50105000,167.02946548461915,160.60482011274857,160.4080047607422,164.33613655090332,73.69265325725428,1.9396209755812126,0.006734293820571068
2019-03-21,174.6338348388672,174.88252759202663,171.41031612388772,171.4294508265928,42428500,167.56808013916014,161.1020468971946,160.40130513509115,164.3828367614746,78.35979376694978,2.087382743209198,0.007208522453877535
2019-03-22,170.7981414794922,174.3468772560875,170.61639828777814,173.8781718982724,70794500,167.8542793273926,161.51876997514205,160.35026512145996,164.40779830932618,61.57254936305021,2.1479207254115544,0.009062777108745177
2019-03-25,170.47291564941406,171.06596005852316,169.23898277791127,170.1763934448595,46336500,168.09413986206056,162.0174208207564,160.29683163960775,164.42629722595214,60.39118060267092,2.182940202752854,0.009086467585375846
2019-03-26,171.2667999267578,172.83550946353304,170.39635361302024,171.7928946545936,33248100,168.3651023864746,162.4192294034091,160.24699910481772,164.45554595947266,62.29303297008707,2.2569122837811313,0.009113455969346687
2019-03-27,170.1667938232422,171.9076865816609,168.92331567637072,171.52508016654647,37096700,168.5863166809082,162.76874916770242,160.19133224487305,164.4792473602295,58.12822893061378,2.2811714088140604,0.009280167297652983
2019-03-28,170.55899047851562,171.19986430994626,169.53551019699222,170.60681993365233,30368200,168.84623641967772,163.1005753950639,160.13734664916993,164.50268112182619,59.176229887405796,2.257514665192413,0.00924155836507855
2019-03-29,171.85032653808594,172.0129350221594,170.82683157918032,171.87902129436353,35205500,169.113436126709,163.43331187855114,160.1224464416504,164.52820907592775,62.503944036726374,2.110388615099432,0.009262188398026687
2019-04-01,174.1268310546875,174.33726896285083,172.91204765224384,173.61987098379385,30969500,169.4930290222168,163.7994531804865,160.1442097981771,164.56516677856445,67.52901588771287,2.1918688676242346,0.009609416137423724
2019-04-02,174.78683471679688,174.95901781668795,173.87813355411828,174.31814405784098,22645200,169.89941329956054,164.18783846768466,160.18020032246906,164.59698486328125,68.8331207609686,2.116311166461555,0.009608024728719506
2019-04-03,175.7912139892578,176.8816584227349,175.24599907026948,175.77207928817913,31633500,170.40328140258788,164.61913590864702,160.21995900472004,164.63676467895507,70.75782007368598,2.2195662738062754,0.009439169443691222
2019-04-04,175.72430419921875,176.47995721459293,174.71036914957844,175.83908324066704,28530800,171.00548782348633,164.99522788307883,160.32183812459309,164.67669464111327,70.44571504681241,2.1979728487827708,0.008778005979456611
2019-04-05,176.6329803466797,176.73819931809214,176.02080122087122,176.23123916369616,25674700,171.6655418395996,165.3883611505682,160.4481886545817,164.723543548584,72.2367372377992,2.174740266758962,0.008700142550274676
2019-04-08,177.08250427246094,177.22597801585468,175.6477084565324,176.34597166687823,22697500,172.17811584472656,165.7674471768466,160.54083697001138,164.76670066833495,73.10505665249775,2.1706399722885528,0.0077418185274672445
2019-04-09,176.46075439453125,177.06337332052863,176.08770805831813,176.47988909255446,25631900,172.61377410888673,166.10710532448508,160.6450445810954,164.81406646728516,69.85097060047437,2.062689290204728,0.00785113131495087
2019-04-10,177.40773010253906,177.46511960279116,176.499028959051,176.69033215839082,24563000,173.03376693725585,166.5214424826882,160.71739540100097,164.86802055358888,71.9024091519652,1.8864145573562285,0.007794392094095889
2019-04-11,176.98690795898438,177.70430612060665,176.66169096196967,177.70430612060665,20654100,173.44703903198243,166.92448286576703,160.78568331400552,164.9386402130127,69.63486200472141,1.6739273150382235,0.007814828882047932
2019-04-12,177.7520294189453,177.8668083856906,177.01549699284317,177.77116411190093,24989100,173.82027435302734,167.32320723100142,160.89295590718586,165.00975929260255,71.40082987258478,1.6062789683306764,0.007663019653131934
2019-04-15,177.78082275390625,177.98170065260715,176.59471925627292,177.76168805033893,21073000,174.17467346191407,167.68860334916548,161.0017381032308,165.09214126586915,71.46807871686337,1.5311236501750634,0.007675939277165843
2019-04-16,178.39295959472656,178.78514064957034,177.8477301386512,178.431214397285,27195700,174.5309814453125,168.10054265802557,161.10855979919432,165.1706463623047,72.92565274238963,1.3896912923446283,0.0076766785570576545
2019-04-17,179.01467895507812,179.76077158459975,178.48859885142625,179.5886030987858,29651600,174.88441772460936,168.55052074085583,161.2256404876709,165.25007431030272,74.35841779532988,1.3685097121245673,0.007671180643240136
2019-04-18,179.24432373046875,179.62693025005456,178.1921339083531,179.311287898923,28580900,175.11494216918945,168.93332464044744,161.407550684611,165.32518577575684,74.88705949062427,1.367141983414401,0.006972706760975942
2019-04-22,179.75119018554688,179.81815431907518,178.32595464175733,178.45988290881397,17936000,175.56259460449218,169.28229120427912,161.54830271402994,165.41233528137207,76.06022251891896,1.296088930025326,0.004309067197670732
2019-04-23,182.03732299804688,182.25732093341182,179.95209344654953,180.21034618113106,33665600,176.14081497192382,169.6851504239169,161.74301503499348,165.5008415222168,80.48774565112234,1.39789225040356,0.004730480463564195
2019-04-24,181.46343994140625,182.41997061200553,181.40603584095052,182.19039799668178,24977100,176.65064697265626,170.04146700772372,161.9601582845052,165.5736961364746,76.65518619019514,1.3206858979119167,0.0049304690403813144
2019-04-25,182.19996643066406,182.90780441384973,181.21474096226393,182.82172015245564,29517500,177.25230560302734,170.3851348876953,162.1620974222819,165.6427254486084,78.09669854765545,1.315219854095582,0.004416859870265236
2019-04-26,182.36253356933594,182.40080296272671,180.39208307912622,181.91296306772531,26359500,177.84248275756835,170.74061168323863,162.3344482421875,165.71194984436036,78.41353745595865,1.3862787658618032,0.0044470125198675485
2019-04-29,182.71649169921875,183.00345381779383,182.06604325741526,182.36256542825964,21716200,178.385791015625,171.1422784978693,162.4919766743978,165.78722038269044,79.12169199230061,1.3405031230801094,0.004343446982371129
2019-04-30,181.3008270263672,181.59736381106268,180.0286540073373,181.2434375182005,31495300,178.74449081420897,171.5124766956676,162.65897115071616,165.84096755981446,69.32598476818393,1.4614346572042973,0.004293490858754141
2019-05-01,180.71731567382812,183.00343777423998,180.59297662322922,182.4869030869885,34797100,179.04101486206054,171.8748438054865,162.82443555196127,165.89108436584473,65.71458474099344,1.5618700816865012,0.004426184517757216
2019-05-02,179.9329833984375,181.597352004566,178.74688012327127,180.65994144712027,44110100,179.24810333251952,172.1797238436612,162.97320836385092,165.9393226623535,61.10667796795113,1.691002704733484,0.004512155312303228
2019-05-03,182.80259704589844,182.93651077061634,181.09997343355582,181.42519039422768,30386200,179.6020179748535,172.53469598943536,163.10352745056153,165.9967296600342,69.52603469007522,1.842690343695813,0.00556936203855427
2019-05-06,181.6834259033203,181.93211860686267,178.64165098215432,178.91905303177734,38371800,179.85454025268555,172.865673828125,163.23340644836426,166.05015647888183,63.73153422125311,2.0408306770822344,0.0057978094641719805
2019-05-07,178.14431762695312,180.4686806762306,176.48950868388818,179.70345304762583,58818100,179.90763092041016,173.11980424360794,163.35711809794108,166.09016441345216,49.641919004154204,2.340087771637095,0.007434746559468338
2019-05-08,177.6947021484375,179.03383921429318,176.91991466065676,177.5607884418519,37165300,179.96932830810547,173.35985801003196,163.51826019287108,166.12811431884765,48.18450073162071,2.393381526191612,0.007411176170703604
2019-05-09,176.73812866210938,177.3503075431823,174.17461956321307,175.71463411340378,55351700,179.93584823608398,173.58304054953834,163.6703202565511,166.1585726928711,45.14759023941985,2.54233054358611,0.0074198924429277335
2019-05-10,176.9581756591797,177.80948737988223,173.16074769496163,176.10686393847715,58526400,179.93441162109374,173.82116116610442,163.83428967793782,166.18661514282226,45.990873677620336,2.767797686986307,0.00740728242218395
2019-05-13,170.8172607421875,173.380756111166,170.31986067227348,172.45292012875942,67185800,179.58767318725586,173.925581221147,163.92415606180828,166.1719783782959,31.456631518345304,3.062953704060683,0.01064579560094511
2019-05-14,172.6920623779297,173.73469203144998,171.08509765681842,171.71641148104138,43360600,179.33323516845704,174.0531513560902,164.03432642618816,166.17987800598144,37.90815420952574,3.1989177410755025,0.011025630879963265
2019-05-15,175.13121032714844,175.57122089118548,171.51552528430372,171.55379468752477,40944500,179.17014770507814,174.2219451904297,164.20798403422037,166.2115200805664,45.14251526433539,3.3676771807394994,0.0115198009801047
2019-05-16,176.89122009277344,177.98167913172063,174.99729334268207,175.20773126997005,39281200,179.0639747619629,174.42464904785157,164.41931648254393,166.26388946533203,49.69682558565379,3.437367602556504,0.011741464690400633
2019-05-17,175.0834197998047,177.5130166020208,174.9303859393967,175.14082391739979,44702300,178.85592956542968,174.6014276677912,164.6059841156006,166.30085227966308,45.51680380460136,3.5548833241454707,0.011928208503596873
2019-05-20,172.1276397705078,173.3041680566961,171.54415565214697,172.64417435161172,38608300,178.47475204467773,174.70363325639204,164.7772232055664,166.31985260009765,39.645316493717274,3.615699499558062,0.012391356841871547
2019-05-21,173.92599487304688,174.40426026688064,173.05554835334905,173.6103379616564,31613800,178.06918563842774,174.83801546963778,164.93425216674805,166.3363929748535,44.34899274416137,3.6061394527982094,0.012258223237335485
2019-05-22,173.1511688232422,174.15552884638188,172.8929014811781,172.9598656272866,24332600,177.65357208251953,174.95605219060724,165.08046023050943,166.34644554138183,42.8012583703993,3.4927219873631423,0.012266980618887787
2019-05-23,170.50155639648438,171.23808894563743,169.4398069902236,171.16156475652443,45351300,177.06865158081055,175.0431013627486,165.16285603841146,166.33821334838868,37.9268464938518,3.5432815917088396,0.012502960978953932
2019-05-24,170.41549682617188,172.03203589088756,170.20505892452258,171.41985688486199,25903300,176.47129974365234,175.1655617453835,165.24889806111653,166.32641471862792,37.77636352889529,3.376569513324615,0.012482559868126797
2019-05-28,169.77462768554688,171.85029741234283,169.7554929861043,170.89376677720188,24763800,175.82420654296874,175.28088406649502,165.3199202219645,166.31036613464354,36.611401345312785,3.155204313810787,0.012421342029838724
2019-05-29,168.3780975341797,169.30593347850984,167.4789563431381,168.72244916914244,42178800,175.17807006835938,175.3090126731179,165.35582059224447,166.28785751342772,34.14064966171698,3.1681862272945267,0.01243021300342388
2019-05-30,169.08590698242188,169.56417225055472,168.12937644615621,168.8276396508908,30354800,174.59649963378905,175.3333457253196,165.450062306722,166.27549308776855,36.480408863091306,3.0192371715212465,0.0125529117214104
2019-05-31,166.38851928710938,167.67026697565984,166.311995076457,167.09635728901824,45446200,173.91927642822264,175.28572110262783,165.51254297892254,166.25059188842772,31.838300270286254,2.8853209015958368,0.012870759321891096
2019-06-03,162.7249755859375,166.38848941347524,161.91193336029482,165.9389188787971,75842300,172.9153953552246,175.17669400301847,165.58820978800455,166.2020036315918,26.842343071032516,2.7309116830178612,0.012597676147500786
2019-06-04,167.3067626953125,167.36415219327017,163.92063636083043,164.5519500293607,47797800,172.19656219482422,175.1225019975142,165.68864987691242,166.18687339782716,39.60613877818397,2.8538934914514464,0.014697541735493373
2019-06-05,168.55026245117188,168.93286885070958,166.79980971206464,168.90417410051919,34412700,171.71685943603515,175.08354603160512,165.7951685587565,166.17515693664552,42.536413038997026,2.7165623151488165,0.01443637324412543
2019-06-06,169.88938903808594,170.30069016261885,168.09110696031976,168.83719961056366,29913200,171.32659378051758,175.05850219726562,165.90142186482748,166.1699461364746,45.597628626347706,2.661219273238854,0.014630242504386598
2019-06-07,173.17031860351562,173.86859655189528,170.57812847375257,170.79812645702933,45888300,171.1482032775879,175.08076338334516,166.03461926778158,166.18190017700195,52.30204396608485,2.760974762609229,0.01536586383682026
2019-06-10,175.18858337402344,176.814697161593,174.28945681983137,174.3277116239568,41385300,171.0597236633301,175.09084972034802,166.21653022766114,166.20080955505372,55.902235220872775,2.7684829347820608,0.015616836734896061
2019-06-11,175.42771911621094,177.34078045704422,174.83467477111253,177.0155635320225,41260300,171.29024658203124,175.17502385919744,166.42939275105795,166.21758819580077,56.32289470763562,2.784874734036265,0.013365753135688116
2019-06-12,174.41387939453125,175.3130209747591,174.0886623194933,174.94953448177174,27758100,171.37633743286133,175.2466777454723,166.62595202128094,166.2305330657959,53.97221298678432,2.7903339791443966,0.013259790468708229
2019-06-13,175.44683837890625,175.87727422362002,174.79640458609404,175.14075618096476,23715800,171.39211883544922,175.32267844460227,166.8619817097982,166.2406600189209,55.98770613076785,2.6297649074351233,0.012941859555633138
2019-06-14,174.7008056640625,175.1503763615785,174.03123694292273,174.54775721480098,22844100,171.28259811401367,175.4051150235263,167.10956675211588,166.23821830749512,54.14367421773577,2.600380940979304,0.01276105986298374
2019-06-17,175.75294494628906,176.24077031802707,174.89205861348762,175.08336182227706,20379500,171.3160743713379,175.49955055930397,167.40336799621582,166.239754486084,56.32829448104262,2.560749528674021,0.012629138863099071
2019-06-18,178.30686950683594,179.55992223547514,177.36945902659576,177.82860421526382,48177300,171.6250358581543,175.6169422496449,167.74748522440592,166.2439387512207,61.16470170597976,2.668699953443828,0.01233411700549982
2019-06-19,178.97647094726562,179.3782121146909,177.50342000003965,178.54603502470292,31672900,171.87755966186523,175.70511752041904,168.0258913675944,166.25303909301758,62.34222724912351,2.700128261319025,0.012178011325963451
2019-06-20,180.64080810546875,181.511239851456,179.02426906999472,181.4729850498021,40922000,172.25204162597657,175.81155340021306,168.31347249348957,166.26932067871093,65.16917069209194,2.6830466183351325,0.012212187677108523
2019-06-21,180.3729705810547,181.52080430771142,179.99034960850398,180.43036007806288,39980400,172.74561233520507,175.89485806551846,168.5994581858317,166.2880643463135,64.33220867802828,2.472608673506053,0.01154297503307273
2019-06-24,180.3787841796875,180.91562344837783,180.28291375551868,180.73347841912081,19375200,173.24377670288087,175.97948497425426,168.87522837320964,166.3182413482666,64.3429132108387,2.1864324653293727,0.011535306778875577
2019-06-25,177.28228759765625,180.3595457817082,177.01386805467098,180.25409420212338,33921100,173.61915969848633,175.99129056063566,169.12026100158693,166.3407289123535,54.89316910609257,2.2744222500702,0.012306906471088164
2019-06-26,178.10678100585938,179.58310359894503,177.81919899349325,178.46148986739885,22595700,174.1055938720703,176.00991377397017,169.41242485046388,166.37066551208497,56.71600645202011,2.280938878569464,0.01206514127081525
2019-06-27,178.78744506835938,179.20925156875006,178.29854096714706,178.74910567185765,19709200,174.59067077636718,176.05221724076705,169.6592591603597,166.4011067199707,58.21718922255107,2.07545766778956,0.012063240246643538
2019-06-28,179.01748657226562,179.41052015546782,178.37519576855777,179.21879395892046,21179200,175.222119140625,176.08148554021662,169.89321149190266,166.4260454559326,58.73804100037816,1.8890966555633233,0.01123557028353276
2019-07-01,181.4332733154297,182.68911142407103,180.58967507700524,182.44945000778995,31025600,176.15753402709962,176.16232854669744,170.13591753641765,166.46562934875487,63.83634672120053,1.9723480245543032,0.009647054007035229
2019-07-02,182.15223693847656,182.17141394538373,180.85807421376495,181.37573637809552,18035800,176.89980773925782,176.24233231977982,170.37427101135253,166.49954177856446,65.213919449268,1.970511091332956,0.008039460174361907
2019-07-03,183.52313232421875,183.52313232421875,182.4206810095208,182.6124218487881,15792100,177.64845123291016,176.34673794833097,170.62038828531902,166.54287452697753,67.73752784291983,1.9639039882367715,0.008041413438119514
2019-07-05,183.14923095703125,183.48474811499906,181.55787587069386,182.2672788270511,21415600,178.31144332885742,176.4332156094638,170.86808484395345,166.5969303894043,66.32425419235437,2.003165060918298,0.008112427575679605
2019-07-08,181.8646240234375,182.0179961692824,181.11686715901726,181.9604797861196,17598800,178.74615859985352,176.48503279252486,171.1163745880127,166.63743537902832,61.571203420784066,2.038336428350399,0.007580683222956689
2019-07-09,182.775390625,183.00545622864811,180.84850342781286,181.00189024875985,19193500,179.12549896240233,176.54923400878906,171.3475091298421,166.68315948486327,63.56482382580325,1.9204775363253401,0.007297687139576195
2019-07-10,184.5968017578125,185.10488277585458,183.5518815228031,183.88741334729346,28374500,179.5839530944824,176.63733603737572,171.59406038920085,166.72839210510253,67.22660730637932,1.9529561103398632,0.007499750842259229
2019-07-11,184.4625701904297,185.34452231821808,183.8777958349888,184.87479537267646,23736100,180.08638763427734,176.68143144087358,171.8293087005615,166.77775260925293,66.69462889810288,1.8766673659854993,0.0072854940855989776
2019-07-12,185.52664184570312,185.5362230336423,184.49130306532473,184.66386684260507,20211900,180.5903778076172,176.75530783913354,172.0605344136556,166.83000579833984,68.8021792821875,1.8440386619858689,0.007282135004893052
2019-07-15,186.12103271484375,186.15938672943233,185.44040254748813,185.9580647222689,15606100,181.16138916015626,176.82659995339134,172.32304979960125,166.88404083251953,69.94623839296688,1.8502011254919435,0.0070892013889525185
2019-07-16,185.16238403320312,186.0635131999019,184.5967866635587,185.89096402045934,20190900,181.63186111450196,176.87750632546164,172.57590560913087,166.93266380310058,65.75787813181415,1.718724691653981,0.0072920038711931975
2019-07-17,184.25169372558594,185.4883548239019,184.23251671652662,185.1624041809815,16765100,181.92910232543946,176.9054190895774,172.81281814575195,166.96930755615233,61.962092637245284,1.6440834135173017,0.006909042609346104
2019-07-18,184.4625701904297,184.81726435384192,182.80411752772812,183.37929606614497,28877000,182.20340728759766,176.962905328924,173.03597259521484,167.0071957397461,62.501858844778376,1.709131718033238,0.0068920907814414185
2019-07-19,183.1108856201172,185.81427315712082,182.91915943108452,185.72799856622171,29387900,182.32691116333007,177.0064247824929,173.26409416198732,167.03651664733886,56.92576729296202,1.8419738136851131,0.006908822305215656
2019-07-22,184.56800842285156,184.9610565703683,183.52308838676257,183.52308838676257,18954900,182.53666305541992,177.09069796475498,173.51661186218263,167.0751226043701,60.96835371553395,1.7118699635740922,0.007072255666621974
2019-07-23,185.77589416503906,185.79507116969515,184.3379259989733,185.5745868133403,23786700,182.8065185546875,177.14475791237572,173.74649340311686,167.11881576538087,63.98573827172366,1.7221417806528823,0.007166206883048366
2019-07-24,187.07969665527344,187.08929247374786,185.0473725156966,185.06654952487338,20422900,183.29638900756837,177.2428719260476,173.96750729878744,167.18602249145508,66.95526163208322,1.770072107246388,0.005751498495827374
2019-07-25,185.30616760253906,186.47571621666083,184.95145884070303,186.4469580235077,23434700,183.65635833740234,177.37308738014914,174.17939147949218,167.25497718811036,59.73945820611788,1.781713633035354,0.0063383985503788895
2019-07-26,187.2138671875,187.46312437118914,186.3894314991254,186.48530189712415,20431200,184.0776794433594,177.5461631081321,174.3906234741211,167.33870666503907,64.2077849184869,1.7906131309379316,0.006596216576285544
2019-07-29,186.57159423828125,187.10843341152997,185.39246429505494,187.0413358287591,20451700,184.45538482666015,177.72495339133522,174.5845681508382,167.41646377563475,61.72400158764566,1.7666452803386323,0.00671854451822601
2019-07-30,185.76632690429688,186.49489223039717,185.00900338294062,185.14321317005832,18705000,184.67203750610352,177.8851015957919,174.77585995992024,167.527801361084,58.66010575110616,1.7118666163733505,0.006294327505368511
2019-07-31,183.19717407226562,186.38945094434067,181.4907861298046,186.26483696726467,41627500,184.72428436279296,178.11019092906605,174.96396293640137,167.63643264770508,50.113238924208645,1.957005068609549,0.00709031225996634
2019-08-01,182.28646850585938,186.91672885253652,181.40451624379307,183.51353379462745,63251600,184.662451171875,178.2846346768466,175.14185078938803,167.71804145812987,47.47276802766366,2.274045051861752,0.006970563934517321
2019-08-02,179.60223388671875,181.1744118656774,178.5093786407081,180.91557349411016,55214000,184.48510131835937,178.36592601429334,175.29864336649578,167.7962734222412,40.670743557516374,2.4924811720908298,0.00767714132174873
2019-08-05,173.2560577392578,175.92109199149695,171.78933078129074,175.8443985693306,75040000,184.0546730041504,178.29983215332032,175.38273900349935,167.81892555236817,29.799505157164774,2.9416709616724694,0.010822241586810671
2019-08-06,175.68136596679688,176.1990427192213,173.58194464613536,174.85693026622062,41897200,183.69997177124023,178.31070390181108,175.48609097798666,167.85337059020995,36.75694195540147,3.062181452571628,0.011319900753493097
2019-08-07,176.6304473876953,176.87968997147158,172.45075209099508,173.7736876668343,49990600,183.30165405273436,178.39257313121448,175.59568099975587,167.91212623596192,39.29249497322959,3.2347379564546777,0.011111908257603687
2019-08-08,180.47457885742188,180.5321098691038,176.9371895968058,177.42609348784185,38418100,183.10225448608398,178.51163829456675,175.7315762837728,167.99086433410645,48.32874586792931,3.30663429612412,0.012333721319575752
2019-08-09,178.77781677246094,180.22536631033915,177.37818781064036,179.61183373354245,33608900,182.7648132324219,178.61394098455256,175.85062688191732,168.05688163757324,45.135230824063974,3.3956500173048636,0.012360744823450351
2019-08-12,176.726318359375,178.2122073047734,175.9114637660263,177.6753681209171,24642900,182.29507751464843,178.72711847478692,175.95282046000162,168.11568824768065,41.559470779606585,3.4963077198557784,0.012484551398447586
2019-08-13,180.59922790527344,181.8358741828538,176.40995168747628,176.57291966962129,40241900,182.06691970825196,178.9122772216797,176.09230117797853,168.23160888671876,49.66648301632574,3.7380221868076524,0.013600475857758872
2019-08-14,175.2020263671875,178.26010750446693,174.87609044496008,177.69451023452507,51000500,181.61443634033202,179.01095719770953,176.17670008341472,168.2933142852783,41.10812709273291,3.9948007329321484,0.015033973830112152
2019-08-15,175.00070190429688,175.99768657702458,173.6681855264908,175.4320893624217,36685000,181.1413429260254,179.1313681862571,176.25440839131673,168.3749585723877,40.825527625124884,4.007125324495271,0.015014192196594594
2019-08-16,177.80955505371094,178.26011958817796,176.4866342715324,176.59208585678573,32781400,180.87627639770508,179.28997996937144,176.35409177144368,168.48697509765626,46.365470569552734,4.109840666740701,0.015521789211978486
2019-08-19,180.6375732421875,181.02104023731485,179.7460399055855,180.37874947671799,22494100,180.67975463867188,179.5490536776456,176.47821731567382,168.6003266143799,51.30817661989433,4.227618833045221,0.015870484844122953
2019-08-20,179.23794555664062,180.8388817438944,179.1900103573567,180.18700984249392,19902900,180.35285720825195,179.84928949529476,176.59386189778647,168.68811416625977,48.9060394051412,3.9954907310453387,0.01583676073036958
2019-08-21,180.82931518554688,181.404493740183,180.18702442092956,180.81013817872793,20418500,180.04033813476562,180.09515408602627,176.71322008768718,168.7731953430176,51.67626386100621,3.756514700673833,0.015895830863889786
2019-08-22,180.2445526123047,181.6250046382273,178.82574657023355,181.16484421107228,24243700,179.7872573852539,180.30777754350143,176.82746658325195,168.86811065673828,50.590812833723696,3.6866695723054375,0.0157934139169151
2019-08-23,174.54058837890625,180.65673655286332,174.05166982565626,179.01746098475311,55372400,179.15359344482422,180.3923448042436,176.8931452433268,168.93650566101076,41.44584756009791,3.6003955452896554,0.016921865924332133
2019-08-26,177.17686462402344,177.22478519580514,175.5088162229292,176.52497809122357,27598900,178.68385696411133,180.46519109552557,176.9886703491211,169.01198875427247,46.27923284448032,3.5819106764993274,0.01741814602094668
2019-08-27,176.8030242919922,178.71073455345493,176.11281282656117,178.41355671872572,28012800,178.2356918334961,180.49454456676136,177.09802742004393,169.0601823425293,45.70310437341701,3.4511238083862747,0.017412590410030477
2019-08-28,177.43572998046875,177.7329078084959,175.34588936545688,176.22784165848898,21792400,177.94761962890624,180.5310538552024,177.21472600301107,169.11687126159669,46.90776431449596,3.3429349485027404,0.01724145702972805
2019-08-29,180.14869689941406,180.66637376526188,178.9599709739232,179.640615852272,25358900,177.840731048584,180.6353232643821,177.32570660909016,169.20112014770507,51.841644096165744,3.352524429789284,0.017615122207015655
2019-08-30,179.71726989746094,181.15523812219482,178.70110802575874,181.11688411131783,26319800,177.8464828491211,180.71296747381038,177.42545394897462,169.3079182434082,51.029512370764316,3.3230799362179573,0.017301862130339237
2019-09-03,177.97256469726562,179.43929141790844,177.37820905636445,178.51899975636937,27964200,178.0823081970215,180.77245400168678,177.50015970865886,169.405326461792,47.77035314959565,3.102589818055027,0.015375340896118443
2019-09-04,180.541748046875,180.6951348709087,179.1708770772043,179.6885539513749,21592100,178.3253273010254,180.85952314897017,177.59866205851236,169.5216259765625,52.573872560916406,2.8882635832928645,0.015394420053036286
2019-09-05,183.84906005859375,184.37631808726545,182.4686079936248,182.53572020989742,33932600,178.6862579345703,180.96029024991122,177.71167653401693,169.6407048034668,57.936883253775775,2.9957685111397683,0.015832398210844072
2019-09-06,183.66688537597656,184.2229015138667,183.26425602669806,184.1558039362049,19487800,178.84587326049805,181.04557051225143,177.8197935740153,169.76168113708496,57.55083626046888,2.831427639946022,0.015149685150512026
2019-09-09,183.28346252441406,184.31880157248523,182.35357508201045,184.24210816583866,24407600,179.0711555480957,181.09361877441407,177.91993242899576,169.90663696289062,56.694584888632264,2.74240916186537,0.01497296695551377
2019-09-10,182.75613403320312,182.85200441149075,181.09768180874215,182.29598839850766,23744700,179.3726463317871,181.1369490189986,178.01001726786296,170.06276100158692,55.472186267172745,2.7807598282320987,0.014706340554750615
2019-09-11,184.47215270996094,184.56802311427336,182.67949024592443,183.1012966204671,25063600,179.5662925720215,181.21137390136718,178.09200325012208,170.2217052459717,58.600376262853324,2.760901591432567,0.014056212877736726
2019-09-12,185.2390899658203,186.65789602237794,184.9898473693949,185.60337998409477,28689900,180.06814575195312,181.3560430353338,178.21234448750815,170.39000595092773,59.954438559947164,2.717079108891371,0.012012026785600044
2019-09-13,184.5775909423828,185.40202662537243,184.33792957672034,184.9706390927338,27669800,180.54699020385743,181.47369412508877,178.32988344828289,170.5374813079834,58.18669210275262,2.3212955604231587,0.0120666357314793
2019-09-16,183.7531280517578,184.13659495670058,183.2067078253936,183.3888527767706,20319000,180.84416885375975,181.56397927024148,178.43393618265787,170.67821594238282,55.971594324276,2.227487439001038,0.0117430118458635
2019-09-17,184.6351318359375,184.6351318359375,183.37929392534966,183.77234209672974,20953400,181.04404678344727,181.6661182750355,178.55450566609701,170.7983213043213,57.82147877391065,2.131624309264901,0.011290389661454604
2019-09-18,184.5584259033203,184.63511929455845,182.24808686099064,184.25165233836776,29781300,181.31007080078126,181.72293923117897,178.6711676279704,170.92066116333007,57.594837818918094,2.1316262044011762,0.011103534272208277
2019-09-19,184.8651885986328,186.0155602350535,184.51049445624344,184.88436560377437,26039400,181.51186447143556,181.772265625,178.77962481180828,171.0387272644043,58.29881067211268,2.008370632545243,0.010968343512142749
2019-09-20,182.90956115722656,185.31575605454987,182.29602863296483,185.1240298834248,29086100,181.64511489868164,181.76110978560015,178.85281422932943,171.1329248046875,52.33408986340155,2.048770441484454,0.011242789762866166
2019-09-23,182.990234375,183.537771245626,182.2409841942349,182.85575394915156,22485900,182.06759719848634,181.75821893865412,178.9211758931478,171.25899147033692,52.5497633447632,1.9743223136483559,0.008264973015773235
2019-09-24,180.55999755859375,184.22940093960443,179.77231590994003,183.82595960392908,40820700,182.23675384521485,181.73449845747515,178.96091575622557,171.36733726501464,45.82340344823365,2.098216231935593,0.008404341405792942
2019-09-25,182.58682250976562,183.06711191620212,178.8693871942735,180.3774883087039,34704900,182.52594375610352,181.73106994628907,179.0181034088135,171.512046585083,51.409553018517634,2.124155852045464,0.008671069584544017
2019-09-26,181.91439819335938,182.5099522947323,180.56957922419545,182.34665567523547,26826000,182.74987716674804,181.6822989723899,179.06211522420247,171.64534881591797,49.58294641468013,2.199769980502716,0.008737672207771587
2019-09-27,179.6570281982422,182.3466514164855,178.4274886682911,182.25058768619323,40773500,182.72529373168945,181.59492548162288,179.08356959025065,171.76479385375976,43.93885599992604,2.33933685605412,0.008594750705227439
2019-09-30,181.3668670654297,181.65504361492887,180.0124475428713,180.3870726600398,26307700,182.8077735900879,181.51929321289063,179.12445386250815,171.88593322753906,48.7020549326758,2.325925048983746,0.008836807405082005
2019-10-01,179.8875274658203,183.07664024539486,179.58975049639847,182.0296132699233,32367600,182.9035217285156,181.40595675381746,179.14511884053547,171.99943771362305,45.12937992697246,2.440093397601422,0.008748909955729814
2019-10-02,176.79446411132812,178.69640531094086,175.80506949463853,178.6675891304364,48544300,182.71615753173828,181.25381275523793,179.143515141805,172.1166136932373,38.731751932989596,2.5755730160846206,0.008966934262040269
2019-10-03,178.73492431640625,178.8694047771371,174.65246396039026,176.77533513744686,39392500,182.4604507446289,181.1535078568892,179.15170593261718,172.26086723327637,44.08692603462965,2.800776142377103,0.008256011195010932
2019-10-04,181.3668670654297,181.62622742570576,179.5129571581588,179.70506997206886,31887600,182.34544982910157,181.09722234552558,179.18158963521321,172.41356773376464,50.417239496232135,2.909377570399268,0.009008372195052938
2019-10-07,180.8193359375,182.26020395700343,180.50234321433715,180.84815212530867,21216000,182.22224349975585,181.05555780584163,179.20180943806966,172.58204803466796,49.17005809003325,2.9452363441191562,0.009018914742989124
2019-10-08,178.11045837402344,180.45427218895307,177.9663774662467,179.6858064805273,32379300,181.98995971679688,180.93814780495384,179.19427426656088,172.7476473236084,43.44411806512886,2.9785158795696156,0.009566567228310256
2019-10-09,179.8491668701172,180.66566472324038,179.08070088904879,179.6186373358853,20147400,181.7588104248047,180.83038912686433,179.19931462605794,172.9444091796875,47.65742628201704,3.053525920312964,0.009588682623326216
2019-10-10,181.2420196533203,181.96245382767165,179.7435189158329,179.8972150574395,25177700,181.5589569091797,180.72424954501065,179.21173820495605,173.16555526733399,50.818333957507214,2.9963264553310864,0.009727196461608386
2019-10-11,183.57620239257812,185.03628617190788,183.20157727270774,183.30724151971057,40976700,181.50888748168944,180.69279563210227,179.22456219991048,173.35559761047364,55.65168342240073,3.174717845845119,0.010186972990876628
2019-10-14,183.55697631835938,184.14292989905076,183.13431935428463,183.31683164852305,14975000,181.49907989501952,180.6263067072088,179.24200833638508,173.54272712707518,55.60321205344206,2.928398239780957,0.010137901115566787
2019-10-15,185.89120483398438,186.32346234242564,184.0084640243547,184.1237287846674,23234200,181.56188354492187,180.61393599076703,179.27276865641275,173.74190971374512,60.142187922444,2.826166904219359,0.010484010509980256
2019-10-16,185.4300994873047,185.90078831090023,184.84414591395813,185.25720236267813,20457100,181.6054672241211,180.60782276500356,179.29833170572917,173.93262840270995,58.861973794728925,2.7575525550316393,0.010502526989256258
2019-10-17,185.92002868652344,186.83257561023527,185.2091951016722,186.54439904030806,19045200,181.65820922851563,180.6573292125355,179.32502784729004,174.12283668518066,59.840141708613324,2.5935681093436846,0.010511557194140608
2019-10-18,184.13331604003906,186.0352575832258,183.19195310656008,185.58378446408184,27700800,181.71939697265626,180.6909082586115,179.34863192240397,174.32826766967773,54.72926236592132,2.653945899342188,0.0104607287821604
2019-10-21,185.7663116455078,185.89119156511174,184.56558828706244,185.11312517400196,15801200,181.85820083618165,180.8029823996804,179.39070688883464,174.51126258850098,58.23985174639698,2.5304448833476374,0.010631428222152753
2019-10-22,184.28701782226562,186.75569730361718,184.22937079180045,186.4963369669579,22392300,182.04455184936523,181.00354531028054,179.4269905090332,174.67798164367676,54.14380111043688,2.419292636250134,0.010322583683523807
2019-10-23,184.64244079589844,184.68085749509788,183.61461454078156,183.91240625296584,14828400,182.14733276367187,181.16647394353694,179.44232254028321,174.8396511077881,54.96337224788632,2.194242788933668,0.01004698841875645
2019-10-24,186.43869018554688,186.55396958030144,185.1419179170002,185.95840090298907,18998500,182.37354736328126,181.3448056307706,179.4819497426351,175.00409545898438,58.95587668841199,2.1242589085839176,0.010192038751185774
2019-10-25,187.9276123046875,188.02367603556166,185.4397170420819,185.4781337400711,21507100,182.7870765686035,181.4803153298118,179.56347719828287,175.1737882232666,61.96572569874106,2.1832659264991667,0.00976169771111959
2019-10-28,189.7815399169922,190.03128510122104,188.8017455434875,188.8017455434875,18818700,183.20781021118165,181.68038302334872,179.66420084635416,175.35556770324706,65.3709075513915,2.129745521162042,0.009775538004193755
2019-10-29,188.3118438720703,189.75271193716878,188.2830276833498,189.4645500499634,18569700,183.62902603149413,181.89102894176136,179.76064847310383,175.53677764892578,60.7291563363888,2.054267370049575,0.009752690387509269
2019-10-30,189.2244110107422,189.5414037533814,187.5914154291581,188.67687409420128,21764300,184.25052337646486,182.0478504527699,179.86286710103352,175.70770347595214,62.50925236130343,2.035056899505613,0.008607668965805542
2019-10-31,189.3108673095703,189.85838959119974,188.21580808904255,189.7719410189323,26801800,184.77932052612306,182.3043748335405,180.01698048909506,175.87920455932618,62.6818400915907,1.881365112617729,0.008442652104587483
2019-11-01,191.03028869628906,191.03990386430874,189.83918044331378,190.12734233853791,22131900,185.26249160766602,182.59582186612215,180.16979904174804,176.05319213867188,66.03102149803215,1.9328241133300363,0.008115027308244467
2019-11-04,192.21180725097656,192.624849064048,191.03028487511827,192.29825581781458,19015900,185.83211517333984,182.85768099698154,180.3121373494466,176.22535339355468,68.14654521109246,1.8491154108202832,0.008038422586261177
2019-11-05,192.31747436523438,192.64406761633995,191.68348888442827,192.45195480141126,15048900,186.5424659729004,183.0700428355824,180.4406894683838,176.41384483337401,68.33646872754491,1.842253720460968,0.006865335688186243
2019-11-06,191.88519287109375,192.11573703214864,190.95343037390643,192.0965213544105,19725500,187.1442672729492,183.29999278675427,180.58070424397786,176.59917236328124,66.58732597353608,1.8237296835156027,0.006847779686348784
2019-11-07,192.52880859375,193.76796349723455,191.9716857686282,192.84580136772814,17832400,187.7086067199707,183.51271084872158,180.75071398417154,176.78270545959472,67.90455358941999,1.7551201227638213,0.006766558252999862
2019-11-08,193.2972412109375,193.3164568883277,191.67386091724669,192.18298109584964,15258800,188.19465866088868,183.75003245960582,180.9121410369873,176.960771484375,69.45295184164038,1.7468858689072744,0.006366920518855124
2019-11-11,193.0379180908203,193.1147514948287,192.05812363111994,192.31748400577246,10147600,188.66870574951173,184.086347545277,181.07786394755047,177.147279586792,68.25620708305009,1.6549423737644762,0.00640051845479032
2019-11-12,193.59506225585938,194.23866300794606,192.90345894255466,193.2012360520831,14778300,189.05389862060548,184.38486022949218,181.27030982971192,177.34392547607422,69.47324065946206,1.67415388169841,0.005938737841014694
2019-11-13,193.64308166503906,193.8255939868118,192.7977822666327,192.92264754684328,15774600,189.46454772949218,184.6910430908203,181.46387303670247,177.52119033813477,69.58148759819545,1.6110312342538455,0.005860022253850338
2019-11-14,193.48936462402344,193.61424454800726,192.32707258035344,192.91302618611647,16945400,189.8430145263672,184.98292735706676,181.6614958445231,177.68584701538086,68.74117331041373,1.520463383625692,0.005896187607218753
2019-11-15,194.91104125976562,194.91104125976562,194.03691106346787,194.66128139952696,18427900,190.38190078735352,185.25133361816407,181.882603708903,177.86100189208983,72.09743393049988,1.471749372140595,0.0053286278365347476
2019-11-18,195.0647735595703,195.3721512004459,193.816017998573,194.60368511234972,18365900,190.84682388305663,185.53037913929333,182.09909426371257,178.02699562072755,72.44200562076954,1.4758651555856315,0.005152626759297689
2019-11-19,195.35289001464844,195.80436318659724,194.6036397840245,195.80436318659724,16923300,191.40011749267578,185.84638505415484,182.3404640197754,178.18726890563966,73.11216621081645,1.4223462326105931,0.0045442421066077664
2019-11-20,194.18096923828125,195.42972442118923,192.71128506876605,194.84377085536985,36629000,191.8770439147949,186.0943708939986,182.60259730021158,178.34411720275878,66.07374761434971,1.4991932219153077,0.004962648350630289
2019-11-21,193.7487335205078,194.10415762967773,193.14357886690152,193.9696625319111,17883600,192.24254608154297,186.27436495694246,182.82294705708821,178.50973678588866,63.64028521887858,1.4497899231039721,0.0047664837938020494
2019-11-22,193.87362670898438,194.34431561155182,192.82659930369675,194.229036185192,17189600,192.53984680175782,186.45994207208807,183.03397509257,178.67440528869628,64.05225947866175,1.4443007887414967,0.004553951858237078
2019-11-25,196.1693878173828,196.2078045170723,194.68048786654109,194.7093040556252,17752800,192.85923919677734,186.69423162286932,183.25297508239746,178.85131660461425,70.63804035135995,1.5424150084683714,0.004760235618089848
2019-11-26,196.5440216064453,196.79376680861864,196.00609984344504,196.29427640427195,14780600,193.2708480834961,186.94492048783735,183.4477559407552,179.01821380615235,71.5538885984189,1.5012452208859182,0.004213758941631322
2019-11-27,197.9176483154297,197.92726348402437,196.81298856496463,197.05313326352393,16963100,193.70550994873048,187.18938404430043,183.6371648152669,179.1914064025879,74.67324178767242,1.4655645959886507,0.004312015262911395
2019-11-29,197.01473999023438,197.71595848938207,196.91867623647894,197.41818137291952,9854600,194.09070358276367,187.40348677201703,183.8170566558838,179.3590818786621,69.2942778653752,1.419591460836488,0.00456114847673904
2019-12-02,194.99746704101562,197.09152147424373,193.8255599088774,197.02428859014643,28007000,194.2890625,187.59293906471947,183.98858655293782,179.51323348999023,59.05848239506661,1.5643660312328282,0.005007825984645099
2019-12-03,193.47018432617188,193.54703239091126,191.37611486951567,192.3174926696207,31104100,194.35198135375975,187.76961281516336,184.13878110249837,179.65812568664552,52.71017250165265,1.7276623245262965,0.005226025939159922
2019-12-04,194.449951171875,194.91103952948296,194.17138978093027,194.45956634011807,15300100,194.4586051940918,187.94806407581677,184.30335731506347,179.8080599975586,55.979222274584416,1.7571654304642956,0.005332012533171961
2019-12-05,194.83416748046875,195.14154502375882,193.88318934942097,195.14154502375882,14962300,194.60605392456054,188.13489574085582,184.4623675028483,179.96292312622072,57.2279048925057,1.7530473297251692,0.0052982808035845425
2019-12-06,196.91864013671875,197.06272108366758,196.10214235129337,196.25583846621763,16555300,194.82554550170897,188.35404940518467,184.61746559143066,180.12214553833007,63.30872612630802,1.8106813988292154,0.005723804498473939
2019-12-09,196.02532958984375,197.48539886354445,195.93886635530282,196.5632513914461,13984100,194.9619499206543,188.59251792214133,184.75953941345216,180.27389366149902,59.41059405202932,1.8099956349984094,0.005817358338991755
2019-12-10,195.86196899414062,196.80334656728348,195.4201110500064,196.12132931794662,21799800,195.1031524658203,188.82654946067117,184.88638242085776,180.42396575927734,58.698804253577144,1.8230322146201476,0.005808996830502462
2019-12-11,196.89942932128906,197.1011573092682,195.99648294539233,196.30387518283317,18780800,195.26837081909179,189.12363003817472,185.0241029103597,180.57975036621093,61.82672778116914,1.7173714262418887,0.0058803920709916205
2019-12-12,198.369140625,199.1472218353704,196.42878182701085,196.69774274271768,32612000,195.50467376708986,189.41058127663354,185.17402254740398,180.7447930908203,65.78050599786911,1.837446400311876,0.006059339658814993
2019-12-13,199.02230834960938,199.71392620409247,197.8408006220625,198.26344294889714,32519400,195.78132095336915,189.72163418856533,185.35518938700358,180.90737297058106,67.39669414950936,1.862832777038656,0.006056622762873804
2019-12-16,201.02027893066406,201.27002407912096,200.2614136617981,200.32866119634355,21296600,196.08678283691407,190.11005692915484,185.54613520304363,181.07979949951172,71.78631670032185,1.8566569142832026,0.006222687019999622
2019-12-17,201.1355743408203,201.44296656173643,200.7993659313518,201.27965528358234,15996100,196.39032287597655,190.46948797052556,185.73236961364745,181.2521816253662,72.02042363987005,1.846366461798277,0.006224281438906923
2019-12-18,201.2892608642578,201.84639824518203,201.07793238676012,201.30847654146683,15443300,196.68714141845703,190.8586103959517,185.9179677327474,181.43005867004393,72.34977661882621,1.8024538890013377,0.006226773997247859
2019-12-19,202.54763793945312,202.6148708308799,201.35651500032137,201.37573067955844,17865900,197.10547485351563,191.32684992009942,186.09392077128092,181.62439598083495,74.94987647833236,1.8257851666921485,0.0060485813181530585
2019-12-20,203.36412048339844,204.1421868755069,202.94146351552035,203.5082014236898,27672600,197.58624420166015,191.77465348677202,186.27068646748862,181.82405708312987,76.49436325228565,1.7063985503126804,0.0059728267122343606
2019-12-23,203.90130615234375,204.2286074987485,203.72803415332257,204.08421416623082,23774700,198.08762817382814,192.18437056107953,186.44050458272298,182.009408493042,77.47823598102077,1.5094796105876875,0.005957877070240237
2019-12-24,204.00718688964844,204.170837552741,203.54511356509022,204.0842015585825,7089000,198.4795181274414,192.6059678511186,186.61432088216145,182.1907064819336,77.67657354759109,1.4512559523262374,0.0055517611120904625
2019-12-26,205.807373046875,205.82663038769633,204.3056236218492,204.33450228855762,17067500,198.94268569946288,193.10954811789773,186.8138437906901,182.37470397949218,80.77630818713729,1.4913336540198117,0.005758880572674735
2019-12-27,205.63406372070312,206.5485889415782,205.0853397747514,206.5293316042524,18134100,199.32850646972656,193.57836442427202,187.00433273315429,182.55926696777342,79.62992666891391,1.4366690514218103,0.005690624113449857
2019-12-30,204.286376953125,205.6533543436165,203.27557957106492,205.52820366430953,21815500,199.69208831787108,193.99735273881393,187.16841252644858,182.72926223754882,71.171266389149,1.496043498872522,0.005826027004083123
2019-12-31,204.67141723632812,204.81581055405601,203.31406129350384,203.63174128155072,18170900,200.17578582763673,194.3809020996094,187.3368195851644,182.8991551208496,72.08366691306131,1.504508766249314,0.005088157914150893
2020-01-02,208.08885192871094,208.08885192871094,205.99024284000404,206.39455878794698,30969400,200.90671920776367,194.82693620161578,187.52483800252278,183.0832653808594,78.56726739387588,1.6600977931961174,0.005427740135722498
2020-01-03,206.18280029296875,207.42464165672527,205.31641095610559,205.33566829598263,27518900,201.49336166381835,195.19587430087003,187.69201939900717,183.2544496154785,68.94884216892777,1.6639550049279603,0.006121926768264804
2020-01-06,207.51126098632812,207.5401396493011,204.31523320861092,204.56551985072494,21655300,202.12721633911133,195.59734996448864,187.8782600402832,183.41883674621582,71.56196949255735,1.7605107805465454,0.006165797109986423
2020-01-07,207.48239135742188,208.06961534518254,206.827788716139,207.58828468928186,22139300,202.6554039001465,195.98939292214135,188.07184918721518,183.60225799560547,71.42130395082701,1.6886615590845426,0.005941931243612889
2020-01-08,209.04190063476562,209.99494063359947,207.12621400096043,207.4535153257553,26397300,203.30623245239258,196.44227627840908,188.27667694091798,183.79510292053223,74.35393617261943,1.8475991306741426,0.0057856851127209745
2020-01-09,210.8131866455078,211.21750259673692,209.58098145441585,210.7650506465186,23547000,204.05379333496094,196.8976740056818,188.50752944946288,183.992834854126,77.21395888818594,1.948108852356242,0.005815389928846412
2020-01-10,210.27410888671875,211.66034356288264,209.8986715526782,211.64110091224714,21898500,204.72252731323243,197.37016657049006,188.72174695332845,184.19337142944335,74.49124866063885,1.979256141183553,0.0059651969542792406
2020-01-13,212.70004272460938,212.72892139275268,210.80359850827728,211.14053588867964,22756900,205.4390724182129,197.8803047873757,188.94611485799155,184.40407669067383,78.21422911487974,2.0407035390392787,0.006180184383675218
2020-01-14,211.8625030517578,212.95031503349864,211.53520173144415,212.59412035993765,24418100,206.08108215332032,198.34255593039774,189.15263824462892,184.60413757324218,74.18845852799842,2.080033988089596,0.006401200034792473
2020-01-15,211.94915771484375,212.94069777722672,211.2560403348609,211.9780363815891,25742100,206.6275260925293,198.77931130149148,189.37466316223146,184.79324920654298,74.33564397058147,2.1556720919978125,0.006215248131256864
2020-01-16,213.98036193847656,214.01887661802502,212.5556272651574,213.00807927105038,18805000,207.2697654724121,199.21928988370027,189.59771728515625,184.98921684265136,77.56504809566776,2.173548906650197,0.006379737335248647
2020-01-17,215.03932189941406,215.21259391168377,213.82635905733343,214.94304987767654,24325200,207.95726852416993,199.705244029652,189.83494834899903,185.18545738220215,79.04545433078701,2.1680478843304485,0.006367038860152962
2020-01-21,214.9430694580078,215.4821575751307,214.3462239982003,214.4424813396582,21146300,208.57704010009766,200.17285600142046,190.07808787027994,185.3815512084961,78.53816769033321,2.0793449417860796,0.006381370029869287
2020-01-22,215.51100158691406,216.7432069961825,215.24145757170203,216.03084696557093,20736400,209.18438415527345,200.64922207919034,190.34736976623535,185.57594131469727,79.3790859908006,2.100658390187687,0.006377041250990715
2020-01-23,216.20411682128906,216.30038883535866,214.38468739213076,215.38586345788542,26496100,209.7995246887207,201.10692804509944,190.6300168355306,185.7715493774414,80.3889912412842,1.9933917295337653,0.00637699525933039
2020-01-24,214.3846435546875,217.44591376975796,213.3931037065184,217.21486979666307,37436500,210.31839752197266,201.51007052334873,190.91987024943035,185.9611688232422,70.61257496448323,2.084846664579067,0.00685174692739058
2020-01-27,209.9564208984375,211.09235410320696,209.07075963727306,209.54246892973623,42264400,210.52584991455078,201.83077864213422,191.22570660909017,186.12391227722168,53.545039802574934,2.234059341487943,0.008413882173377797
2020-01-28,213.1813201904297,213.67228680431208,210.88056050580138,211.43890576550353,26731900,210.9032127380371,202.21798095703124,191.53820622762044,186.3048843383789,60.94797154734377,2.41077643269016,0.008984546599051018
2020-01-29,213.5278778076172,214.60605364802205,212.58447394726292,214.36538834871425,28924500,211.36528778076172,202.5997822154652,191.84568481445314,186.48376358032226,61.655139850476075,2.350265937555881,0.008765744324736886
2020-01-30,214.2883758544922,214.38463315516273,211.48702840891278,212.15126694642575,39568100,211.84613571166992,202.98143920898437,192.1274664560954,186.6663013458252,63.22874225945994,2.4018375650043566,0.008770072837515913
2020-01-31,210.89019775390625,215.21253717410386,210.13930849822043,215.18365851300567,52015800,211.9862030029297,203.30602611194956,192.39506963094075,186.8287875366211,52.80155278738921,2.6383773268385693,0.008982715008257357
2020-02-03,214.07662963867188,214.56758162518346,211.7758696650221,211.92026298780607,25408600,212.38089447021486,203.67841824618253,192.7063222249349,187.00409729003906,59.539494002881554,2.725703852927375,0.009215848989358868
2020-02-04,218.9765625,219.3519998115752,216.26185064011347,217.00310393852186,30691200,212.95415954589845,204.13902698863637,193.02613334655763,187.20275848388673,67.27587318110969,3.0014364865594354,0.010309383499309856
2020-02-05,219.69854736328125,221.65274848752654,218.37970617700938,221.61424850145755,38534800,213.5649673461914,204.6155575838956,193.39693768819174,187.4024952697754,68.23951623004332,3.1148925485702454,0.010287432277825312
2020-02-06,221.5950164794922,221.65277380971636,219.467528452275,220.24728178839402,22467100,214.19262313842773,205.1007207697088,193.78522364298502,187.60028373718262,70.68175676482898,3.123144438160253,0.010316683936016383
2020-02-07,220.64198303222656,221.83568841889965,220.00662300275312,220.60348304061307,25884900,214.68406295776367,205.56576094193892,194.14216054280598,187.79617645263673,67.85786174051698,3.154775192574267,0.01035343998965013
2020-02-10,223.30856323242188,223.3181845582399,219.85261237668485,219.91036970968705,21478900,215.33578567504884,206.0740459095348,194.49775212605795,188.00171943664552,71.31152412105362,3.321177950047454,0.01050611325611759
2020-02-11,223.34701538085938,225.28197375622153,222.75979147271644,224.54072053370317,30198000,215.86813430786134,206.60433765758168,194.86532770792644,188.20664184570313,71.35931435638811,3.3727525747139118,0.010329580776876986
2020-02-12,225.52264404296875,225.62853736281508,224.10753090004246,224.66587616022818,24471300,216.55114135742187,207.18204512162643,195.2377721150716,188.42067260742186,73.99854965488167,3.3988826131944694,0.01033403161282494
2020-02-13,225.2338409423828,226.15798746360775,223.68395583105607,223.95349979050036,22773200,217.21537551879882,207.75223083496093,195.6126828511556,188.64033767700195,73.03641488255246,3.2861127252881914,0.010364735311987226
2020-02-14,225.87884521484375,226.09063187443948,224.82954793078483,225.59004388911814,23438500,217.8102996826172,208.29240278764203,196.04050165812174,188.86614532470702,73.85405550655203,2.996627012876778,0.01025164111084933
2020-02-18,225.9654998779297,226.38907323212206,224.54076515941188,224.78143050256236,24394500,218.35660858154296,208.8273387562145,196.44707361857095,189.0963079071045,73.9682649382481,2.8632300247936064,0.010251147239968927
2020-02-19,228.1314697265625,228.6031790494799,227.0436724510464,227.31321643870044,22230500,219.0160285949707,209.37668096368964,196.87481066385905,189.3229522705078,76.7071026575042,2.9072371298501127,0.010342790146848939
2020-02-20,226.01364135742188,228.10261482386827,223.2219291848919,227.6309201408609,42604000,219.5411605834961,209.9039337158203,197.2796265920003,189.54460334777832,69.05657708910591,3.0509468295230158,0.010703946290286624
2020-02-21,221.67202758789062,225.27237154511687,220.75750226626002,224.88731289044486,66017200,219.81455612182617,210.3889257257635,197.62565434773762,189.762241897583,56.594862304166384,3.0640118591857606,0.01174220452303102
2020-02-24,213.1235809326172,215.87679279055124,212.03576898194058,213.4027462416078,84522600,219.75150299072266,210.74626020951703,197.9040402730306,189.9393862915039,40.93238348132374,3.4896457688052487,0.01463571981991046
2020-02-25,207.328369140625,215.6265199218146,206.7219024819188,214.91414523856622,97743000,219.62010040283204,210.9804132634943,198.14867197672527,190.09233749389648,34.052260173311,3.7488777164475686,0.015179584160577604
2020-02-26,208.39691162109375,212.0550274551949,206.8759050225816,208.61833429356105,79537700,219.38087997436523,211.22700861150568,198.38079833984375,190.24953117370606,36.182251472952245,3.885026296597293,0.014784076639959237
2020-02-27,197.96163940429688,208.33912548414438,197.82686743010575,203.0252317935276,121822600,218.60256805419922,211.24597223455257,198.4984031677246,190.3852530670166,27.00805721025324,4.483940498993481,0.018378326769848848
2020-02-28,198.1156768798828,199.4345180166124,190.77056726112812,191.22301919792693,148173700,217.79393310546874,211.2839785489169,198.6188097635905,190.51237113952638,27.301084165117146,4.972146594660463,0.018331605235884042
2020-03-02,208.3391876220703,208.4835956518733,198.2504998176567,201.0807268088395,112933900,217.66638259887696,211.51083706942472,198.82760747273764,190.678411026001,43.51024954486257,5.465171351120135,0.021855102020138174
2020-03-03,201.6582794189453,211.41004281801688,199.86772886303666,209.003389634755,131953500,217.04546508789062,211.59736161665484,198.98512535095216,190.80224632263185,37.60899230303771,6.109466470511216,0.022627546369614258
2020-03-04,210.0719451904297,210.17783851853628,203.47770956270426,205.35491080541635,73086200,216.6002342224121,211.81013988148084,199.19845695495604,190.97718894958496,47.30243326436871,6.555040550342306,0.024094576750425048
2020-03-05,203.6894989013672,208.2813973693051,202.2551429797237,204.74843219637864,78705500,215.7997817993164,211.8949978915128,199.3522103627523,191.13499824523925,41.974833971381905,6.9366670202104705,0.024883763211038298
2020-03-06,200.25282287597656,201.34062023865172,195.33362267357404,197.02790140158754,89828400,214.73267211914063,211.88104414506392,199.48283729553222,191.2666323852539,39.40149565552632,7.443437897648934,0.024883807182522484
2020-03-09,186.3423614501953,193.64895744898524,184.9368694395479,186.25571076647086,116424000,213.01769104003907,211.61207663796165,199.5044142405192,191.33258834838867,31.092460187176144,8.405412566485968,0.028781790353928062
2020-03-10,196.48876953125,196.67167750150236,186.4482060158092,193.60078605748063,100599200,211.67670135498048,211.5247949773615,199.60319455464682,191.4625244140625,40.88491731709763,8.954815200754313,0.03174535609943855
2020-03-11,187.93077087402344,193.25428755790438,185.53373855722796,191.90656739326923,89168800,209.90588912963867,211.25903375799007,199.63129742940268,191.55010078430175,36.21072357713302,9.386635945922274,0.03279382953298696
2020-03-12,170.69915771484375,183.65657430252634,170.3333416154511,175.29104285645707,137820700,207.16471481323242,210.66512534401633,199.51324717203775,191.55472343444825,29.017255440531656,10.268156672165878,0.0374105798350151
2020-03-13,185.15829467773438,187.21838953654162,171.47888407514031,180.08507955180866,134882000,205.1609375,210.32434331720526,199.531986618042,191.63862442016602,39.82042844688452,10.759797616147866,0.04332095497726515
2020-03-16,162.9785614013672,177.78428224075182,162.8437894066201,167.6474599036412,92054400,202.01592330932618,209.5783683083274,199.36522267659504,191.60808769226074,31.82023398511876,11.717646746949185,0.049775243585443364
2020-03-17,175.33909606933594,177.50508359254897,163.440604020924,168.91814815209628,121257100,199.48460311889647,209.02439963600852,199.32171516418458,191.65284057617188,39.156490267976636,12.385318158275506,0.053706282519749585
2020-03-18,170.0059814453125,172.5281492023074,160.5718983230018,165.202296553107,114156300,196.57832870483398,208.37661632191052,199.21687482198078,191.68924560546876,37.29198819540909,12.68511484080023,0.05363568168498748
2020-03-19,171.0264129638672,176.6387302000776,165.22156640222326,169.12996899580284,120896500,193.82896728515624,207.77188970392402,199.12614161173502,191.70784385681154,37.90128563300639,12.881772915255235,0.05380330188314286
2020-03-20,164.3262481689453,176.0418320885636,163.74866031767237,174.95403502526364,118983900,190.961678314209,207.03834117542613,198.99838511149088,191.6867237854004,35.464662016846916,13.019290986605288,0.05411962439941333
2020-03-23,164.4449462890625,168.06261919939575,159.11007109457017,164.88870592266807,124639800,188.52774658203126,206.24481561834162,198.85736910502115,191.65950157165528,35.54371946427092,12.834307711594244,0.05387249920531797
2020-03-24,177.17919921875,177.34319866795943,171.67068132196312,173.56152534407946,94881800,187.0202880859375,205.71747741699218,198.83479970296224,191.67954597473144,43.53536218684413,13.147071517258954,0.05724180006839142
2020-03-25,175.8671417236328,182.82271258391634,173.6290010211754,177.91232809492413,88754900,185.39379959106446,205.1421297940341,198.82707201639812,191.68293876647948,42.944558711028115,13.24542218526145,0.05717892672143482
2020-03-26,185.12840270996094,185.91947436692502,177.13093911251065,177.38175917136832,79887600,184.75213775634765,204.73569363680753,198.88035100301107,191.73144218444824,48.27989966778235,13.366597643511383,0.05770664580213032
2020-03-27,178.76126098632812,183.7874057618229,178.14384546533603,180.33373263115413,58845000,183.78441696166993,204.1851365522905,198.85863761901857,191.75317909240724,45.15369449688383,12.771497915525401,0.05815984723662199
2020-03-30,185.263427734375,185.69756024276714,179.76456807167224,180.45916242068188,49356900,182.63062896728516,203.72059548117898,198.89567171732585,191.80226203918457,48.79973584280947,12.529139573034827,0.0574962531290482
2020-03-31,183.6813201904297,188.36018338676848,182.52366771803807,184.95474821430534,62659300,181.73178100585938,203.23709023215554,198.9420955657959,191.8471646118164,47.96422096472235,12.163531336942569,0.057137032963204853
2020-04-01,175.87677001953125,181.03798885377915,174.4779395483002,178.24996973899405,53715400,180.02202224731445,202.5675761829723,198.90899225870768,191.84778373718262,43.96529581670458,11.563956435768079,0.056762684652262405
2020-04-02,179.44618225097656,183.39186790261192,174.5840373099753,174.8445138290625,56465300,178.80985641479492,201.97818853204902,198.89402694702147,191.85348030090333,46.175534227799936,11.013142062263706,0.05680910976962089
2020-04-03,176.89935302734375,180.46880159060956,174.89274895902759,179.00243424831183,47487600,177.64218292236328,201.34091935591263,198.83838653564453,191.8430947113037,44.817175973462916,9.81753830229711,0.05678220851881906
2020-04-06,189.5467987060547,190.67551110547402,182.51404768802607,183.75852093240587,64763500,177.80240478515626,200.8966727516868,198.88830172220867,191.88762466430663,52.31853078570506,9.763940865650573,0.05705884605362689
2020-04-07,189.46958923339844,195.50870082071944,189.08370999909098,195.2289258635497,69904500,177.45144577026366,200.43176852139558,198.9181215922038,191.93310775756837,52.27181584308042,9.16806894245731,0.05572892542039378
2020-04-08,193.49240112304688,194.07121981456902,189.24765711682554,191.15778382343532,45940400,177.72952728271486,200.04175636985084,198.98530743916828,191.99867584228517,54.54894703056474,8.697097435306535,0.05496157383286191
2020-04-09,193.7722625732422,196.04898594550372,192.00683593658425,195.20969030788135,68252600,178.88318252563477,199.64650656960228,199.0507427215576,192.08112571716308,54.71083162599774,8.107738738022837,0.050269332523435836
2020-04-13,195.86566162109375,196.24189906848866,191.73669152955702,192.94258267125235,42853900,179.41855087280274,199.27671647505326,199.1485122680664,192.16992012023925,55.97400900884999,7.790071554744699,0.0469045228489564
2020-04-14,204.38404846191406,205.0014640471716,199.13600862705067,199.9174236171041,63959600,181.48882522583008,199.09488747336647,199.30366007486978,192.29790313720704,60.769015717731946,7.521325129543336,0.03751807967155886
2020-04-15,202.03977966308594,204.35509904368442,199.81129561551657,201.12330551508464,47036000,182.82385940551757,198.95094854181463,199.45159975687662,192.41301460266112,58.86881234296709,7.19125664980452,0.03467539360787885
2020-04-16,205.7249755859375,206.8054490590431,202.29060085755438,204.22002618544127,64657400,184.60980911254882,198.81537863991477,199.6272875467936,192.53447311401368,60.93668973033634,6.813637846423445,0.033551020267450125
2020-04-17,207.69297790527344,208.86992850436206,204.59625857252865,208.54192973946107,62863200,186.44313735961913,198.70928955078125,199.80440661112468,192.66217681884766,62.034414203919475,6.620003038366909,0.03353753795893263
2020-04-20,205.23300170898438,208.26219924335518,205.06900230315188,205.83111892088505,38249100,188.48847503662108,198.5446463844993,199.94861818949383,192.7707261657715,59.773304911264376,6.352638587207216,0.031934584408045114
2020-04-21,197.66000366210938,203.70875699876774,196.44447084168215,203.168520189689,72932800,190.14922790527345,198.3040974010121,200.01427205403647,192.84328002929686,53.32902843573471,6.563496815676631,0.033672952112124656
2020-04-22,203.52542114257812,204.85672925903114,200.97858043306772,201.7214132667759,40089100,191.46653900146484,198.11225724653764,200.14105186462402,192.95158401489257,57.17966657339758,6.420164312447509,0.030128379308155366
2020-04-23,203.09132385253906,206.8729959097003,202.68614628073763,204.31649839571924,43278500,192.82774810791017,197.82343472567473,200.256609471639,193.05316368103027,56.806112253929676,6.090094243613655,0.030015038417310735
2020-04-24,206.29417419433594,206.73794854331757,202.1073243259096,203.5254532684973,34231900,193.88603668212892,197.57971884987572,200.39813702901205,193.1616505432129,58.93763680280478,6.022563642601227,0.028180580848758248
2020-04-27,207.95347595214844,208.98572565007797,206.93088280264516,208.56124968907324,36451700,195.34564743041992,197.33169084028765,200.53916358947754,193.27910507202148,60.037883160057646,5.230806026716353,0.02654508082154333
2020-04-28,204.0367889404297,209.65142537562298,203.75702866186316,209.65142537562298,46862800,196.28431549072266,197.02977822043678,200.63770510355633,193.37165580749513,56.209347297526186,5.192906447582879,0.026300180518680185
2020-04-29,211.27210998535156,212.20788260903336,207.5483178689419,208.5612692855443,48716400,197.66385498046876,196.8109336159446,200.79566040039063,193.49741119384765,61.1392882817644,5.4320158026443215,0.026926548526070418
2020-04-30,211.18533325195312,212.27544896767427,209.68038327811655,212.1886283277266,43359500,199.42928314208984,196.58981212269177,200.95649490356445,193.6275259399414,61.05051550347145,5.328652636975625,0.02434663089779907
2020-05-01,205.23300170898438,209.02431586108833,204.210393799122,206.93089089908722,48795000,200.71862411499023,196.22090953480114,201.06236317952474,193.7324324798584,55.13668855961849,5.505062059397018,0.025593255998879592
2020-05-04,207.62548828125,207.8473681017223,203.67015994573165,203.99817348249172,32841000,202.25493087768555,195.9007576682351,201.181765238444,193.8482470703125,56.94211200920847,5.150876754390789,0.025112633229491872
2020-05-05,209.9793701171875,212.3718534949346,209.19795518431812,209.76713214525415,37783100,203.27655944824218,195.61167630282316,201.3229440053304,193.98258949279784,58.70297805414251,5.163277637768441,0.02028880607381121
2020-05-06,211.27210998535156,213.24011768360376,210.41351615459038,211.65798922960508,36455200,204.36668548583984,195.34452375932173,201.4702527364095,194.11611000061035,59.67824650197458,5.055783221372662,0.020244206442046105
2020-05-07,213.9925994873047,214.87047694425198,212.64199274061437,213.9925994873047,38624800,205.39169540405274,195.08745339133523,201.63983205159505,194.2571935272217,61.726681351458225,5.007547294734591,0.0199904611238083
2020-05-08,216.92530822753906,217.06036742289936,214.6292871860654,215.66153688802146,31852300,206.5493476867676,194.9222109707919,201.83513158162435,194.406421585083,63.858246113793236,4.9985880801196885,0.020055927363193296
2020-05-11,218.86441040039062,219.88700371674187,215.372154421074,215.60369081585847,35714100,207.69928512573242,194.87116338556464,202.03474299112955,194.57421279907226,65.23684535235964,4.693325110717235,0.020036016645875423
2020-05-12,214.281982421875,220.0509750259804,214.25304221820454,219.4624996841017,41054100,208.19418182373047,194.89222523082387,202.19488639831542,194.70955337524413,59.46433143291303,4.593411340063956,0.018790512165587116
2020-05-13,211.60011291503906,216.6841537545293,209.06292813022924,214.80296664173116,65521200,208.6721984863281,194.96989329944958,202.33027992248535,194.83469596862793,56.32320049794957,4.838723911159483,0.018832940404440498
2020-05-14,214.00225830078125,214.04084033873212,208.36833865753698,210.27846602363584,51549300,209.0860626220703,195.0718086936257,202.4954573313395,194.97587562561034,58.44079620543632,4.913143730001423,0.018591068162812793
2020-05-15,215.3914031982422,215.44928360352137,210.62572022562588,211.05983798556704,55747200,209.47098388671876,195.38871348987925,202.6758129119873,195.13684677124024,59.65886902693962,5.065430295869526,0.01853905490182143
2020-05-18,219.40460205078125,220.6104929244377,217.5137734042826,218.29518833515635,42398100,210.1795639038086,195.77578485662286,202.88857103983563,195.32243743896484,63.030054590186644,5.017194082472075,0.018594933091713277
2020-05-19,218.85472106933594,221.7392173068465,218.71002005422147,219.6650761946719,36237300,211.23929977416992,195.96697637384588,203.07761548360187,195.51869987487794,62.26229994759178,4.64991576704503,0.016081777991805168
2020-05-20,223.2248992919922,223.58183832561753,221.38229426910294,221.40159264724065,37417000,212.22427368164062,196.359096735174,203.29995613098146,195.7685440826416,65.82514237015037,4.802205164668164,0.015438860889141887
2020-05-21,220.79380798339844,223.9484228776267,220.28251139055502,223.27312687956453,43642900,213.1093978881836,196.55403969504616,203.49059079488117,195.9941062927246,62.30138733299689,4.565846024256776,0.015764915793073795
2020-05-22,221.55593872070312,221.7585201594007,219.4721556005788,220.3886297897862,28762400,213.87248611450195,196.87888405539772,203.69510078430176,196.21873374938966,62.97061409899578,4.43078576731615,0.015532332927853403
2020-05-26,220.95779418945312,225.3279563394855,220.71661601024164,225.1253601919948,33055300,214.5227020263672,197.2553380792791,203.91143684387208,196.4211498260498,62.03976470864929,4.421141132713239,0.015559581101511843
2020-05-27,222.16371154785156,222.27948709749987,216.03779389841856,220.6201798492537,55665600,215.42904815673828,197.90663535378195,204.1505495707194,196.63807929992674,63.220212540471564,4.6340658207607435,0.014675971101102489
2020-05-28,221.87428283691406,225.2314789666659,220.96745052868073,221.0253309363811,42784300,215.95915679931642,198.36819014115767,204.37908566792805,196.86381912231445,62.716125110317975,4.681613069266796,0.012752788675223592
2020-05-29,225.12535095214844,225.35688729401372,220.68766674865412,222.25051129563715,50691800,216.65615768432616,199.0444552334872,204.63151219685872,197.08644973754883,65.99594343684613,4.796002541392862,0.01301222454743261
2020-06-01,225.80068969726562,226.1769271239198,223.81338356056148,224.2571579531959,25776000,217.68454208374024,200.04630126953126,204.8721959431966,197.33944305419922,66.65220378748648,4.6423378462278935,0.010707355234034245
2020-06-02,227.31527709960938,227.37315751116316,223.823006825593,226.22514694751698,33383400,218.6690315246582,200.81279185901988,205.132945505778,197.60101593017578,68.13740056159064,4.481781980356057,0.010598162708415572
2020-06-03,228.33782958984375,229.09030424661114,227.04511822774035,227.92299551373821,37228700,219.58695449829102,202.00114218971947,205.40357767740886,197.85365730285645,69.13678810671199,4.08349343711111,0.010478794326608263
2020-06-04,226.73643493652344,229.39903680936783,225.43406684460547,227.9905644471948,38716100,220.36017074584962,202.93563926003196,205.65221939086913,198.08415161132814,65.66324633593591,3.9615268859373396,0.0107627527176633
2020-06-05,231.23199462890625,231.82046997798105,227.31526333390107,227.88444030684366,47365600,221.22214050292968,204.04883949973367,205.92607650756835,198.34412185668944,70.19098208281761,3.980132004763206,0.011182324781237334
2020-06-08,233.02638244628906,233.15178510188434,229.51482840298513,231.0873002751125,32937300,222.02719421386718,205.17611167214133,206.20944379170734,198.60510719299316,71.78996105261487,3.8671225028134706,0.010986427885651366
2020-06-09,234.71463012695312,235.5635673917598,231.98449110228037,232.16778889183445,35046300,222.8197052001953,206.4559004350142,206.49023005167643,198.8774575805664,73.24414215554809,3.906399576874498,0.010949920921969511
2020-06-10,237.53160095214844,239.0751474122941,235.88193548886338,236.4028886753113,58084400,223.982186126709,207.78474870161577,206.7935302734375,199.19241264343262,75.51239752727602,3.880213864664453,0.009445357434857181
2020-06-11,225.76210021972656,234.9943943327635,225.70421980527954,233.6148620539446,72919400,224.69028549194337,208.66807417436078,206.99747060139973,199.43533882141114,54.661839402662515,4.463175983221396,0.015062281566097681
2020-06-12,227.55645751953125,231.91694872983695,223.56254715943328,230.65317733072695,72034800,225.36799545288085,209.6078799161044,207.20587743123372,199.68910598754883,56.62811024577826,4.8966071983343795,0.01498618372529011
2020-06-15,230.32518005371094,231.00047606686667,223.30207207619324,224.23784466597658,45307400,226.11468429565429,210.4296395041726,207.430552927653,199.95355323791503,59.54366481634026,5.117111745579349,0.01510537962331673
2020-06-16,234.28048706054688,235.76613815413336,230.66281440501248,235.1776628133525,48890100,226.85847854614258,211.43907997824928,207.6837127685547,200.2242121887207,63.33545719911395,5.059916381389428,0.015031613495781249
2020-06-17,235.0233154296875,236.83698011008477,234.16472167105553,235.77579019701227,34749300,227.66690826416016,212.34380520907317,207.94218050638835,200.50074241638183,64.01754729014328,4.946218524321147,0.014967781333823614
2020-06-18,235.6600341796875,235.90121237208692,233.93320479906112,234.7049632384603,30578600,228.2886650085449,213.28887273615058,208.19095268249512,200.78917976379395,64.62503201645245,4.753274740583019,0.014468378199603416
2020-06-19,235.62144470214844,238.28404656279602,233.89460065572752,238.02357000153597,49422100,229.03004684448243,214.37513954856178,208.44084752400715,201.0645782470703,64.55389870622572,4.897982050848033,0.014128362162526654
2020-06-22,238.44717407226562,238.5727947977947,235.20010171844086,235.49000704346753,24068700,229.87460861206054,215.4478848544034,208.72552083333332,201.33756881713867,67.3848834749766,4.885306507546868,0.014260000541683523
2020-06-23,240.47657775878906,242.70893716924127,239.49087019180166,240.04170503853615,32767400,230.85054779052734,216.60383439497514,209.0238971710205,201.62161727905274,69.282372574945,5.043633441697215,0.014212180675965708
2020-06-24,235.51901245117188,240.95012181687974,234.02110437194023,239.72280187178637,46032400,231.51831283569337,217.43969282670454,209.25248184204102,201.88279502868653,60.08596742917027,5.255351118852725,0.01526133286998721
2020-06-25,237.7610626220703,238.0606413291678,233.03541348630353,235.60601585357446,36940800,232.31265182495116,218.31771961558948,209.51563402811686,202.15781967163085,62.509653487214216,5.251150604667487,0.015291232814901818
2020-06-26,232.1463165283203,237.69340305450055,231.62445742433064,237.51944510452128,52824600,232.66370010375977,219.02051807750354,209.72092615763347,202.39619049072266,53.71331049055395,5.429696926013234,0.016199636448406822
2020-06-29,234.67823791503906,234.68791125631003,229.37276413064143,231.9047022245296,34377800,233.10757751464843,219.76426308371805,209.94755821228028,202.64338623046876,56.674099378599884,5.553701985741033,0.016329914415165663
2020-06-30,239.27825927734375,239.8194355201418,234.42697553635264,234.61059206429056,38909200,233.70572662353516,220.55358304110442,210.19952786763508,202.91688957214356,61.49336836218944,5.627412178487333,0.01677163757933911
2020-07-01,242.0711669921875,243.06654804946376,238.775771775483,239.31694810806633,34689200,234.39239349365235,221.23880337801847,210.46001103719075,203.2084797668457,64.10408656528858,5.0890832589953225,0.016888346426343688
2020-07-02,243.71400451660156,245.72409837734443,243.25014123979867,244.51611034175,31956500,235.24127197265625,221.9965165571733,210.73867683410646,203.50387413024902,65.58227349489974,4.753263960049127,0.016736246629909593
2020-07-06,249.7056427001953,250.22747230938248,246.84510573209892,246.8644376699774,34589000,236.1649543762207,222.7961650501598,211.04705683390299,203.8296102142334,70.37400944140154,4.668625660199662,0.017008341251872373
2020-07-07,247.98545837402344,252.11196478908886,247.68587967073418,249.4543908463046,36578200,236.91290817260742,223.52875560413707,211.34808146158855,204.14521156311037,67.46975974893576,4.596134732909109,0.017152265101626242
2020-07-08,251.25181579589844,251.28080632650773,247.8791229368149,249.30939126129002,30426300,237.7397674560547,224.36546131480824,211.67560361226398,204.4869228363037,70.0013680432315,4.648236515099366,0.017275527530394685
2020-07-09,253.3682098388672,254.0350215264384,248.97114563069627,253.16527612713887,40312900,238.53159790039064,225.3783377907493,212.0038356781006,204.83881271362304,71.5464894308302,4.869369966721962,0.017201808039772476
2020-07-10,255.09812927246094,255.34940026725874,250.5464377790206,253.22332913874055,32885300,239.99839935302734,226.31602339311078,212.33765907287597,205.2115033721924,72.78059907774755,4.898906865376936,0.011863580752733591
2020-07-13,249.85055541992188,260.72244625141667,249.02911776983066,257.9392374798514,64108100,241.11310424804688,227.1661912397905,212.62855478922526,205.54782203674316,63.74819882846697,5.493237965536376,0.013271980345284365
2020-07-14,251.6190185546875,252.02491542624807,244.26478834119683,247.32824358968344,72230500,242.17779617309571,227.9902793190696,212.92945493062336,205.8963451385498,65.31064790399579,5.743121107541776,0.013171058491105923
2020-07-15,252.13125610351562,253.86110322281544,248.83586121367767,253.02999212113633,54523900,243.07033462524413,228.7935116854581,213.22884775797527,206.25871627807618,65.7708331529189,5.607137147841651,0.012835993915859586
2020-07-16,250.4110565185547,251.0488776726504,247.0286903780391,249.34802126172846,47594100,243.8397216796875,229.63668018687855,213.5290678660075,206.6039372253418,62.75983552754878,5.6126612823139554,0.013052688020967622
2020-07-17,250.7010498046875,251.56112205959127,248.52667106417573,250.86531968295154,35137900,244.5917724609375,230.35357000177558,213.86860644022624,206.95800483703613,63.06679977692092,5.391078839290803,0.013060721135800585
2020-07-20,257.8136291503906,258.44177701059385,250.09217930922563,251.3388016882477,40610100,245.7013816833496,231.20135719992896,214.24054234822592,207.36310066223143,69.67022495593682,5.607825308983633,0.014186298697537202
2020-07-21,255.12709045410156,259.3888760723057,254.28633544289957,259.3792027299571,43243800,246.5353775024414,232.1085224498402,214.5872024536133,207.74506149291992,64.94676230019101,5.58711678367056,0.014454831026294244
2020-07-22,256.0257568359375,256.9535126919128,253.72574336731898,255.6198894543515,29865500,247.31283645629884,232.9885273326527,214.93501396179198,208.11835594177245,65.78246550097484,5.511187715857209,0.014406513396345286
2020-07-23,249.33843994140625,256.32542487475257,247.92748847765114,255.6199786347747,51363500,248.00380783081056,233.70414678400212,215.25541598002116,208.46095146179198,55.230344319141125,5.850116645281815,0.014929223199058586
2020-07-24,246.97068786621094,248.2946377789416,242.87320267786677,245.50177056962508,54054500,248.46428909301758,234.3532118363814,215.5295331319173,208.80525260925293,52.04692598560325,5.846671607478855,0.015094160305772842
2020-07-27,251.37750244140625,251.7640527588655,247.8308656765466,248.61363965426872,36445700,249.42584838867188,235.0329373446378,215.79954096476237,209.16289428710937,57.01313475986145,5.8729058770717035,0.014210689740056405
2020-07-28,248.1787109375,251.11654594816994,247.88880562048064,250.59468688564115,31302400,250.10087203979492,235.60118103027344,216.0368756612142,209.4975777435303,52.7432036724851,5.879121122159759,0.014590852940789238
2020-07-29,251.0392303466797,251.89933198193543,249.24175831041697,249.71528018175377,27556900,250.6889205932617,236.1861777565696,216.28224411010743,209.83489288330077,55.92233298613354,5.7831743470664225,0.014211197387239742
2020-07-30,252.353515625,252.91400904892578,247.9274313273976,249.0774381978297,41774500,251.20303802490236,236.87838745117188,216.54650688171387,210.17887557983397,57.34227634719099,5.796289720872854,0.014064621529685305
2020-07-31,256.85693359375,257.01155960937103,252.08296226957665,256.97289573249157,53686300,251.86018447875978,237.70123873623933,216.82607663472493,210.5337042236328,61.874443415689925,5.313094639316309,0.014467065258833527
2020-08-03,260.3262634277344,261.07037345511674,258.86700441481855,258.9926398916783,32081600,252.3912155151367,238.5434933749112,217.13423703511555,210.90818504333495,64.96278827478898,5.059759837624559,0.013782095706155907
2020-08-04,261.29254150390625,261.38918640545813,259.079500073466,259.82360978083733,24911300,253.05656967163085,239.3780595259233,217.4323195139567,211.2850476074219,65.79389059769707,4.865791574971297,0.01361803208526342
2020-08-05,261.9400939941406,262.3942986407845,260.88673204594375,261.77582414920806,21612100,253.59098358154296,240.15143210671164,217.7382049560547,211.6740814971924,66.36961460300381,4.609005922783027,0.013393542263450416
2020-08-06,265.4095153808594,265.73808462954054,261.10906562731947,261.74688693072375,28048200,254.19304885864258,240.9978829123757,218.06762720743816,212.07229751586914,69.34647106081724,4.72290363755485,0.013554448739388186
2020-08-07,262.34600830078125,265.64140316954297,260.2006203903107,264.86827313898436,44969400,254.5554428100586,241.7091758034446,218.3707981109619,212.46259246826173,63.96255393622572,4.515131143116569,0.01385845653097184
2020-08-10,261.2250671386719,262.83895258028537,257.7074203347969,262.6359892995956,35088400,255.1241683959961,242.44428960626774,218.64657808939617,212.84550559997558,62.06383271388789,4.517201972836735,0.012941630451748055
2020-08-11,256.2770690917969,261.35061862362437,255.73589283442016,260.065302893434,43104300,255.35707092285156,243.0755828857422,218.89877332051594,213.19469749450684,54.38886139399681,4.687698863166048,0.013721214978810799
2020-08-12,262.7228698730469,263.6699430456665,258.38378658150805,258.43212379478376,38773400,255.88665161132812,243.83494789817115,219.24086367289226,213.56867378234864,61.132004227521165,4.615908688649491,0.0147476246064778
2020-08-13,263.322021484375,265.5930149399611,262.3846217780506,263.49596464838004,31895700,256.53219985961914,244.58328080610795,219.65918401082357,213.93637619018554,61.698827985423286,4.383276967104566,0.014595402687496928
2020-08-14,263.0128479003906,264.2111627097795,261.62124318992045,263.9405745434047,30799500,257.1477897644043,245.331254716353,220.12322133382162,214.30988121032715,61.202832467382116,4.225888011904887,0.014616980375911581
2020-08-17,266.066650390625,266.56916285403884,263.0515166263446,264.72335338472254,24803000,257.560440826416,246.07564197887075,220.6038024902344,214.69409240722655,64.25908834458409,4.230717878527931,0.013493031021271975
2020-08-18,268.6275939941406,269.1011159467353,265.67044114245454,267.12970037354484,23529500,258.23546600341797,246.85431296608664,221.19268544514975,215.0906760406494,66.63292882913242,4.210007432802598,0.01329119060667025
2020-08-19,266.82049560546875,269.64234011841415,266.30830968067283,268.5889777256039,31999400,258.7752029418945,247.57258966619318,221.76522560119628,215.46962707519532,63.43140523834788,4.091968341103538,0.013453028520300711
2020-08-20,270.5216369628906,271.00483212604024,265.62203093049936,266.02792784397764,27723400,259.83436279296876,248.33956798206677,222.28341267903645,215.86117622375488,66.93544512367419,4.124411473656859,0.011913496296534303
2020-08-21,272.39642333984375,272.85062795084417,270.06741922742805,270.7149136910677,34748900,261.1056495666504,249.16974958939986,222.8728972117106,216.26157096862792,68.57791196356843,4.022252106660387,0.011481406406345582
2020-08-24,274.09735107421875,276.3876919143859,271.81665408487225,275.6628990160091,36418500,262.241641998291,249.94911970658737,223.40644226074218,216.67263175964356,70.03238242139656,4.183777213626213,0.011083163214504898
2020-08-25,276.2522888183594,276.44557865539633,272.8795964528501,273.32412768776896,34866600,263.645320892334,250.73504527698864,224.01113217671713,217.0912491607666,71.81254349961708,4.330806899890892,0.010340688636806048
2020-08-26,282.1473693847656,282.3986403586406,276.2233907485783,277.4990333194689,42216700,265.20072784423826,251.59745871803977,224.69358673095704,217.53549980163575,76.01074718015798,4.441251943308122,0.010865038273875586
2020-08-27,281.26788330078125,283.97379381939345,279.00653355161637,283.12336564188365,49482700,266.64644622802734,252.3926638516513,225.4846327463786,217.97664962768556,74.23436453401149,4.407428906775607,0.011051422432080118
2020-08-28,282.6982727050781,283.3264207670607,281.15204167349526,282.5049827666663,28021000,267.9385131835937,253.4278669877486,226.20304527282715,218.42216567993165,75.24755169554794,4.196203681638248,0.010662447782187662
2020-08-31,284.96923828125,286.77638381607983,282.7851862914439,283.220073817663,36321000,269.17066192626953,254.47173572887073,227.01169916788737,218.8787964630127,76.80691829607059,4.086445490338069,0.010497752459449438
2020-09-01,289.8398742675781,289.95583641788903,285.84867647361267,287.61715824965336,36216200,270.5980285644531,255.5538210782138,228.0045384724935,219.36054901123046,79.75303415265653,3.914568646250168,0.010859309297866028
2020-09-02,292.58441162109375,293.29953118889125,286.9117038255347,293.0869240887489,50836800,272.13024444580077,256.6138924338601,228.89975611368814,219.84891586303712,81.20204031872305,4.1416710892105995,0.01087776733724295
2020-09-03,277.75030517578125,288.5835347363163,274.8511335919454,288.0810222788682,110083300,272.7472839355469,257.39074679287995,229.85618731180827,220.26234352111817,57.32302895419488,5.223339554159834,0.01647235036481662
2020-09-04,274.04901123046875,279.21920642113605,262.66493206189256,275.9624750809595,123959000,273.3324340820312,258.08872819380326,230.67876993815105,220.65582412719726,53.12518110761329,6.1517652259880675,0.01655644520327716
2020-09-08,260.87701416015625,268.86904951286965,260.59675277894127,263.0707090269263,99568600,273.31503143310545,258.547920365767,231.43602854410807,220.98930435180665,41.48266297678036,6.867592629362832,0.020009417595813317
2020-09-09,268.5405578613281,270.63760842633246,263.82456818747903,266.3758528930931,64837900,273.928205871582,259.09507279829546,232.24864641825357,221.36326347351076,48.54769351609516,7.3266329028224675,0.020496864324509336
2020-09-10,263.1866760253906,272.7152977374108,261.466502828828,271.49763677525476,69667500,273.9513961791992,259.50798367587004,233.0724833170573,221.7098287200928,44.505074210946084,7.745632453754033,0.020358451089447928
2020-09-11,261.3603210449219,265.9699930867914,257.9296170941688,264.935948179579,71809000,273.8533111572266,259.97782565030184,233.88011144002277,222.03578338623046,43.18402658919111,8.121144401554497,0.020415282187496324
2020-09-14,265.9120178222656,267.9027799251302,263.7859468911005,265.1388877146155,38525200,273.99826965332034,260.4896611993963,234.6195515950521,222.38262336730958,47.37642104659693,8.261960190889827,0.02078706215197236
2020-09-15,269.68084716796875,271.0241437036458,265.88294075558133,269.6518566416104,41849900,274.1789794921875,261.1721072110263,235.40133247375488,222.74143936157228,50.625162845514154,8.374475958426842,0.020865227808183843
2020-09-16,265.3804016113281,270.9371453230019,265.0325152915734,270.4732968966623,42321000,274.01661987304686,261.73032836914064,236.0700991312663,223.08326766967772,47.05542610008906,8.355145988524429,0.021083819708929703
2020-09-17,261.234619140625,265.17747837940243,257.7169444787922,258.5576992765682,81570800,273.73732604980466,262.12953491210936,236.75737711588542,223.41445343017577,43.845655022632485,8.547731478864348,0.021316984068853535
2020-09-18,257.9006652832031,262.9452256018231,253.80317840851936,262.6553202066905,86251100,273.1062774658203,262.417343971946,237.36268742879233,223.73660583496093,41.39996144600919,9.045422057417083,0.02118119637756295
2020-09-21,258.5191345214844,258.65441385696874,251.36782116077168,253.64851809798813,57168600,272.4124130249023,262.686528153853,237.9863358815511,224.056951751709,42.04577004297455,9.274599313502465,0.02110281426202202
2020-09-22,263.322021484375,263.9018320310586,257.58166113709177,260.91568974808024,41128900,271.87364654541017,262.9340986772017,238.7150463104248,224.39939102172852,46.93646983139391,9.369854510454449,0.021544227770043462
2020-09-23,255.28172302246094,263.1867903893421,254.4023041111969,263.00317383139145,48837300,270.8251182556152,263.066758034446,239.34700915018718,224.69120643615722,40.73855042008056,9.550703796870271,0.022336031547635533
2020-09-24,256.4703674316406,259.6691173588937,252.4405064083363,252.60480575598547,70631700,269.541268157959,263.1616407914595,240.01010093688964,224.9934316253662,41.958766107160436,8.800370434113777,0.021652787404524965
2020-09-25,262.4330139160156,263.2447784344016,255.41700912524527,256.9729132377426,55242400,268.5995246887207,263.32645541104404,240.61748606363932,225.3262868499756,47.76864908567488,8.177048644821838,0.02252848657756156
2020-09-28,267.8835144042969,267.8835144042969,262.53937500165097,267.2843273958283,58438300,267.85878677368163,263.5589169588956,241.27093544006348,225.68120727539062,52.45384892043298,7.605494504589964,0.023098383470016727
2020-09-29,266.6754150390625,268.376241912304,266.114892149693,267.3228800244996,27050000,266.94409561157227,263.86482349742545,241.88079388936362,226.02273864746093,51.35427502733675,7.069834182906736,0.02296922917184647
2020-09-30,268.5019226074219,271.64269161107853,266.5981322162988,266.8687203661687,49380800,265.87719802856446,264.17178538929335,242.5035410563151,226.37013671875,52.95980949745533,6.626674503349376,0.022607650427975877
2020-10-01,272.763671875,273.3725025043538,270.43466763014914,272.31914057892124,50020200,264.88616104125975,264.54692022150215,243.14435780843098,226.72885368347167,56.562223659395265,6.400260496514327,0.022846110776456416
2020-10-02,265.0906066894531,272.75407717239364,264.24985157485753,266.74312637993074,75497400,264.25317611694334,264.8138211337003,243.65024579366047,227.04862884521484,49.24931073837009,6.5410720265096245,0.020849107033840162
2020-10-05,270.7438659667969,271.06276173751536,266.9459597833522,267.0522485429628,28184600,264.0879188537598,265.17823597301134,244.2227798461914,227.39590187072753,53.97112586635694,6.600425747938037,0.021303860284838827
2020-10-06,265.9120178222656,271.73935145189307,265.0325989140063,270.05784139208856,49704200,264.33966903686525,265.3254794034091,244.72433853149414,227.7127237701416,49.71374439749593,6.657720212685056,0.01865110946433454
2020-10-07,270.5119934082031,271.3044110627918,267.9607087878912,268.5502222233586,27539700,264.438240814209,265.6052049116655,245.2478303273519,228.04846313476563,53.4762947175501,6.495501363255788,0.017867217754123886
2020-10-08,271.9519348144531,272.97630631229185,270.88889944163117,272.90865190404514,25443300,264.8765037536621,265.8947717840021,245.80382143656414,228.38871627807617,54.62091832329877,6.018520342597573,0.01722650775217269
2020-10-09,276.107421875,276.18474963056843,273.2082503710338,273.59480067318304,30201100,265.61385879516604,266.38148054643113,246.45754992167156,228.74921745300293,57.844263954376714,5.800393351163161,0.01735057044919391
2020-10-12,284.6309509277344,287.46246759827847,279.7410180761956,280.7847066862767,79370700,266.54980545043946,267.06621260209516,247.13342933654786,229.14333534240723,63.56158802717702,6.160027267542566,0.01818416632323305
2020-10-13,284.6212463378906,287.06621249522465,283.2586325438505,286.42842088191145,64240000,267.29682540893555,267.67064430930395,247.8128453572591,229.53827125549316,63.55101982580104,5.7948745945565685,0.018024733152505967
2020-10-14,282.2439270019531,286.389749328572,280.50443639218156,285.42335910272357,36949100,268.1400016784668,268.2900118741122,248.44575996398925,229.9280590057373,60.880595627313035,5.6989247364017865,0.017684625685732907
2020-10-15,280.3499450683594,280.9394292331478,276.90959657129963,277.54741796573023,42514200,269.0957679748535,268.82293395996095,249.049063873291,230.30645164489746,58.76209783785663,5.520821959365869,0.017292447919806386
2020-10-16,278.8134460449219,283.4134466422266,278.46552998756397,281.9928508494933,40570700,270.14140701293945,269.30402360395954,249.6722026824951,230.66007461547852,57.02836884367889,5.484923114107395,0.017002276907891262
2020-10-19,274.26153564453125,281.6834350292942,273.2855015661207,280.7266886465259,36756800,270.9285270690918,269.62047091397375,250.19711456298828,231.00046829223632,52.122093981057304,5.923250521290429,0.017602561895155345
2020-10-20,274.8511047363281,277.95320974762217,273.4401829713871,274.99605740192214,32195400,271.50498123168944,269.8845589377663,250.7276626586914,231.33716751098632,52.68982311706342,5.885283905680093,0.01722180497395411
2020-10-21,274.6385498046875,277.6633571325753,274.1553544997061,275.10242791455397,29306100,272.47282257080076,270.1272136341442,251.3060422261556,231.67294830322265,52.44835540261824,5.787956958247041,0.015429195318003016
2020-10-22,274.6287536621094,276.36827367736413,271.38169682065427,275.46950839813303,32196200,273.38074188232423,270.35791653719815,251.8644027709961,232.00088256835937,52.436428325477664,5.536010998001855,0.015450729093297904
2020-10-23,275.1700439453125,275.33434332012973,272.3095360900542,275.1990344829979,24658500,274.01759338378906,270.5353806929155,252.40765838623048,232.3226668548584,53.07146523053764,5.325486153859946,0.01473830228987617
2020-10-26,271.0434875488281,275.71113970293754,267.4581878077359,272.8892965535558,38421100,274.17559204101565,270.6935166792436,252.90575319925944,232.62651374816895,47.828755388274125,5.435928965096723,0.014570669656009354
2020-10-27,273.1600036621094,273.9814416701082,270.7826907555364,272.03898689113163,30559100,274.499821472168,270.9105155251243,253.39881490071613,232.92881355285644,50.52817944887583,5.279240227528553,0.014599755778750688
2020-10-28,262.51025390625,269.27498545628316,262.25898301127285,268.66615489807793,53413500,274.2002380371094,271.02384615811434,253.77868944803873,233.1820523071289,39.46351616523877,5.88186220943911,0.0170716901122916
2020-10-29,267.1006774902344,270.0964643686435,263.3607215795069,263.824599624501,43246300,273.9170883178711,271.10344266024504,254.1806583404541,233.45780990600585,45.04920307823755,6.121390469887554,0.017159197932050053
2020-10-30,260.3262634277344,265.98929729313636,258.09390385369136,265.1195517888943,65838300,273.67887115478516,271.0489743319425,254.5643606821696,233.68953941345214,39.28788669993796,5.95365674940645,0.01693780310059775
2020-11-02,260.9060363769531,264.32703644507495,257.9971924424112,262.71318132923017,39987400,273.18697967529295,271.01066866788,254.97524337768556,233.91887298583984,39.99516728265669,6.133818467355711,0.016146423077228106
2020-11-03,265.41912841796875,267.5162086489686,261.73718320133173,262.8195357753075,43604100,273.16233520507814,270.9988955411044,255.4037172953288,234.17125328063966,45.33386890808552,6.185594134186069,0.01621176060619796
2020-11-04,277.26702880859375,279.06450050868335,272.39641371471873,274.0586061162536,75728200,273.50008697509764,271.15597617409446,255.91934750874836,234.48003341674806,56.32079154345716,6.779239967047578,0.018705167275144267
2020-11-05,284.49566650390625,285.46205684443345,282.1859794339378,283.6645554752687,52054200,274.1272735595703,271.4773429177024,256.46177304585774,234.82149116516112,61.416028680511964,7.011176494274513,0.01949296897551254
2020-11-06,284.708251953125,285.4330447285974,280.08890717712325,283.8385065209368,40959800,274.55731506347655,271.7352813720703,257.0105524698893,235.17310920715332,61.558051064866994,6.793048214867416,0.019258477358852864
2020-11-09,278.890625,289.0860622560611,278.4364202948612,287.64612038680576,86537100,274.27029876708986,271.85335776589136,257.4744335174561,235.51778022766112,55.533784736112565,7.231377870936334,0.01857466606687128
2020-11-10,273.8944396972656,277.0255358366532,271.18852829378295,275.58562326497946,69024900,273.7339584350586,271.8496684681285,257.9169387817383,235.82134582519532,50.92459839528403,7.530956019032609,0.01895940534043772
2020-11-11,280.0213317871094,280.49485371342126,273.8557554346704,276.4166844625286,36102900,273.6228286743164,271.9181965221058,258.404150390625,236.15381309509277,55.77241917375265,7.648993263464108,0.019628942931986436
2020-11-12,278.7070007324219,282.25366667118294,277.5956576099085,280.98769753717005,34414600,273.54068145751955,271.85564436479046,258.8853937784831,236.47590621948243,54.52804261023003,7.765650537121173,0.019598962996606704
2020-11-13,281.1518859863281,281.77038985322787,278.19473441594687,280.4174495092442,24806900,273.65760345458983,271.8535353227095,259.3769618988037,236.82721466064453,56.47351182968978,7.431557932983984,0.019652525043566856
2020-11-16,283.345703125,283.64528181718896,280.2435684216537,280.8523991483272,30168400,274.11181182861327,271.8653067848899,259.8892237345378,237.17356002807617,58.2016042122923,7.4460552530528,0.019296108847545075
2020-11-17,282.4469299316406,283.8675250915629,281.80910868719633,283.53895587325457,21843500,274.4916030883789,271.8194466330788,260.36690355936685,237.49091186523438,57.19966543525087,6.8144406640192345,0.019327804235742072
2020-11-18,280.35955810546875,283.5100008460127,280.2725864919562,281.89614508655745,28069600,274.777653503418,271.6470772483132,260.8215607961019,237.79421691894532,54.83850120045676,6.503812370566591,0.019425893763581004
2020-11-19,282.55328369140625,282.8625357563672,279.14192610928717,279.808737971653,22718400,275.1738800048828,271.4646931041371,261.2818775177002,238.0990082550049,56.85425659402824,6.126229228462092,0.01947880035041956
2020-11-20,280.6204833984375,283.22007625179197,280.5335117908258,282.4759366779504,25907300,275.44640197753904,271.51687816273085,261.7175662994385,238.39890075683593,54.54427753351399,5.865994975483692,0.01956948555362376
2020-11-23,280.6300964355469,282.91076341232724,278.38806383702627,281.6158039352227,26875600,275.925732421875,271.6365342573686,262.1666801452637,238.68550842285157,54.55416755967099,5.716889782861228,0.019201411225039305
2020-11-24,284.5730285644531,285.06589718604346,279.8957018065329,281.6931740868517,24516800,276.4963836669922,272.0673708829013,262.61118876139324,238.99163848876952,58.53884890646866,5.111520017775226,0.01935238200552831
2020-11-25,286.32220458984375,286.960025922202,284.6890021233279,285.6360755244479,23326800,277.6869812011719,272.3906735506925,263.0553206125895,239.2956362915039,60.205782876877414,4.6966606836258835,0.016750072110029716
2020-11-27,288.9604187011719,290.0814351653389,287.8877099628817,288.28393358751885,17163100,278.77996826171875,272.8592870538885,263.507368850708,239.61426918029784,62.645192594885984,4.5834530424845275,0.016512518146682174
2020-11-30,289.5498046875,289.8880471298068,284.87248001904345,289.2792166320318,27836200,280.241145324707,273.3718231201172,263.94085388183595,239.93262397766114,63.18810209745204,4.181019124596203,0.015010384786571946
2020-12-01,293.26080322265625,294.8843614016269,290.71919191925224,291.82089105884336,27521300,281.8588836669922,273.86907376376064,264.503343073527,240.26910049438476,66.49046643094843,4.011909125161192,0.015077716105356779
2020-12-02,293.6377258300781,293.97596836487656,290.2553594658821,292.09149530806684,23620000,283.26981353759766,274.304653375799,265.0540203094482,240.59663177490233,66.81608598180316,3.8034455980357342,0.014868175880492052
2020-12-03,294.05328369140625,295.59951430318665,293.3284908569994,293.94699489846994,22828700,284.10912628173827,274.8259785045277,265.58508783976237,240.93682998657226,67.1945736858736,3.632946625529509,0.011614374577579195
2020-12-04,295.2515563964844,295.39653853625344,293.4250940494465,294.1015495701713,19332100,284.6469207763672,275.44446827281604,266.0931800842285,241.30472763061525,68.31675409226705,3.5183601290670765,0.010280259967255241
2020-12-07,296.92352294921875,297.2907561096503,295.25165653163896,295.4352731118547,20851000,285.2576843261719,276.1539747758345,266.6090151468913,241.72372734069825,69.86569475348438,3.4210377231835554,0.010309780602340436
2020-12-08,297.9285583496094,298.228137068231,294.7008173711153,296.4499819508995,18341500,286.20958099365237,276.8705097545277,267.12791951497394,242.17672828674316,70.79012318741275,3.5259593869513464,0.008833321627376092
2020-12-09,291.1831359863281,297.9961776074339,290.1201004766501,297.7159455804409,48839300,287.07401580810546,277.37707547274505,267.5909336090088,242.59065940856934,57.9425236508163,3.8572924424318638,0.009472143738338634
2020-12-10,292.35247802734375,293.47349467898437,288.0713746839574,289.1537274532929,27519500,287.69057312011716,278.05108920010656,268.04014447530113,243.06261360168457,59.32080774115711,3.9774003244280727,0.008327748958462614
2020-12-11,291.7049865722656,291.83062205952194,288.438581871194,290.6999321661132,26760400,288.34047241210936,278.691718639027,268.46704788208007,243.53056015014647,58.18377084223762,4.065066874084043,0.008237863671770268
2020-12-14,293.82135009765625,295.7637747777363,292.8259691496675,292.8935940648919,28804800,288.9739456176758,279.26241566051135,268.9529006958008,243.95797096252443,60.82677439165368,4.031930347667591,0.008182062611612112
2020-12-15,296.9621276855469,296.9621276855469,293.8889836609134,296.07303550095884,25709000,289.65476684570314,279.79111772017046,269.4462429046631,244.43449020385742,64.42079616144683,3.8869719339804516,0.008309843506036477
2020-12-16,298.5953674316406,299.37814143004573,296.31467036214076,297.35838868794735,25461900,290.4621887207031,280.3714804909446,269.9999849955241,244.87710731506348,66.15949987940624,3.9352914847058855,0.008230625464057409
2020-12-17,300.54742431640625,300.77934858265223,298.9915498771804,300.18986457531184,23730500,291.47158203125,280.9541259765625,270.54889488220215,245.36139694213867,68.16212926597547,3.8227736686713456,0.007904355601190799
2020-12-18,299.6390380859375,301.49452083485187,297.2713695482542,301.18526879471654,41173400,292.32586975097655,281.44276899857954,271.0519013722738,245.85832801818847,66.19887224409521,3.7661725383737967,0.007964811280939777
2020-12-21,299.0784606933594,299.6109270127023,293.92793779990836,296.6968099330535,37095500,293.24876861572267,282.06072998046875,271.52696215311687,246.4220085144043,64.95550423410162,3.7930685077953847,0.0077162771550087226
2020-12-22,299.8917236328125,300.8114409536031,297.0744264140137,299.9788528813914,26176300,294.21184997558595,282.59069102894176,271.9951098124186,246.9390232849121,65.95455643605982,3.7942403392664517,0.0076812357581690725
2020-12-23,298.3814392089844,300.2983418646353,298.22653291084043,299.94013397627043,21201300,294.9022705078125,283.18104414506394,272.40074144999187,247.4912766265869,62.39705640243185,3.7800107326669945,0.007464842048766389
2020-12-24,299.6980285644531,300.1433656019601,298.56531899476283,298.64275735310594,16785000,295.571061706543,283.711699329723,272.8316795349121,248.13627098083495,64.20941918297618,3.765045154536194,0.007428999309157081
2020-12-28,302.7187194824219,303.1931292880562,300.4726223133409,302.3024253950215,22497700,296.2589767456055,284.27109541459515,273.2605703989665,248.7240731048584,68.01804990577116,3.869038083853131,0.007473679656365339
2020-12-29,302.98974609375,304.664642578281,302.08938102346127,304.0450174468872,25871900,296.930973815918,284.75986494584515,273.67408320109047,249.42412902832032,68.34355114319668,3.8010339308319936,0.007480599291295537
2020-12-30,302.9994201660156,304.4709854534392,302.37979506898415,304.15151157521103,18138100,297.41790466308595,285.09383711381395,274.07326062520343,250.0624306488037,68.35593118463878,3.387827734665657,0.007069396172393516
2020-12-31,303.744873046875,304.22894406507703,301.82797072381925,302.90259420245957,21611400,297.92326202392576,285.4415394176136,274.5223799387614,250.73112510681153,69.35059763021161,3.1734601165392866,0.007071011715572559
2021-01-04,299.4560546875,305.24555554776396,295.4576227654511,305.0712675012697,45305900,298.19340057373046,285.7544871937145,274.9210219065348,251.37327331542969,58.04590250175092,3.593034161265223,0.007909504045677954
2021-01-05,301.9247131347656,302.1958212252537,298.4684690705339,298.4684690705339,29323400,298.52705841064454,286.1467557040128,275.33596738179523,252.0612656402588,61.8961250000012,3.569360157640164,0.008050130719966915
2021-01-06,297.7424621582031,301.9441957847156,296.2321626812209,297.21965709452303,52809600,298.56800537109376,286.4909196333452,275.7303957621256,252.7277532196045,53.01892280734171,3.753021265897595,0.008635620559335908
2021-01-07,304.94549560546875,305.7780838653538,300.36617154001954,300.39521462942577,30394800,298.9188522338867,287.04880981445314,276.1824328104655,253.36658470153807,62.8905221076551,4.108174882986573,0.010161449527542948
2021-01-08,308.8663330078125,309.21487948228685,305.0421603895947,307.23017070693584,33955800,299.8030120849609,287.6672685102983,276.60787200927734,254.03158065795898,66.96011661562167,4.257132220544179,0.008782048824288388
2021-01-11,304.4032287597656,307.08497153497416,303.7545606025091,305.9135279564242,32746400,300.40554962158205,288.2084444912997,277.01850649515785,254.627954788208,59.02513112474668,4.320605157594587,0.009600890105986163
2021-01-12,303.9192199707031,305.52631006269684,301.28587193949915,304.4419954990286,29266800,301.0162612915039,288.74099842418326,277.4176186879476,255.25374458312987,58.21938459016023,4.215557860249484,0.009587238134543255
2021-01-13,305.97161865234375,306.7654726708281,303.5803066312761,304.1805499689339,22898400,301.62377471923827,289.3010270552202,277.88956184387206,255.85728553771972,60.671080822353275,4.176140110246815,0.009573668362695794
2021-01-14,304.3354797363281,307.4141645709109,303.86107000917417,306.4169793743503,23500100,301.99244232177733,289.9063360040838,278.367601776123,256.4605563354492,57.761225752691416,4.281946225099806,0.009485057938604536
2021-01-15,301.9247131347656,305.0808651245545,300.68549270763583,304.1224141158977,35118700,302.1589096069336,290.42933072176845,278.78882853190106,257.0907960510254,53.67623264133002,4.4700495125243025,0.009643475509302514
2021-01-19,306.32977294921875,306.8331960858156,303.14457792092514,304.23858296241275,24537000,302.4480270385742,291.22604924982244,279.273420715332,257.7252140045166,59.33540253848365,4.571005385913367,0.010063431654030695
2021-01-20,313.45538330078125,314.3944823981497,306.4266911576804,309.94105200190813,30728100,303.1388442993164,292.0688620827415,279.7935553232829,258.4079941558838,66.47091956564249,4.96310880692131,0.011166105441483781
2021-01-21,315.9628601074219,316.7083484771748,313.4166710531678,314.791416370408,25130600,303.98306427001955,293.0804365678267,280.3236331939697,259.04007446289063,68.56151553671405,5.04885788117502,0.011189441991551535
2021-01-22,315.0528259277344,316.0596724734222,314.365423740635,314.9269627231851,21609400,304.7411193847656,294.0649236505682,280.80859896341957,259.6679906463623,66.93042703838432,4.998377551998552,0.011261623656073578
2021-01-25,317.65704345703125,319.7966584555106,311.1705100697358,318.4315747501509,39080600,305.704899597168,295.0147039240057,281.2863554636637,260.2888138580322,69.18935384748437,4.915392952245834,0.011183857691695647
2021-01-26,318.12176513671875,319.2545042371562,316.795415370245,318.37349150244887,25498100,306.62608642578124,295.7575173117898,281.7599323272705,260.9105613708496,69.58857242143127,4.8248027174023616,0.011186392457780131
2021-01-27,309.253662109375,315.87575134585563,307.24960062396013,315.8660900145018,55264000,306.9528335571289,296.2076626864347,282.1542120615641,261.47750137329103,54.9552856817889,5.193383532349786,0.013002670490596566
2021-01-28,311.08343505859375,316.02096581092127,309.83452344318874,310.4541485856806,42836300,307.3575180053711,296.68721147017044,282.5348280588786,262.0109983062744,56.9660727919792,5.10278938909233,0.013045925668351867
2021-01-29,304.538818359375,310.50257805834553,302.7961741586295,309.39888173127883,55259000,307.4344879150391,297.15354225852275,282.88643480936685,262.5234934997559,48.60807298664639,5.38978060503134,0.013979541538345004
2021-02-01,312.14837646484375,313.2326908464539,305.9522436350412,307.97565699810855,35646000,307.8546630859375,297.8490683815696,283.3107957204183,263.05561050415037,56.58422680772899,5.645644896586735,0.015027080291272026
2021-02-02,317.24072265625,318.3928138516619,314.9462311386911,315.11082825746934,33930800,308.743896484375,298.5257845791903,283.8188261667887,263.60334922790526,60.951823625477246,5.788787701131055,0.014905440445378774
2021-02-03,315.9821472167969,319.680456238895,315.9240610684159,319.31255760225184,24824500,309.44676818847654,299.2035145152699,284.26265347798665,264.15709495544434,59.36235436415102,5.829589781911559,0.014929173707723575
2021-02-04,319.71917724609375,319.8063064731905,316.0596019812982,317.37629035212416,22350900,310.5456039428711,299.9047379927202,284.732629776001,264.7673908233643,62.490179292373014,5.848951545815623,0.014558989996195273
2021-02-05,320.80352783203125,321.81040381264313,319.0318409228675,320.66800331185556,22732000,311.33850555419923,300.5857893510298,285.21421877543133,265.3537813568115,63.37115698708965,5.733465151019691,0.013735304830472726
2021-02-08,322.9527282714844,323.10763450474684,320.8518771133,322.48803911704,20462800,312.04282531738284,301.32225841175426,285.6882694244385,265.9530883789063,65.11976020018042,5.547438273995807,0.013561843330260675
2021-02-09,322.8850402832031,324.1436130354733,322.01368886741005,322.02337974169393,17597500,312.9669158935547,302.09544899680395,286.1404148101807,266.53604270935057,65.01449189920856,5.123525039648115,0.01299712543304482
2021-02-10,322.1492614746094,324.7729181112913,319.00279986741936,324.31789017397597,28068700,313.87841796875,302.8153758655895,286.6014878590902,267.1070216369629,63.80702927076935,5.3005565267813255,0.013010921211640897
2021-02-11,323.9210205078125,324.3276532521453,321.53939884916826,323.6789849456841,22046100,314.77588806152346,303.6026583584872,287.04648272196454,267.7064427947998,65.47006415896854,5.378699788937739,0.01299488897473157
2021-02-12,325.7314147949219,325.89598240320623,322.033104956612,323.07868540357345,20346800,315.84568481445314,304.4226823286577,287.4909409840902,268.27873931884767,67.13196121177036,5.03846615042484,0.012857409222701979
2021-02-16,324.8504333496094,327.41600420174075,323.6886509226213,326.5253004016693,27080800,316.9919708251953,305.1549987792969,287.9138833363851,268.8470648193359,65.48038787071101,5.129056465582571,0.012665382589848648
2021-02-17,323.2916564941406,324.96655281909017,319.6514626027675,321.87817742268214,31360300,317.8400650024414,305.82717063210225,288.3058780670166,269.4373580932617,62.54824241736506,4.732122587265719,0.01253271455620886
2021-02-18,321.8781433105469,323.2335360809982,317.89906468065965,319.7095148778247,32236200,318.2612030029297,306.4256747159091,288.63696784973143,270.0086213684082,59.9276347800936,4.633928880975341,0.01164703986151416
2021-02-19,320.4743957519531,323.34977904654954,319.4578583383026,323.223915842976,39157700,318.4867797851563,306.98794000799006,288.96368878682455,270.561096496582,57.35752809043098,4.319976010138395,0.011605809760574412
2021-02-22,312.1676940917969,317.3569207848066,311.96439255410183,316.0983480624215,47256900,318.3425231933594,307.3317016601562,289.20926729838055,271.06557441711425,45.046165436644856,4.306842489479278,0.013042129994174976
2021-02-23,311.2383117675781,312.90351724809113,301.0921726135977,306.90102481836163,97241900,318.0215866088867,307.6517123135653,289.4281762440999,271.55180297851564,43.91054039945064,4.704478721456082,0.012891343387752083
2021-02-24,313.80389404296875,314.11370659641756,305.8941603269146,308.5855941011295,58206300,317.8056930541992,308.0108143199574,289.62787640889485,272.0361959075928,47.82117843019725,5.023275228529217,0.013046105594193447
2021-02-25,302.8638610839844,313.70706373976833,301.3245187872966,311.1511841201916,110182600,317.4862030029297,308.1492198597301,289.71353848775226,272.45619316101073,36.223437725729724,5.641504942763398,0.01388159539591198
2021-02-26,304.1322021484375,308.9438404755262,300.9760491503722,305.78771702281585,104739800,317.1386413574219,308.28028675426134,289.9333876291911,272.90544425964356,38.09783257836643,6.0121641167189965,0.013841902280935181
2021-03-01,313.28106689453125,313.6199225043149,307.8110704920777,309.0986863548367,49164500,317.5757537841797,308.55942327325994,290.2603214263916,273.41384902954104,49.603594334893074,6.525279379801982,0.014650492118746491
2021-03-02,308.2563781738281,313.99745260810704,308.00468136811355,313.9200142552748,48370000,317.3811538696289,308.8698458584872,290.65514945983887,273.88511962890624,44.690538009251455,6.801197027796998,0.014051453330560454
2021-03-03,299.310791015625,308.10150757392336,299.25270485794294,307.16240863093043,86301100,316.48465728759766,308.99636064009235,290.911568069458,274.3047165679932,37.558257663517544,7.032165247226516,0.014825949091285965
2021-03-04,294.41204833984375,302.0990997560875,290.54914087873334,298.94294673589053,139131600,315.40615234375,309.0455799449574,291.1717795054118,274.67975379943846,34.327424703439405,7.658001281110598,0.015133413469810364
2021-03-05,298.8460693359375,299.7464343167037,287.97385344428346,297.0259576251309,121523700,314.3624969482422,309.1369384765625,291.48416074117023,275.0797105407715,39.40809999994149,8.22298009724103,0.015321000746115762
2021-03-08,290.3845520019531,300.18214560216165,289.9682579781333,298.30394751172685,88409800,312.84154815673827,309.01734619140626,291.688098526001,275.4155088043213,34.002075527177425,8.686303979020238,0.016211205062866572
2021-03-09,301.837646484375,303.7352262391033,297.14218101960296,297.6746473469426,80391100,311.7857940673828,309.0762967196378,291.9560718536377,275.8207279968262,45.00007905105493,9.260274266222202,0.018872876706178245
2021-03-10,300.9760437011719,306.38795490696515,300.28867103051203,306.0878331967325,76798100,310.6903442382812,309.0840897993608,292.25270220438637,276.2178285217285,44.400644483562154,9.310752270720213,0.018860037237178717
2021-03-11,307.907958984375,309.6699553649419,304.81958294834607,305.71025724263603,53484800,309.97827911376953,309.23443381569604,292.6416467030843,276.65257934570315,50.15362524775041,9.653751624686148,0.019762443646465993
2021-03-12,305.4100341796875,308.09180614010404,301.4697191182016,303.8610012373215,69315600,309.05272979736327,309.3495533336293,293.03755811055504,277.0688109588623,48.21747770070105,9.518900469261228,0.01972228177524728
2021-03-15,308.67266845703125,308.83726557970624,304.0933761867674,305.72953835863865,42955700,308.1997924804688,309.5092068758878,293.4555042266846,277.5028028869629,50.88451025022114,9.014082237721615,0.019868035752662588
2021-03-16,310.36700439453125,313.8717038740802,308.93417288948405,310.8607663565972,54925900,307.47562103271486,309.7271262428977,293.84754575093586,277.9290111541748,52.2596490431286,8.798331462546328,0.019947884594636298
2021-03-17,311.6449890136719,313.53287824746974,305.62314294705027,307.33677366413497,78258700,306.8932876586914,309.9443437056108,294.31723963419597,278.35823265075686,53.32124225401607,8.471928608599708,0.019983744602983303
2021-03-18,302.0991516113281,307.7530994730686,301.64412351831913,306.77526623066706,82718100,305.90433807373046,309.93307883522726,294.69747950236,278.73215202331545,45.230679571778104,8.617148192185331,0.02100875800301746
2021-03-19,303.1640319824219,304.70337437905994,299.7948868313532,301.93447260393606,78446200,305.03881988525393,309.93624766956674,295.0369046529134,279.1062830352783,46.21116707333431,8.290060134458855,0.02105495448332733
2021-03-22,308.84930419921875,310.9140559529081,305.5534698013982,305.5534698013982,56194800,304.872900390625,310.0426091974432,295.37828623453777,279.5168473815918,51.2309415535244,8.415578186636907,0.020814782778812484
2021-03-23,307.501953125,311.2533907788048,306.6876901102934,309.9350686357572,53455400,304.6860824584961,310.1109197443182,295.71850738525393,279.89819717407227,50.03910738683349,8.098580140395926,0.02082636350962687
2021-03-24,302.31585693359375,308.90755666394017,302.17045810055293,308.86877378090526,64803700,304.11168060302737,310.1629161487926,296.0002901713053,280.24464454650877,45.63806829870889,7.754804403684001,0.021033830726604547
2021-03-25,301.79229736328125,303.3045335029563,297.97302768248255,300.4739755782604,78729000,304.0581024169922,310.16050858931106,296.24219538370767,280.58003288269043,45.20580329049114,7.294727614259252,0.019531691135935336
2021-03-26,306.3193359375,306.63921336688196,300.1832685852541,301.5791269506835,63519600,304.16745910644534,310.31645174893464,296.5857681274414,280.92397155761716,49.64682092737833,7.0263031255163595,0.019801387755612607
2021-03-29,306.2320251464844,307.2789260718177,302.89740800258596,305.7861256396447,54608000,303.815007019043,310.33984319513496,296.88150278727215,281.326321182251,49.563386111140495,6.385649113522184,0.01854144431166794
2021-03-30,304.6907958984375,305.2627176647272,301.9959625409575,304.27397607290493,44635700,303.63672790527346,310.2639243386009,297.20465927124025,281.7119928741455,48.02897001579003,6.252561879884594,0.01823152945663977
2021-03-31,309.35345458984375,310.91411802707773,306.1351557169822,306.4744393806723,55032500,304.13886108398435,310.3539284446023,297.5283381144206,282.10713424682615,52.79066055581814,6.076091198803892,0.017239399817782816
2021-04-01,314.6268005371094,314.76249625213046,312.92070869566726,313.17275305842713,55685600,305.1495986938477,310.5486117276278,297.8839619954427,282.508865814209,57.530015804489594,5.989445101688484,0.017004405545517142
2021-04-05,320.9081726074219,321.6739790047738,316.8659383683459,317.10827954372763,42172500,306.25270385742186,310.820185435902,298.25730158487954,282.9382901000977,62.37528091769162,6.153965749883168,0.017214496628873106
2021-04-06,320.68524169921875,322.63364465762453,319.90973217862893,320.5980024249018,33537200,307.76773834228516,311.11745383522725,298.55775400797523,283.3634161376953,62.104474602980105,5.977171254307929,0.015536476654594527
2021-04-07,321.46087646484375,322.2945459031716,319.27980480844286,320.21038709869083,32046400,308.74889984130857,311.47265680486504,298.86475092569987,283.79261329650876,62.71106827999158,5.6275288110443045,0.013268098641164483
2021-04-08,324.8147277832031,324.9989094525258,323.51578256664493,324.3106687623888,29940800,309.94083404541016,311.80874689275566,299.21950759887693,284.2244510650635,65.29772676888714,5.165897917639256,0.013279637416836444
2021-04-09,326.7825927734375,326.98618070540704,322.72098098970895,323.4576782099701,36664900,310.88456573486326,312.0510597922585,299.6064463297526,284.6559811401367,66.75493789196494,5.119948786781497,0.01251305341158709
2021-04-12,326.3560485839844,326.7728683332673,324.47547857249293,325.74534404855524,25833000,311.93186645507814,312.2400268554687,300.0026346842448,285.1101663208008,66.10695266490175,4.731169517528522,0.012283814354064204
2021-04-13,330.1656494140625,330.6309255747527,327.6646717196911,327.87793315422925,30374000,313.0065155029297,312.51480546431105,300.46850229899087,285.57218925476076,69.00114559821047,4.7103963976897285,0.012316693749847722
2021-04-14,326.2009582519531,330.5340200904296,325.3866953700291,330.40799793322714,42564300,313.79821319580077,312.6701493696733,300.8964177449544,286.0424624633789,62.97424025382781,4.596841123190676,0.012776599446633239
2021-04-15,331.14471435546875,331.5324839641165,325.91985316308563,329.07028894600836,36342800,314.7731994628906,312.90693026455966,301.3673024495443,286.524794845581,66.8611772673157,4.616921478944756,0.013081772383463926
2021-04-16,331.5324401855469,331.74570160907507,329.6615437771417,331.6681358645209,40860100,316.24486389160154,313.3119989568537,301.8414998372396,286.98606575012207,67.15242278308006,4.304650982538009,0.010426716329651123
2021-04-19,328.4983825683594,331.1156500529259,326.57902941354195,329.96213303614445,34533100,317.51158142089844,313.6286343661222,302.2859026590983,287.4182018280029,62.521819726397474,4.345500461307523,0.010878124096176417
2021-04-20,326.1040344238281,329.11874492322863,324.13622495146456,327.8392057974429,38081800,318.3743179321289,314.02072920365765,302.7447405497233,287.83015197753906,59.060654881233816,4.398818844610182,0.010583555110450074
2021-04-21,328.89581298828125,329.0799946790539,323.7387848119833,324.82446872643175,36598100,319.44401092529296,314.32522804953834,303.2092056274414,288.2261028289795,61.721524876595595,4.335810825926639,0.010519172747028476
2021-04-22,324.93115234375,329.4871499891358,323.77760565372427,328.50811147791865,45936100,320.5747756958008,314.4650540438565,303.72937978108723,288.61083129882815,56.14102810270173,4.357275302578411,0.010076567295699248
2021-04-23,329.0218811035156,330.3305001865313,325.5612409559132,325.5612409559132,36381900,321.9362548828125,314.7021401145241,304.2453898111979,288.99968162536624,60.14506161783836,4.239573115086761,0.010181433357271315
2021-04-26,331.1640930175781,331.4452170856451,328.5177165304616,329.2641463405706,30812000,323.1784927368164,314.9102294921875,304.83570505777993,289.38866104125975,62.09654341021822,4.254115120528752,0.009887984181084067
2021-04-27,329.7295227050781,331.66825284543745,328.7795638692136,331.454991346691,33187200,324.3533676147461,315.0725203080611,305.4092341105143,289.76181800842284,59.97856030862895,4.245111397778406,0.010019806341158647
2021-04-28,328.6146545410156,330.40798526846567,327.9651671336623,329.3998376321553,33615700,325.549560546875,315.1754644220526,305.93586349487305,290.15563850402833,58.31394514297866,4.166881765429927,0.009950162807990517
2021-04-29,329.7972717285156,332.29821973150337,326.57897370453867,331.8813999947828,37708900,326.5717514038086,315.3011413574219,306.3736155192057,290.54652976989746,59.594972980664416,4.270742216234685,0.009577292149572456
2021-04-30,327.6356201171875,329.8360972860039,326.7244147806382,327.35452560683456,38263400,327.2221923828125,315.4008933327415,306.73311513264974,290.9240515899658,56.1956187187375,4.328211380836194,0.009235576856854357
2021-05-03,325.89080810546875,329.58408623460167,325.44490850724037,328.83768586553776,29729700,327.47132415771483,315.4367076526989,307.07630310058596,291.3014503479004,53.540890801588866,4.318518576307119,0.008344650329310886
2021-05-04,320.02606201171875,323.66117947490153,316.2164364274804,323.34127257185094,65147000,327.43836517333983,315.3329739657315,307.41909840901695,291.64807540893554,45.72226310215398,4.64187907327768,0.009344993062110408
2021-05-05,318.9501037597656,322.93420853069864,318.17462374116377,322.0714596460376,46219300,327.3128265380859,315.2256952459162,307.79456227620443,291.9537577819824,44.44007823927557,4.580947215313679,0.00935364354233339
2021-05-06,321.3542175292969,321.50931948738054,316.44923273776175,318.6884636389985,46814300,327.1398010253906,315.19046908291904,308.13900299072264,292.2848934173584,47.95220014211029,4.793513566576921,0.009199079739584153
2021-05-07,323.9617919921875,326.33671847175805,321.52867639706886,324.1265674744462,53324500,326.99876098632814,315.2283536044034,308.5161262512207,292.62457359313964,51.531007603225945,4.795591435895225,0.009287232172306826
2021-05-10,315.7803039550781,322.7597131465326,315.5767160364433,322.58523457284645,60700500,326.4699737548828,315.1430064808239,308.80469640096027,292.95678291320803,41.815717467463834,5.038631149036661,0.01082738504592985
2021-05-11,315.3440856933594,316.13897199214597,309.2467723353691,309.90596293439626,71963600,325.72889556884763,315.2007590553977,309.0713495890299,293.29864990234375,41.36789407094725,5.149416134015679,0.010369561914198317
2021-05-12,307.1820373535156,312.7364789358394,306.31928844902643,310.4197123587213,91164900,324.77794952392577,315.1270086115057,309.27747548421223,293.5776725769043,34.02530453752112,5.386219913224352,0.01146368405988536
2021-05-13,309.55694580078125,312.5231996658119,307.1916933671056,310.119193940392,69877800,323.6985610961914,315.04979137073866,309.52078704833986,293.8845637512207,37.50137593013674,5.382063803903991,0.010955966160274616
2021-05-14,316.39105224609375,317.3022281176415,312.2130619368649,312.7171506629184,44370000,322.9414916992188,315.2957403009588,309.80276845296225,294.21132286071776,46.27375398517742,5.7261910725951894,0.012318361521737372
2021-05-17,314.47161865234375,316.37156525838355,311.6023073069235,314.68488007831405,39395000,322.24015350341796,315.48372969193895,310.08486124674477,294.52191337585447,44.38923473793156,5.861909355662789,0.012246659369536325
2021-05-18,312.3487243652344,316.64300329263045,312.0773034068647,315.4216237712998,36528500,321.5523880004883,315.46677800958804,310.34918314615885,294.7993723297119,42.335652668342604,6.0135437664458165,0.012235264363429879
2021-05-19,312.7073974609375,313.00789819210576,306.610084387319,306.9590711096651,66319100,320.7429672241211,315.5477056329901,310.5836362202962,295.0612779998779,42.8169976803299,6.062012893433108,0.012006050911219509
2021-05-20,318.75628662109375,319.6093325722181,313.96765063668704,314.19058565845404,46466100,320.4342239379883,315.901260098544,310.8539202372233,295.3485967254639,50.3449073648898,6.332745222427028,0.012716112254917934
2021-05-21,316.99200439453125,320.7240353459111,316.6333441385424,320.30721556639253,50330400,319.8327301025391,316.3118047540838,311.08751678466797,295.62385627746585,48.34576819921268,6.329281899570414,0.012345978783064667
2021-05-24,322.32354736328125,323.4480142495234,316.8853946382542,319.2797272359701,32475800,319.39070281982424,316.7386679909446,311.3606313069661,295.90842643737795,54.25704427858051,6.107013894804761,0.012912833190723868
2021-05-25,322.7693786621094,324.55300623379526,321.5964556098517,323.83568579264556,31280300,319.0426956176758,317.32748302112924,311.6065361022949,296.21054328918456,54.72364894560481,5.978225740119667,0.012904802759896167
2021-05-26,323.8938903808594,324.3591665878998,322.7500469283273,323.43828770635344,25444900,318.806657409668,317.72850563742895,311.8586708068848,296.5238874053955,55.944337045209515,5.731728090830643,0.012929044416343287
2021-05-27,322.6822204589844,324.2913698816061,322.4786620955859,323.4480270791408,27931700,318.4509048461914,318.12316339666194,312.0972452799479,296.85591316223145,54.24720481083345,5.505314293942003,0.012906435972996592
2021-05-28,323.70001220703125,325.2897848341171,323.3801348081351,323.88419390364896,29927400,318.2541244506836,318.41029163707384,312.3343157450358,297.16079887390134,55.46922692979934,5.092634895326897,0.012869472337540629
2021-06-01,322.6239929199219,325.5030074975126,321.2765616771264,325.02799863948223,31145400,318.0907836914063,318.7232727050781,312.548486328125,297.4573087310791,53.8322235802263,4.90222390701328,0.01283792494104595
2021-06-02,323.254150390625,324.0974932143302,321.5383849762825,323.040888905565,22047900,318.25218811035154,318.9883905584162,312.7595329284668,297.75851524353027,54.67583220336019,4.440388977992906,0.012157849917547548
2021-06-03,319.8903503417969,321.6933544804088,318.223041877921,320.4234890926347,37057800,318.2992004394531,319.1615423029119,312.99875971476234,298.0276337432861,49.47845812303838,4.4182422780220305,0.01237786227358179
2021-06-04,325.31884765625,325.76474720147104,321.61586685126764,321.68372949020727,38736500,318.49743194580077,319.4101579145952,313.2734794616699,298.31109001159666,56.64149251833876,4.284607602508738,0.012842317450749674
2021-06-07,326.2882080078125,326.346367531055,324.09743402345566,324.78567477026974,32611900,318.613752746582,319.8499589399858,313.5616729736328,298.6084285736084,57.792299378227554,4.103192500253674,0.012737015293322785
2021-06-08,326.4433288574219,328.8958208385621,324.76631695292076,328.0330718893326,27282800,319.1469039916992,320.2732188831676,313.83352279663086,298.88803703308105,57.984479062768564,4.072035643101929,0.011214058094710858
2021-06-09,326.5208435058594,328.5855953125596,326.3366618228329,327.81011528704465,21485300,319.7057418823242,320.5945195978338,314.0798454284668,299.15865913391116,58.08717682680837,3.7756870491690626,0.01119631065464802
2021-06-10,329.9233703613281,330.0299863073459,326.41427393607114,326.8601735349406,33702100,320.84280853271486,321.0021817294034,314.3409121195475,299.43778923034665,62.42841143745511,3.540956853454361,0.009244278014086938
2021-06-11,330.78607177734375,330.795774892879,329.28356800283944,329.93302592497895,21222800,321.90426483154295,321.5198219992898,314.5929008483887,299.7104581451416,63.46178489508877,3.3567794022165662,0.009195113011624923
2021-06-14,333.9557800292969,333.96545355828334,330.02983597631635,331.2124618732352,27827700,322.7825012207031,322.1046125932173,314.8788736979167,299.96950019836424,67.04790059061281,3.1691364001235507,0.00823050152229454
2021-06-15,331.7748107910156,333.9170987473574,331.05746071225883,333.606894906958,35963800,323.64766082763674,322.5674394087358,315.1513432820638,300.2220348358154,62.50233290335867,3.164977021058872,0.0082572378224001
2021-06-16,330.5631408691406,333.3064305766439,327.11220412020464,332.2401232480019,55399500,324.55838165283205,323.0098233309659,315.4069384256999,300.46135917663577,60.065921841665286,3.4924846494065003,0.00809783934097708
2021-06-17,334.7604675292969,335.7686152979436,329.5065263923153,329.554982803743,59722700,325.66103515625,323.5565446333452,315.7100969950358,300.710315322876,65.13589827814025,3.810297586521362,0.008375710560811782
2021-06-18,332.1335144042969,334.24672287543035,331.3870844669612,333.1028793451108,55414900,326.3298965454102,323.9707275390625,315.9803927103678,300.92178352355955,60.0015101531687,3.864998921321574,0.007849745308230576
2021-06-21,334.1976623535156,334.51794039002993,330.1119109228464,332.32462521783617,32992600,327.1901794433594,324.3265613902699,316.2427172342936,301.1298497772217,62.502671985802266,3.877826324664239,0.007687309513475322
2021-06-22,337.3129577636719,337.75937452860774,333.69302217724,333.9938714771948,28941600,327.9396499633789,324.6248302112926,316.5287439982096,301.4276630401611,65.96209822333725,3.9854866184728133,0.007123346467872901
2021-06-23,337.4779357910156,338.62313566064245,336.64332921884596,337.254742209473,27188500,328.6750778198242,324.9301519220526,316.8160649617513,301.74480766296386,66.14025363057495,3.7675364705508474,0.007132198930446464
2021-06-24,339.564453125,341.0880985376921,338.8656997724556,339.4091713114371,32581600,329.45860595703124,325.2593078613281,317.1145614624023,302.1382448577881,68.393425068473,3.6058054624795823,0.007182035008021913
2021-06-25,339.14715576171875,340.3699816607992,338.5454571818476,340.1273593549169,28682800,330.28185272216797,325.5198974609375,317.44532063802086,302.49127784729006,67.42703397288112,3.575490531861886,0.007090562358067721
2021-06-28,343.2716979980469,343.4075806908598,340.369945009591,340.42817198737436,39130300,331.26043701171875,325.8196993741122,317.78987884521484,302.8917029571533,71.685577346761,3.584842034969008,0.007412051507268882
2021-06-29,344.51397705078125,344.5430905442502,342.26246444955655,343.09707100698824,29426000,332.35493621826174,326.14984352805396,318.1796414693197,303.3074712371826,72.83744473311037,3.5871057924666525,0.007263056587495478
2021-06-30,343.9705505371094,344.7469598264053,343.38825097438394,344.3587403732643,32724000,333.39075622558596,326.4008417302912,318.5048502604167,303.69776390075685,71.4677888665673,3.425891255377126,0.00734033354320962
2021-07-01,344.1064453125,344.6110891554649,342.27220606826614,343.62120059607673,29290000,334.60156097412107,326.72639604048294,318.79851786295575,304.0698918914795,71.6115511767683,3.4849395551742117,0.006657078812226471
2021-07-02,348.05633544921875,348.37658392233686,345.7659650458484,345.998873026298,32727200,335.73843536376955,327.0338800603693,319.1622937520345,304.4832715606689,75.4789242752253,3.508833914307774,0.006175790750049073
2021-07-06,349.560546875,349.84199706760444,345.9697245818565,348.65799892493936,38842400,336.9020523071289,327.3616638183594,319.5426381429036,304.9249011993408,76.77643752207142,3.578401997787052,0.006178254763159791
2021-07-07,350.2981262207031,352.05470949206136,348.34743324169887,351.7538601770984,35265200,338.094792175293,327.7580227938565,319.9120257059733,305.3868885040283,77.40771032170001,3.4007626973529983,0.0061473062544396525
2021-07-08,348.1824035644531,349.0364388088404,343.9607991902347,345.2418224398353,50890000,339.17787017822263,328.1594476873224,320.2774167378744,305.83520484924315,71.41131903850224,3.406136849127295,0.0064767822704137525
2021-07-09,350.3563232421875,350.83185348316795,347.01783795171673,347.600137407865,35184500,340.19951782226565,328.54963878284804,320.6810134887695,306.27037635803225,73.66842534480632,3.4376105969212625,0.006297814003067687
2021-07-12,351.72479248046875,352.1809236975444,350.1816882228182,351.7539059787082,25717700,341.2464538574219,329.0367958762429,321.0593053181966,306.7525917053223,75.00615161599777,3.2656967403171677,0.006299974743619036
2021-07-13,351.72479248046875,354.684773397096,350.87075704279624,351.3462873863692,39723000,342.1349044799805,329.4495760830966,321.37821706136066,307.2288638305664,75.00615161599777,3.2476727405265984,0.006142843243010848
2021-07-14,352.3555603027344,354.7041278435109,351.5306384672121,354.06360134594,35336400,343.16394195556643,329.8348754882812,321.6814895629883,307.6784765625,75.6669823807819,3.3329358072767628,0.005760808727305784
2021-07-15,349.8807678222656,352.47198710735233,347.8815623704829,352.2681926610586,53391600,344.1298233032227,330.2012617631392,321.9717224121094,308.08846282958984,68.06329846498562,3.4029545208619743,0.006010531947843531
2021-07-16,347.0469970703125,351.7150484688974,346.6976055038964,350.7348447491291,47262000,344.74414978027346,330.53639526367186,322.21663869222004,308.4903207397461,60.559048489847314,3.6310201270083593,0.006018147090338428
2021-07-19,344.20343017578125,344.69835954632407,341.65103874777697,343.6017019715255,64404600,345.34764556884767,330.7983254172585,322.4339859008789,308.8688282775879,54.11186245820495,3.712129655107966,0.006047856970961415
2021-07-20,348.201904296875,349.6479240427904,343.35914199321553,345.13515420203834,42183700,346.0478576660156,331.1722578568892,322.75855458577473,309.24601943969725,60.482667354656094,3.9984265090280524,0.006367395030897503
2021-07-21,350.8901672363281,350.8901672363281,347.55168112030583,347.77490435850655,30259900,346.7267181396484,331.62679165926846,323.09027735392254,309.67501724243164,64.09215344976604,4.139839170742404,0.006280942435266426
2021-07-22,353.2096252441406,353.21930999848774,351.0939358655894,351.0939358655894,30252200,347.5133026123047,332.23012917258524,323.4958674112956,310.08734603881834,66.90126269586924,4.139143433239606,0.006352491105080306
2021-07-23,357.3341064453125,357.61552696637267,353.1804141892483,354.5293786675399,31960800,348.4017852783203,332.92802013050425,323.87241516113284,310.5444564819336,71.21378479863384,4.150927302331569,0.006641484509324004
2021-07-26,357.6156921386719,358.0039116602288,355.78148225237754,356.64520256876193,28438100,349.325212097168,333.58731966885654,324.20887324015297,310.97997497558595,71.48692766606645,4.033081368196093,0.006595847866169742
2021-07-27,353.67547607421875,357.35363951682854,349.5314966334661,357.35363951682854,57933100,349.84540100097655,334.127568470348,324.52298431396486,311.38859268188475,62.54390331576878,4.345718457827758,0.006871976496356215
2021-07-28,355.03411865234375,356.6063363341756,352.52055469944963,354.8109250486839,42066200,350.3714080810547,334.8412741921165,324.81727549235023,311.7832261657715,64.20666428398566,4.184893786703294,0.006875739491829715
2021-07-29,355.6649475097656,356.8295169591154,354.47123494762224,354.47123494762224,25672500,350.9561279296875,335.5743807705966,325.10778732299804,312.13839614868164,64.98392336133988,4.080912820992004,0.006836816856824078
2021-07-30,353.8112487792969,354.3935482128629,351.7149885886468,351.74410207947614,36484600,351.44136810302734,336.4221846147017,325.36494166056315,312.48434616088866,60.80544296121414,4.220250210020047,0.007005809136457217
2021-08-02,353.8404235839844,356.0531381213734,353.13195569506735,355.47083858690587,27334100,351.73057250976564,337.22733875621446,325.62290318806964,312.84232864379885,60.84811256722936,4.156476358020496,0.00659564322787385
2021-08-03,355.98516845703125,356.1016224312695,351.31711741542796,354.50032105152934,35558500,352.0518035888672,337.9472317782315,325.90486907958984,313.2205047607422,63.95476783282293,4.271548903702121,0.0066551066487759115
2021-08-04,356.4995422363281,357.4506324293252,354.8400137966244,355.94635621743237,29602200,352.36187438964845,338.7113758433949,326.1763567606608,313.6089352416992,64.67864615134931,4.130134181975791,0.006650570941773134
2021-08-05,358.7608642578125,358.99377225892266,356.60637639657693,357.3148147722832,21443900,352.8907974243164,339.55523293235086,326.45160217285155,314.03143188476565,67.74539198309671,3.949904686089614,0.006546198448242171
2021-08-06,357.1885986328125,358.46965170158194,356.0822561585007,357.49916233742056,33332100,353.23241119384767,340.36398204456674,326.7210868835449,314.44311935424804,63.61002372034458,3.7558082415736345,0.006573628180822362
2021-08-09,357.8485412597656,358.3725841736592,356.5480891117972,357.64471717626753,25960200,353.5385986328125,341.0747503107244,327.00906092325846,314.85916931152343,64.58717093557654,3.436930599594145,0.006541552745668056
2021-08-10,356.0143127441406,358.6540449841331,354.83031454200466,358.3629100233557,35130800,353.7530746459961,341.78424682617185,327.2935290018717,315.2660971069336,59.782289121067926,3.4715909086017285,0.006677003465863937
2021-08-11,355.4029235839844,357.77092014732835,354.0733578121451,357.27599068075955,34249800,353.9054428100586,342.38569003018466,327.5846000671387,315.66726150512693,58.22735327811879,3.5693351638177018,0.006690871478857203
2021-08-12,356.6839599609375,357.04303629212944,353.5492686074497,354.89826305920906,25969200,354.2456024169922,343.00231878107246,327.95556894938153,316.0954638671875,60.54310125171655,3.5020962286430892,0.006484781702201372
2021-08-13,357.935791015625,358.26575375009867,356.5382843655151,357.0332432757138,19336200,354.7900421142578,343.6212624289773,328.3447146097819,316.51934280395506,62.718134390639165,3.4667419412668243,0.0061393748137265275
2021-08-16,358.0911560058594,358.12995425400317,352.96697363746,356.8198173800413,34856900,355.4844284057617,344.2650612571023,328.7137751261393,316.99724731445315,62.99080896722388,3.2580837349337792,0.005705467026688245
2021-08-17,354.93701171875,356.3150897426544,352.5107888148548,355.34460058109624,44793900,355.8211837768555,344.83300670276986,329.1477180480957,317.4364289855957,54.30690277528899,3.36483984609654,0.00572058218261117
2021-08-18,351.5209655761719,355.8008274852032,351.19100272642396,354.40332034686696,38541900,355.8527236938477,345.3584062056108,329.5426244099935,317.89240249633787,46.78434776885262,3.5256643280455444,0.005953955155064134
2021-08-19,353.21923828125,354.88848087736807,349.337281510462,349.5896181779967,48499400,355.85320434570315,345.9032259854403,329.8754425048828,318.35396850585937,50.45842696900285,3.640038645601777,0.005864294511598654
2021-08-20,356.8780822753906,357.27598648850346,353.9762987928336,354.28686251287087,39486000,355.83040313720704,346.5757302024148,330.28062337239584,318.8112632751465,57.29867190653307,3.721150487098019,0.0057322397486523
2021-08-23,362.2157287597656,362.9047678636542,357.9067539381562,357.9164386915184,34034700,356.0604049682617,347.24658258611504,330.80483118693036,319.23600677490236,64.91022156378679,3.8098776708424476,0.006644022950623685
2021-08-24,363.3220520019531,363.923750591973,362.341848392222,362.80769388948636,21732900,356.54273376464846,347.91992520419035,331.3790812174479,319.63013870239257,66.25293883122453,3.745406470807203,0.006061817885932514
2021-08-25,363.73944091796875,364.31205576728763,362.8271784482925,363.5744742938503,20441900,356.9779998779297,348.59803633256394,331.9198593139648,320.0252946472168,66.76957335492216,3.673309849121531,0.006033729472886479
2021-08-26,361.42962646484375,363.56468508570066,360.9928944471551,362.8853603678298,29133300,357.26623382568357,349.2327414772727,332.5119016011556,320.437989654541,61.187081829038206,3.678162589943091,0.006264169769842921
2021-08-27,364.9427795410156,365.4474232801606,361.57518071717175,362.0604253337661,27104700,357.8228103637695,349.8694580078125,333.03777770996095,320.89323135375975,65.86217226265157,3.8348270009041494,0.006395525460380153
2021-08-30,369.03826904296875,369.52351369079594,365.7094682499672,365.7288969907494,27295700,358.58270263671875,350.5649525035511,333.6049629211426,321.33831604003905,70.34637229334457,3.8888986943078527,0.006735270401295276
2021-08-31,368.7373962402344,369.3487795792828,367.1942922955025,369.2808678418203,29628200,359.2203140258789,351.1973455255682,334.1118748982747,321.7884680175781,69.62283223757703,3.7786790477790686,0.006699251316247406
2021-09-01,369.348876953125,371.4160243048738,369.14508245304785,369.79532344261236,28138300,359.86278076171874,351.8805103648793,334.64469858805336,322.2294529724121,70.2916140368043,3.7204547892047595,0.006698855145397542
2021-09-02,369.1741027832031,371.0277407947319,367.96099122725343,370.6977780055514,25453400,360.3834426879883,352.5825278542259,335.14887720743815,322.6585949707031,69.81847726036641,3.81611765941154,0.0066282137540015435
2021-09-03,370.3096923828125,370.7075966391146,368.0096369645449,368.0290360927829,24605400,361.0394973754883,353.2288773970171,335.6483996073405,323.097908782959,71.17605722324639,3.640044734984867,0.006491042602492892
2021-09-07,370.8336181640625,371.4838589668425,369.26143038110774,370.41631491144716,23970200,361.6887512207031,353.9325156471946,336.1416381835937,323.55027908325195,71.8061602215063,3.400191977465592,0.006491685942882281
2021-09-08,369.5429382324219,370.65899507579223,367.28171104948837,370.65899507579223,32949200,362.3651824951172,354.5751570268111,336.7036697387695,323.985227355957,67.87002817138683,3.3246264314509437,0.006409155021633124
2021-09-09,368.2715759277344,370.87248014416735,368.0289536026869,369.76613774278206,29399000,363.0086151123047,355.1380409934304,337.2462326049805,324.42348281860353,64.14032257357368,3.131221229634828,0.006471418683487245
2021-09-10,365.4765319824219,370.69776872726254,365.14656920150003,369.9796161815492,40249400,363.44824371337893,355.64710637872867,337.7181261698405,324.8477149963379,56.75597538230681,3.2379677523854746,0.0067836734277361655
2021-09-13,365.2242431640625,368.2327660651284,363.1765248567049,367.8057483828101,48741800,363.81266632080076,356.11364801580254,338.19914525349935,325.25097106933595,56.12783987783092,3.168650296682614,0.00677472223042632
2021-09-14,364.18585205078125,367.4369677608617,363.2347618019217,366.7091007301896,41826600,364.1174011230469,356.5688970392401,338.71472854614257,325.6402893066406,53.50320329281722,3.346806305734946,0.006829312117899366
2021-09-15,366.8934326171875,367.2428241323064,362.3515502395031,364.64192016733983,34097900,364.71522216796876,356.9983831232244,339.2572380065918,326.0299543762207,58.90001891250123,3.5901203467212417,0.0065794971212617594
2021-09-16,367.14581298828125,367.71839813414806,363.6423607524732,365.56391065491147,35193100,365.49646453857423,357.4098710493608,339.7641253153483,326.4179344177246,59.373370900621886,3.685083983211326,0.006028076915009355
2021-09-17,362.7979431152344,366.7187275437524,361.7595422416459,366.67021493341787,60912300,365.97539978027345,357.75218727805395,340.2355079650879,326.7656201171875,48.92042998606672,3.7828321211626497,0.00675348606820934
2021-09-20,355.30145263671875,358.7504976943666,350.6670670420057,357.01138745369525,76203200,365.89656829833984,357.95573286576706,340.6572634379069,327.0739387512207,36.86825327458185,4.322127972837531,0.008021437687780941
2021-09-21,355.7385559082031,358.3229226356182,354.6115368327264,357.1278868870957,41927500,365.57270965576174,358.0954096013849,341.04380594889324,327.3823651123047,37.83001335260668,4.433335009916926,0.007202654473918516
2021-09-22,359.0613708496094,360.51871870143844,355.55400493496865,356.65187839398413,46972900,365.3596755981445,358.2681518554688,341.4140940348307,327.7014141845703,44.72388556153613,4.596626845761953,0.007513689569169234
2021-09-23,362.3743896484375,363.4042463619607,359.5762772004437,360.21751377392695,44652000,365.29142303466796,358.4877202814276,341.75964584350584,328.0286685180664,50.60509974892575,4.687778698967155,0.00782135815999414
2021-09-24,362.7144470214844,363.13224261893384,359.74145968515217,360.1106592295025,36056800,365.3556640625,358.75193925337356,342.1098892211914,328.3525979614258,51.179277905137575,4.73726607462515,0.007686329970201872
2021-09-27,359.8192138671875,360.69361670499325,357.2737175316514,359.6734850025232,43338100,365.09948577880857,358.92399181019175,342.4295420328776,328.6957783508301,46.249907500539415,4.967144710632165,0.00755108247557388
2021-09-28,349.6371765136719,359.77059480277074,349.1319732652067,355.2722726687899,97701600,364.1294311523437,358.88603515625,342.63639577229816,328.9822018432617,33.888134022350286,5.476811388304071,0.00925196248418765
2021-09-29,349.0639953613281,353.0376940575205,348.4422089595116,350.9002680921135,58076600,363.14576110839846,358.8376570268111,342.82207412719725,329.26899688720704,33.34777957097285,5.60195128519896,0.009245168348093044
2021-09-30,347.78155517578125,352.3673452197888,346.9460231327196,350.7059766261453,61384600,362.06739501953126,358.7544932972301,343.00062001546223,329.53879791259766,32.11395128573156,5.592674325292295,0.009189688073468361
2021-10-01,349.9383544921875,350.9779363955298,344.3032880653489,348.40329448757456,56375500,361.1056076049805,358.7555403275923,343.16539255777997,329.80367904663086,36.377358341986465,5.708274833989252,0.009403593907719538
2021-10-04,342.5933532714844,348.6559112896858,340.3587649288273,348.3255826438038,76766000,359.71979064941405,358.6745649857954,343.3019958496094,330.0236689758301,29.567250013584427,6.092373662876407,0.010145512622377664
2021-10-05,347.21807861328125,349.46239251707476,343.4289791425796,343.65242022878175,47232900,358.539013671875,358.7293767755682,343.4359405517578,330.25702224731447,37.5009380223957,6.233642616646916,0.01081240973853068
2021-10-06,349.4429016113281,349.71493870708895,343.10827693175275,344.01182553733474,56806500,357.5340118408203,358.7519403631037,343.58519439697267,330.5060415649414,40.947101643359865,6.414401501908442,0.011024279028595554
2021-10-07,352.6490783691406,355.29173732282277,351.9495501269947,352.48389921273855,39411200,356.7528869628906,358.7839205655185,343.7864501953125,330.7738946533203,45.602116551282066,6.447441856541246,0.011338188156767296
2021-10-08,350.8905029296875,353.96065262238324,350.3561242619187,353.7274568047057,41822300,356.0235855102539,358.7417547052557,343.993004099528,331.02888854980466,43.57322966657906,5.838417019915239,0.011286723077191543
2021-10-11,348.1993408203125,352.8725680610117,348.1118738417442,349.35547637804586,34847200,355.1723403930664,358.5756680575284,344.1538668314616,331.27797805786133,40.59659214155508,5.913367621084928,0.011352666342329542
2021-10-12,346.9848327636719,350.0840986793097,346.3435961311823,349.64691210021607,43905100,354.3122894287109,358.3823797052557,344.3376475016276,331.51441207885745,39.29205581385158,5.825923962631898,0.011355138825599917
2021-10-13,349.76348876953125,350.4338711616583,347.26655896985903,349.2874312866479,40120800,353.45579223632814,358.31125266335226,344.51049423217773,331.749635925293,43.74594588595366,5.762078454462978,0.011381847771548227
2021-10-14,356.2049865722656,356.4187321217917,352.68792497082467,353.3485822512437,43433900,352.9087509155273,358.3325411709872,344.7191683451335,332.01571212768556,52.45439989092366,5.995254198640034,0.012283575331267985
2021-10-15,358.44927978515625,358.56586286925926,356.3895662331551,357.4194230091557,40419900,352.6913177490234,358.38316539417616,344.95849965413413,332.29296142578124,55.06448333428116,5.775264684865797,0.012144015682433628
2021-10-18,362.0538330078125,362.2675785774531,356.5547693978069,357.1571351895697,34513500,353.0289367675781,358.53303056196734,345.23715947469077,332.5845062255859,58.96117060242195,5.4199481546990365,0.011382686823403203
2021-10-19,364.7936096191406,364.8421760222479,362.10238452095024,363.1225161847525,29091000,353.481689453125,358.7321793989702,345.5287956237793,332.91119400024417,61.68115619978365,5.290866577300927,0.011477133783558292
2021-10-20,364.31756591796875,365.8623511829623,362.84076768993475,365.25026030158716,31390300,353.74449920654297,358.8836775346236,345.83447850545247,333.22315826416013,60.92556385403202,5.119456677726524,0.011331542306216393
2021-10-21,366.5424499511719,366.73677488164685,363.2197130487294,363.5208959360905,25469300,353.95290222167966,359.0662758567116,346.1732421875,333.567158203125,63.19484809930012,4.893914785064851,0.011230281145879905
2021-10-22,363.462646484375,366.25103462570416,361.80127784072846,365.28919430303904,36275800,353.99031219482424,359.1517628062855,346.5352137247721,333.8597439575195,58.15963177020079,4.54831353842794,0.011409674646847607
2021-10-25,367.1836242675781,368.0968979159917,362.9378891413452,364.8810195167244,32597800,354.35853271484376,359.33349054509944,346.9371597290039,334.15133041381836,62.08980124248812,4.426168504789091,0.011452205074110457
2021-10-26,368.3398132324219,371.8277289256972,367.16422758060594,369.41826607898804,47191300,355.2936645507813,359.5242409446023,347.3287063598633,334.4710133361816,63.245082321574486,4.287371331200169,0.009130439589288194
2021-10-27,369.19476318359375,372.2551875273893,368.5243808468804,368.7866927678403,45760500,356.30020294189455,359.7638854980469,347.7056477864583,334.7973910522461,64.11590582538346,4.149266944305367,0.009075329068456284
2021-10-28,373.2948303222656,373.54744679468445,370.32184280003185,371.0893877086592,38007000,357.57586669921875,360.0891928932883,348.1849355061849,335.1340071105957,68.02808147312061,4.202706605064378,0.009118057018569393
2021-10-29,375.13104248046875,375.29622161802354,369.8749005973432,370.2246498535982,37310100,358.8355010986328,360.4245943936435,348.68316014607746,335.4879849243164,69.62523218075307,4.249894233736727,0.009103187068489933
2021-11-01,376.4135437011719,376.53985193637055,373.4891522584772,375.5682866192368,30765300,360.52651062011716,360.7605535333807,349.26008936564125,335.8604290771484,70.72522628949079,4.200622600148583,0.007048456133107965
2021-11-02,377.9874267578125,378.46351386461185,375.7528386721774,375.80140507193687,25135300,362.0649780273437,361.1223039106889,349.83034337361653,336.2187173461914,72.06233539960849,4.147882371180584,0.006740357541706278
2021-11-03,382.0000305175781,382.41779647294356,377.4336914813911,378.47324379942285,33748900,363.6928344726563,361.6143587979403,350.37708485921223,336.5614405822754,75.17543774842139,4.028515345415725,0.0068747418685334806
2021-11-04,386.896728515625,387.8488731677204,382.719009655053,383.2630838420163,40265300,365.4052169799805,362.25755448774856,350.9806274414062,336.9161099243164,78.3464258912175,4.277655799212056,0.007051529795977886
2021-11-05,387.265869140625,389.5878943977676,385.86681297279597,388.66492530845403,43383800,367.22398529052737,362.8765841397372,351.60493698120115,337.27717514038085,78.56867257891452,4.135389531021019,0.006741721101367147
2021-11-08,386.7413330078125,388.25697270785713,386.100096265513,387.2368408654585,29256300,369.15108489990234,363.41955233487215,352.2218864440918,337.62259658813474,77.3537314755172,4.090284775871644,0.0062486575644196355
2021-11-09,384.0791931152344,388.20834554996304,382.71900765493467,387.81000022769325,50490700,371.0058029174805,363.817069868608,352.76624399820963,337.95238372802737,71.32548898396946,4.266552947443131,0.0065388512984588965
2021-11-10,378.43438720703125,384.11802015749754,376.51067735237274,381.31021202374023,54937400,372.4393478393555,364.0918395996094,353.2782638549805,338.2982873535156,60.55022265197561,4.558715874029368,0.007849193184345276
2021-11-11,379.4836730957031,381.5822576249606,379.143619323171,381.40738299331053,32243000,373.60328216552733,364.3780983664773,353.754598236084,338.64028854370116,61.70824781730277,4.4449086102783655,0.007075801136061875
2021-11-12,383.4768371582031,384.0111862152096,379.0367766051723,380.63012828503423,34730600,374.8546600341797,364.7789567427202,354.2604937235514,339.0349786376953,65.82022457091941,4.431722955663422,0.007234559903468607
2021-11-15,383.3893737792969,384.9730299828314,380.95076500650976,384.65242647558927,33716900,375.9214370727539,365.1143493652344,354.7562894185384,339.39118362426757,65.65392165491185,4.385920357894163,0.007101215286455478
2021-11-16,386.1195068359375,386.6149849927974,382.46641170396464,382.66070698024396,27872900,376.98773193359375,365.42491732510655,355.28493347167966,339.735577545166,68.3427092470125,4.402577428884546,0.007086433541395522
2021-11-17,386.3235168457031,388.35408477451546,385.3616766820078,386.44009993829405,28703300,378.0880294799805,365.7446649724787,355.8067960103353,340.08728439331054,68.54089754746124,4.305414891842901,0.007041318008141355
2021-11-18,390.3263854980469,390.83158881405245,386.14866628730584,388.36383413413324,45721500,379.27722625732423,366.12607421875,356.37098261515297,340.4403204345703,72.21625511768244,4.252672142276205,0.007203774451093446
2021-11-19,392.5025634765625,393.77531134736444,391.132653168715,391.9584894088829,45191700,380.7292221069336,366.55022804953836,356.94805272420246,340.79881561279296,73.99501617374125,4.281116868806505,0.006680710126274019
2021-11-22,387.94598388671875,397.0884162450373,387.8391259434944,394.03771684540067,61715400,381.7673400878906,366.8708878950639,357.5151830037435,341.12378189086917,64.66043785608636,4.748160805171393,0.007338727221507954
2021-11-23,386.17779541015625,388.8496000494453,381.747459907539,386.7898566580349,70098700,382.6592391967773,367.149872935902,358.0223409016927,341.4402456665039,61.42231944808731,4.89944903019667,0.007518445150428939
2021-11-24,387.4214172363281,387.7031498463432,381.3782794363445,383.7003052575749,46954400,383.57057189941406,367.47493619051846,358.5317843119303,341.7666064453125,62.83214708920545,4.933451013043558,0.007520672990473639
2021-11-26,380.07635498046875,386.23607538819647,378.6869940757919,384.84671448351963,51533300,383.9096481323242,367.6895685369318,358.9787261962891,342.0473831176758,50.98167088340282,5.291546851298169,0.008621368005652242
2021-11-29,388.3249816894531,389.33541801935075,383.90437092711403,384.6330449857297,54447100,384.56934509277346,368.1049948952415,359.49376068115237,342.36035095214845,60.0860351373136,5.798845893908017,0.00976980427116268
2021-11-30,382.6218566894531,389.78228826501027,380.6107093860575,387.440812314893,81332700,384.8797607421875,368.42131514115766,359.9329147338867,342.64920806884766,52.78598747452682,6.061863107045473,0.010426251648056207
2021-12-01,376.1123046875,389.09243080494053,375.6459723807642,386.95497556634797,77766500,384.7860046386719,368.6381597345526,360.3106333414714,342.91331130981445,45.92723208717618,6.478942794120583,0.011125606076749525
2021-12-02,378.8230895996094,380.6010413339081,373.411462906693,374.8299401671046,84416600,384.6271575927734,368.8550625887784,360.6845275878906,343.19803604125974,48.904629838884475,6.767636223355278,0.01097648622968232
2021-12-03,372.2358703613281,381.18397972788637,368.126137891757,380.18326851446955,105349100,383.8941146850586,368.94760908647015,361.0217030843099,343.45684341430666,42.74523920357799,7.34502423950471,0.011144614082132027
2021-12-06,375.218505859375,376.5786912592903,368.51468201368897,372.7215760878553,67588800,383.29174652099607,369.1734375,361.3938311258952,343.7720974731445,46.058053803815824,7.633720258738971,0.011348674675066069
2021-12-07,386.517822265625,387.1299131676193,381.8154496254589,381.8543205406165,56005300,383.2805709838867,369.7410078568892,361.8251424153646,344.14849502563476,56.359763236694285,8.188208402982651,0.01337333032456933
2021-12-08,388.2471618652344,388.45121190853195,384.9535711997848,386.84813523155293,39204000,383.48896942138674,370.3320734197443,362.2927561442057,344.5207113647461,57.69151404287023,8.224296446999757,0.01330411730073982
2021-12-09,382.5343933105469,388.8204216107013,382.3400684022684,387.02301998348895,49973700,383.6939697265625,370.7588556463068,362.69556223551433,344.9190640258789,52.04165050235296,8.352684352834492,0.01330516470315722
2021-12-10,386.692626953125,386.9549388507749,382.1748256115737,385.34213726010415,52545800,384.0544174194336,371.20100541548294,363.10705947875977,345.33186614990234,55.460780152722,8.447769166397611,0.013495865827589944
2021-12-13,381.1061706542969,387.0035488196658,380.736971138381,386.6829453531064,50166400,383.9358840942383,371.535400390625,363.4706281026204,345.67099166870116,50.27498354450235,8.234718264950605,0.013724279666545554
2021-12-14,377.1616516113281,378.99789456315466,372.7215911886639,376.28721914398113,75199200,383.62449798583987,371.85071744051845,363.78393809000653,346.01551803588865,46.93769614436805,8.326321073788222,0.013909942045859871
2021-12-15,385.7599792480469,386.1194833044048,372.9644812243369,376.90903385524365,73858000,383.6065216064453,372.5074956720526,364.1723782857259,346.4477639770508,54.091533666889006,8.814187621650307,0.014789328199397446
2021-12-16,375.84033203125,387.1493668046247,374.2566757853387,386.7218756836491,82591400,383.08236236572264,372.9943381569602,364.44378356933595,346.8549053955078,46.331000344235626,9.11120675441815,0.0158699879047659
2021-12-17,373.9651794433594,378.1234774774166,370.91445036309227,372.43008976290076,80492500,382.2643020629883,373.47040405273435,364.68921025594074,347.2305009460449,45.016210691884275,8.964775616949746,0.01564825220840507
2021-12-20,370.3376159667969,371.1255866591313,367.2051786350103,369.2480777101217,65336800,381.1560546875,373.8412997159091,364.90893580118814,347.6302662658691,42.50333667500141,8.792520040478053,0.015630664428134267
2021-12-21,378.6258850097656,378.9371901124146,369.8609215154893,373.6062015583831,48899500,380.69004974365237,374.4964366566051,365.1965977986654,348.0142074584961,49.44690949735963,8.480363624245838,0.016447370152767198
2021-12-22,383.2369384765625,383.44121942555785,377.6724869269267,378.33398788689095,37042200,380.54300689697266,375.1513250177557,365.4897694905599,348.42551193237307,52.8578250620692,8.378874629346983,0.016685518755994607
2021-12-23,386.1262512207031,387.5951683998454,383.42185116342694,383.58721159285807,29595500,380.4782485961914,375.8182950106534,365.7944836934408,348.8166033935547,54.910760297517406,7.7574737784293815,0.016760577985966363
2021-12-27,392.5078430175781,392.5078430175781,387.39087307820034,387.4200560757079,32820700,381.0998229980469,376.54299982244316,366.14623133341473,349.2520924377441,59.14283224560006,7.637301103520359,0.016528451199158745
2021-12-28,390.68878173828125,393.5780180645692,389.8132618761902,393.40292002969034,33113700,381.21801300048827,377.26660489169035,366.50045115152994,349.6621730041504,57.48649431584173,7.055397452101411,0.01589116481107812
2021-12-29,390.63037109375,392.0895805930732,388.2567212665021,390.82494423540373,32248500,381.6184387207031,378.0380781693892,366.83606821695963,350.0634898376465,57.430875515363,7.079341639088836,0.015491107695570513
2021-12-30,389.4629821777344,392.59541944240806,388.8792924991095,390.4163132880544,23850100,382.28597259521484,378.8104081587358,367.1505531311035,350.4525798034668,56.259331496824544,6.881896905864953,0.014933027803398623
2021-12-31,387.03094482421875,390.15364435086724,386.53480417213575,388.7917216357938,34752900,382.6963653564453,379.487998268821,367.4447710673014,350.87723876953123,53.797194788443115,6.798948830117114,0.014981949573350105
2022-01-03,390.7567443847656,391.00968346905273,386.08728701256086,388.19825960966415,40575900,383.6224090576172,380.11621204723014,367.7647809346517,351.315202331543,56.90850348059465,6.702935885489048,0.014427405753559878
2022-01-04,385.6885681152344,391.34057112234115,382.5950507798427,391.30165055242213,58027200,384.14591217041016,380.6114718350497,368.0631792704264,351.69939865112303,51.79863223630389,6.728717376693725,0.014766615414679392
2022-01-05,373.8397521972656,385.1243115425501,373.5868130518578,384.00556051490355,75739800,383.5120086669922,380.82576127485794,368.2864522298177,352.03108764648437,42.24773545254983,6.653485446930058,0.014823531075270381
2022-01-06,373.5770568847656,376.8165184216376,369.7928558939074,372.0205905872242,70814300,382.77850341796875,380.98546031605116,368.5312324523926,352.38739364624024,42.06255991499601,6.2342691261046435,0.014757643570819148
2022-01-07,369.5301208496094,375.26970074436014,367.7596362625609,373.5867354584606,72652300,382.1282897949219,381.080234042081,368.708967590332,352.72608276367185,39.21121852850409,6.255771795209995,0.014603880900655536
2022-01-10,369.7733459472656,370.28896172719385,359.2670509897626,364.62722258681447,91770500,381.2823257446289,381.1389776056463,368.86632741292317,353.04335281372073,39.47676612352453,6.560193933001581,0.014319724098409472
2022-01-11,375.3280944824219,375.4934549109958,366.96195524108066,369.043745067452,68295700,380.99342193603513,381.3547130237926,369.05064798990884,353.3888331604004,45.34844331742675,6.521281866786568,0.014501379536808117
2022-01-12,376.8165283203125,379.5890322281386,374.54016512828366,377.89632906917427,54576400,380.9761657714844,381.52985673384234,369.21300150553384,353.7494618225098,46.836779842891175,6.469862909731124,0.014350607462880374
2022-01-13,367.3899841308594,378.8788226987878,366.4560985140958,378.19784650025264,77994000,380.057666015625,381.51258711381394,369.29445393880206,354.03964447021485,39.500030375461456,7.0458982141174875,0.014344716931966532
2022-01-14,369.67608642578125,370.0068369648737,364.66611084234313,364.8704215155353,80121200,379.74945373535155,381.5213384454901,369.42779235839845,354.3148908996582,41.87788818678881,6.971550665950027,0.013348544277238916
2022-01-18,360.4732360839844,365.98905893182376,359.714448623784,363.8683490671204,75450900,379.0748565673828,381.2882185502486,369.47311833699547,354.51271621704103,35.78116370501252,7.41418506692276,0.0143838300865734
2022-01-19,356.5140686035156,364.50080012803306,356.25139189864086,362.02986377818786,81791500,378.38367919921876,380.9497281161222,369.48019434611,354.6918603515625,33.520243873235884,7.7296528456956946,0.014424019843137197
2022-01-20,351.8835144042969,363.70310562915995,351.34848278642613,359.73406878042016,88610700,377.0465606689453,380.5037275834517,369.464129892985,354.84397354125974,31.04912388238293,8.346688267083929,0.01343772841197482
2022-01-21,342.126220703125,352.3309484155579,341.84409858774796,349.6946518810321,143388900,374.99102478027345,379.8517056551847,369.3665115356445,354.9305310058594,26.599342669788058,8.837260384875245,0.013930159592835285
2022-01-24,343.69244384765625,344.35397467492515,325.0632096858729,336.5034209388335,198685800,372.8693344116211,379.1552040793679,369.26407216389975,355.0150802612305,28.373818346578844,9.863572422915272,0.013798662627273013
2022-01-25,335.72515869140625,341.4841848912907,332.38844029940157,337.2427637902628,124398400,370.0302001953125,378.22481190074575,369.09095230102537,355.0619258117676,25.05552338303397,10.046321223326434,0.013277125961504961
2022-01-26,335.1997985839844,347.17503907067993,331.51285522302607,343.3129977401189,146559500,367.25575103759763,377.2781560724432,368.89461008707684,355.0870965576172,24.849156375231686,10.300637565060526,0.013332034190533859
2022-01-27,331.8241882324219,341.7176102878764,330.80272394836476,339.8984675125725,95255700,364.31544189453126,376.27966253107246,368.6832400004069,355.1152127075195,23.509305427875702,10.578582123044916,0.013226546100047077
2022-01-28,342.23321533203125,342.4472338873204,328.7598729741147,333.7017154948516,108167900,361.9539535522461,375.5188265713778,368.55311228434243,355.1706552124023,35.125443217343175,11.01981758243109,0.015881928230541287
2022-01-31,353.17730712890625,353.76099683287447,341.9608519381852,343.59518904683466,94326400,360.26127166748046,375.0596069335937,368.52947057088215,355.2788795471191,44.64401902633908,11.075405736520947,0.018044407990139184
2022-02-01,355.58013916015625,356.23193242737494,349.37366005965646,354.51978388230384,74433000,358.50244140625,374.6249972256747,368.5309473673503,355.41428833007814,46.50002560979358,10.955889500649757,0.017939547092218754
2022-02-02,358.4693908691406,360.0356244798105,354.3836221433139,359.7048738939835,78777100,357.1414825439453,374.1703163840554,368.54582595825195,355.5761151123047,48.72618984630943,10.998970588981305,0.01803849336528798
2022-02-03,343.9355773925781,352.0876970855096,342.8752223288757,348.78016235408893,95384800,355.6462738037109,373.4529746315696,368.4291575113932,355.6513139343262,39.763015794584796,11.225502328665085,0.018930400513156313
2022-02-04,348.2743835449219,351.5721813751419,342.3986253392621,344.45123232666253,86318300,354.3811401367187,372.7648814808239,368.34735107421875,355.76803009033205,43.12646554688291,11.499275893904317,0.019283041081257245
2022-02-07,345.4726867675781,351.23168311671714,344.21775839813677,348.8677710648343,58198100,353.1782684326172,372.02213911576706,368.2684816996256,355.8502841186523,41.51449518906037,11.28872495937454,0.01923591001069481
2022-02-08,349.3541259765625,350.44366407130263,343.20598422745877,344.33444287920713,64720900,352.15730743408204,371.27718894264916,368.2504247029622,355.9412342834473,44.60372413422875,11.216458646121087,0.019490805679277842
2022-02-09,356.7572326660156,356.8350441003599,352.27258059296145,353.86799703006915,55766400,351.22876434326173,370.62727383700286,368.27990798950196,356.076372833252,50.02566502968525,10.86833688048277,0.019831106810613952
2022-02-10,348.68292236328125,356.52373803272644,346.84433406588846,349.74327756855774,112468500,349.8220840454102,369.91339999112216,368.21161499023435,356.1767141723633,44.86763891450501,10.827340364219717,0.020272461780958092
2022-02-11,337.62213134765625,350.2783500326764,336.39638598494747,348.68293354866245,101569100,348.33369140625,369.03056973544034,368.00666834513345,356.215838470459,38.94390434830689,10.44099743983948,0.020694998613553447
2022-02-14,338.04046630859375,341.43558063007725,334.53838722726806,337.0676599665158,80254400,346.7519104003906,368.13273426402696,367.79598846435545,356.267862701416,39.270480806158076,10.126225286593373,0.020595048218933078
2022-02-15,346.4454650878906,346.6789290679671,342.2526728821173,343.3130280418822,55128800,346.05052185058594,367.5212635387074,367.6518719991048,356.3706359863281,45.56980438672802,9.624530923144764,0.02097328049439997
2022-02-16,346.3579406738281,347.37937534683465,341.17286680940686,344.19830964180295,58947100,345.54271545410154,366.7582264293324,367.526274617513,356.50229537963867,45.51685723729075,9.288218222995917,0.020862227749999972
2022-02-17,336.055908203125,343.84806555084964,335.63757898128034,343.14764391072606,61801400,344.75133514404297,365.91157282049005,367.2855506896973,356.58782440185547,39.67371246842131,9.076289707234638,0.021679414796079998
2022-02-18,332.2231140136719,337.3789759165863,329.91756765920456,336.98985930484275,80001500,344.2561798095703,365.1135875355114,366.9787577311198,356.64216888427734,37.73294990663259,8.766379947426957,0.02095802303191564
2022-02-22,328.8863220214844,334.6842686128457,325.2577737302446,329.2851761441837,85967100,343.51587371826173,364.2056463068182,366.64666544596355,356.66679153442385,36.078271478586956,8.949824412775715,0.020998715599346927
2022-02-23,320.46185302734375,332.8748407868643,320.15054789735365,332.0382416486685,86215400,342.7527084350586,363.26430053710936,366.2392735799154,356.69019927978513,32.23486129251623,9.454988023705292,0.021134597327791535
2022-02-24,331.23077392578125,331.76583514902126,309.6053110745808,310.1695256086582,130614100,342.55425720214845,362.46452359286224,365.9230791727702,356.76963272094724,40.90169343370222,9.924013419003542,0.02259505358595192
2022-02-25,336.3671569824219,336.571467640058,328.2150667421436,332.0284500570756,78842100,342.7814056396484,361.5526933149858,365.64022471110025,356.9155583190918,44.54475556993636,9.865645194863154,0.02273944364929762
2022-02-28,337.36920166015625,339.0619047530669,332.0382423149123,333.1958841481367,77515500,342.5382049560547,360.62763949307526,365.3613545735677,357.0546195983887,45.253778138950885,9.866340746261317,0.021596442568433592
2022-03-01,332.2035827636719,338.61437211753906,329.6840182452462,336.34774671347776,67407000,341.489518737793,359.71253384676845,365.05019327799477,357.13368225097656,42.25454113764658,9.987246034007674,0.020410378104716194
2022-03-02,337.7777099609375,339.1104494682078,330.98751320333344,333.75027875813333,70609000,340.59939727783205,358.8231717196378,364.7960777282715,357.25021270751955,46.383968256700264,10.03310447265603,0.020777493463415165
2022-03-03,332.9526672363281,340.5210984604028,331.09460378869966,340.41407433832154,71089400,339.3235610961914,357.9476534756747,364.52504552205403,357.353232421875,43.48514420917754,9.998361334911456,0.02078660627111379
2022-03-04,328.12762451171875,332.02858812358505,325.8123699516075,330.59856136392,76936300,338.5331634521484,357.05612571022726,364.2159070332845,357.4303335571289,40.74299200566391,9.516813708982292,0.019088594621610663
2022-03-07,316.0258483886719,329.2754954686106,315.82156737304103,328.1178535672142,89933800,336.9207366943359,355.788232421875,363.81457366943357,357.4166813659668,34.813342781756106,9.985151901322316,0.02024355961671464
2022-03-08,314.556884765625,324.14873946634606,311.23961212376486,315.23783128014855,116153900,335.3749465942383,354.67398792613636,363.3784357706706,357.4045057678223,34.16338728859735,10.29019937155145,0.020227837976888458
2022-03-09,325.8802795410156,327.2324941605689,320.14072995348494,322.72839753239333,64723400,334.2012542724609,353.799717018821,363.0345563252767,357.42228942871094,42.99783728020066,10.75227800423117,0.021926987725979032
2022-03-10,322.261474609375,323.46777439300604,317.8254810506982,321.82372966537287,69362700,332.4764663696289,352.925605357777,362.6967524210612,357.4197499084473,41.09971554353634,10.561880632643286,0.021210314877450558
2022-03-11,315.5783386230469,325.5398947178909,315.0919355025774,325.2285895957447,66228400,330.8212371826172,351.7792863325639,362.36572647094727,357.3781721496582,37.78254031780401,10.775205701066982,0.021130848569563557
2022-03-14,309.5177307128906,317.7087414713096,308.8173091315427,314.3428406690173,79802600,329.41601715087893,350.4389371004972,361.980552927653,357.3123497009277,35.022017557981314,10.736986948007399,0.020465273429457802
2022-03-15,319.2264404296875,320.004703426197,310.5490232544153,312.1541480086506,76471000,328.4753158569336,349.2225769042969,361.6485951741536,357.289981842041,42.29546246666909,10.57717836399281,0.021937745811107575
2022-03-16,331.0653381347656,331.1820701022998,319.46947779422374,323.1369753377898,105243000,327.70630950927733,348.1054404518821,361.38768641153973,357.3321885681152,49.69076700116328,9.848257335290798,0.02289341034603458
2022-03-17,335.07342529296875,335.13179129960196,327.87466416050165,329.16848355779564,67810000,327.1420837402344,347.09425215287644,361.1573445638021,357.39128494262695,51.93656888050506,9.769737781089791,0.0231094229454338
2022-03-18,341.9316711425781,342.2235308402903,332.2619743080111,333.41961616057836,85446300,327.43587188720704,346.2088212446733,361.0082817077637,357.50149154663086,55.589721506285585,9.979587359241549,0.022590006319499777
2022-03-21,340.9809875488281,343.3186324478158,336.5979479498107,341.09789357328924,73799100,327.87376556396487,345.3273304332386,360.9361467997233,357.5798022460938,54.96605098639258,9.821753832506706,0.022420236142643032
2022-03-22,347.6822204589844,348.5491026772083,341.09794028339115,341.47778831063994,63345900,328.81356048583984,344.61189908114346,360.92463200887045,357.6867723083496,58.50038943909793,9.782123751328552,0.022595403966814635
2022-03-23,342.685546875,348.3640355512725,342.6271087174735,344.8089089212396,70615500,329.9247451782227,343.73787730823864,360.8821652730306,357.7679833984375,55.03225170460498,9.518583191478253,0.021976737088854326
2022-03-24,350.30230712890625,350.351025410237,342.4517974996988,344.604348920767,53555300,330.8783218383789,343.0944907448509,360.88519821166994,357.8868907165527,59.020466830056634,9.572792521893794,0.021295508263888048
2022-03-25,350.0101318359375,351.29583081945475,345.7147486803651,350.24388447861514,57584200,331.5604705810547,342.6612249200994,360.947004699707,357.9873245239258,58.80501524799384,9.01044638214523,0.021103725550822953
2022-03-28,355.4256286621094,355.5230355072366,348.7634106520698,350.00039138443765,56833900,332.46329193115236,342.33119895241475,361.01540095011393,358.11052230834963,61.602870885238154,8.571196204472772,0.021311853593291998
2022-03-29,361.54241943359375,362.16576976509015,356.54574828178664,359.31193039992064,68073000,333.93023376464845,342.18596801757815,361.11623026529946,358.2484555053711,64.53292930529221,8.147234183618265,0.021094767688806405
2022-03-30,357.5489196777344,361.33782852557766,356.06843686648347,359.68200152367945,68757700,334.9187942504883,341.96370572176846,361.15706227620444,358.3773260498047,61.246864632150235,7.96289018910347,0.02115639404461769
2022-03-31,353.11724853515625,358.0457319393923,352.27958529730734,357.69507322547497,67011400,335.92702331542966,341.5598721590909,361.1756184895833,358.49009658813475,57.73351574213105,7.628475005301433,0.02107891789729773
2022-04-01,352.44512939453125,354.1593648604611,349.269850841836,353.3801696236196,54527800,337.1428985595703,341.1167558149858,361.2110000610352,358.5785198974609,57.19762184474976,7.342623696648445,0.02070896460428313
2022-04-04,359.70147705078125,359.71122665164575,353.0197902241706,353.2827619279761,45950200,339.3266799926758,340.9769647771662,361.31697209676105,358.7163597106934,61.36695195677288,7.11256116406331,0.018654682039676844
2022-04-05,351.71466064453125,358.9612900813736,350.5750570202456,358.250252800888,62738700,341.18456878662107,340.6503933993253,361.33323186238607,358.80394470214844,55.014834810303526,6.910474761057835,0.01960357675899407
2022-04-06,344.0783386230469,347.5068387031979,341.44850312291874,346.4062040659175,90077100,342.09447174072267,340.35230435458095,361.23217646280926,358.8377716064453,49.71605556106662,7.12540550266585,0.019163871152939285
2022-04-07,344.8965759277344,347.0880960702405,339.6271839292701,343.0849038199109,63777400,343.2262268066406,340.1410772150213,361.1192372639974,358.8748648071289,50.2687751974055,6.9467880461437925,0.018880554253924223
2022-04-08,340.0752258300781,343.91282354869514,339.44212594464426,343.162847342799,61956100,344.45107116699216,339.9263810591264,360.9360822041829,358.8774186706543,46.99110473513049,6.856342723649866,0.01847879235144142
2022-04-11,332.0298767089844,336.7635452464772,331.6889676814274,335.84797458933093,66107400,345.57667846679686,339.74281116832384,360.6630510965983,358.84183227539063,42.06251031262555,6.914781510812048,0.01879600126162786
2022-04-12,330.6273498535156,338.6531740869484,329.2539936675608,336.77334394794974,72790200,346.14672393798827,339.505264004794,360.3822992960612,358.77861053466796,41.250268797195055,7.176371052639809,0.017689312860260042
2022-04-13,337.3479919433594,338.39990848748874,330.2474586662088,330.9682157478457,61367800,346.46085662841796,339.53477006392046,360.1390121459961,358.7427806091309,46.57412040118479,7.194458331978503,0.01627542949024046
2022-04-14,329.6338195800781,337.9518637748371,329.41953643655626,337.43564025513336,73519400,346.1888763427734,339.4335704456676,359.85710525512695,358.6710969543457,41.88256758517474,7.40526156049216,0.01689387237726423
2022-04-18,329.8870849609375,332.1760118780032,327.062465025245,328.58191656925595,58560600,345.5866470336914,339.39835038618605,359.54630076090496,358.6000001525879,42.08882307368309,7.287684560320116,0.016153894598050524
2022-04-19,337.26031494140625,337.83497659773195,328.2215139748147,329.2442113806773,56515700,345.40061340332034,339.3079340154474,359.28730494181315,358.5460200500488,47.88724437766748,7.492921811744152,0.017017138325221188
2022-04-20,332.34161376953125,338.52657707288927,331.12410247849215,338.0687916384827,65500000,344.63358306884766,338.9291032270952,358.9801953633626,358.4599253845215,44.67375288009118,7.63067124226464,0.01660976123248168
2022-04-21,325.4650573730469,338.8284602340918,324.53976678286665,336.21812360109845,75801000,343.77255859375,338.38155628551135,358.5816139221191,358.3357600402832,40.57440545257797,8.239424585774653,0.016912407929914407
2022-04-22,316.9425048828125,326.838439334833,316.51393856889234,325.62092815310405,82562100,342.1045684814453,337.62652199485086,358.09670944213866,358.179560546875,36.14728505873979,8.627637924868623,0.01665897732433003
2022-04-25,321.01373291015625,321.32542278785314,314.0495775472455,315.3158065287456,101755900,340.6547485351563,337.20976118607956,357.6350443522135,358.03284759521483,39.540964435771954,8.628334209403846,0.01710771794259284
2022-04-26,308.8971862792969,319.14374885707394,308.6244352611816,318.95868479443385,105819600,338.3283264160156,336.49381214488636,357.05929234822594,357.818709564209,33.78573177329278,8.861396896435204,0.018005933157635715
2022-04-27,308.52703857421875,314.48796770473507,306.8127735656662,308.99454377699504,111204200,335.67755737304685,335.8220730868253,356.4470174153646,357.60272079467774,33.624720901332324,8.676328083396372,0.017162828833947437
2022-04-28,319.48468017578125,321.3158217288803,309.2673062384134,313.48478157123293,99450000,333.7743453979492,335.2789922540838,355.88525034586587,357.438366394043,42.37915729260265,9.056890298660022,0.019668297698496203
2022-04-29,305.1082763671875,318.7249309741561,304.4751765510485,315.28668087637624,91977900,331.37389678955077,334.33992032137786,355.20060373942056,357.2145039367676,35.722172701316964,9.739394130205925,0.021538357321439328
2022-05-02,310.2023620605469,310.436114682396,301.6018469141752,304.69918805124564,115511800,329.2617584228516,333.640273770419,354.5627789815267,357.03028076171876,39.357180027487175,9.771394817318074,0.02216508733726788
2022-05-03,310.5334777832031,312.8224042977626,307.76729649145034,310.221787848372,78185500,326.80335845947263,333.1477527965199,353.9498980204264,356.8619309997559,39.596294533401384,9.46110391638412,0.02134114222853544
2022-05-04,321.03326416015625,321.7053325216282,305.73159624948295,311.01070660481844,116083400,325.26928863525393,332.8385309392756,353.47155532836916,356.7260877990723,46.76454030313592,10.01976723430307,0.022875829453772166
2022-05-05,304.8648376464844,316.7964487045337,301.5726822476251,316.7185410579917,154607400,323.3086135864258,332.08251953125,352.84973169962564,356.495961151123,39.07470570130309,10.800356846749521,0.02483650266853494
2022-05-06,301.2122497558594,306.9004581164156,297.1798386765447,302.86807676149334,139572800,321.12439727783203,331.2616887872869,352.16419347127277,356.2359742736816,37.571639606638726,11.129433460114715,0.02479709124508459
2022-05-09,289.4267578125,301.30967906735975,288.0339321273305,295.59225120251307,113387300,318.59197387695315,330.41388605291195,351.38117167154945,355.8964375305176,33.14178041534822,11.391025197051286,0.025815392655057327
2022-05-10,292.9429016113281,297.8129457012923,288.8618022859869,296.5954346788012,124124600,316.6376251220703,329.6997003728693,350.6046999613444,355.57307357788085,35.58206333464821,11.50164439854473,0.025892833160589948
2022-05-11,284.2547607421875,296.18637005820534,283.38790825672874,290.6832255838595,140326100,314.3189956665039,328.8882174405185,349.7541269938151,355.22597000122073,32.43210096578224,11.395199280705551,0.02642420029835978
2022-05-12,283.5826721191406,288.0631187959251,277.53408545389686,279.9788571911552,120910900,311.63072967529297,328.21768687855115,348.8645960489909,354.8687127685547,32.19466716207644,11.409808750426091,0.02565636649946594
2022-05-13,294.0921936035156,295.12464046282736,286.43646965166005,288.03385821097976,83684900,309.85364837646483,327.5424399636008,348.0445096333822,354.56084899902345,39.63654654500184,11.714531829217455,0.027314771123158606
2022-05-16,290.6831970214844,294.40391787849285,289.40724783468886,292.34874379462224,59190400,307.89345397949216,326.7118225097656,347.23398640950523,354.2452087402344,38.173010272217404,11.186487000276694,0.027309316819952065
2022-05-17,298.2122497558594,298.59209768325974,292.7382960219003,296.53695364221903,62715300,305.94105072021483,325.9998779296875,346.5009401957194,353.9670678710938,43.16445395851502,11.203180323327157,0.02751373955531623
2022-05-18,283.5729675292969,294.3941922213198,282.316487716093,293.70265421999056,79477100,303.50261840820315,325.11568492542614,345.6355364481608,353.6050068664551,36.922712194621006,11.425107386548932,0.029129815192450507
2022-05-19,282.05352783203125,286.73853871249423,280.10550973056866,281.77108660888524,79920700,301.33204193115233,324.1025179776278,344.8186795552572,353.2327767944336,36.33541485019509,10.826787769205563,0.028965606187834125
2022-05-20,281.17694091796875,286.1638627729328,272.92708262077974,285.51129331912716,91764200,299.5437637329102,323.1611411354759,343.9257792154948,352.84485717773435,35.97984905427104,11.141252939486439,0.028607248295240518
2022-05-23,285.85211181640625,286.23195978971927,279.8229949982693,282.2190483107968,63648400,297.78568267822266,322.39249545010654,343.11936467488607,352.48817474365234,39.3866394038448,11.23795700985342,0.028747580739459072
2022-05-24,279.77423095703125,281.35212019068376,274.91393737755357,280.64111291035505,73491100,296.32953491210935,321.7333751331676,342.3165473937988,352.09780319213866,36.655714376749856,10.878274021761095,0.027997646241437607
2022-05-25,283.6897888183594,285.76443214434636,278.0794890888608,278.28402259688585,67144500,295.0876724243164,321.1721552068537,341.52376988728844,351.73618057250974,39.56301402020887,10.037156960543554,0.02829828577045395
2022-05-26,291.5500793457031,293.09877969872235,282.60868452032753,282.8911554322837,59462200,293.6909423828125,320.5479697487571,340.8513882954915,351.4169163513184,45.01844432619353,10.09211951329526,0.027776288665687758
2022-05-27,301.066162109375,301.21225750200745,294.5597896794027,294.6766659935086,66985600,293.48883666992185,320.1626004305753,340.23345209757485,351.13882736206057,50.80775853996509,9.83400745731491,0.027192575438055144
2022-05-31,300.2674255371094,303.23814042662764,296.42007896599904,301.03690079620924,60968300,292.99208984375,319.88422019264914,339.5146987915039,350.850485534668,50.328735765391826,9.681644460552283,0.026898207679684098
2022-06-01,298.0467224121094,304.523875630762,295.8357329172192,302.40054336965414,65341700,292.3677520751953,319.6756564053622,338.76302846272785,350.5502633666992,48.94700364332741,9.388050239985583,0.026925892415082742
2022-06-02,306.20892333984375,306.38423780833415,295.514294896039,296.92661969357243,59291300,291.6265350341797,319.43897427645595,338.12698287963866,350.3066229248047,53.951130042817134,9.412400923576074,0.026514972224084808
2022-06-03,298.2415466308594,302.4005540664085,296.9948163878671,300.997978827493,60914700,291.2953704833984,318.842178067294,337.3898905436198,350.0402258300781,48.91137255912449,9.246125109882497,0.024673948694115364
2022-06-06,299.23504638671875,304.23171731625797,297.67662604070557,302.6732969702448,51785000,291.1965103149414,318.1905711780895,336.7076311747233,349.77030487060546,49.54430359790359,9.35744091215024,0.024546218557331665
2022-06-07,301.8161315917969,302.59535654257195,294.8227548582987,295.9136400649913,44900300,291.81597900390625,317.46119773171165,336.0797518412272,349.4949951171875,51.23460128956602,9.34770527090009,0.022804969277628786
2022-06-08,299.6441345214844,303.6180780499389,298.7967217470481,301.01746101503045,38342100,292.1510406494141,316.7096185857599,335.3621198018392,349.1821371459961,49.724976032974325,8.55667628969469,0.022777553362650686
2022-06-09,291.61822509765625,301.0174039542495,291.4526602494023,297.95903181749986,55900500,292.5192138671875,315.690273215554,334.6602689107259,348.8236180114746,44.50644359929631,8.766084484189093,0.022579690661677
2022-06-10,281.3326721191406,287.20594344916174,280.8846364355447,286.0176516344523,85963500,292.4067138671875,314.5747664018111,333.88833134969076,348.41158416748044,38.875650743017204,8.587285092043272,0.024030120674067654
2022-06-13,268.25177001953125,275.001643941255,267.39463751053967,272.47896468943065,94442000,291.1146926879883,313.0829384543679,333.03761596679686,347.9456948852539,33.134242389448175,9.12507579326834,0.02448452064382149
2022-06-14,268.73883056640625,271.4173553543754,266.2356202670673,270.44334634056844,64697500,290.01747436523436,311.6052784312855,332.1218905131022,347.46467514038085,33.527892297922236,8.713901553872299,0.024457920316702176
2022-06-15,275.4496765136719,279.37493078532503,269.4205596688989,272.15755174098666,86051400,288.879345703125,310.1511702104048,331.2236633300781,346.9967321777344,38.86804493974539,8.924698494117527,0.024399658289453653
2022-06-16,264.33624267578125,268.884846785,262.2810688052266,268.42706149435605,81910300,287.9175094604492,308.3837851784446,330.2087465922038,346.47472640991214,33.997114165986815,9.11602081769256,0.0236086471610949
2022-06-17,267.55047607421875,269.9854980416754,263.47912647848466,265.1057045070877,82703400,287.1923568725586,306.74744984019884,329.16743520100914,345.9657344055176,36.47662851407347,8.89060606104159,0.023849639020598334
2022-06-21,274.3006591796875,276.6135225102179,271.9195365844866,272.026869215321,51633700,286.84854278564455,305.3144209428267,328.1975341796875,345.4913671875,41.451082296427586,9.050962130710912,0.024632012295994012
2022-06-22,273.900634765625,278.3018394534136,271.2071926784864,271.8024660137112,67472900,286.25096893310547,303.88633922230116,327.22478637695315,345.0093218994141,41.244953670764616,8.937140992238369,0.024282381801012033
2022-06-23,277.979736328125,278.8287481171388,273.54922781064863,276.37927703453715,57457800,286.16124420166017,302.4004893909801,326.2957593282064,344.54505249023435,44.28737102619302,8.537825091823729,0.024106392852475515
2022-06-24,287.5043029785156,287.92395446562955,280.5658029808013,280.800004903636,58422300,286.35196990966796,301.2330283425071,325.46637064615885,344.13485931396485,50.70587963396234,8.589975890790006,0.025131842489385187
2022-06-27,285.39642333984375,289.42678703662733,284.2643977545866,288.8607891347618,54151500,286.044287109375,300.166084428267,324.58836797078453,343.7204835510254,49.35081481521277,8.490497176967747,0.024379919837623994
2022-06-28,276.7012634277344,288.51916617826566,276.51584368446333,285.9330878925382,61609800,284.82604217529297,298.92616965553975,323.680140431722,343.27660720825196,44.113704450876384,8.792691520505539,0.023905859340683275
2022-06-29,276.9550476074219,278.45791285837396,274.06644785541357,276.5647011190199,57302700,283.6604232788086,297.7785300514915,322.8727678934733,342.83526123046875,44.29949694788906,8.761984999081935,0.023929271735788234
2022-06-30,273.5199279785156,277.09165604481103,269.12846343854136,273.9785932439517,79313600,282.43408355712893,296.7147128018466,322.0389584859212,342.3819316101074,42.25196015827135,8.647588492040683,0.023995433383998142
2022-07-01,275.32537841796875,275.71572495682835,270.34837814829655,272.2220832289671,56675100,280.88990631103513,295.7092224121094,321.25391896565753,341.9240913391113,43.72421459829872,8.264285502499272,0.022993335145568655
2022-07-05,280.03887939453125,280.1559803812563,270.075140020238,271.5975124107292,61829300,279.9797729492187,294.6672385475852,320.5061317443848,341.4885566711426,47.48817827509242,7.988771627671939,0.02294589034669178
2022-07-06,281.8344421386719,283.93261027210065,278.70187223129227,280.4194324508901,63194700,279.10974273681643,293.79815895774146,319.72701797485354,341.08373916625976,48.89056127409731,7.992271838636246,0.023000135719737892
2022-07-07,287.865478515625,288.5681142475734,282.64450756949054,282.64450756949054,56620100,278.41221008300784,293.0341297496449,318.9857592264811,340.7465592956543,53.392895410551944,7.713526973635014,0.023504106148416675
2022-07-08,288.22650146484375,289.5927291083753,284.0985135096991,285.0353510679023,59895500,277.8413284301758,292.1426058682528,318.32606353759763,340.4089990234375,53.656077870416304,7.165356108651508,0.023483589530703383
2022-07-11,282.0687255859375,286.040539649993,281.19043841491765,285.8161060220792,55273900,277.36385345458984,291.22855335582386,317.59600219726565,340.02403579711915,48.613680451867886,7.203191214846892,0.023208225152907682
2022-07-12,279.336181640625,285.2305115091865,277.74549076739095,283.3177929939941,55797100,277.26402893066404,290.38984652432526,316.9198600769043,339.6088447570801,46.524261191350895,7.090475093832351,0.02191228190290506
2022-07-13,278.7604675292969,281.10257652613404,273.2662514366693,273.8322792280034,73939400,277.78946380615236,289.6956276633523,316.2719134012858,339.18907485961915,46.07494064417479,7.143452116299321,0.019025791001800445
2022-07-14,279.7557678222656,280.6242862658278,273.0514415712153,276.1645037700821,63741800,278.34031066894534,288.94548284357245,315.67084884643555,338.7887576293945,47.02742923950211,7.3072610011652,0.01902847712674134
2022-07-15,284.83038330078125,284.93774569739867,281.1317859642174,282.7420134428055,63818100,278.8093460083008,288.5079046075994,315.19338353474933,338.46472366333006,51.710744106037104,6.967100982424378,0.018655514355850944
2022-07-18,282.4200134277344,289.01697987225447,281.2489738562214,287.6117085612143,59519600,279.7135345458984,288.0332314231179,314.6827799479167,338.1315037536621,49.47336788932333,7.153216463423827,0.016039461747355592
2022-07-19,291.1054382324219,291.39822055003333,284.44018072117836,286.0406108876032,55172600,280.8912826538086,287.51724520596593,314.3109489440918,337.84812316894534,56.73718730669386,6.937136794030729,0.0170770367987407
2022-07-20,295.7212829589844,296.90209088858387,290.74428281343535,291.52500565321566,67769400,281.9623138427734,287.346572598544,313.98196131388346,337.5770378112793,60.026195684610045,7.063304156329882,0.016596163350842224
2022-07-21,299.9664306640625,300.0249811657674,293.5256074426972,296.1800060522856,55049400,283.26560363769534,287.1604647549716,313.7164800008138,337.3639031982422,62.82532946015006,6.958745664672774,0.016703933194304053
2022-07-22,294.70635986328125,301.10813827886636,292.88146674837793,299.0392748591571,57127700,284.1019348144531,286.87269897460936,313.32042287190757,337.10134460449217,57.45659950871275,7.162983144812533,0.01722691871968667
2022-07-25,293.0278625488281,295.20408853441734,291.02731782839834,294.7356547965479,40582400,284.37811279296875,286.3635098544034,312.8191775004069,336.8192694091797,55.81744283885009,6.741263883741153,0.015664651112722434
2022-07-26,287.27008056640625,291.58348762062855,286.46011245335563,291.32974903463776,50074100,284.4717956542969,286.0436051802202,312.2499270121256,336.492374420166,50.49569659086526,6.8367647447885895,0.016243737911281704
2022-07-27,299.4100646972656,301.0983496471215,291.26145191551063,291.82747960619065,69304400,285.60723571777345,286.0108381791548,311.75776596069335,336.2349722290039,59.30552187761263,7.3435216713467115,0.017076741239700124
2022-07-28,302.3377685546875,302.9135349200694,295.44804929227706,299.19542972933493,55139900,286.8763717651367,286.2455838290128,311.41111755371094,336.00566436767576,61.103279098691054,7.4843266734264375,0.01710504511117041
2022-07-29,307.8514099121094,308.7590018701451,302.45478920858915,303.8795969019885,57501000,288.5929458618164,286.51664761629974,311.0742594401042,335.809997253418,64.30172386254674,7.440410263821543,0.016879055254942373
2022-08-01,307.6660461425781,311.1206738276758,304.9921412634084,306.08512341017763,46358800,290.20997924804686,286.9423073508523,310.7592041015625,335.5995100402832,64.11085790502301,7.343518251140957,0.01694371860438037
2022-08-02,306.7487487792969,310.8669689606227,304.31881392899396,305.37278238610025,48676500,291.5454727172852,287.3635087446733,310.4041592915853,335.3522288513184,63.11248878018934,7.251506104152672,0.01682668829525878
2022-08-03,315.1022644042969,315.92200095901455,308.36866095210183,308.4272114359011,53735700,293.20886383056643,287.74551003196024,310.05703455607096,335.13549377441404,67.9996640886533,7.3658209245173305,0.01756606684541297
2022-08-04,316.5759582519531,316.88824748505505,313.0335035791509,315.18045482980085,38973700,294.64438781738284,288.2162875088778,309.7894765218099,334.9081044006348,68.78536893881112,7.27101849814384,0.0171751020791669
2022-08-05,313.9897766113281,316.0195964067601,310.7108300691232,311.4915231177822,53894000,295.932551574707,288.50315163352275,309.59254023234047,334.6540852355957,65.73509644420182,7.1350986529150475,0.01740816600863396
2022-08-08,312.9748229980469,318.5959077315919,311.51100133048016,314.907078320585,43878500,297.4778564453125,289.0377308238636,309.3836598714193,334.3973715209961,64.52575888407819,6.999862887115962,0.016439161193422206
2022-08-09,309.4324645996094,311.33544526308145,307.81252766560675,311.0817065662086,39764200,298.98267059326173,289.53552967418324,309.0752182006836,334.1118215942383,60.35248954282917,6.928754834065363,0.01652145824679093
2022-08-10,318.0689697265625,318.3617519714591,314.29231404150215,316.7612924209817,51459600,300.948095703125,290.2062938343395,308.83947677612304,333.8848532104492,66.10785118700848,7.102320094692475,0.017169286721452855
2022-08-11,316.2635803222656,322.3921133408172,315.56094463561175,320.39156870404844,45897700,302.773486328125,290.7592296253551,308.6745407104492,333.6302529907227,64.01585082505122,7.002641321457978,0.01738275193295648
2022-08-12,322.4214172363281,322.6165756154438,317.25899713697703,318.31293577249124,40928400,304.65303802490234,291.53463301225145,308.5928599039714,333.40066101074217,67.76303345242543,7.1580859348264925,0.017432970539105887
2022-08-15,325.02691650390625,325.5246253333156,321.455188546756,321.47472522651265,38266600,306.78338317871095,292.28621715198864,308.5606981913249,333.17982177734376,69.22339949122356,6.9796349841898575,0.01708156790218561
2022-08-16,324.2658386230469,326.35423890952364,321.2210937184744,324.05114354482527,41186900,308.4414031982422,292.88104913884945,308.59239807128904,332.93467681884766,68.25079096322081,6.358554706356573,0.016261843584682984
2022-08-17,320.56719970703125,323.43629276250306,318.48856802587005,321.13322746982783,47842200,309.6836990356445,293.2356134588068,308.5035349527995,332.66185760498047,63.57586291012547,6.237967918455463,0.01649194092945136
2022-08-18,321.338134765625,322.5189425848019,318.90820030114213,320.5183981966612,41937200,310.75228424072264,293.61871726296164,308.37829310099283,332.38648056030274,64.12741991032357,6.037218559041333,0.016319067057490463
2022-08-19,315.07293701171875,318.9569542566425,314.31175099484204,318.3031306401274,51770600,311.7706130981445,293.9282848011364,308.1924908955892,332.07190811157227,56.62332728854454,6.101350788078163,0.0164579144332452
2022-08-22,306.7779541015625,311.0523178867668,305.9679859299243,310.8181159636958,51098900,312.45811767578124,293.9386308149858,307.9806106567383,331.6957977294922,48.526757118261465,6.2839790773757125,0.017665231441844783
2022-08-23,306.5242919921875,309.35434152618393,305.7728444052722,306.5437988949074,39497100,313.4208282470703,294.08922618519176,307.7201655069987,331.293935546875,48.29931470509285,5.884568001746715,0.016911652260456204
2022-08-24,307.4123229980469,309.2274475970766,305.4410240635622,306.0460655965721,38057100,313.82094116210936,294.2379039417614,307.507329305013,330.8946678161621,49.19702568558348,5.879687975147443,0.014226518282880737
2022-08-25,312.84796142578125,312.8674981086766,308.1442369849633,309.1884071663571,38098300,314.34645080566406,294.4384826660156,307.3799987792969,330.52520095825196,54.41464827542587,5.850405612847429,0.01457651333810891
2022-08-26,300.02490234375,313.7555572354442,299.9370766142662,312.5552127027734,69047700,313.9551254272461,294.44540571732955,307.24665756225585,330.10492950439453,43.154679536252516,6.331375199995018,0.016895291898584124
2022-08-29,297.0679931640625,299.8102168935229,295.9652426671527,297.2729198727488,48321900,313.4252227783203,294.54449240944604,307.1009167989095,329.6980975341797,41.045479742467066,6.2526155102919585,0.01700582181954885
2022-08-30,293.7597961425781,299.3321001485455,291.2420353387103,298.7172901269578,51184500,312.77577514648436,294.77044011896305,306.83324610392253,329.26947814941406,38.762809708486316,6.192671041576635,0.01713760203950058
2022-08-31,292.0518798828125,297.55586271139987,291.94454727392224,296.6580391375333,50044000,311.62325592041014,295.20316938920456,306.58149948120115,328.8123533630371,37.60021583605989,6.105538665310361,0.01570161363213261
2022-09-01,292.1788024902344,292.5496420822986,285.8843871110546,289.5634482261889,57990700,310.40339813232424,295.62935069691054,306.38650334676106,328.3563005065918,37.74963687961192,6.127842928029346,0.015611268400129528
2022-09-02,288.0509033203125,296.4239519708738,286.4406753115394,295.0479557311508,64666800,309.10645446777346,295.8584639115767,306.2076131184896,327.8659574890137,34.828584899203534,6.5502600617989755,0.015753539939442833
2022-09-06,285.98193359375,289.44632923624584,283.85452002401945,288.52899865452224,57005400,307.7568099975586,296.252021928267,305.9305755615234,327.3642495727539,33.43221216498614,6.5830217775973425,0.015765748757644155
2022-09-07,291.7591857910156,292.7545738330587,286.19665137708756,286.46015834522314,49260400,306.8731460571289,296.69218028675425,305.6030242919922,326.87141357421876,40.59438652887369,6.654119609178191,0.016589635400923362
2022-09-08,293.27178955078125,294.58923504644343,288.32409480360485,289.69032244366866,55649800,305.63328704833987,297.03710992986504,305.254677327474,326.37525970458984,42.34349838999883,6.84371946340525,0.015085121644158995
2022-09-09,299.6833190917969,300.1810279756889,293.27177320994116,295.52605613582205,56125200,304.8042739868164,297.50588600852274,304.9026077270508,325.9339463806152,49.174618234175114,6.835353105902734,0.01613844290699214
2022-09-12,303.2452392578125,303.5770352096392,300.7469863886866,301.0592754427082,45905700,303.8454650878906,297.9652587890625,304.588143157959,325.5192835998535,52.538873033272665,6.463122037049009,0.015675870064769643
2022-09-13,286.6162414550781,295.7114291014608,285.7281862337515,294.52085317393227,79562200,301.92493133544923,297.9491122159091,304.0792599995931,325.01525772094726,39.42011558517075,7.458518887273958,0.01925229153186305
2022-09-14,288.8901062011719,289.7683933119644,285.9917378884854,287.75808045201677,54907200,300.1561447143555,298.0126337224787,303.6309646606445,324.5593264770508,41.56864423273688,7.457821165128577,0.019493157152003813
2022-09-15,284.0789794921875,289.37800644389927,282.47852027572605,286.9773474007332,65299400,298.3317337036133,298.14677401455964,303.0791035970052,324.0380964660645,38.46054423084903,7.560986240667396,0.019610730413408127
2022-09-16,282.34197998046875,282.7323265374109,278.73120732030344,280.78056397116666,79920400,296.38192596435545,298.24471823952416,302.515202331543,323.53669708251954,37.37402703604819,6.955935637146398,0.01951454976168594
2022-09-19,284.5406188964844,284.6970440569441,279.6426884526191,279.7013441584104,52613800,294.8553100585938,298.4450944380327,301.9244939168294,323.07883865356445,39.696252473159014,7.026985346269806,0.019494440535181422
2022-09-20,282.2724914550781,284.56015318458026,279.9750438308843,282.0378388277905,51271100,293.63003692626955,298.57140558416194,301.26391118367513,322.5960856628418,38.12565313621386,6.7766313851170015,0.018854127448550865
2022-09-21,277.2181396484375,287.3757802061988,277.08128628170294,283.11327668494283,82931000,292.164729309082,298.52011940696025,300.59448801676433,322.12099700927735,34.81951276861092,7.111144134189731,0.01908901691576627
2022-09-22,273.8062438964844,276.7000351668306,272.58420013628125,275.69307230182534,62757100,290.4844253540039,298.3741521661932,299.93356297810874,321.6139356994629,32.7546467153835,6.96605017282632,0.019067591038885136
2022-09-23,269.34820556640625,271.63586769229045,265.93623941777963,271.3425593161207,74815200,288.30943756103517,298.03747447620736,299.24108861287436,321.0280876159668,30.231933690304373,6.8151021599242005,0.018385523680166584
2022-09-26,268.23370361328125,273.2391899171992,267.4418216694611,268.8789462776998,71176700,286.7198776245117,297.67396906072446,298.47885716756184,320.428020324707,29.617790963916974,6.829784948175038,0.016589974028000342
2022-09-27,268.3411865234375,273.94301432945974,266.0241671942753,271.5966969873794,69780100,285.28353729248045,297.42437744140625,297.78407821655276,319.8570542907715,29.76597254538099,6.9116568693090175,0.016605195412725184
2022-09-28,273.6790771484375,274.95977629745494,266.84541972207256,268.32162792209664,79652100,284.2795013427734,297.32152099609374,297.1974177042643,319.29198654174803,36.87408007922027,7.043743750205002,0.01742497380527965
2022-09-29,265.78961181640625,270.0716577150531,262.8273790808432,269.69036575980726,81216000,282.9663879394531,297.0856872558594,296.5381930033366,318.7154037475586,31.758154093738654,7.325346843194045,0.01832998781280865
2022-09-30,261.2826843261719,269.0353210743035,261.12625917908525,264.9683567551903,78482400,281.42158203125,296.74981301047586,295.88158849080406,318.1360089111328,29.260657942253005,7.612157255863756,0.01849345020982891
2022-10-03,267.4125061035156,269.00605596137075,261.5466959774545,263.05226226362504,61267400,280.38966217041013,296.43312433416196,295.3431104024251,317.54427154541014,36.567253250989104,6.912608585230747,0.01944606932610825
2022-10-04,275.82012939453125,276.52402769113763,272.7503415958443,272.7503415958443,66696900,279.8815719604492,296.31312644264915,294.88638356526695,317.0441705322266,44.963998741572006,7.293670454098101,0.02092560505983605
2022-10-05,275.6734924316406,277.4625511231233,269.2602100468539,272.05623146486425,55766300,279.0772872924805,296.0325456099077,294.3724294026693,316.55271209716796,44.85248231316405,7.386731518962116,0.020292850838734406
2022-10-06,273.5032043457031,277.82433476778795,273.1805680559892,274.6763485613348,53489400,278.08885803222654,295.6285805442117,293.90467427571616,316.0685400390625,43.146864292076124,7.336445414670306,0.02023804356321113
2022-10-07,263.08160400390625,268.99628425911965,261.75200479094065,268.8691869260728,71354700,276.258772277832,294.9579473322088,293.3479619344076,315.4908186340332,36.056335976075516,7.814791411130126,0.02075163365770744
2022-10-10,260.4517822265625,263.6682102033149,257.74374361899635,263.2771322777695,60393000,274.11909942626954,294.335136829723,292.7078908284505,314.8768928527832,34.51494392329339,7.9104597847460285,0.02031545065248466
2022-10-11,256.8735656738281,261.6444286795512,255.19203248058224,258.77996563092654,66522500,272.63196563720703,293.6777859774503,292.07899042765297,314.23062942504885,32.48035234817347,7.636024232922679,0.017083995138855255
2022-10-12,256.7856140136719,259.42521062634756,256.0915015138821,257.50905437021186,50580200,271.02674102783203,293.12352294921874,291.5066617329915,313.5520182800293,32.42974940617722,7.543150632944765,0.01684452378089364
2022-10-13,262.807861328125,264.1276746127699,248.5734824679555,249.45336296356115,112894100,269.9631851196289,292.4580283425071,291.05553970336916,312.9126136779785,39.39249704850713,8.092021180524027,0.017834807100629395
2022-10-14,254.90846252441406,265.73088583053635,254.32190557154297,265.1345429834363,77244300,268.59150924682615,291.59567732377485,290.5046624501546,312.23400413513184,34.38707705755789,8.492850609899403,0.018781560259236888
2022-10-17,263.3259582519531,264.1960377721946,260.7743157265391,260.8720851805675,64576500,267.5307762145996,290.78612365722654,290.1249022165934,311.6033190155029,42.73686895300311,8.590616903656267,0.020453992557284886
2022-10-18,265.4083251953125,271.0101539048648,262.7295853642135,270.34536935380896,69781000,266.6875679016113,290.0178014581854,289.7655796051025,310.9952059173584,44.61463017427565,8.60248918688976,0.020585935120644536
2022-10-19,264.4404296875,267.5590871120454,262.07457015959795,263.89295658178486,53115400,266.04868240356444,289.24855929288,289.3068775177002,310.36362434387206,43.894140565003106,8.219119107236413,0.020282624486149616
2022-10-20,263.09124755859375,268.69310486964116,261.92788976794674,263.5507370396225,60605500,265.51293258666993,288.3029044411399,288.9567356109619,309.7506377410889,42.85522327081957,8.137415764841853,0.020156513628073004
2022-10-21,269.2602233886719,269.7979106618397,260.85255709108765,261.986617180999,77897700,265.5085334777832,287.44261835271664,288.6155511220296,309.2277400970459,48.820094561138994,8.224700188809937,0.020606992771452514
2022-10-24,272.2225036621094,273.15123909970674,265.88741751693567,269.52422125739656,63963600,265.7079734802246,286.6832133900036,288.29629300435386,308.72096733093264,51.44123293783967,8.09272161703487,0.02071758865761066
2022-10-25,277.85357666015625,278.2348685509283,271.68470349213027,273.16094157940734,59014500,266.18359298706054,286.04464527476915,287.9364622751872,308.26258460998537,56.049176785240874,7.974709044358343,0.021181015869033
2022-10-26,271.7140197753906,277.62872793281883,271.2252023988285,272.2321650011446,63492400,266.0853401184082,285.3588553688743,287.66020545959475,307.77228797912596,50.43015886883271,8.116466726467559,0.021389608014836074
2022-10-27,266.76715087890625,272.05615769171305,266.24900572974246,270.5994916720911,57760300,266.1342170715332,284.4260950261896,287.37316296895347,307.2294832611084,46.39431803361428,7.6918918984109945,0.02076260014609108
2022-10-28,274.9305114746094,275.39978700768586,265.97537143833364,266.1415825130853,62651300,266.8166084289551,283.674584683505,287.2523609161377,306.7200531768799,53.0689487116099,7.9418882544848275,0.021385551936037347
2022-10-31,271.733642578125,273.503159426672,269.81745662103884,272.68194966008537,47742000,267.03266525268555,282.7529887806285,287.075617090861,306.2417714691162,50.42123848677653,7.846221015527797,0.02103490114285143
2022-11-01,268.9571533203125,275.76151447216347,268.59543314016713,275.2042553559678,45895900,266.6895164489746,281.7335385409269,286.94813702901206,305.7381768035889,48.17326143809547,8.119961888351432,0.01989484361113796
2022-11-02,259.738037109375,271.9878014034031,259.6695955048992,268.9277993452256,79803100,265.89274368286135,280.5603057861328,286.749431737264,305.23450080871584,41.549270333406845,7.88882001361497,0.021232685118929555
2022-11-03,254.66407775878906,258.58440282712587,254.28281570362714,257.12773653232773,70038900,264.95078735351564,279.3620672052557,286.4208641052246,304.7252508544922,38.41819828129215,7.463551524097434,0.0215384686211636
2022-11-04,258.7603759765625,260.64720401130904,253.28561503914713,259.5913715372942,78313200,264.73472595214844,278.2242897727273,286.1548405965169,304.2596351623535,42.20480875506426,7.325981075838961,0.02030858697329806
2022-11-07,261.6053466796875,262.1430638319726,257.675264711144,259.80650185570005,47333800,264.7924041748047,277.25215176669036,285.84978307088215,303.85703079223634,44.74597498946108,7.053640402994483,0.020341551314791626
2022-11-08,263.5117492675781,266.74771876778345,259.58163742819613,263.12070123011625,63213800,265.1243133544922,276.46549349698154,285.68260625203453,303.45612731933596,46.445239382157084,7.1737521449330455,0.02011348453022352
2022-11-09,257.4307861328125,262.5535826079869,257.1472637052419,261.77148675232706,64862100,265.15657196044924,275.5728842995384,285.47741673787436,303.064655456543,42.00745827554626,7.145128606407458,0.02085015266007064
2022-11-10,276.4262390136719,276.71951751892516,267.7252952822844,269.8369900252469,99256700,265.8374908447266,275.0095009543679,285.4378275553385,302.7707876586914,56.11380525858522,7.883941307504644,0.02615185226520607
2022-11-11,281.51971435546875,282.18452870756767,274.90113736604735,276.24049229556425,66961800,267.1680534362793,274.4398964621804,285.40172424316404,302.51926528930665,58.994106658572335,7.885339147415304,0.025169678175244455
2022-11-14,279.05609130859375,282.741763917315,278.07845646792043,279.4666812340499,55290700,267.95456008911134,274.0586453524503,285.39573974609374,302.2033796691895,57.04397243269804,7.7505636038864845,0.024469304505694137
2022-11-15,282.917724609375,286.7011661843519,279.5742007553002,285.6746318321595,73985400,268.8300300598145,273.8013677423651,285.38930587768556,301.8520817565918,59.314253465087155,7.8231850763458,0.02456529744756857
2022-11-16,279.05609130859375,283.00574441872726,278.2348816226339,280.96249118192577,48859800,269.56081314086913,273.5340276544744,285.28518931070965,301.46946151733397,56.12008016982217,7.749164421640283,0.024818564401147842
2022-11-17,278.440185546875,279.9164237510192,274.4416625000356,274.5980876597836,55462100,270.3282600402832,273.2865423029119,285.09663950602214,301.06931549072266,55.605744100243435,7.467046256042524,0.024777350276923737
2022-11-18,278.4499816894531,281.5490676405468,276.00589441916804,281.45132801777515,53588600,270.7877479553223,273.0369273792614,284.9148274739583,300.74188751220703,55.61271217533649,7.497768996600255,0.024315432236729353
2022-11-21,275.5854797363281,278.2152898203425,274.7544842145169,277.061687951734,40083500,270.9558967590332,272.810283314098,284.72765045166017,300.3784429931641,52.99340418138515,7.249870149667392,0.024364486099902313
2022-11-22,279.5547180175781,279.71111335033106,274.18748200532116,276.3187488109687,41873400,271.0409538269043,272.6934248490767,284.5055320739746,300.0488531494141,56.080250969734045,6.764543395846388,0.024135258678703943
2022-11-23,282.3605651855469,282.98623610970964,279.3983321471917,279.57429929757615,46390000,271.5732810974121,272.5225408380682,284.37319056193036,299.713885345459,58.17133644782619,6.6311635784728225,0.02361034979637994
2022-11-25,280.50299072265625,281.47083963013006,280.0141733212983,280.7669413787728,15498800,272.2600730895996,272.290380859375,284.2170900980631,299.3326141357422,56.2615256491656,6.27293521362187,0.02322182881518466
2022-11-28,276.38714599609375,280.5420941973852,275.45841076977536,278.52816875015134,38714200,272.3329048156738,271.86681407581676,284.00518188476565,298.97113525390625,52.17424106465558,6.316926949820531,0.022562791295598586
2022-11-29,274.2950439453125,277.0128679016486,272.9263609879941,276.6120339936034,35618900,272.4609748840332,271.34044688831676,283.79393946329753,298.65449981689454,50.178741207242176,6.096957347968186,0.022466011966465735
2022-11-30,286.7989501953125,286.9065055448826,273.70843484346506,274.5589724039487,74718100,273.3530647277832,271.34376886541196,283.7537788391113,298.39829223632813,60.02064055353111,6.58507057218828,0.024418640790382914
2022-12-01,287.1509704589844,289.1355684335283,284.3744904741825,287.1216426006435,51547300,274.72371139526365,271.312148215554,283.80226465861,298.1018197631836,60.25866050502877,5.547381041704933,0.0227626029263921
2022-12-02,286.007080078125,286.88697536237026,281.9107874314308,282.0867843893096,53583200,276.29086151123045,271.3472045898437,283.950225575765,297.8000654602051,59.02883590218541,5.401437590707311,0.022127465096285055
2022-12-05,281.2068786621094,285.15650163901466,279.7501825716484,283.8855883761072,41482100,277.41318664550784,271.3265663840554,284.0541259765625,297.5258203125,54.044209553355735,5.5152654519274575,0.022559037177649604
2022-12-06,275.38018798828125,281.18734160763,273.9919631554687,281.0504882375868,53937600,278.1019287109375,271.1600130948153,284.0535469055176,297.24160568237306,48.67153405533442,5.484539782704782,0.023177508844629047
2022-12-07,274.2558898925781,276.25027324305955,272.54502898857334,274.19723419124455,45614300,278.6391357421875,271.0142567027699,284.1362106323242,296.9684535217285,47.68643368805102,5.408424172589987,0.023201530037787386
2022-12-08,277.5016784667969,278.4695274919775,273.532483071853,275.60506433206405,42594900,279.6426803588867,271.0194119540128,284.21913731892903,296.75365264892577,50.78342689398435,5.370015827528623,0.022498510947162584
2022-12-09,275.7321472167969,279.25163871744275,275.2921995910729,276.48491532642936,47860500,279.607975769043,271.0544283780185,284.23106638590497,296.47615951538086,49.07761147365353,5.256891963599413,0.01544514358401387
2022-12-12,279.1929931640625,279.25167871293957,274.871863125392,275.9081538496914,35732500,279.4916397094727,271.2334245161577,284.2751693725586,296.1902886962891,52.4422618144091,5.305771828785936,0.01512861570140174
2022-12-13,282.19427490234375,290.24021992861685,279.51556513695834,290.0153531873076,80667700,279.64854888916017,271.4872530850497,284.31029052734374,295.9144140625,55.20637943970761,5.700314358753396,0.015184100248687016
2022-12-14,280.1021423339844,284.89254665162576,276.856387797035,281.607678370785,64984400,279.5077697753906,271.7010886452415,284.248605855306,295.6539068603516,52.89833356164294,6.018046851044313,0.01495579491407213
2022-12-15,270.6973571777344,276.68047833241644,269.5046413384967,276.01566388796755,60554100,279.08983306884767,271.64687555486506,284.1261136372884,295.31850509643556,43.994143861321575,6.607411788989964,0.01647215050785541
2022-12-16,268.1163635253906,271.55762753266515,266.5130280152086,270.0227634589525,68300400,278.5736419677734,271.68918013139205,284.0545728047689,294.99432357788083,41.909245005231234,6.604620081121872,0.016572432302334274
2022-12-19,264.348388671875,268.47407711477496,263.11360998326035,268.3858829093709,44167900,277.86856231689455,271.7449202104048,283.9495173136393,294.6754273986816,39.003238813592986,6.695617239540452,0.016790207048392167
2022-12-20,264.1425476074219,265.8869024245036,261.60441519925917,263.1821610584661,51064200,277.2964157104492,271.68546641956675,283.8713724772135,294.4160108947754,38.844775758899154,6.058789848385231,0.016691301971882067
2022-12-21,267.97430419921875,269.27765841529884,264.33857367332774,265.1813681287866,46394700,276.71739501953124,271.54281505237924,283.81011352539065,294.1830979919434,43.45058596732592,6.085506480423171,0.016696664388960978
2022-12-22,261.4182434082031,265.09315110385836,257.2043313066332,264.9657495187062,60278400,275.67027893066404,271.2836287064986,283.6549415588379,293.8607878112793,38.155646134434576,6.480491470782596,0.01716536315321129
2022-12-23,262.0062561035156,262.67266222528946,258.25296279970826,260.1541178129993,39373600,274.74544219970704,271.0745932839134,283.4897066752116,293.55951171875,38.87511476445033,6.349263036432924,0.017201091566699033
2022-12-27,258.3019104003906,261.50644919316005,257.7629358770659,261.39863634460903,38009000,273.8411804199219,270.98768976384946,283.2433436075846,293.2731295776367,36.03130046243251,6.137006230704998,0.01718283355486678
2022-12-28,254.89163208007812,260.15409570007984,254.52904593217914,257.90016402550407,47139000,272.87100982666016,270.88659612482246,282.96555302937827,292.9999990844727,33.594809889570286,6.2741351959488885,0.017303309187528704
2022-12-29,261.1046447753906,262.0454127740725,256.9985455070873,257.6943196587652,45893600,271.58629455566404,270.9635248357599,282.79085235595704,292.70939010620117,41.37301606732973,6.432473501225307,0.01456917714300691
2022-12-30,260.9479064941406,261.075308109581,257.0378133464567,258.3411677601905,37858300,270.27614135742186,271.03920288085936,282.63761672973635,292.3588029479981,41.24177423370786,6.440144379979886,0.01453652341631568
2023-01-03,259.1839599609375,264.74040491904475,256.88101129736896,263.27044150482857,42335300,268.9349853515625,270.9733137650923,282.47447916666664,291.9793556213379,39.71489886587657,6.688685668131902,0.014542855637605654
2023-01-04,260.4186706542969,262.09445023311,257.27295778358507,261.300672498505,47754900,267.89557495117185,271.07349936745385,282.3133366902669,291.5717906188965,41.35166419595832,6.243990359915516,0.014406722192358824
2023-01-05,256.3420104980469,258.91935117351017,256.0284410273781,258.75277206510526,45396700,266.9436660766602,270.946518499201,282.07593358357747,291.1485957336426,37.711093019458325,5.98356684365323,0.014134299578847823
2023-01-06,263.4173889160156,264.5345752837796,255.126804985391,258.07654065905234,54659700,266.40174102783203,270.91031965775926,281.91757837931317,290.7272715759277,46.51261445901646,5.898586079574723,0.015746846690544672
2023-01-09,265.1225891113281,269.77747289377504,264.51500906581396,265.40676048327515,45568700,265.7827865600586,270.9227225563743,281.70105463663737,290.3394567871094,48.40481263521433,5.992549255310641,0.01554513159580834
2023-01-10,267.36669921875,267.4745120737934,263.58400819036984,264.09358467777196,35247800,265.36451416015626,271.0004580411044,281.4647664388021,289.9247787475586,50.86819290620693,5.887551880446994,0.01568703864235643
2023-01-11,271.9921875,272.1000003561461,267.65090322153156,268.4349015637978,44077000,265.0044738769531,271.05013011585584,281.2316477457682,289.5346890258789,55.576189886843665,5.919752874172112,0.015943511287486993
2023-01-12,273.4621276855469,274.4911198155303,268.25846062265697,272.55075772684324,60600000,264.56786651611327,271.0726687344638,281.0546124776204,289.12487152099607,56.986784147232726,5.9981491873861374,0.01577684693488614
2023-01-13,275.3437194824219,275.5887133592469,270.6300396848258,270.96322776853043,44802900,264.32994537353517,271.02703496759585,280.9072446187337,288.6938780212402,58.79060330968172,5.5830563860886775,0.015816282470661098
2023-01-17,275.9023742675781,277.1861400760994,273.9816003119782,275.14777381841895,36269700,264.59019622802737,271.1031868674538,280.81251373291013,288.28564529418946,59.33586553411666,5.496259267412962,0.013800847033414674
2023-01-18,272.3156433105469,278.98927521469835,272.1098567941567,277.4408969121864,47754500,264.80016021728517,271.2040685480291,280.58672688802085,287.8816372680664,54.36251934305871,5.684551995562385,0.013961458106128663
2023-01-19,269.64019775390625,271.8255534387518,268.4054492125816,270.6887785022272,44150400,265.0647506713867,271.1078810258345,280.31424713134766,287.4676126098633,50.933152333872194,5.562062304852715,0.013754041625343869
2023-01-20,277.0194396972656,277.35262774545413,270.1890099432116,271.2474001259053,60613600,265.7085952758789,271.2039864280007,280.05731404622395,287.0542024230957,58.67624540568406,5.601965826106538,0.014942301625750666
2023-01-23,283.1737060546875,284.39867540350957,277.06847796030434,277.8622557058228,52799900,266.4685653686523,271.46246920498936,279.8532112121582,286.7114976501465,63.80616074276383,5.838566131628681,0.015362203239300166
2023-01-24,282.595458984375,283.75182260561473,281.0373019205408,281.55668760848556,44875100,267.5274261474609,271.8780586936257,279.6519337972005,286.4040832519531,63.01461944688415,5.471075207585691,0.014021680075168614
2023-01-25,281.9683532714844,282.5857126972859,275.54949598721333,278.08762887043525,50872000,268.52553100585936,272.37450006658383,279.3758178710938,286.08944213867187,62.11467197870028,5.629965960988313,0.014086411827306732
2023-01-26,287.4659423828125,287.6423307540248,282.7424543994262,285.3883995934982,51596300,269.98373260498045,272.89641945578836,279.13323440551756,285.8263957214356,66.61590643231582,5.721662236389859,0.013841329216211973
2023-01-27,290.3274841308594,292.2874346780867,286.03518764739596,286.15277989519404,56441900,271.75552520751955,273.41864013671875,278.936048634847,285.6178837585449,68.70045086339617,5.4962677172685845,0.013149862862036675
2023-01-30,284.4574279785156,288.48514213201554,284.08506247493875,287.06416594239596,49405800,272.9231643676758,273.7994706587358,278.6984036763509,285.38703414916995,60.37250966934654,5.48786326570867,0.013746441765171325
2023-01-31,288.7203674316406,288.81837095968,284.3888926131909,284.4966755594997,46705100,274.3117874145508,274.3683721368963,278.5258028666178,285.14389602661134,63.80405380198479,5.526361441641926,0.01389020708262343
2023-02-01,294.8941650390625,297.3538825772445,286.44675327264645,288.5145165990588,67562200,276.09729766845703,274.7041526100852,278.332679494222,284.97019775390623,68.11093343261398,5.967349167870639,0.014043688869209123
2023-02-02,305.4779052734375,307.39864851001664,300.5878380395017,301.41101371232133,83070600,278.3502593994141,275.139756081321,278.2427988688151,284.84815185546876,73.85438680163512,6.415336616304984,0.015484036774379229
2023-02-03,300.0489196777344,306.1345896386831,298.44177525770675,298.83375951333676,76170800,280.5356048583984,275.5214438698508,278.05636138916014,284.6620948791504,67.17126998429399,6.61063238105893,0.01566143923680555
2023-02-06,297.5107116699219,299.7842616499401,296.16815023108865,297.4323268010993,40802300,282.2402709960937,275.7867709073153,277.8270596822103,284.48794036865235,64.2442207634641,6.658934501239254,0.015361173907527953
2023-02-07,303.6748046875,304.80177050137615,296.2661924961063,297.3833489851689,67584000,284.16788177490236,276.2343838778409,277.6554677327474,284.3789891052246,67.90225409169935,6.7772316144341245,0.01570029003230525
2023-02-08,298.2751159667969,303.30239469294725,297.58915111170046,302.36162665672765,56720900,285.7133026123047,276.59501897638495,277.46970036824547,284.28565216064453,61.9256284007207,6.932621577136571,0.016634161251066436
2023-02-09,295.6390075683594,302.8026262239471,294.18866293953266,302.65563587730645,49137800,286.89564361572263,276.90754671963776,277.2555409749349,284.15877853393556,59.18673293254909,6.9970168123413226,0.016694497116425695
2023-02-10,293.69866943359375,295.53121883431214,291.297717495013,293.48307362724574,50050100,287.907470703125,277.23687744140625,277.0774220784505,284.08278594970704,57.18197016716602,6.780020695705782,0.01686674158405243
2023-02-13,298.40252685546875,298.9905181113563,293.92403183643796,295.1000143482131,39636700,289.06041107177737,277.57956487482244,277.0076268513997,284.0321633911133,60.660743857538876,6.9641155523264,0.01707947203293092
2023-02-14,300.6075134277344,301.5580909500732,294.88445954815694,296.8248219904053,64079100,290.29566802978513,277.9113275701349,276.95832036336265,283.93777755737307,62.21065000661851,6.937520438380302,0.017086212391315272
2023-02-15,302.910400390625,303.0769794600468,298.1085269393555,298.7944917715508,43100600,291.8254058837891,278.31873501864345,276.9208043416341,283.9267881774902,63.81415151736006,6.887125798248222,0.01659409794101327
2023-02-16,297.2265625,302.2538416898936,297.0795721536685,298.2849528065457,59498600,293.20472412109376,278.6976335005327,276.7906260172526,283.8619091796875,57.346312609239575,6.857024455838634,0.017139132301957648
2023-02-17,295.12939453125,295.8839648215853,292.1306722050672,295.041200334183,58230700,294.11022186279297,279.0764398748224,276.7498301188151,283.7848887634277,55.12619280211235,6.77512935862522,0.01649323779472661
2023-02-21,288.1422424316406,292.7481400013189,288.00506139046075,291.3075745832692,46526700,294.3586486816406,279.10086337002843,276.67544886271156,283.62043365478513,48.40273775786198,6.967618986789513,0.016910031988301034
2023-02-22,288.3577880859375,290.42552201582805,286.70162711443794,288.72037423239385,51389200,294.6467651367187,279.1228055087003,276.63043212890625,283.53789840698244,48.61096078746059,6.454530815131802,0.01689507052525154
2023-02-23,290.8763122558594,292.16007766757474,286.6917980591671,292.0032780111049,69294400,295.0921630859375,279.21133700284093,276.620635732015,283.4862187194824,51.09439289805765,5.951944824949907,0.016957694750589274
2023-02-24,286.005859375,287.1034271642342,284.2418855081771,285.91766516763073,74332000,295.0191589355469,279.29859119762074,276.56919453938804,283.46911422729494,46.422252253802775,5.876345708286043,0.016891195043159685
2023-02-27,288.05401611328125,290.5529418079931,287.4660248008548,289.16139327194696,48995000,294.90548553466795,279.5290244362571,276.56922047932943,283.4446697998047,48.552760724724926,5.923939493025139,0.016814894904625358
2023-02-28,287.6816711425781,290.19040660347883,287.0936797268858,287.42686788426477,48243100,295.0666976928711,279.77312954989344,276.58338495890297,283.4618043518066,48.17769119610183,5.5354501266910825,0.016151986875296315
2023-03-01,285.368896484375,288.04421063661897,284.38892091939636,287.38764375571253,58287000,294.8991241455078,279.9161698774858,276.5301325480143,283.4707354736328,45.81048932459591,5.361852708221302,0.015897742216326675
2023-03-02,287.7305603027344,288.53414730120545,282.59549882206886,282.87970005937706,53565900,294.5409439086914,280.13432284268464,276.4839556376139,283.4389273071289,48.58840967640227,5.1707587935586,0.015204762702814706
2023-03-03,293.6790466308594,293.914261084036,288.96536693308644,289.4749733262371,60511500,293.9510009765625,280.39770563299004,276.4339200337728,283.45390655517576,54.86458510315332,5.302359558412547,0.01354559981355696
2023-03-06,294.01220703125,297.9125198668912,293.8162298962756,294.91379755285436,56736300,293.64916534423827,280.6125771262429,276.35697809855145,283.4329063415527,55.194496251451504,5.226761312574638,0.013028005370873999
2023-03-07,290.40594482421875,294.9824437058501,289.7983647809635,294.06126431559863,65955800,293.29392700195314,280.7999189897017,276.38855895996096,283.46707122802735,50.860865472636085,5.120364707072517,0.013170729769553326
2023-03-08,291.8563232421875,292.45409396799647,288.97519275474593,290.827330978684,50876300,292.7030029296875,281.18462746360086,276.41327743530275,283.5160852050781,52.476968274593155,5.0139681851124625,0.012234144277767612
2023-03-09,286.79962158203125,294.9530245830803,285.98622520297346,292.3560656900784,71456700,292.12922821044924,281.52432306463066,276.4359494527181,283.54419860839846,46.70911971698828,5.237966123908917,0.012203454826343881
2023-03-10,282.7718200683594,288.4556939324605,281.62526588035115,286.9661125511596,98593600,291.4858688354492,281.85929454456675,276.4395314534505,283.5287971496582,42.68470431814849,5.361861677992956,0.012413204877185323
2023-03-13,284.8691101074219,288.5734166863263,279.4792442969985,280.988415097732,97123600,291.0443908691406,282.23614113547586,276.44226888020836,283.55427154541013,45.32623243870569,5.502564481459997,0.012544483467834537
2023-03-14,291.41534423828125,291.9641281908985,287.57385656996024,288.41662124487874,73602500,290.6950317382813,282.66234186345883,276.51845932006836,283.59289932250977,52.66005171401634,5.743358994466178,0.013137431401848084
2023-03-15,292.9440002441406,293.27718824711917,287.36793856607295,288.80850340903805,83631500,290.3118560791016,283.23553744229406,276.6495081583659,283.599868927002,54.20485627856554,5.7748568567975065,0.013073095679714227
2023-03-16,300.6662902832031,301.02887644464795,291.2389304597185,292.0327082473355,98198100,290.1996505737305,283.938447154652,276.8733418782552,283.5978695678711,61.10908204792894,6.000251088029448,0.014347491375409527
2023-03-17,299.2452392578125,302.9593539690395,297.2950980069192,300.57802119938503,89923700,290.3005844116211,284.68287131569605,277.1224838256836,283.5927586364746,59.33626463962043,6.080049197252821,0.013725214369340917
2023-03-20,300.3073425292969,300.63122196254875,296.4206395663635,298.628998287791,56359500,290.5594818115234,285.5086115056818,277.3897641499837,283.60406173706053,60.26412534375373,6.159610305795122,0.013625371984766932
2023-03-21,304.59637451171875,305.04785266850337,300.7292917206466,302.2407985358672,49757000,291.38218841552737,286.2993702281605,277.69189071655273,283.59599899291993,63.85124660850972,6.2371260502225425,0.012620110547232215
2023-03-22,300.45440673828125,309.41543589135216,300.2875698271311,304.52759363892255,75791900,291.98701934814454,287.0176702325994,277.91501846313474,283.60706329345703,58.37108735530294,6.464927306300004,0.013143101793637004
2023-03-23,304.0173034667969,308.33586449885354,301.32802358760387,304.1841703718912,74576000,292.6440689086914,287.83282193270594,278.23358256022135,283.63097457885743,61.43710487446968,6.5861956619621935,0.013243801675806858
2023-03-24,305.1361999511719,305.23432523324425,301.26911732991573,303.59524962715017,57195200,293.6005859375,288.6458679199219,278.599028523763,283.6475749206543,62.37431156038569,6.567033852483385,0.012462891966143846
2023-03-27,303.04559326171875,306.91267558955946,302.1916996936268,305.8330279937311,50287400,294.35016479492185,289.49502397017045,278.89597091674807,283.66458221435545,59.46625119276781,6.533955064700962,0.01262812928032581
2023-03-28,301.43597412109375,302.49600280278304,299.1294607378363,302.466559225668,48585900,295.03787994384766,290.1862709738991,279.1094362894694,283.71367095947267,57.25299671686179,6.565185872603239,0.012725189680542015
2023-03-29,306.9324035644531,307.5507487684189,304.3118048316413,305.1264605600593,53274300,296.1160552978516,290.9464494185014,279.3699272155762,283.8416696166992,62.39933707197827,6.3614698202616875,0.012943487733972817
2023-03-30,309.83758544921875,310.46575510812926,307.0207064008411,309.4057262969123,58354800,297.2214065551758,291.7186473499645,279.6727137247721,284.04959869384766,64.81079473980944,6.125964355373599,0.01296819076975609
2023-03-31,314.9904479980469,315.22602661616287,309.75910503684963,310.0633653805016,62138100,298.28697662353517,292.50043390447445,280.1052874247233,284.28085678100587,68.65110483449136,5.866875011801129,0.012720256081256164
2023-04-03,314.224853515625,314.48987569045227,311.54539785656647,312.8703889195931,47126800,299.29760894775393,293.2415743741122,280.55339635213215,284.4747326660156,67.47289911510256,5.606163015944255,0.012781241674148222
2023-04-04,313.1648864746094,315.677505418444,311.9478151451285,314.66656912426663,45875400,300.43555603027346,293.92923195578834,281.02249069213866,284.71887588500977,65.78941935653489,5.4504802011063465,0.012354892390089552
2023-04-05,310.0731201171875,313.1549909553474,308.2573530230773,312.212766553252,62795700,301.3463958740234,294.55051824396304,281.46655324300133,284.9314891052246,61.007923736860754,5.10173644872082,0.01272425970999808
2023-04-06,312.1636657714844,312.65441200282,307.03047936148835,308.4241818849287,46916500,302.6145980834961,295.27502774325285,281.8778516133626,285.1208041381836,62.967783891768136,5.098856211521629,0.01179406646779616
2023-04-10,311.9870300292969,312.03612262814016,307.452539270489,309.2388628884362,45134700,304.07535858154296,296.04497014825995,282.35350634257,285.311236114502,62.6811094262333,5.134609361865208,0.011051725463008776
2023-04-11,309.9847717285156,312.0066738913755,309.47440639730115,311.9477567831826,40113600,305.33114166259764,296.6443398215554,282.742329788208,285.4712612915039,59.380885051136,4.976877744355769,0.011321226517638035
2023-04-12,307.2463684082031,312.52680195388945,306.78506581343356,311.9379005633457,62813300,306.12269287109376,297.0820245916193,283.09098014831545,285.56997161865235,55.107431793912625,4.735011321229686,0.010779651911051515
2023-04-13,313.2629699707031,313.73406719426043,307.8254932108814,309.0032662225483,54613800,307.1386413574219,297.63961570046166,283.49783465067543,285.7093043518066,61.63955607281667,4.63545710876433,0.011415538992312754
2023-04-14,312.6740417480469,314.43089158193646,309.7688026716277,311.71216841092246,56278300,307.73902893066406,298.19790094549006,283.91102460225426,285.8891682434082,60.708395580047316,4.685234323548632,0.01009927574156677
2023-04-17,312.9390563964844,313.292409262093,310.1908894540763,312.26182419411003,43007000,308.42371978759763,298.66104847301136,284.27501487731934,286.0690882873535,60.993950209940316,4.5695588886974905,0.00997985338775563
2023-04-18,312.9586486816406,315.4712967532463,311.7612567220938,315.0492322620022,46746900,309.05628509521483,299.0725241921165,284.6144827524821,286.26628189086915,61.016506625865155,4.554837996359639,0.009987091121657281
2023-04-19,312.81146240234375,313.8714910627291,310.42644284563727,310.55404166149606,38960100,309.46703948974607,299.58805209073154,284.90579846700035,286.453712310791,60.732371269289146,4.364143251342974,0.009577351725812363
2023-04-20,310.4264221191406,313.36107487685706,309.14066944218166,309.8473451843308,62462100,309.96564025878905,299.98270763050425,285.2284018198649,286.60565002441405,56.16800960817333,4.413218529271494,0.009170314809832407
2023-04-21,310.75030517578125,311.5256925854782,308.286779534133,310.06327844359055,59002300,310.30229034423826,300.2710010875355,285.5949281056722,286.7502293395996,56.64452936281092,4.254075062988063,0.00885145920885048
2023-04-24,310.1025390625,311.85938891120855,307.9334192694122,310.524573610328,44043100,310.5506072998047,300.3550853382457,285.8880283355713,286.861414642334,55.34851338162885,4.288426455867774,0.00885799697975351
2023-04-25,304.25286865234375,309.14071237711994,304.15474335870545,308.4733046259451,57121600,310.61097106933596,300.4315207741477,286.1590218861898,286.9415464782715,45.27447383300276,4.44686255804485,0.009767806284452049
2023-04-26,306.0981140136719,309.1113036974002,305.5779240970005,307.6390646932986,55400500,310.84407806396484,300.5876553622159,286.46852989196776,287.06169342041017,48.46116306641558,4.443355529010879,0.009758502362993072
2023-04-27,314.42108154296875,314.9216222755435,309.2191540959588,309.85714808817,65430400,311.2185119628906,300.7830422141335,286.9242219289144,287.2371179199219,59.82478422209342,4.671896644763734,0.010754702520909954
2023-04-28,316.5902099609375,316.678540689249,313.056831064611,314.18554141895567,59712600,311.55614318847654,301.1160439231179,287.440273030599,287.42626663208006,62.16607461530699,4.5940811535953525,0.010666606100784024
2023-05-01,316.2270812988281,317.6404329412085,315.1474335230133,316.1289260550677,41013400,311.61797485351565,301.49037253639915,287.9191622416178,287.6086231994629,61.5197192490782,4.591276291032552,0.010028749846365868
2023-05-02,313.4690856933594,316.48227491711145,311.7318247639411,316.15836561209886,56519400,311.58018646240237,301.84983465021304,288.3513600667318,287.75181671142576,56.69798508875493,4.520470149083585,0.010213980502285868
2023-05-03,311.417724609375,316.50184793233376,311.3097448724907,313.83218746943214,59882100,311.4928283691406,302.086474609375,288.75057652791344,287.896805267334,53.34874449234521,4.42792759721114,0.010292241408324257
2023-05-04,310.31854248046875,312.3404149311977,309.2879572324431,311.19205535831844,50224500,311.5050994873047,302.26303877397015,289.19130783081056,287.99287078857424,51.59018119697015,4.312953939242988,0.010074891973694227
2023-05-05,316.9141540527344,317.7680478062891,310.3577608434829,312.5759436628054,51806100,311.7426239013672,302.5176524769176,289.52870712280276,288.098835144043,60.09122565218099,4.623524333371819,0.01105438010162567
2023-05-08,317.6993408203125,318.0428692194948,315.3732081600549,316.4528560062947,36465800,312.02823944091796,302.8898848100142,289.83020401000977,288.1874996948242,60.96992598145334,4.549211549678058,0.011055346802038556
2023-05-09,315.6872863769531,316.9043275857456,315.37320156411107,316.0406093268182,31768800,312.31336517333983,303.26366466175426,290.13546396891275,288.2924043273926,57.477541711046776,4.46928948104303,0.011052390474919602
2023-05-10,319.1225280761719,319.9764218717756,315.64803577940484,318.1213864238547,60446600,312.9071731567383,303.8269425825639,290.4371706644694,288.4228776550293,61.52925922746681,4.477002385164127,0.01101114664852289
2023-05-11,320.16290283203125,320.702711788897,318.1213814203093,319.67215652477967,44278500,313.2521697998047,304.4052173961293,290.7797274271647,288.58734176635744,62.688777156451714,4.430032193538588,0.010211783469329739
2023-05-12,319.0144958496094,321.11490410960397,316.9631801847053,320.6928395840267,48432800,313.56919250488284,304.9168207341974,291.1178466796875,288.68536392211917,60.52037788622628,4.446157499474465,0.010245422781152567
2023-05-15,320.7419738769531,320.97752251513634,317.96433305634275,319.4856645520145,33375600,313.95933837890624,305.5483864524148,291.47027994791665,288.77738494873046,62.61519432234335,4.2365427676886815,0.010291385933569291
2023-05-16,321.1051330566406,322.8129206513103,319.98621707890663,320.0254851709617,40019200,314.3666625976563,306.1493158513849,291.8496103922526,288.8436535644531,63.05895754847232,4.091419091070626,0.01028749312703364
2023-05-17,324.9918212890625,325.5708983222604,320.9873447050186,322.16511784019536,47486100,314.9756805419922,306.82768221768464,292.228252919515,288.9302824401855,67.50469816297743,3.7885651878827837,0.010552150516441313
2023-05-18,331.0280456542969,331.24397525521954,325.3648433271988,325.38446239899855,64213500,316.00576171875,307.65784856622867,292.63381525675453,289.0516789245605,72.94948480681926,3.9764540694198565,0.010918857274467203
2023-05-19,330.28204345703125,331.95056269847424,329.22201480691604,331.2438869159886,61554900,316.9823486328125,308.4315118963068,293.04864069620766,289.12757781982424,71.35814380937784,3.9932789603743606,0.010979033301834461
2023-05-22,331.39111328125,332.40204927029424,330.01699993843374,330.02682444746773,43015900,318.04677734375,309.1171858354048,293.5070070902506,289.2016535949707,72.3247209003522,3.8243217588522294,0.01091075716986423
2023-05-23,327.1903381347656,330.8218725069687,326.8370151983698,329.67354301090694,48216700,319.1936508178711,309.7204245827415,293.9478012084961,289.2676564025879,63.57353465820141,3.778749974783454,0.010318442228191204
2023-05-24,325.5119934082031,326.74868358782186,323.46067760334,325.237176696374,62891200,320.16434478759766,310.35871637517755,294.27040990193683,289.33034225463865,60.42758468828597,3.827121605688526,0.010485164352726539
2023-05-25,333.4326477050781,334.69878147156203,330.4391074318428,332.86339520970245,66862800,321.11492309570315,311.1146495472301,294.6560905456543,289.45034317016604,68.38004154523222,3.9512132297984244,0.010154304471768618
2023-05-26,341.9519958496094,342.7862705013703,334.3552531548107,334.4534083996253,63007000,322.38301239013674,312.11741998845883,295.12229817708334,289.56975830078125,74.35061126321682,4.428639068145019,0.0113217316736678
2023-05-30,343.50274658203125,347.37962387982896,342.0795705146639,346.18220186431466,72652200,323.7467956542969,313.22161865234375,295.6414304097494,289.7059541320801,75.26612924399305,4.650173980574887,0.011258983955921944
2023-05-31,341.54962158203125,344.1113330031778,340.0970316132511,341.92259358572744,65105400,325.1508224487305,314.2521734064276,296.19284235636394,289.8015951538086,71.79052960687952,4.6277393589717395,0.011094813327564877
2023-06-01,345.4952087402344,346.8201997459397,340.2442175064159,341.2944217437348,50488600,326.8546966552734,315.2354436700994,296.7865033467611,289.90393661499024,74.36576433145754,4.913071635467178,0.010895126670847148
2023-06-02,348.0863342285156,349.24448827334294,345.49520941716,347.25205955281666,53372100,328.74308624267576,316.23803156072444,297.3747088114421,290.0230390930176,75.92041350433573,4.884325607482173,0.01070418901016255
2023-06-05,348.33172607421875,350.88361288576164,347.30117080070033,347.870423343083,47266200,330.31396484375,317.1046758478338,297.97970530192055,290.1618617248535,76.06843998072182,4.924986509358438,0.010113981691088507
2023-06-06,348.2727966308594,349.2346700680704,346.3981423533168,347.7231632246743,41390400,331.84263763427737,317.9960859818892,298.55537033081055,290.29653503417967,75.94769700338274,4.925688233812001,0.01016296826798199
2023-06-07,342.36419677734375,350.5105719689488,341.73602724452684,348.5574116172454,69225900,333.1764831542969,318.76075605912644,299.05678634643556,290.4329913330078,64.83534213907625,5.225044741467725,0.011010631183563978
2023-06-08,346.61407470703125,347.0753773858951,342.4329369727751,342.6586610808147,47153900,334.55106048583986,319.5247142444957,299.6110524495443,290.63217193603515,68.41505489297819,5.11497521592446,0.011065311203036306
2023-06-09,347.9391174316406,351.04063755935596,346.49632214996257,348.06671625868603,53196900,335.9398712158203,320.3880726207386,300.2547337849935,290.8392460632324,69.45896625617507,5.24467289576983,0.011063515591645487
2023-06-12,353.8182678222656,353.91642307560437,348.6261933870345,349.5978615036992,44606500,337.6800598144531,321.293544699929,300.96891632080076,291.0712757873535,73.62435847492337,5.5012626323486336,0.01124873200447413
2023-06-13,356.53704833984375,357.3712931739135,353.36681613092617,356.5664919227782,57097800,339.46981353759764,322.22810557972304,301.7371551513672,291.28972122192386,75.30192422246978,5.4620039866419985,0.011261913367602298
2023-06-14,359.12811279296875,359.4127540150757,353.74955286754476,356.5467826318429,69525600,341.37096252441404,323.2477877530185,302.5287015279134,291.5852372741699,76.81536532993691,5.60011403064952,0.011224071596998042
2023-06-15,363.4074401855469,364.8894735642349,357.2436681859802,357.86198333051135,71138800,343.29174346923827,324.3745416814631,303.3239776611328,291.9169345092773,79.09390837479161,5.490043838856361,0.011218471107158151
2023-06-16,361.1204833984375,365.949439076742,360.6788298000614,365.82184027517656,80932000,344.79636535644534,325.3597794966264,304.15482966105145,292.2537379455566,74.85970033016147,5.1984000160269614,0.011089342475492793
2023-06-20,360.6036376953125,361.999282329097,357.6453125814142,359.66995860384486,49204700,346.31244506835935,326.2827986283736,304.97647450764975,292.59649673461917,73.8968851606162,5.121710138702907,0.01106480022880405
2023-06-21,355.68939208984375,359.89594138420165,354.76552112387077,359.46348986847545,53378300,347.52735900878906,327.0227794300426,305.7880368550619,292.9140496826172,65.29741909377746,5.251982651668267,0.011782383359136067
2023-06-22,359.88604736328125,360.0432751551769,354.03814530569144,354.4411127578313,47603000,349.16214447021486,327.85298295454544,306.6629903157552,293.27322540283205,68.6523352401457,5.211207480951243,0.011261337789047105
2023-06-23,356.3184509277344,358.61829053341046,354.6279666884513,355.9940972689347,48922900,350.7024673461914,328.63759321732954,307.4564387003581,293.62490798950193,63.070189882416,5.318978991074199,0.011531636151602954
2023-06-26,351.5417785644531,358.57890804736354,351.4533266707655,355.78764942462146,52685500,351.60792388916013,329.39156882546166,308.21138763427734,293.92382095336916,56.45172239846573,5.572060369041111,0.011215069696073943
2023-06-27,357.5863037109375,358.31362497396304,352.35762297453897,353.0849142436982,49428100,352.38963928222654,330.2174349698153,309.03140716552736,294.2453935241699,61.900224646697566,5.8531545615237075,0.010448760595638373
2023-06-28,358.2840881347656,360.23008989079324,355.689379134913,355.76802304065137,46498000,353.12870635986326,331.0591996626421,309.8469523111979,294.53839736938477,62.48376271214632,5.550737849485013,0.010435502831186032
2023-06-29,357.5666198730469,358.62810268773603,355.9252956971378,357.98923340395874,46151000,353.92955627441404,331.9243241743608,310.69049072265625,294.81000427246096,61.44174187743153,5.407282591059791,0.01032161958345539
2023-06-30,363.0803527832031,364.1319675910211,360.92793323331483,361.242418880044,58712500,354.8088134765625,332.9394875266335,311.52101542154946,295.19232482910155,66.11807100580567,5.551642041672709,0.010537216432755068
2023-07-03,363.9354553222656,364.5644566744181,362.6381006665026,363.7192295463051,19432900,355.60126953125,333.8608054421165,312.3444559733073,295.567551574707,66.79074395742191,5.262288496240692,0.010472313728257038
2023-07-05,363.925537109375,365.6258589725061,362.33334310732084,362.37266505624507,34460900,356.38096008300784,334.79265081232245,313.14911295572915,295.96678436279296,66.77418456708024,5.211434126397685,0.010479390535898107
2023-07-06,361.1539611816406,361.59625066873787,358.2644125170553,360.22028225556915,49374700,357.0250183105469,335.6692854447798,313.8921277364095,296.3608442687988,62.13797363080948,5.211285801025456,0.010699625476958715
2023-07-07,359.9548645019531,364.1221213170215,359.7288307790546,360.92789528811977,47133700,357.90455169677733,336.52376209605825,314.6129005432129,296.7379154968262,60.19083416628548,4.9789633124334705,0.009835382381294982
2023-07-10,360.0728454589844,360.7510067003448,357.1734886966623,359.67971589726346,48498800,358.577490234375,337.38305996981535,315.31897659301757,297.1269172668457,60.32257664541647,4.858028221505037,0.009565319054245139
2023-07-11,361.8518371582031,362.3039346865907,358.3627408147586,360.4955145791754,38214100,359.27312622070315,338.3180675159801,316.0352221171061,297.55008575439456,62.34606103769135,4.828544230372846,0.009580093109196072
2023-07-12,366.4219970703125,367.7684815318609,363.9452239058997,365.95022361188575,61975400,359.90331268310547,339.3302800958807,316.81944173177084,298.0131645202637,67.00180172714786,4.834153359102564,0.00927361026080741
2023-07-13,372.6433410644531,373.46892209273324,369.0166633368068,369.5965346545085,46960000,360.70862731933596,340.4673855868253,317.6778012593587,298.5296401977539,72.06539097117263,4.908567300026513,0.00980221888041685
2023-07-14,372.5647277832031,376.289665406279,371.6899868150142,373.07579318427884,55148500,361.38045806884764,341.7094193892045,318.4740119934082,299.05129531860354,71.91522018745223,4.86153857977186,0.009743500375668013
2023-07-17,376.04400634765625,376.91874743367106,372.8006497232177,373.28223122359674,40868900,362.0122863769531,342.9811628861861,319.2479311625163,299.5898094177246,74.45258877983588,4.66356988504828,0.009620095432968857
2023-07-18,379.1202697753906,380.48643025096686,373.4787840563649,375.4051399126897,55262000,362.91227569580076,344.1575117631392,320.0523045857747,300.11701538085936,76.47625123072831,4.68041272684057,0.009526799649633527
2023-07-19,379.0318298339844,381.32186135242125,377.70499127103625,380.18176458690317,54093000,363.83368530273435,345.29281394264916,320.86116689046224,300.68322647094726,76.28915562386888,4.614424107233767,0.00950466742411559
2023-07-20,370.29443359375,377.50846830037983,369.27227262896486,376.04401778523453,71941700,364.5639373779297,346.27585671164775,321.55140431722003,301.22828521728513,60.53308049678792,5.118477693978146,0.0105269128209639
2023-07-21,369.1837463378906,373.40013322351746,368.7512948627566,372.67281210959555,60499600,365.02882232666013,347.2888505415483,322.208539835612,301.73714141845704,58.86865712830051,4.981584168462904,0.010325007748518805
2023-07-24,369.77349853515625,371.10030708517195,367.9159185749525,370.1567901180446,40380100,365.7015747070312,348.3498646129261,322.91950709025065,302.2069082641602,59.50535166484247,5.071443632913185,0.00998056303873713
2023-07-25,372.2797546386719,373.9407549455864,370.4614964927392,370.48117246878263,38894400,366.7384735107422,349.4764321067116,323.6158353169759,302.6899395751953,62.18433804014451,5.133925100430678,0.009351855928361193
2023-07-26,371.0413513183594,372.73183551991457,368.7415117640106,371.23793110681225,47075700,367.4112258911133,350.4605629660866,324.2503952026367,303.1776303100586,60.06963584661846,5.014582183543837,0.008812515321418966
2023-07-27,370.15673828125,378.10790044992103,368.8692218728485,376.4960604398785,63940200,368.0048583984375,351.4143338290128,324.78938547770184,303.7130059814453,58.53825268880519,5.360681329194238,0.008863983517069815
2023-07-28,376.8990783691406,377.92120924637163,373.6950139044031,374.2060793430186,56902900,368.9714813232422,352.527275501598,325.4298034667969,304.2952424621582,65.71291457558368,5.659749397868459,0.009549570329423801
2023-07-31,377.0956115722656,378.27503021734213,375.77861108178536,377.20373944509765,44019900,369.6722442626953,353.58133156516334,326.09301096598307,304.8963526916504,65.89815750657026,5.556551202420219,0.009072599385529784
2023-08-01,376.2208557128906,376.9776307570312,374.1568883270381,375.7490823123402,41060600,370.28651428222656,354.60056707208804,326.69756139119465,305.4935289001465,64.23468254689172,5.343842550389488,0.009121286527959313
2023-08-02,367.96502685546875,372.7514469360487,366.7266403892012,372.7514469360487,72687100,370.4884887695313,355.4905767267401,327.27831064860027,306.0193147277832,51.119169351797815,5.51864900048011,0.010545248480322048
2023-08-03,367.37530517578125,369.49824047744244,365.3899517024692,365.55704748745563,47666400,370.79955596923827,356.33845547762786,327.8761131286621,306.58164894104004,50.3286686776418,5.483549727887854,0.010382998920597977
2023-08-04,365.6553649902344,371.6113658724889,365.1541075912585,369.30168863408903,61702800,371.08458099365237,357.14845969460225,328.47575225830076,307.09329597473146,47.99742675631665,5.633781058656601,0.010416573436686458
2023-08-07,368.75128173828125,368.8495716143789,365.13444225121697,367.46376534482164,37230400,371.5185028076172,357.94408624822444,329.0619918823242,307.6100107574463,52.28206496795709,5.39860128498231,0.010553687143041663
2023-08-08,365.6160583496094,366.2647356007834,362.490637952567,366.24508962124304,44726500,371.7067138671875,358.572959206321,329.6037297566732,308.11588890075683,47.971478819394896,5.58744226386297,0.010732468175796468
2023-08-09,361.59625244140625,366.05834931171427,360.83947730891896,365.9010914931724,51150900,371.4654266357422,359.1423084605824,330.092778523763,308.6084139251709,43.06845334498033,5.263107606561241,0.010635197328342628
2023-08-10,362.2645263671875,367.93549508025467,360.7411383228196,364.6036873595908,72035300,370.9464859008789,359.7036432439631,330.6347615559896,309.07343544006346,44.09149435420478,5.444930349180827,0.009825623133690457
2023-08-11,359.9548645019531,361.6846703494856,358.4314763934052,359.70915480742224,48707200,370.3159927368164,360.29936190518464,331.1749738057454,309.5120972442627,41.32737702594824,5.4912633108638875,0.009884026097675644
2023-08-14,363.9944152832031,364.1123511595301,358.4413811511349,359.15883439674536,42130800,369.71351318359376,360.99904230291196,331.80707524617515,309.9428014373779,47.52370212476263,5.598671425004247,0.010002743885292294
2023-08-15,360.1318359375,363.8174817408834,359.4634827031511,363.02135465299926,45539900,368.7640914916992,361.484482088956,332.4051923116048,310.38489051818846,42.862429535532065,5.637286341014824,0.009919974575636883
2023-08-16,356.3184509277344,361.12451792586296,356.2201610313143,359.5912915220789,53190500,367.62842254638673,361.7456903631037,332.9505434672038,310.8326470184326,38.814726091899594,5.327691935120263,0.01006361191711583
2023-08-17,352.42633056640625,358.058007797812,352.01355505893343,357.71400821234437,62604300,366.73501739501955,361.9079373446378,333.5040473937988,311.2201261138916,35.16467608987706,5.204833490388617,0.009114717102353946
2023-08-18,351.9840393066406,353.24207168176065,348.62271765147574,349.1632969494942,61191400,365.87503204345705,362.0976540305398,334.0367975870768,311.6213780975342,34.764596624439264,5.356471697154912,0.00911733015152249
2023-08-21,357.6550598144531,358.33322103619656,352.9865751686361,353.44851063860824,50696500,365.26911010742185,362.3187422318892,334.61990915934246,312.06486763000487,43.6216549939666,5.600075874606939,0.009983939069010062
2023-08-22,357.14398193359375,360.269402241501,356.4559827490985,360.2595642550805,44530200,364.51232147216797,362.4834267356179,335.21803487141926,312.55189735412597,43.05432790663612,5.194304743800728,0.009787453933844921
2023-08-23,362.7756042480469,363.86657088030654,358.1071200873245,358.32334581662815,51770600,364.09903411865236,362.7460427024148,335.8434102376302,313.09245498657225,50.66795526477475,5.381040470353554,0.01055531051793965
2023-08-24,355.0210266113281,366.3433186005974,354.814638865053,366.24505871732504,66842500,363.3422485351563,362.8687377929688,336.3545934041341,313.5737582397461,42.284526535081824,5.743284859947413,0.011492160563009703
2023-08-25,357.7730407714844,359.46352504551834,352.42639423006847,355.85652272428956,69960500,362.3859466552734,363.1488985928622,336.88593368530275,314.0545967102051,45.71716465703772,5.9805706779679815,0.01073566766656084
2023-08-28,360.46600341796875,361.39968237368765,357.9990681887623,360.69203716817907,40910000,361.5544662475586,363.400751842152,337.4697675069173,314.539367980957,48.91872600073298,5.792427664860055,0.010953092719951487
2023-08-29,368.3384704589844,368.69230800859503,359.9450490630402,360.2693726558129,58492400,361.1603469848633,363.7716491699219,338.10711873372395,315.0939064025879,56.918152116768034,6.0444553036285935,0.012199915435358005
2023-08-30,370.3926696777344,370.97257104872966,367.44415284860855,368.4466677665844,41731500,361.28172912597654,364.0730019309304,338.8037274678548,315.56373855590823,58.7341057846604,5.782602549534739,0.01122487595083837
2023-08-31,371.50323486328125,373.20355681458847,370.4024601871893,370.47126610291014,35730700,361.4881256103516,364.3451144131747,339.54315592447915,316.01365615844725,59.722564267300676,5.709590918325582,0.011229064566210745
2023-09-01,371.11016845703125,374.29455716790716,369.6260719928034,373.87194360321496,39801200,361.76086578369143,364.56296997070314,340.2618314107259,316.47392654418945,59.18222686424093,5.637984858804766,0.011168109694433707
2023-09-05,371.5818786621094,372.800589196893,369.380299316676,370.30417020396686,32344200,361.9023956298828,364.71159612482245,340.9298858642578,316.9172473144531,59.65398699608937,5.55865323738798,0.011023082404968194
2023-09-06,368.30902099609375,371.149439669224,366.3040513379726,370.805440073003,42998700,362.037043762207,364.84229680841617,341.55792770385744,317.36351196289064,54.91184559871244,5.585329696644274,0.011036335837989571
2023-09-07,365.675048828125,366.4514999788388,362.8149839509158,363.8567908141635,52060700,362.240983581543,364.9345042835582,342.09966735839845,317.79968627929685,51.37241231879476,5.546014289951371,0.010859080304674062
2023-09-08,366.18603515625,368.4170982348742,365.2228724118321,365.62583988415565,35800100,362.4370590209961,365.12535233931106,342.6575073242187,318.23836654663086,52.01854819566507,5.444219418005454,0.010856858126440832
2023-09-11,370.5007629394531,371.0118283442909,367.24756874146516,369.21324644388017,39936600,362.96435394287107,365.31834716796874,343.2424524943034,318.7129429626465,57.1910910126887,5.33540595075438,0.011001602855737423
2023-09-12,366.39251708984375,370.4811304591035,366.10748541432696,368.8299383335772,41391000,363.0842590332031,365.5015120072798,343.7574203491211,319.14713195800783,51.498464427914925,5.376824381663214,0.01109487291602589
2023-09-13,367.7881164550781,369.39014857434654,365.49811513938084,366.62837381440505,46300700,363.46707305908205,365.79689996892756,344.3185345967611,319.57426971435547,53.20256562120668,5.174641845109851,0.010807346476584614
2023-09-14,370.795654296875,371.7784932851186,367.4736837114587,369.5376215916778,48039400,364.19093322753906,366.03706997958096,344.8750208536784,320.0257330322266,56.73077258840245,4.6586511192609565,0.010549964341898643
2023-09-15,364.4464416503906,369.8618928673542,363.5127328219973,369.45892537267173,69811200,364.7919387817383,366.14911277077414,345.36927286783856,320.46602951049806,48.42965052610357,4.676207594934373,0.011031230184536132
2023-09-18,364.8264465332031,365.93866706384733,363.2220951509311,363.5075394553146,36903500,365.4340591430664,366.28110961914064,345.8841133117676,320.9186865234375,48.9114822517018,4.611202617128153,0.011010384570597026
2023-09-19,364.04888916015625,364.84613877575447,361.0271983746107,363.5075572118362,37621700,365.7537506103516,366.29871937144884,346.40588760375977,321.30493621826173,47.92478606287287,4.259179863955934,0.010511142033350558
2023-09-20,358.8027038574219,365.46614355197374,358.7239461147386,365.11182382173274,45514200,365.836686706543,366.2053966175426,346.8381401062012,321.6631948852539,41.79810731000519,4.488735523749791,0.01105196699172715
2023-09-21,352.2278747558594,355.9090339100719,352.0605670890625,355.1216065339352,69734800,365.3093002319336,365.9927118474787,347.19139251708987,321.9942988586426,35.64748152558761,4.769539068857313,0.011167513906413844
2023-09-22,352.277099609375,356.10586190471264,351.9621286645115,353.9700308914129,51589700,365.17210388183594,365.8313143643466,347.5021146138509,322.3496499633789,35.723741722465135,4.732056787792841,0.010131737414781718
2023-09-25,353.9503173828125,354.0389273640815,350.3282417213544,351.31250337092115,39168000,364.98096771240233,365.7221407803622,347.8331601460775,322.74250061035156,38.39609185449307,4.752799342257845,0.010027264587802785
2023-09-26,348.63531494140625,351.9129230972597,347.65105327925147,351.37156116070526,53657700,364.3894332885742,365.5141856800426,348.12874704996744,323.11439773559573,33.61514955692272,4.825759112216722,0.010340877177911488
2023-09-27,349.4522705078125,351.3617405439319,345.8301647465173,349.7869158699708,56066000,363.44512329101565,365.2887390136719,348.45690663655597,323.4741506958008,34.95579743475412,4.828440451662195,0.008820517104272877
2023-09-28,352.3754577636719,354.5014661389832,347.6805113375475,348.5368140087264,56453300,362.5442626953125,365.03334738991475,348.79200490315753,323.8573672485352,39.65204703229198,5.0874925215474525,0.008977049978063218
2023-09-29,352.63140869140625,357.23777601769604,351.40108163532835,355.84996349396636,64829600,361.6006713867188,364.6694940740412,349.1307080586751,324.22455932617186,40.06012501609446,5.159699749713651,0.008918637589804157
2023-10-02,355.5743713378906,356.9720060523361,352.2869410494211,352.8971784631042,51625100,360.8238815307617,364.3605785023082,349.51062138875324,324.5914598083496,44.69125677279974,5.180541712412853,0.009244223667693903
2023-10-03,349.33416748046875,355.32831748657793,347.7199639129251,353.1334031343056,60478500,359.7114959716797,363.87494506835935,349.8613530476888,324.937619934082,37.9889106044819,5.46356842598427,0.009823324078222985
2023-10-04,354.08807373046875,354.9345242004373,349.708098051623,350.1707021569454,54786700,359.0004486083984,363.419814231179,350.20156224568683,325.3545735168457,44.782754225212855,5.556107507863459,0.010392467324896645
2023-10-05,353.0448303222656,354.48184398872326,349.55071331458714,354.0782930886823,45897400,358.36893768310546,362.9473233309659,350.53798548380536,325.7792158508301,43.652502824313,5.388122450667631,0.010323263127933193
2023-10-06,358.9602355957031,360.15118378118626,349.2652523404519,350.05264964515703,75049100,358.0076477050781,362.7412470037287,350.9214953104655,326.25227508544924,51.176921494003786,5.971648131226069,0.011107600600523421
2023-10-09,360.791015625,361.3323476190205,355.1019834234968,356.5980505984041,45304800,357.5221603393555,362.58865189985795,351.3200983683268,326.7355174255371,53.257327995308195,6.143892687967492,0.010801106036000699
2023-10-10,362.7889709472656,365.436636991541,360.62361350091794,361.12556647967915,46968800,357.34198303222655,362.46166048916905,351.7365776062012,327.2095907592773,55.4865268581493,6.006094548923771,0.010644450447089806
2023-10-11,365.3775939941406,365.5646061019628,362.39528253424044,364.11774034197475,38215100,357.22145690917966,362.3361666592685,352.1945040384928,327.72938751220704,58.26378388902784,5.750893606021127,0.010739893214115503
2023-10-12,364.1079406738281,367.85797552501066,361.71619183878124,365.8796298398991,49587900,356.88707122802737,362.2101046475497,352.63915100097654,328.2398959350586,56.40494066330836,5.893611495023147,0.010572054953757752
2023-10-13,359.53106689453125,365.3185297611744,358.13340224170594,364.7378190364302,52469900,356.64130249023435,362.01691062233664,353.0510553995768,328.7460417175293,50.18881882640775,6.141785914790388,0.010247369735502682
2023-10-16,363.5960388183594,364.64920581637176,360.70230764915857,360.8499408644695,44201100,356.5797821044922,361.7750371759588,353.54558181762695,329.2895637512207,54.93866676705318,6.05741983038178,0.010586850979494172
2023-10-17,362.4051208496094,364.0980519457113,357.93656492665207,360.0527212874597,50999100,356.49759368896486,361.5079373446378,354.0148068745931,329.7960661315918,53.334067628933916,6.102413489070683,0.010601397147472156
2023-10-18,357.6511535644531,362.11970989850084,356.3223943198003,359.91497339834217,54280500,356.4400161743164,361.17030639648436,354.3750574747721,330.2795823669434,47.38451996541508,6.049682898240211,0.010513590208198111
2023-10-19,354.30462646484375,360.2593967452439,353.50737702332975,359.06844869661955,72274200,356.5438537597656,360.9219354802912,354.68934427897136,330.7551856994629,43.68979520831653,6.115063279636388,0.009867181312789278
2023-10-20,349.0191955566406,354.37358146539754,348.79280455823215,353.80269287368304,72559700,356.3809585571289,360.5881880326705,354.9626118977865,331.1981883239746,38.57402217422317,6.179042701368559,0.010441052098090783
2023-10-23,350.0723571777344,353.6058529260909,345.59394861069154,347.70028297707074,60665200,356.187060546875,360.3048606178977,355.26763916015625,331.66684005737307,40.079606969945345,6.19029247925669,0.01040309120185422
2023-10-24,353.4778137207031,354.24553643799777,350.19038413447856,351.88331500303536,47082100,356.42918548583987,360.0271611993963,355.61813990275067,332.1171421813965,44.791786589132336,6.088351232134893,0.010051174435477792
2023-10-25,344.826171875,351.2632505247359,344.24546119183015,351.08609066287613,71190500,356.19788055419923,359.6491632634943,355.9057034810384,332.51566009521486,36.860911244616176,6.395581364616098,0.011509015237481804
2023-10-26,338.2513732910156,344.56049427805004,336.96199289038606,343.62543366509755,78621400,355.4916763305664,359.2247109153054,356.0835136413574,332.87008346557616,32.195532045617085,6.179741903464641,0.012007808924651971
2023-10-27,339.87542724609375,343.3498700707274,338.66477446322807,340.97779561555586,63476700,354.85387725830077,358.81763638583095,356.26831436157227,333.20949966430663,34.40404831363978,6.098894230906645,0.012090338018488004
2023-10-30,343.7041320800781,345.0230389019717,340.99741292148934,342.3556685770316,55298500,354.26036529541017,358.52216852361505,356.501788075765,333.5607096862793,39.41418272606221,6.12279338556771,0.01223565058543239
2023-10-31,345.347900390625,345.72192464531696,341.16478813513004,343.73372681024495,47671900,354.061051940918,358.18314098011365,356.7203328450521,333.9107305908203,41.48072676292161,6.221922881458036,0.011713755921313825
2023-11-01,351.3420104980469,351.9030468160759,346.0860571858595,346.18448935280355,58992700,353.9237487792969,358.0233259721236,356.9801587422689,334.28792877197264,48.39342398671296,6.251448791402429,0.011978494415559955
2023-11-02,357.72003173828125,357.95624490601404,354.62943595313834,355.8499407400772,58162400,354.15750885009766,358.04880925958804,357.3027048746745,334.71495071411135,54.5461205264169,6.21067071200948,0.012645661591781626
2023-11-03,361.9228820800781,363.21226257813845,358.78308467379173,359.00947569121433,53280500,354.3056411743164,358.2214738325639,357.6458791097005,335.1763641357422,58.09181981561561,6.237391563296386,0.012358112542508761
2023-11-06,363.3992614746094,363.960297864334,361.1354715320039,362.6905918342425,38848700,354.43605346679686,358.429023326527,357.99833017985026,335.6082632446289,59.29308225220541,5.999058657101448,0.012340135418776965
2023-11-07,366.8342590332031,367.7003838887603,363.2416806658004,364.4424808513599,50777400,354.63831787109376,358.595917857777,358.34701716105144,336.0265660095215,62.02079190343662,5.883056992326508,0.012455873284727421
2023-11-08,367.0705261230469,367.90715449646547,364.7870319858255,367.20830712864307,35663400,354.72296447753905,358.77640047940343,358.6473711649577,336.44894134521485,62.208372107127474,5.623635762949781,0.01236161674597577
2023-11-09,364.2456970214844,368.9012351592412,363.7535662221592,367.7595181376134,53859400,354.7298522949219,358.80312943892045,358.93040161132814,336.86032806396486,58.48884463507715,5.592699479372397,0.012465118551172607
2023-11-10,372.43475341796875,372.5823866474113,365.43663796959595,365.96814763286875,58309800,355.3750366210937,359.1197426535866,359.2724319458008,337.2851721191406,65.01867065366847,5.615898430124365,0.013041832598816992
2023-11-13,371.2733459472656,372.32651317096065,369.33434920460445,370.85997285581357,40733500,355.75890197753904,359.36520274769174,359.6397903442383,337.68990142822264,63.49321514750454,5.539271641060144,0.012889061323558318
2023-11-14,379.2655334472656,380.1809196223346,377.14937687893797,377.67103435891903,67792600,356.6019226074219,359.70701238458804,360.08773651123045,338.16394195556643,68.90051431204368,5.516073151502716,0.013616093054079093
2023-11-15,379.5509948730469,381.6474771161688,378.19270891061393,381.15534626237616,54141400,357.69691467285156,359.91087646484374,360.47205607096356,338.61809509277344,69.07669534853018,5.20111523871278,0.013130599459659574
2023-11-16,379.8757629394531,380.11197610306954,377.52336338174916,378.78321698316876,45343500,358.97547149658203,360.08329634232956,360.78808746337893,339.0430030822754,69.28985177889854,5.021837805970539,0.012817228572835298
2023-11-17,379.9643859863281,380.978174311578,378.2419280525446,379.14743197399827,46571900,360.5227310180664,360.2371354536577,361.0919344584147,339.41543548583985,69.35193491424553,4.849597420481643,0.01209446929195677
2023-11-20,384.59033203125,385.24980045802454,379.97414315566067,379.97414315566067,44429600,362.2486297607422,360.4822293368253,361.45060704549155,339.83814254760745,72.47937236629869,4.9016172748751785,0.012215051551211838
2023-11-21,382.3561096191406,383.1041580561983,380.6139773793034,382.8876193000648,43337000,363.6925445556641,360.6781244451349,361.7577812194824,340.2623695373535,68.8263619559518,4.717417862482015,0.012377077390627324
2023-11-22,383.92108154296875,386.8837186036944,382.9171455132762,384.4230645764553,44121000,365.6472900390625,360.9619800914418,362.05640411376953,340.66360092163086,69.9681447087133,4.568373189381057,0.01040893431450295
2023-11-24,383.3797607421875,384.1081047433518,382.38564687454755,383.5175417523055,15718800,367.9037094116211,361.2838839444247,362.3484710693359,341.0891241455078,69.02637673863661,4.299103691448705,0.008853991382054482
2023-11-27,383.04510498046875,384.9939237494987,382.16909772738626,382.8876195179838,34139700,370.0621932983398,361.59041248668325,362.63824030558266,341.52615463256836,68.41330345136123,4.299103669290304,0.008994951173036865
2023-11-28,384.0490417480469,384.629752496103,381.9427074752137,382.29705727580426,35491100,372.0794387817383,361.8367448286577,362.98561401367186,341.9779064941406,69.29436872283902,4.172556654856687,0.008937900527721782
2023-11-29,383.67498779296875,387.93685707414187,383.3304902471519,386.50966582887696,38811700,373.9957931518555,362.1509715687145,363.29445495605466,342.4042687988281,68.52739467233542,4.278716963167402,0.009057581779109054
2023-11-30,382.71038818359375,384.40331917550225,379.747781475712,383.9407150661645,52834400,375.5642120361328,362.42228560014206,363.5842155456543,342.8147831726074,66.48379399996466,4.243564731932277,0.008751817901193953
2023-12-01,383.802978515625,384.3935414950963,379.99389085209225,381.6474431647872,40490100,376.868359375,362.65878240411934,363.83408813476564,343.21924606323245,67.66021795602487,3.9623476617235025,0.00812536801323917
2023-12-04,380.2399597167969,380.51555177142023,376.6375585502535,380.0135687287101,51186900,377.7842132568359,362.945937278054,364.03161239624023,343.6343130493164,60.235088875995636,4.252705929724016,0.00836668687737981
2023-12-05,381.1946716308594,382.38561971941857,378.1631291761713,378.3403190869991,42933000,378.6739837646484,363.2435413707386,364.215500386556,344.06463943481447,61.455679204789654,3.918057134593892,0.008358496949215971
2023-12-06,378.9898986816406,384.2261773485947,378.64543116817373,384.1277451859132,41994100,379.2817657470703,363.5151960893111,364.34535420735676,344.5188777160645,57.096957993711435,4.069912704227188,0.008378713502164684
2023-12-07,384.2851867675781,385.11196277261325,380.8697983696664,381.9623441873283,49593500,380.1424987792969,363.9785139604048,364.5383934020996,344.99851470947266,63.74734981713465,4.322302087773778,0.008812109237091678
2023-12-08,385.99786376953125,386.440763442931,382.36593626126034,382.5529483580109,46687500,381.23010711669923,364.5925137606534,364.7500119527181,345.474122467041,65.60443632539301,4.417915010819294,0.00849774069309059
2023-12-11,389.295166015625,389.56093589114397,385.36797155305123,385.5746580939018,41198000,382.07312774658203,365.2655695134943,365.03006006876626,345.99056900024414,68.90680599525218,4.339882858419031,0.007297243527601941
2023-12-12,392.3955993652344,392.5137059555065,388.20263518688597,389.3345300600356,39221200,383.12924041748045,365.96457464044744,365.3009730021159,346.5122769165039,71.66193403890284,4.363791152467168,0.007289602906911828
2023-12-13,397.3857421875,397.9959795327111,392.5628666775999,393.3305894727491,55408100,384.0352508544922,366.8509460449219,365.6432004292806,347.0607972717285,75.43480480578124,4.4404176655330945,0.006296778061714692
2023-12-14,397.0413513183594,399.90552650279415,394.03933503736476,398.6063238552664,55447800,384.90976867675784,367.7162020596591,366.02236353556316,347.6191595458984,74.69567533846248,4.736398636720602,0.006328795483043552
2023-12-15,398.96063232421875,400.1417583745453,397.21849993540604,397.81888515217855,62896600,385.86401214599607,368.5632052334872,366.3671496073405,348.17530990600585,76.10107160132686,4.756082996297279,0.00634436827351872
2023-12-18,401.4734802246094,402.3709508674687,399.0276552700058,399.35309710444824,46610000,386.93946685791013,369.4512428977273,366.7270612080892,348.71428207397463,77.83667791468677,4.807745390751612,0.006376552600646781
2023-12-19,403.5248718261719,403.6432143177387,401.739802351394,401.92718799546697,35711900,387.8861938476563,370.3230701793324,367.1100466410319,349.26184539794923,79.16681245478001,4.633700195475849,0.006013872225670118
2023-12-20,397.5285949707031,404.8168311468239,397.3510812317631,402.7260335176809,54042400,388.6448181152344,371.1993324973366,367.39711532592776,349.79745864868164,66.58715148533238,4.834429639423746,0.006935767650869483
2023-12-21,402.15399169921875,402.5189211694134,398.8994528678763,401.4537785755834,45568900,389.55646362304685,372.07325827858665,367.715603129069,350.3489469909668,70.48337981915694,4.876620750545617,0.007254956837166842
2023-12-22,402.7556457519531,404.3237440774188,400.8818192679094,403.3671020691094,34314000,390.52525787353517,372.9770912863992,368.03918736775717,350.9287271118164,70.9577782852018,4.61065681084118,0.007204665933744855
2023-12-26,405.22119140625,405.8918189348546,403.5150068640605,403.61363564115584,22722500,391.6340621948242,373.81819957386364,368.40641428629556,351.54097396850585,72.88129713885793,4.5330627136736235,0.007202449250086481
2023-12-27,406.0461120605469,406.33227692599,404.64491903161536,405.5034136279449,31980500,392.7339157104492,374.6410195090554,368.79050801595054,352.1468589782715,73.51338419237831,4.2549635503846,0.007204585700915664
2023-12-28,405.8487243652344,407.4472786001535,405.493510166212,407.20059203535254,27029200,393.8426025390625,375.4239241166548,369.1719736735026,352.7190258789062,73.07448344666447,3.957228146310947,0.007191902653938209
2023-12-29,404.0923156738281,406.18424303030133,402.1780255292888,405.8289987195395,42662100,394.91169891357424,376.1278281471946,369.5239776611328,353.2747674560547,69.11996507603752,3.9523274548353697,0.00727390184657682
2024-01-02,397.2542419433594,400.70785445099557,394.93538180846707,400.4611678433073,58026900,395.5842620849609,376.730488170277,369.7809130350749,353.7577072143555,56.33741160660141,4.306896706783107,0.008499505881783885
2024-01-03,393.0506896972656,395.6853158982774,392.61654897490575,394.6294899977862,47002800,396.22479858398435,377.3399358575994,369.95097427368165,354.2267344665527,50.19244138893859,4.330226863914041,0.00859270387204287
2024-01-04,391.02783203125,394.29395995431605,390.8107466354673,391.1857150566472,39432800,396.7164566040039,377.8386957341974,370.1048334757487,354.6803369140625,47.50700948034595,4.179000660440615,0.008723955738769835
2024-01-05,391.4916076660156,394.2643624530388,390.1002917227411,391.19559581132245,44922800,397.34154205322267,378.3675409490412,370.233563486735,355.114813079834,48.19140152793354,4.0574206079312125,0.008563379473292594
2024-01-08,399.5828857421875,399.86902045875746,392.56710460125134,392.7151105086331,42473800,398.10642700195314,379.1299360795455,370.4040852864583,355.6104554748535,58.38537514303186,4.434349589113777,0.00917886421023511
2024-01-09,400.3722839355469,401.2998278033739,396.385820723595,396.5831820153857,39132900,398.8251480102539,379.96752985174004,370.58192240397136,356.09223037719727,59.228253041179684,4.54175591315156,0.009160571521793538
2024-01-10,403.08587646484375,404.09234688237234,399.8000244303325,400.68809010616457,33962800,399.51468353271486,380.95056041370736,370.85518442789714,356.5819787597656,62.07212709650023,4.693369367359456,0.009101227360570478
2024-01-11,403.924560546875,405.75004702844257,398.8822718365916,404.35873128129447,54536200,400.09113159179685,381.9296913840554,371.144691212972,357.0863735961914,62.9326860048153,4.6506568871301806,0.008985211543543117
2024-01-12,404.1318359375,405.79943969142045,402.7405199592706,404.96069926457324,39595000,400.4284362792969,382.850673606179,371.43101069132484,357.59985290527345,63.1551872759604,4.5126992823758645,0.008588054945668841
2024-01-16,404.0923156738281,405.67111570510156,401.43796583773303,402.8983611364545,43903000,400.78098449707034,383.9282398570668,371.69611536661785,358.0856524658203,63.077442318693855,4.5692153579372325,0.008581557112404537
2024-01-17,401.8129577636719,402.1879261807825,397.57983776151127,400.78676327938865,54386000,400.923600769043,385.0839050292969,371.95254542032876,358.54552932739256,58.59704727060416,4.810379981466903,0.008649195448096399
2024-01-18,407.516357421875,408.0985341433326,403.73713222559695,405.0790927808669,59562500,401.2257446289062,386.313740123402,372.263875579834,359.0081588745117,65.24856740788438,5.138824158987335,0.009101366455161243
2024-01-19,415.5977783203125,415.75566133387474,409.1346024284831,409.71677910237185,70325100,401.82938995361326,387.6208973277699,372.58636474609375,359.51502349853513,72.09051853575335,5.587790978848639,0.01001846893780681
2024-01-22,416.1405029296875,419.10074165177724,415.53857206404774,417.79822938691245,44880600,402.7599853515625,388.90803555575286,372.9117388407389,360.02990158081053,72.4823462302293,5.556073270756992,0.00924981641904208
2024-01-23,417.8673095703125,418.08439494816366,414.9958743913693,416.831207947934,33003800,403.5456512451172,390.11758644797584,373.25879262288413,360.56887252807616,73.745332869385,5.122615177287945,0.009001624207670093
2024-01-24,420.1861877441406,424.1529273697124,419.69281456588413,421.77486503694314,46948000,404.41717834472655,391.2533347389915,373.69396896362304,361.10898513793944,75.37952349326538,5.240324093784109,0.009036270294866842
2024-01-25,420.69927978515625,423.3536296702719,418.36069593474804,422.68261931824196,44367200,405.1910827636719,392.32199651544744,374.13833541870116,361.65254638671877,75.73935612838434,5.34816126640376,0.008989491444543217
2024-01-26,418.19293212890625,420.5611171421055,417.54167598048286,418.81458709390614,37137000,405.79842376708984,393.3182450727983,374.5761484781901,362.1935871887207,70.33196754774308,5.276270771716306,0.009159879638472077
2024-01-29,422.4754333496094,422.6727946600037,417.995596599009,418.6468527875806,38694700,406.62975921630857,394.329902787642,375.0238497416178,362.76973251342775,73.77697122009943,5.011969719448656,0.009348655919893454
2024-01-30,419.66314697265625,422.0116077476365,418.75535733165304,421.43930820118703,36739000,407.40830078125,395.28613225763496,375.4742421468099,363.3017333984375,68.17819422907019,4.9266889293184715,0.009446285442416278
2024-01-31,411.4435729980469,417.2653696796535,411.265965905402,415.2721531538391,64010600,408.1177673339844,396.14427545720883,375.8896364847819,363.7955810546875,55.032927283150876,5.219893116119498,0.009740383343089123
2024-02-01,416.2885437011719,416.7819168628328,412.2724789381055,413.2395011756799,51008600,409.2796600341797,396.94161709872157,376.3398366292318,364.31232849121096,59.936366339479804,5.110648021329139,0.009525000376767352
2024-02-02,423.32403564453125,424.5377143092311,417.18647251424335,418.1830657905494,59602400,410.89447021484375,397.8879932750355,376.86791305541993,364.8641554260254,65.77300646243314,5.481380226751237,0.009813812752807589
2024-02-05,422.771484375,423.9160836378695,419.3671974329479,423.3832622919812,39889200,412.45846405029295,398.6790105646307,377.35772196451825,365.41395553588865,64.9724269641413,5.5039328222907455,0.009867361642580811
2024-02-06,421.9228820800781,424.51802988415363,419.584297971648,423.9160989320108,35846100,413.5754638671875,399.44940851384945,377.8726473490397,365.97143783569334,63.690255619387344,5.391165250875657,0.009112800173673071
2024-02-07,426.2645263671875,427.09338964924376,423.4029681072797,424.7054804561285,37712700,414.87007598876954,400.2928405761719,378.45553131103514,366.5490089416504,67.25106613107681,5.3115174786974375,0.009263391073202508
2024-02-08,427.0539245605469,427.8137083440557,425.7020869952788,426.38291421422974,29889900,416.0684783935547,401.149014004794,379.077427927653,367.13376586914063,67.86807163032248,4.873825867038663,0.009228087448294332
2024-02-09,431.2574768066406,432.04689194825363,427.3993251082334,428.1887101367379,36943900,417.435124206543,401.9975075461648,379.73803990681967,367.76878890991213,71.00119160862847,4.976025709894182,0.009352768620556088
2024-02-12,429.5701904296875,433.3198449595482,428.8893329788555,431.14899075209667,33203300,418.70704193115233,402.85594537908383,380.3373326619466,368.3861492919922,68.12953380480744,5.071882240172633,0.009474255472688957
2024-02-13,422.8700866699219,425.5540376317795,419.6927625909073,421.6169297930613,64491700,419.645930480957,403.56410910866475,380.885050201416,368.92839431762695,58.08344864930039,5.328440100128367,0.010343572469895151
2024-02-14,427.4782409667969,427.90253465627023,423.1957655614689,425.5442266157376,45092700,420.92919464111327,404.36589965820315,381.42423884073895,369.48283447265624,62.21069600915541,5.3312625466158305,0.010334345437218206
2024-02-15,428.7511291503906,429.2149010993665,425.6132531423956,428.1689524677369,38796100,421.9909332275391,405.19691827947446,382.0386563618978,370.0454547119141,63.28605611276473,5.362979986065653,0.010002556493672116
2024-02-16,424.8633728027344,429.2247747002088,424.15291424350715,429.12612415809764,53716500,422.45421295166017,405.9389970259233,382.5977424621582,370.60242614746096,57.86944322905159,5.391170157187576,0.0094532037831986
2024-02-20,421.65643310546875,424.37983239693597,417.8870550394781,422.87011177333653,53999500,422.7300094604492,406.62956875887784,383.10766270955406,371.1536196899414,53.780412859112595,5.623758853280427,0.009650565002224862
2024-02-21,419.96905517578125,420.05788883742673,416.0418243903044,418.92310656439344,49779000,422.83509674072263,407.3069990678267,383.537917582194,371.70187225341795,51.7100235249415,5.4250036852740084,0.009669450545906202
2024-02-22,432.26397705078125,433.30004866411934,427.9617473429976,428.73140828484816,53887800,423.43898620605466,408.1881081321023,384.0535118103027,372.2786213684082,62.91328256250429,5.995907229813448,0.011608937579920438
2024-02-23,430.99102783203125,434.7505286525933,430.0141586762791,433.82298476432334,39853900,423.9535736083984,409.1108548251065,384.5492434183756,372.8450798034668,61.3268983715505,5.744992898974516,0.011651156657745748
2024-02-26,430.7640686035156,432.7869165083509,430.576584404699,431.80017024641353,33043200,424.5821304321289,410.01211658824576,385.0463592529297,373.42046371459963,61.03140966978399,5.577953320312389,0.011536482343073357
2024-02-27,431.8002014160156,432.185016827134,429.2642561126333,431.86928088648324,33713200,425.0483688354492,410.97230391068894,385.54817860921224,373.98385208129883,61.93316539550207,5.43416966331204,0.011357297654107262
2024-02-28,429.5010681152344,430.88253708025496,428.5439229619259,429.6589511430398,32938800,425.54026489257814,411.79441084428265,386.05811233520507,374.53054290771485,58.68785771528964,5.2974390122351895,0.011312903716533498
2024-02-29,433.181640625,434.25719051548447,429.25437937497003,432.4218567885407,42495200,426.6271682739258,412.65229769620026,386.6206672668457,375.1013786315918,62.11068701177503,5.503952568787871,0.010293455297786693
2024-03-01,439.7040100097656,440.66115513774344,434.01049462540504,434.0696969951267,43853000,427.79794158935545,413.5688221324574,387.2333170572917,375.69618881225585,67.28372914137798,5.681563077719062,0.010471549594303567
2024-03-04,438.13507080078125,440.12831755147187,437.8883842316844,439.7039937666643,34325700,428.53849334716796,414.40044888583094,387.7969362894694,376.2813385009766,64.98530663204323,5.5250931733686865,0.010010129485635838
2024-03-05,430.2707214355469,435.1058025012789,427.9025362866196,435.0959254018696,57917100,428.9134552001953,414.9983575994318,388.32925465901695,376.807733001709,54.86769719274242,5.550457935895935,0.010928823173476236
2024-03-06,432.9743957519531,436.13196568615194,431.0995838983498,434.48411631091494,46234500,429.4660308837891,415.6516856800426,388.87247365315756,377.3174647521973,57.32742927479033,5.609657669057128,0.010968478193562583
2024-03-07,439.546142578125,440.7992995133113,435.0169506522898,436.55630255352224,44526700,430.13011169433594,416.38960404829544,389.44539438883464,377.86378524780275,62.65515764705843,5.911318797941935,0.011229506701403323
2024-03-08,433.2013244628906,442.69384860902386,432.5303442452579,439.9013398799173,72096000,430.43748168945314,416.9664739435369,390.01835174560546,378.3728363037109,55.456247054840574,6.275007648446531,0.011786614520928065
2024-03-11,431.5929870605469,432.8461440453612,429.6688196926347,431.71139180076773,45860000,430.4542572021484,417.47680331143465,390.5747395833333,378.89484954833983,53.76973098127814,6.029021006089364,0.011626721549901365
2024-03-12,437.7798767089844,438.13509093051266,430.67529114733907,433.9019708917608,55300900,430.86474151611327,418.20864479758524,391.18916447957355,379.45618896484376,58.94238698299463,6.160820368090023,0.012004862966654088
2024-03-13,434.4150390625,436.8029782510088,433.30001097548626,436.78322405350747,37928700,431.4419891357422,418.7952092950994,391.8192672729492,379.9611009216309,55.317251844981264,5.528596957030024,0.01155041587147258
2024-03-14,433.31982421875,436.1715056274267,430.60627164587515,435.6485312451789,52195200,431.7340682983398,419.3509216308594,392.4950335184733,380.4179400634766,54.14986774988297,5.587801528832695,0.011358490042368696
2024-03-15,428.1689758300781,433.0533520394362,427.0045922881317,430.2904743925129,73069800,431.70496063232423,419.768154074929,393.1274658203125,380.8412712097168,48.92094590653022,5.881008659330299,0.01168595413453685
2024-03-18,432.2525939941406,435.77005339953286,432.015441232783,433.4876578345993,47323800,432.07442169189454,420.2446355646307,393.77998479207355,381.29478607177737,52.81142144464315,6.215317006112729,0.011666934551224464
2024-03-19,433.32958984375,433.73469442402046,428.15218143620706,430.2468751531262,43004100,432.65807952880857,420.74428766424006,394.48577041625975,381.73395797729495,53.81062847712589,6.381476615664419,0.011497856591999875
2024-03-20,438.4674072265625,438.80334096798737,432.8256441272629,434.5250931534227,43653500,433.58299713134767,421.36928932883524,395.22756322224933,382.18586334228513,58.3423448845503,6.451111308536566,0.01164945683691005
2024-03-21,440.5423278808594,443.97086631640985,440.34473575766197,443.51637126483735,39345700,433.9969146728516,422.15634543678976,395.96228713989257,382.64691635131834,60.04715455303459,6.309964492615417,0.009794595060231974
2024-03-22,441.0462341308594,442.1429563269523,439.17880316614946,440.0285427517674,28253900,434.49967498779296,423.02899169921875,396.69907735188804,383.11078353881834,60.47024973983237,6.361694481259373,0.009750615341146027
2024-03-25,439.4455871582031,440.9276637079466,437.2521126584658,438.2500236979711,27789200,434.93375091552736,423.9093145197088,397.39800415039065,383.5961904907227,58.35623444150942,5.9018078354187935,0.009804048185417616
2024-03-26,438.0228576660156,441.8861414097362,437.7955950388806,440.9672308933583,34142000,435.24488372802733,424.7553372469815,398.1370765686035,384.05323440551757,56.466635086662016,5.775329415436687,0.009843919834046576
2024-03-27,439.5147399902344,441.20432901385453,436.6493979452697,441.105517877216,41359200,435.74556732177734,425.4813709605824,398.8489654541016,384.51111251831054,58.002328772638975,5.541759937381447,0.009752978724302266
2024-03-28,438.7045593261719,440.3150873730311,438.3488452662453,439.46534778476365,36839600,436.02171325683594,426.1783214222301,399.5627965291341,384.93554397583006,56.82988737191119,4.956241204740004,0.009615739857858697
2024-04-01,439.63336181640625,442.1825204613971,437.7264002216161,439.65311198392817,38729000,436.01818084716797,426.8428211558949,400.2350725809733,385.35102554321287,57.88100163694518,5.02221373827751,0.009013797790818633
2024-04-02,435.8392028808594,436.15538646711934,432.79601878365486,434.8215114618378,44259700,435.90338745117185,427.4230873801491,400.86047414143883,385.73458099365234,52.28100801411218,4.977752541818782,0.009189527267061296
2024-04-03,436.8173522949219,438.6946431607458,433.7049976814608,433.71485768745384,39949800,436.2307189941406,428.01736949573865,401.4773773193359,386.10163055419923,53.52926890132886,5.01416538080356,0.008194820816401197
2024-04-04,430.1381530761719,441.60944178188765,429.9108904729682,440.996824784503,57267700,436.0889068603516,428.4909301757813,402.01704864501954,386.4467189025879,44.89349271986807,5.45225947561555,0.00882865550297343
2024-04-05,435.20684814453125,437.8745980464935,430.7507282504202,431.5609373498813,54744600,435.8719421386719,429.0980918190696,402.60953954060875,386.81973495483396,51.3127105595704,5.553774692737213,0.00854365458603742
2024-04-08,435.3352966308594,437.2125875865216,433.9520311978938,436.13561556539395,28144900,435.9786407470703,429.6038907137784,403.2412414550781,387.21796447753906,51.46699917517759,5.243737465535288,0.007885183057448186
2024-04-09,436.94586181640625,437.94377295312506,432.213088463687,437.6671198430058,39443600,436.2462844848633,429.9920376864347,403.8524899800619,387.6032635498047,53.458553520108445,5.254321144222765,0.007862038990448666
2024-04-10,433.1319580078125,433.9915576445621,431.0669348170311,431.77833281863883,61502200,436.0138885498047,430.30097323330966,404.44188028971354,387.9873310852051,48.39419546658086,5.247266155554955,0.007427942986861211
2024-04-11,440.0483093261719,440.99682993017785,432.7268471276374,434.9993827274123,45474600,436.2955520629883,430.7042641379617,405.1285232543945,388.4298637390137,56.451227823131006,5.444874992175889,0.008079355084785553
2024-04-12,433.0331726074219,436.95573693295404,431.6597971695677,435.829374285995,53665000,436.2812194824219,430.9378456809304,405.78459447224935,388.8070980834961,48.226750095102865,5.832329206161701,0.008876787975879775
2024-04-15,425.90924072265625,436.8667221559595,425.0693913833337,436.77780118867906,63453600,436.1682327270508,431.0325722434304,406.4253448486328,389.14522384643556,41.59873665820562,6.403987013321147,0.00924944407952117
2024-04-16,425.94879150390625,428.57701077839033,424.5655261365261,425.75116924302756,47619000,435.85304260253906,431.1735878684304,407.0576484680176,389.48713470458983,41.64668580702675,6.398339746964622,0.008961469557796259
2024-04-17,420.7516784667969,427.9446892970782,419.82290801689595,427.9249391300538,56880500,435.2241470336914,431.14224687056105,407.61826400756837,389.77549133300784,37.31163027544016,6.653114762078721,0.009282880093196746
2024-04-18,418.3507080078125,423.12298141821606,417.77762150042236,421.3938920422411,46549400,434.2183120727539,431.1183843439276,408.2309684753418,390.04756759643556,35.47450046468249,6.894480320007858,0.00877667786363327
2024-04-19,409.69537353515625,417.69859329896826,408.13426609892537,417.17492743365193,75231000,432.67596435546875,431.0865988991477,408.82633514404296,390.27641677856445,29.781690494457877,7.305931867801154,0.009513201542545245
2024-04-22,413.8155517578125,416.1473377835961,408.9938577655325,412.3235850098198,47807700,431.3144302368164,431.04163540926845,409.4425028483073,390.5397247314453,35.119254095018135,7.328513081037739,0.009945087038416893
2024-04-23,419.9908752441406,421.18640859511777,413.86494655360076,415.7422375545966,44384700,430.3416946411133,430.9810324928977,410.07822570800784,390.83990478515625,42.2097361778334,7.4985996066106155,0.010730668543552598
2024-04-24,421.4137268066406,424.5952528755929,419.1313309477107,423.0835357462636,48440300,429.51123809814453,430.9563459916548,410.71210759480795,391.1466091918945,43.73547142807312,7.0532689365365275,0.010799216629074845
2024-04-25,419.3782653808594,420.23786493944755,413.1436658883996,414.230497882568,57392200,428.5044143676758,430.91008023348724,411.27907638549806,391.43424133300783,42.026118468693326,7.091384361387916,0.010744115478963718
2024-04-26,425.8500061035156,427.381473182625,421.81877105316397,422.5103887021801,41874900,427.86168670654297,430.90254350142044,411.846826171875,391.7313813781738,48.86880709173385,7.430145176612045,0.011452711241006929
2024-04-29,427.5791320800781,428.57707338332096,424.84224126936255,427.9545963388399,30022200,427.25897521972655,430.9120927290483,412.3939615885417,392.006060333252,50.54825384524776,7.287584292649212,0.011492504165010149
2024-04-30,419.5166015625,427.39136982222493,419.4375707439293,425.9982141906258,43665900,426.4428451538086,430.69862227006394,412.86160608927406,392.2408197021484,43.39152380418796,7.449201030990188,0.01204858029369086
2024-05-01,416.4832763671875,425.00030192305,415.6335669199923,418.0938044365129,52251700,425.4261413574219,430.4606783780185,413.2753479003906,392.4430160522461,41.03744459652635,7.52754047388428,0.012065895683612712
2024-05-02,421.79901123046875,422.6981413555137,415.60394164929187,420.2181234298724,36559000,425.0091842651367,430.4412042791193,413.73141860961914,392.65640975952147,46.513746360345465,7.435089584571257,0.012108207147739445
2024-05-03,430.2764892578125,431.26454032422834,427.45064752834196,429.2489077059209,48515300,424.7626663208008,430.49208152077415,414.28167521158855,392.91263305664063,53.87183912328357,7.268532321795099,0.012695426425868343
2024-05-06,434.989501953125,435.0784229348323,431.3040604511998,432.07473911225696,30227200,424.74537658691406,430.60550648082386,414.80296478271487,393.2361083984375,57.3820428855439,7.324992967163354,0.012951368981641669
2024-05-07,435.0586242675781,436.68890238965724,434.32744602239535,435.43408847265937,30996100,424.65101470947263,430.79087468927554,415.33450876871746,393.56548278808594,57.43320417633382,6.913541187669044,0.012922880501394597
2024-05-08,434.8017272949219,436.20477300365775,432.32170959807235,432.44030104834115,24896700,424.7345031738281,431.0298800381747,415.7973103841146,393.89062393188476,57.158569347171635,6.809091436797023,0.012765281518131541
2024-05-09,435.7502746582031,436.3233611678897,433.22086631601803,435.068517003567,24580100,424.5196014404297,431.3168113014915,416.26563771565753,394.2079765319824,57.95796361416145,6.300952361295917,0.01223413810259909
2024-05-10,436.7778625488281,439.0009775019168,435.23650526025403,437.2521379272072,27116600,424.7068359375,431.39888194691054,416.739821879069,394.53665908813474,58.85368440900035,6.058880377267286,0.011684082805156745
2024-05-13,437.7856140136719,438.78355515027033,436.3727083519989,438.6847440218973,22994200,425.30065460205077,431.5224198774858,417.22166544596354,394.8748034667969,59.75915662948842,5.704593945907727,0.01098403807350997
2024-05-14,440.6015930175781,441.1351490219814,437.1730547027617,437.36078681259016,34478300,426.0332946777344,431.70128395774145,417.68842595418295,395.19331604003906,62.25848956686532,5.597320545288978,0.011034669372859216
2024-05-15,447.4883117675781,447.7353245285619,441.5600055039681,443.0717223950717,41464700,427.37012634277346,431.9865223277699,418.23119430541993,395.54527954101565,67.56426012288486,5.516154159056315,0.01093710313455562
2024-05-16,446.57928466796875,449.25689433221936,446.4113027371398,447.30054257237157,34780400,428.78155517578125,432.2970353560014,418.7533459981283,395.897071685791,66.24052192517864,5.147753001435883,0.010810762230479096
2024-05-17,446.3619689941406,447.31048959544074,444.1684943734974,446.70776275246817,35803700,430.6148849487305,432.5366776899858,419.27819773356117,396.2890563964844,65.90807478202115,5.1054075091490905,0.00928492914964929
2024-05-20,449.47430419921875,450.1362815132888,446.39158976534486,446.5793218760035,24474200,432.39782257080077,432.7143194025213,419.83177439371747,396.6995513916016,68.35742389437002,4.793461165077616,0.009210228443694719
2024-05-21,450.3536682128906,450.5414003294952,447.4290454718327,447.6266677481299,23167700,433.9159622192383,432.9364757191051,420.3843129475911,397.1230429077148,69.03435779203532,4.346719726120816,0.008864209456808712
2024-05-22,450.2647705078125,451.36152293797704,447.66619122011053,450.6105944327446,25120000,435.3585144042969,433.3000038840554,420.9392278035482,397.5306103515625,68.87394612970124,4.103943441238292,0.008903472801799376
2024-05-23,448.2392578125,455.0765544193966,446.4508877649814,455.04691409303155,40899200,436.8015640258789,433.5775468306108,421.4853017171224,397.94372634887696,65.1588248427289,4.043953266999405,0.008887725583740132
2024-05-24,452.4779968261719,453.7427009819922,448.1503283413245,449.8497773775448,29669500,438.1329635620117,433.8126714533026,422.05759353637694,398.3981350708008,68.9351833387304,4.100413192974254,0.008555156588754668
2024-05-28,454.1872863769531,454.2465670260158,451.2330234712752,453.6932608661482,26216800,439.46337127685547,434.1942343971946,422.67382125854493,398.8577488708496,70.33167114885745,4.146990849222732,0.008553670440789753
2024-05-29,450.9859924316406,452.76447213726425,449.8991303213493,450.0374719321695,29739200,441.0368408203125,434.5468344948508,423.25541559855145,399.3129045104981,64.48483965692844,4.175926038509764,0.007273166131154173
2024-05-30,446.1544189453125,450.19557408760653,444.8304342178574,450.05723247359657,30536800,442.52039794921876,434.6990988991477,423.815119934082,399.7237045288086,56.808865926938125,4.39400199293202,0.007582462224122784
2024-05-31,445.3244934082031,447.07336311604297,437.76590868384545,446.3817152995183,55941300,443.6966720581055,434.8974526145241,424.3237808227539,400.1496678161621,55.58490392029343,4.789929292255932,0.007340767066419461
2024-06-03,447.7155456542969,450.136252464962,442.54802817081566,449.1383414785647,32997500,444.56862487792966,435.15919300426134,424.8380948384603,400.6066532897949,58.367912985716075,5.159741970532711,0.006150252734582087
2024-06-04,448.9407653808594,450.1362987474651,445.73948952356676,447.4586887576052,23767400,445.2661880493164,435.53686190518465,425.3351414998372,401.0892254638672,59.7593346654689,5.1907930351526135,0.005784708502718649
2024-06-05,457.9913330078125,458.07036382987604,448.9803116462065,452.507661370221,33817400,446.41282348632814,436.00483897816054,425.8817726135254,401.61926193237304,68.21117954019809,5.3333549592978216,0.007102114028898701
2024-06-06,457.8332214355469,458.9892544596683,456.6673284046728,458.67307087921665,21966800,447.56439819335935,436.4503595525568,426.38550160725913,402.1201527404785,67.94270585357637,5.2959502778632475,0.0070965327111776905
2024-06-07,457.4281005859375,460.17488126832046,456.32148824669326,457.46763107031757,25829700,448.6482894897461,436.7950994318182,426.88872451782225,402.62157333374023,67.2127385986012,5.346764406412096,0.007139224661674489
2024-06-10,459.2757568359375,459.6314708938704,456.01520042833266,456.3017436759834,20660800,449.77318420410154,437.13570723100145,427.39135055541993,403.1040740966797,68.85617806323177,5.335475688297066,0.007147920905722069
2024-06-11,462.4276428222656,462.5462342770449,456.5092266656226,458.001193404112,22053300,451.0052856445312,437.52446011629974,427.89930191040037,403.6411071777344,71.48220135624372,5.544379456422766,0.007212451528971084
2024-06-12,468.48443603515625,470.80636221517653,465.658624284143,466.3502419815798,34532600,452.39942779541013,438.0524391867898,428.44063161214194,404.19466415405276,75.71910251220592,5.878907147497366,0.007537442804137877
2024-06-13,471.023681640625,472.6737401049363,468.7511763645749,472.01173265680745,25859000,453.5761962890625,438.65245416814633,429.05309066772463,404.747452545166,77.24542963051209,5.5620241057377156,0.006968363688791011
2024-06-14,473.46417236328125,473.5333431716281,470.361677676087,470.8260628632491,23372600,454.9204406738281,439.26971657492896,429.64734217325844,405.2730810546875,78.63548788054464,5.389116452514385,0.0069029830045282195
2024-06-17,479.2640380859375,481.0425179080329,472.42674173146634,473.7309461963046,37054500,456.56554412841797,440.0071616432883,430.284912109375,405.8174378967285,81.52413563308133,5.789275925501954,0.007152269111741479
2024-06-18,479.4122619628906,480.0940196286849,477.6535322250408,479.2146698362232,24438600,458.06244201660155,440.73041437322445,430.9031710306803,406.35698303222654,81.59263367781007,5.657299593219116,0.007141426182928847
2024-06-20,475.7169494628906,481.0227788796813,473.8890489544044,480.6078143162827,33918700,459.3306060791016,441.45546431107954,431.48376134236656,406.88001693725585,74.20625436803806,5.727169001182948,0.0075491375864573124
2024-06-21,474.44232177734375,476.7741378160484,472.9503852718537,475.44026293593026,37456800,460.53948364257815,442.1395546653054,432.05537465413414,407.39431915283205,71.79205087513276,5.335476009182746,0.007620551914978884
2024-06-24,469.041015625,474.9490574140219,468.9024843141438,473.2172197227776,37751000,461.57957153320314,442.84687943892044,432.5966138203939,407.8979791259766,62.5111342224493,5.225358066735014,0.008100767222365529
2024-06-25,474.40472412109375,474.7015984686123,470.1889271812349,471.129079616459,29014700,462.67590789794923,443.5595680930398,433.2395345052083,408.4416275024414,67.06447504226583,5.315627611000297,0.008204189588326354
2024-06-26,475.3844909667969,475.92880093044886,473.1677483971883,473.58337252856364,22737100,463.7357681274414,444.2877352627841,433.92564951578777,408.9876197814941,67.8330392275486,4.860731474160575,0.008197997198095887
2024-06-27,476.611572265625,478.08612876340686,474.32554913110164,475.13704596869303,26222100,465.0170471191406,445.00892999822446,434.6388473510742,409.518173828125,68.81456704389045,4.963492443968412,0.00789634989696286
2024-06-28,474.13751220703125,482.1435762094865,473.4942643131208,477.403281069795,34881600,466.41620178222655,445.75448552911934,435.32756322224935,410.05689880371096,64.53860593256573,5.306058077878305,0.007484901470266379
2024-07-01,476.9183654785156,477.48242673227065,471.3171046470013,475.05787238667386,24898300,467.9958953857422,446.42485018643464,435.97202555338544,410.6025500488281,67.0192604002444,5.488133193573418,0.007415952851810315
2024-07-02,481.9258728027344,481.98524767467785,475.2953968944467,475.42405251727433,26723600,469.70641174316404,447.313808371804,436.6516387939453,411.15820114135744,70.95886198487351,5.534764848488335,0.007572586794614061
2024-07-03,485.94378662109375,486.0724422579742,481.17380338161604,481.17380338161604,18064900,471.55656280517576,448.4053455699574,437.3421213785807,411.76568786621095,73.67597620273305,5.286187668734568,0.0076377546186339185
2024-07-05,491.0106201171875,491.4460560048313,486.4880424937544,486.7849470721582,28495900,473.20752716064453,449.58828790838066,438.0678385416667,412.39660873413084,76.64367289285664,5.379970905445816,0.006819905695173433
2024-07-08,492.1783752441406,492.73256089290976,490.35747522663445,491.37678420928336,22109400,474.9247848510742,450.8869551225142,438.8015597025553,413.0372561645508,77.27942297861622,5.323072346212549,0.006765875242725922
2024-07-09,492.6039123535156,494.8107793015075,491.08979257688713,493.6925021081496,25614500,476.68357543945314,452.2370133833452,439.5391563415527,413.7062622070313,77.51955885445219,4.973444528216395,0.006715347411025841
2024-07-10,497.739990234375,498.29417582384775,493.2174432132333,494.5237205593621,28046900,478.606787109375,453.8378245960582,440.3385482788086,414.43382278442385,80.2348513573078,5.205571390122681,0.006880542666339284
2024-07-11,486.8245544433594,498.0567658281917,485.6370266243487,497.84895374501446,49966600,479.8266326904297,455.16526100852275,440.9994499206543,415.10656005859374,62.858143385255175,5.583143481448831,0.008959567462456141
2024-07-12,489.6844787597656,494.43464949995774,486.933332417575,487.39845569345266,37109400,480.88663482666016,456.43241743607956,441.6168390909831,415.7852308654785,64.99712156514332,5.853596518049094,0.008655059024300702
2024-07-15,491.0007019042969,495.8102781057871,488.9620840273778,491.4559193387255,31151400,481.88548583984374,457.69763516512785,442.24067408243815,416.49705780029296,65.96848922614922,5.910855159372752,0.008623913431316134
2024-07-16,491.1887512207031,493.2669624935249,488.0318560940838,492.45546558304693,25950600,482.77171478271487,459.0032803622159,442.85168609619143,417.20574020385743,66.11317893066885,5.880463984789093,0.00860081949530613
2024-07-17,476.76995849609375,483.7269967148813,476.70070794093556,483.21240438634226,56268800,482.64701080322266,459.9290976784446,443.32321751912434,417.82771270751954,48.93380857967947,6.718106180968164,0.010727717874975921
2024-07-18,474.5135803222656,480.6690269613123,471.32699803901284,480.4909023481686,49347400,482.4020767211914,460.782451282848,443.7716700236003,418.4371235656738,46.88084018509855,7.116781130253465,0.010774121358170019
2024-07-19,470.3077087402344,476.690779451391,469.0212128794801,474.1771324025522,42042900,482.1316146850586,461.7059259588068,444.2059598286947,419.0107902526855,43.2393340748856,7.046799321363835,0.010818056384971322
2024-07-22,477.31427001953125,478.3335790011108,472.75209900040915,476.1663054051844,40300000,482.275212097168,462.81194402521305,444.66295013427737,419.6506907653809,50.18170924430836,7.179695619621485,0.011334663707099634
2024-07-23,475.6318664550781,479.4023218426893,475.15686747764715,476.413675873234,23282500,482.60475463867186,463.79072321111505,445.1293561299642,420.2584097290039,48.64322553749128,7.0050958756794115,0.011038289899527374
2024-07-24,458.57080078125,469.2686064367645,457.70983493602466,468.9024513256549,58818600,481.8130584716797,464.3051652388139,445.52208302815757,420.78603958129884,36.441855645865594,7.935338207300504,0.013437199702031308
2024-07-25,453.51385498046875,463.08350861797516,450.9012698036603,458.9073044861217,59256800,480.71952667236326,464.6419716574929,445.832293955485,421.25880767822264,33.74036866374878,8.41247888091317,0.013567082120060987
2024-07-26,458.16510009765625,461.0943714926242,454.998298988983,457.8484139466182,39992100,479.79720306396484,465.06208939985794,446.12263615926105,421.74567810058596,38.272929806590774,8.784295369904608,0.013817555268624116
2024-07-29,459.08538818359375,463.05377989321454,456.8290524680878,460.87660060595,28218500,479.04459686279296,465.5036105069247,446.4252520243327,422.2271601867676,39.159728522012195,8.963133991369347,0.013820536547436476
2024-07-30,452.7815246582031,461.7178056143378,449.4365991488919,461.01518280406907,41317200,477.83775482177737,465.8132695978338,446.6824073791504,422.6641798400879,35.40731984636085,9.433915633877474,0.013963333002789968
2024-07-31,466.1810302734375,467.88318054552457,461.56939023161044,463.01422923671885,44552100,477.0505126953125,466.3478726473722,447.0150449117025,423.17454528808594,47.02694536851277,9.625481111268792,0.015470336374445108
2024-08-01,454.889404296875,470.6144736045948,451.2476045693235,466.8638300127631,56653900,475.49779357910154,466.6588506525213,447.24700724283855,423.65133697509765,40.42709937874168,10.465250681174,0.016076885807059325
2024-08-02,444.0926818847656,448.8626651255824,439.8571027508125,446.2104865521691,66323200,473.15189666748046,466.72232499556105,447.3539672851563,424.0538201904297,35.322531461200796,11.04982978600637,0.016368047626509872
2024-08-05,430.8515625,437.6997574406224,419.0552896299972,420.302192342235,87483500,470.08555603027344,466.4198386452415,447.36464538574216,424.39605239868166,30.273914384719916,12.464278775672609,0.017179523362010656
2024-08-06,434.9682922363281,442.43004604002886,430.0498726759213,432.69217509927154,63164400,467.2037750244141,466.2087296919389,447.46546376546223,424.782638092041,33.458308315890136,12.313716638839752,0.017482576182615343
2024-08-07,430.25775146484375,444.3400770278095,429.8619088840542,441.85611726701137,54929200,463.8296630859375,465.9159257368608,447.48862635294597,425.162403717041,31.675680998889163,12.680583726086601,0.01706903444385448
2024-08-08,443.4197692871094,444.3302042707087,432.61308784093444,436.48251202336974,47890100,461.659423828125,465.80584328391336,447.61086502075193,425.63440658569334,41.11606750523904,13.137932742797606,0.018638451993594186
2024-08-09,445.7353820800781,447.36825136339667,440.98518120033026,442.1034582237035,33574000,459.46196899414065,465.7218744451349,447.7847984313965,426.11272171020505,42.61822878208863,13.020589878668318,0.01861991155402746
2024-08-12,446.6954040527344,449.65436298181817,443.8947580033993,446.70530993303913,27795000,457.2467041015625,465.65697687322444,447.9934565226237,426.57880966186525,43.26444077314833,13.128743493909512,0.01860940122115485
2024-08-13,457.77911376953125,458.0463309110078,450.9507312570199,451.08929276754145,40084500,455.5762222290039,465.8304287997159,448.3085403442383,427.1435743713379,50.232833672056735,12.659378875282366,0.019719068011583768
2024-08-14,457.9275817871094,460.2828556615313,453.6425036465701,458.69948537304487,34733700,454.6341033935547,465.929512162642,448.522403717041,427.74195541381835,50.32085417779586,12.263529818185674,0.018750517667583635
2024-08-15,469.4962158203125,469.89205835527173,463.51889387962433,463.89495485813296,38280600,454.383235168457,466.2078563343395,448.84328028361,428.39005935668945,56.74108220430575,12.576669822186167,0.01968393338956157
2024-08-16,470.09991455078125,471.46559709537195,466.7549889446626,467.71492303753774,38383600,454.3728454589844,466.55538219105114,449.1710789998372,429.022038269043,57.05299420701899,12.468518445442069,0.019583388796432996
2024-08-19,476.275146484375,476.31473980211405,468.4571423782289,470.23847926625564,23737700,454.3208892822266,467.1030317826704,449.54170354207355,429.6766744995117,60.21318501575817,12.152546371044869,0.019517458437209142
2024-08-20,475.275634765625,477.92781315701507,473.5833602435094,475.36469707718084,29209300,454.3030776977539,467.647597989169,449.9231582641602,430.2963426208496,59.45065601418959,11.38417473005803,0.01950622707354869
2024-08-21,477.49237060546875,479.34295796614543,474.3453815043976,476.0574073595781,25658800,455.24915618896483,468.1889948064631,450.29241434733075,430.89520431518554,60.64112524664768,10.357796689092067,0.017577864943251528
2024-08-22,469.9217834472656,480.50083988140653,468.89256861321644,479.8080927390778,37739600,456.0695526123047,468.57046786221593,450.5442291259766,431.4351988220215,54.731351926191586,10.113223097815466,0.017800358783099608
2024-08-23,475.0183410644531,477.72989443042314,470.3473261692852,474.2662190268282,36061500,456.9122146606445,468.8800498268821,450.8515897115072,431.9932942199707,57.71868800965321,8.88256014984326,0.01781535548292299
2024-08-26,470.4066467285156,475.3943471900069,468.3284356861568,474.4740065086699,27452600,457.4782775878906,469.1086575594815,451.18605575561526,432.51115615844725,54.23126556036207,8.502970016967724,0.018005262873306265
2024-08-27,471.8119201660156,472.8806980164579,466.81431385011683,468.77377514358506,27510000,458.42979736328124,469.3701815518466,451.5097017923991,433.0348631286621,55.121112270831425,7.902128304295279,0.01765175273687187
2024-08-28,466.45806884765625,472.0692054646564,463.0339871430499,471.346801146548,37372400,458.4436492919922,469.5007690429687,451.7339678446452,433.54592498779294,51.04896575473015,7.542325841133963,0.016654550083472462
2024-08-29,465.7752685546875,472.9698061378377,464.4986483367516,468.36807210677364,41081500,458.9879425048828,469.5616349653764,452.0054173787435,434.01262756347654,50.536198750887166,7.691474958135367,0.015647971645792774
2024-08-30,471.3270263671875,471.9504927515124,465.626826998042,470.1098112366977,33466500,460.3496597290039,469.6133184259588,452.3365343729655,434.51289596557615,54.535016896249424,7.731765013496191,0.014644624243776062
2024-09-03,457.01715087890625,468.41758089345274,454.64206506764924,468.28895545355164,44985200,461.6579391479492,469.35865423029117,452.4968449910482,434.9016540527344,44.53998361551134,8.112767473586539,0.014709389711209385
2024-09-04,455.82952880859375,459.62970181353774,452.9794443561613,453.9096909499647,32505100,462.7010009765625,469.0380243474787,452.6752990722656,435.2830467224121,43.82214061706937,8.113475005187626,0.014677735487846379
2024-09-05,456.2550964355469,460.5302382843721,453.18726380172785,454.2065727199707,34452400,464.00086822509763,468.6196799538352,452.86642634073894,435.6649433898926,44.16937832979281,7.783367713364904,0.01434973318382969
2024-09-06,444.03326416015625,456.4332200932518,443.53845342028677,455.5524424798757,50624400,464.03154296875,467.976425448331,452.9986287434896,435.9852877807617,37.08074420518176,8.367950464954598,0.014286244919953365
2024-09-09,449.7433776855469,450.73299918390046,445.15154963762876,448.35791362802206,32981200,464.23194274902346,467.5041786887429,453.1443852742513,436.31105300903323,41.78177745510508,8.285246007801675,0.01452852084771732
2024-09-10,453.8998107910156,454.404527431382,447.5365516543528,451.50491342000015,29680300,464.5921630859375,467.13067848899146,453.31580378214517,436.66877151489257,45.002921186928745,8.465497640910497,0.014655640196017988
2024-09-11,463.7563781738281,464.49859422789,446.59634662801955,455.1367841888939,57843000,464.89102630615236,467.03459417169745,453.52654520670575,437.06794799804686,51.81188029547218,9.387259865062115,0.014403882985816645
2024-09-12,468.3086853027344,469.1201821772386,462.00480120861374,463.78610782015113,40067800,465.4100814819336,466.9237571022727,453.7579315185547,437.4925926208496,54.60712198769059,9.06633912937888,0.014544878124530201
2024-09-13,470.4066467285156,471.584298645824,467.34872013511097,467.5763439362279,29111800,465.4556030273437,466.83325084339486,454.00260162353516,437.92940032958984,55.877378186738405,8.81115823848999,0.01343714121269667
2024-09-16,468.3284606933594,468.94202118034616,465.0132528878114,468.2789916995769,22585600,465.36703033447264,466.68264881480826,454.2432922363281,438.3507974243164,54.257671544920505,8.691692691122427,0.013472986920530668
2024-09-17,468.5758972167969,472.64325748454945,466.082061787513,471.3468556724097,30084400,464.98206787109376,466.5815285422585,454.4979008992513,438.77530197143557,54.42705520045435,8.727036371886381,0.013111089121385162
2024-09-18,466.54718017578125,473.8604676353551,465.9434953333067,469.7733560531388,39909200,464.54564514160154,466.3929615367543,454.72317123413086,439.19448593139646,52.70384641267912,8.647161656203659,0.013132797121111973
2024-09-19,478.3434753417969,481.18371466250795,475.50326622193984,477.6012591522515,52782500,464.588200378418,466.3278270374645,455.05349553426106,439.66718841552733,60.529258030878644,9.08754570517799,0.014341728786930267
2024-09-20,477.4330139160156,478.6700408299841,473.335966280543,477.4824829122334,34577700,464.9637619018555,466.17308571555395,455.3684926350912,440.1531536865234,59.70812148998891,9.016860619175898,0.013851297079422875
2024-09-23,478.6985168457031,479.78863625808964,477.2714569319046,478.60932938150205,24843000,465.147770690918,465.9492292924361,455.7256535847982,440.64067291259767,60.510026919528755,8.00487619250781,0.01366103285643954
2024-09-24,481.007568359375,481.9589315670274,475.85432326157445,480.10574366251944,25952600,465.6778167724609,465.7461237127131,456.0939053853353,441.1507612609863,61.99626066939983,7.965901253084703,0.01347610416933809
2024-09-25,481.45355224609375,483.40584748164935,480.20486720146965,480.3832421383325,26549900,466.15989837646487,465.54338989257815,456.5215337117513,441.63660308837893,62.29145653365139,7.670044524337235,0.013469607669924721
2024-09-26,485.07073974609375,489.2627322137733,481.4337116875212,488.93568125355074,32020200,467.09053192138674,465.3130398837003,456.9370661417643,442.13196746826173,64.68726362987971,7.308205513857737,0.013210111364777715
2024-09-27,482.3752136230469,486.2302657998046,481.19590662379613,486.0915095677545,22851100,467.9205291748047,465.23214277787645,457.32906545003254,442.5973677062988,61.548993991458616,7.189250096162327,0.013298687012025339
2024-09-30,483.68328857421875,484.020229062973,478.5795822480605,481.41386237049977,30281100,468.53834228515626,465.1230302290483,457.71854400634766,443.0538061523437,62.499772048804815,7.087298027439707,0.01308899991201986
2024-10-01,476.9444274902344,483.61395044024334,473.109215140219,483.31665887950265,42735400,469.53470611572266,464.8674616033381,458.08364791870116,443.45159957885744,54.96002275669557,6.563857015591798,0.01139881101701047
2024-10-02,477.6183166503906,479.530962836938,473.42632437830656,476.0425807215539,23744000,470.6241455078125,464.62072642933236,458.39673131306967,443.85448440551755,55.53766295500249,6.491661122020839,0.011345134042278281
2024-10-03,477.2615661621094,480.1949538329901,474.6849283697324,475.4281875265743,25337200,471.6744689941406,464.6296647505327,458.76530125935875,444.24598907470704,55.13453422994005,6.582693047202603,0.011362764776284893
2024-10-04,482.9400634765625,483.4950278786583,478.0543806808698,483.0688998990654,30686600,473.61980895996095,464.7828735351562,459.24055811564125,444.6533219909668,60.09921284361338,6.642697895477222,0.009243031604740496
2024-10-07,477.7669677734375,482.19679333270193,476.5480119306122,481.0274062437878,24975100,475.02098846435547,464.91849642666904,459.6723762512207,445.02453247070315,54.21363316416457,6.630616170399642,0.009583776123618831
2024-10-08,484.9022521972656,485.5860530274448,479.50125391077506,480.30397136476074,28272000,476.571110534668,465.05645973899146,460.2069643656413,445.4614007568359,60.02822639739297,6.623624238396705,0.00985735830212859
2024-10-09,488.71759033203125,489.2923942618866,483.56434577663606,484.60489634017404,24995000,477.8191711425781,465.2943819912997,460.79335505167643,445.89421875,62.75212585719467,5.987303809719838,0.008943862540879605
2024-10-10,488.1627197265625,490.02582759216244,485.1302246664413,486.43836809249575,25750400,478.8118728637695,465.8324168812145,461.4472496032715,446.32125411987306,62.08945349153734,5.955984408025557,0.008817187204573963
2024-10-11,488.9256896972656,489.94646114070594,485.7643890865945,486.3292429693018,20644500,479.73782501220705,466.4762684215199,462.0731674194336,446.7397766113281,62.67315671370991,6.0749053171631555,0.008800117601236654
2024-10-14,493.0285339355469,494.34656675942244,490.8086764455291,491.3140720656338,26060100,480.9728286743164,467.11014903675425,462.6818145751953,447.1746887207031,65.728935474786,6.026067371213434,0.008776915077617806
2024-10-15,486.4383239746094,494.0195609373264,484.2878142839425,493.35556948418406,34784500,481.865950012207,467.6074751420455,463.2236862182617,447.57763671875,57.57555543247576,6.4925506835851605,0.00947270002919088
2024-10-16,486.497802734375,487.27079104064836,483.18782561554843,486.7653651407915,22996800,482.86348114013674,468.22049837979404,463.78301569620766,447.9896641540527,57.62664371328969,6.224975319217151,0.00936999520387677
2024-10-17,486.834716796875,492.02761076485535,486.7752584875692,491.97807225486406,27210700,483.2880432128906,468.5960199529474,464.29122161865234,448.4375665283203,57.935645697130525,6.260364523108,0.007623412697691811
2024-10-18,490.02581787109375,491.11593737118017,488.86632025661703,489.61949922818457,25335000,483.91768341064454,469.23486383611504,464.8116106669108,448.9224421691895,60.84790170816894,6.177548363064618,0.007693541068775537
2024-10-21,490.9673156738281,491.7700331988906,486.8942394880532,488.81680572527046,30336500,484.53112335205077,470.0871299050071,465.4070332845052,449.42213958740234,61.690622772559635,5.770528382838738,0.007688682446012856
2024-10-22,491.5023498535156,492.9789784395571,487.54822127484874,488.30140014441923,26685800,485.0558624267578,471.18987149325284,466.0321922302246,449.92219329833983,62.18870071336382,5.7223940047013775,0.007643673854373261
2024-10-23,483.970703125,489.80777949555636,480.6904551648371,489.1537078148346,39346600,485.1817199707031,472.08082441850144,466.55028966267906,450.3441323852539,51.94948760975521,6.101098949374294,0.00848167942303529
2024-10-24,487.8951416015625,488.56902265027605,485.0410215796077,487.6870072609626,22024900,485.32294006347655,473.12877696644176,467.03044509887695,450.781746673584,56.01342931933876,5.9843030785690905,0.008509365621621754
2024-10-25,490.8681335449219,495.7835452221233,489.9861182359376,490.6897586206183,38762100,485.7475860595703,473.991474498402,467.49610036214193,451.22065795898436,58.85260754947204,6.0911853696126945,0.008484267082119919
2024-10-28,490.94744873046875,494.03940202418397,490.65015716118575,493.97994371032735,20477800,486.1107940673828,474.81351207386365,467.96184056599935,451.65577239990233,58.92877291417633,5.774768198826332,0.008474879240750539
2024-10-29,495.6646423339844,496.84394921613693,489.4113580647336,491.2645459528903,28014100,487.0468048095703,475.7038618607954,468.4690315246582,452.1134364318848,63.28195467251231,5.896521246408676,0.007942007697927049
2024-10-30,491.9185791015625,495.85289825283616,491.4329928621968,494.90153512803994,29756000,487.7618179321289,476.32457941228694,468.93710072835285,452.5525677490234,58.022489684160256,5.86254285104569,0.008222691802624091
2024-10-31,479.5012512207031,488.00412245137545,479.40214395365643,487.954583939498,41245200,487.8738021850586,476.71682794744316,469.29312896728516,452.9410092163086,44.746698583739885,6.457854500602451,0.010170044852276119
2024-11-01,483.0490417480469,486.33920932217706,480.83910402420423,481.13639556987664,33655800,487.87925109863284,476.96324296431106,469.67032419840496,453.31867263793947,48.38074356557903,6.5590745748393875,0.009946925545684424
2024-11-04,481.641845703125,484.9815519553387,479.8976545652101,482.4445631601672,23291600,488.0729949951172,477.17309625799004,470.01232630411783,453.64889297485354,47.05867766143297,6.227085341749728,0.009650954120053998
2024-11-05,487.7861328125,488.45012432937443,483.13828292426075,483.2274703978778,24353600,488.2171890258789,477.3823869185014,470.3481414794922,454.0071211242676,53.086740284719745,6.421750570403264,0.009489855682479361
2024-11-06,501.03594970703125,501.85850679379894,495.10971593005127,496.06107920229374,43082200,488.8331069946289,477.85075628107245,470.80194702148435,454.4229643249512,62.89761727570907,7.031933852604591,0.011133869108386202
2024-11-07,508.9243469238281,509.70728521710686,503.7711019992823,503.83056030755586,32853100,489.8711883544922,478.42224675958806,471.32330017089845,454.8666551208496,67.28426251136071,7.345513490873908,0.011570397645339667
2024-11-08,509.5190124511719,510.2919704920393,507.80452026333353,508.4288627704024,22924500,490.9008544921875,479.1421963778409,471.8236727396647,455.31075378417967,67.5952962088584,7.1749175278645065,0.011571784175037948
2024-11-11,509.22174072265625,510.94609229061626,506.3279717617133,510.7379579512957,24167500,491.710514831543,479.7640763716264,472.31424001057945,455.7658978271484,67.25109245646809,7.116872053878406,0.011489860214548668
2024-11-12,508.300048828125,510.0343202052163,505.2477445114932,509.15236530324336,25835300,492.80360107421876,480.45304731889206,472.7978673299154,456.195020904541,66.12676390819692,6.686492125667306,0.010972262271552211
2024-11-13,507.64599609375,510.3514400261562,505.36668014613633,507.7946721174008,24567400,493.8610107421875,481.1045759721236,473.29292348225914,456.6349351501465,65.29256559124289,6.714095008149006,0.010991202302269522
2024-11-14,504.11798095703125,508.1811066415075,503.2062364575977,507.30904134011206,28679500,494.7251739501953,481.7893016468395,473.72325668334963,457.0983071899414,60.83452021922975,6.5059854769596495,0.011177172401721062
2024-11-15,492.10693359375,498.8061554755535,490.0456112891242,498.4196764454938,51461100,494.8292297363281,482.26805919300426,474.0392537434896,457.47739913940427,48.6547046092651,7.2690658201674205,0.012485558511000394
2024-11-18,495.52587890625,497.62685004551037,492.2654707437731,493.652881689858,27080800,495.0571578979492,482.7080383300781,474.4104194641113,457.8384083557129,51.623762541528336,7.13244619876435,0.012570500644270434
2024-11-19,498.9349670410156,499.4205835584643,492.612304704476,492.94927544853863,24523000,495.42878875732424,483.4701804421165,474.8502573649088,458.21922576904296,54.45201358334276,7.303044303289271,0.012650308973180533
2024-11-20,498.6475830078125,498.95479434633813,492.096977151282,498.6376632087343,29565500,496.16263275146486,484.24869051846593,475.2946164449056,458.6028492736816,54.16453204937367,6.898857306657135,0.012076131878832996
2024-11-21,500.4413146972656,502.4034993526954,493.08799140909434,501.68996941164187,34526700,496.78994140625,485.0520763050426,475.73399785359703,458.973733215332,55.7353734629394,7.075825152523358,0.011989272051775858
2024-11-22,501.2440490722656,501.9773883931018,498.2610927916357,499.8863672514566,23826600,497.30873718261716,486.0922723943537,476.1698585510254,459.3446838378906,56.454610292500895,6.9781393104760365,0.011937479420170797
2024-11-25,502.0368347167969,506.85316942781503,499.727789745264,505.31708246990956,26375200,497.8632064819336,487.0430625221946,476.53690439860026,459.6985806274414,57.19435984282955,7.0007893859261525,0.01193573788671421
2024-11-26,504.732421875,505.5549789384047,502.6711298031389,503.51346597969416,26557100,498.31659545898435,487.9672918146307,476.92773106892906,460.07439178466797,59.70114720135227,6.246915831662501,0.011815320500461714
2024-11-27,500.7584533691406,503.6720316612962,497.41874708868886,503.6026837920866,24957400,498.75858917236326,488.6400568181818,477.2888173421224,460.4638336181641,54.62254543021259,6.149940065679325,0.011827524436741897
2024-11-29,505.1585388183594,505.75315217485644,500.7683621205399,501.3827848330466,15334000,500.0414535522461,489.3100541548296,477.6711738586426,460.85223510742185,58.801470387867845,6.329029249751471,0.01019511303895238
2024-12-02,510.6585693359375,511.61988246214554,506.03056007239013,506.41706928251216,25147200,501.42192993164065,490.0419072931463,478.0730982462565,461.26177230834963,63.34549311792366,6.460688043671699,0.010309686279176935
2024-12-03,512.2244873046875,512.5019997630951,508.755944494111,509.33074852467934,18597900,502.95106201171876,490.8400168678977,478.4375986735026,461.6985778808594,64.54452486015398,6.3863651561903385,0.01022058386948899
2024-12-04,518.5569458007812,518.8146185971435,514.9298080292643,515.6433681181578,26086200,504.48960266113284,491.74876320578835,478.83370920817055,462.1830804443359,68.96566045123481,6.501034542792922,0.010201403737540847
2024-12-05,517.1199951171875,519.3299326318131,516.7334859011141,518.6065131914003,18169600,505.29380493164064,492.6682689319957,479.1975077311198,462.668835144043,66.92626563003424,6.331147153277864,0.008549220277438225
2024-12-06,521.7481079101562,521.9859411713386,517.6552224953138,517.7840589262187,23762600,505.934992980957,493.4574440696023,479.5515416463216,463.11625579833986,70.00301919509087,5.673545466581012,0.008080401243859024
2024-12-09,517.6849365234375,521.6192257616104,516.5353285463648,520.8264281316256,20674400,506.3432891845703,494.189297207919,479.87048060099283,463.5497253417969,64.34373341950885,5.651607103154662,0.00833097060163512
2024-12-10,515.9208984375,520.6579655236552,514.4938385293885,518.9137744707876,24350000,506.6782470703125,494.8660677823153,480.2055135091146,463.9755094909668,62.000229677866415,5.60559625603169,0.008379950646815643
2024-12-11,525.1571655273438,525.8409663614733,519.8751140774373,520.2814024633593,32168600,507.52110290527344,495.66878773082385,480.6281372070313,464.4422943115234,68.47454648511501,5.8243284509543445,0.009190804711176948
2024-12-12,521.7678833007812,524.2057949010591,521.2922168369533,522.9372703487448,23577500,508.227197265625,496.4017755681818,481.0675277709961,464.9036283874512,64.15498819430925,5.435002790010726,0.009349630372434237
2024-12-13,525.7615966796875,528.3778222470104,522.5605869636378,525.6922185850879,28780400,509.3093780517578,497.1416093306108,481.49550170898436,465.3665281677246,66.81172593154727,5.64169160035094,0.009231538936620352
2024-12-16,533.3330688476562,534.304302025787,528.2095522285142,528.2888501482084,31979900,511.3706848144531,498.06811578924004,481.9784065246582,465.83467346191406,71.17382126197741,5.74292914774726,0.00733371745529898
2024-12-17,530.9842529296875,532.6491459423796,529.3292797155087,531.5392172672515,28579100,513.143603515625,498.92813332297584,482.4315121968587,466.2989193725586,68.18003336251444,5.777618069928666,0.00753467134308297
2024-12-18,511.8280334472656,532.0546259876975,510.38119437057514,530.3401942657196,54703200,513.7882568359375,499.5623807040128,482.74559987386067,466.7067059326172,49.786726273862016,6.80331498641518,0.011562877184582739
2024-12-19,509.5487976074219,517.0706078774856,509.21188728452165,516.5057235856427,46441800,514.3333175659179,500.14293490323155,483.01752014160155,467.0895779418945,48.123231134659136,7.007887971218618,0.011629013568980252
2024-12-20,513.9984130859375,520.1030827285903,504.7126629138714,505.852321010616,60530000,515.0111724853516,500.81087757457385,483.28479131062824,467.4618392944336,51.5282136895041,7.64567912628524,0.011742107172751298
2024-12-23,519.0060424804688,519.383239168352,512.31586004398,515.7105696508168,29672800,515.8992721557618,501.46662264737216,483.5603101094564,467.8908628845215,55.099978871511105,7.882916544527234,0.011889514606410115
2024-12-24,526.0436401367188,526.1329411134772,520.3162608023672,520.9515457699987,17558200,517.0996124267579,502.34438032670454,483.8522519429525,468.36311614990234,59.605014861590114,7.921257068852404,0.01217562290556276
2024-12-26,525.6864013671875,527.3142968325767,522.4207352238725,524.4158916610216,19090500,518.1473114013672,503.0859103116122,484.1314854939779,468.80264877319337,59.27986932922838,8.085336702995635,0.012173350042763145
2024-12-27,518.6984252929688,522.5596938208661,514.0331448619471,522.1229428744699,33839600,519.0443099975586,503.63101640181105,484.3489397684733,469.2240657043457,53.169908686268045,8.570144592359156,0.012464058701986367
2024-12-30,511.7997131347656,515.522001257147,508.0476479190875,511.70047635181544,34584000,519.376368713379,504.0607799183239,484.4661041259766,469.6164651489258,47.918937296193356,8.958573021651281,0.01278999566351015
2024-12-31,507.45208740234375,513.8345329727888,506.4892543650599,513.0802001650353,29117000,519.2160446166993,504.3976235129617,484.6380002339681,470.0128807067871,44.908879945351316,9.042940994041443,0.012714045864581205
2025-01-02,506.4595031738281,512.8221380642742,501.9728857721829,510.49940358547883,36389800,518.9277954101562,504.64182295365765,484.7777921040853,470.38391525268554,44.22584389841591,9.109311306049872,0.012694939403720714
2025-01-03,514.7477416992188,515.8098417331423,508.7424629551306,509.55634989003045,29059500,518.7373352050781,505.15653963955964,484.9756841023763,470.7910060119629,50.93628927639621,9.501124868115856,0.012937416502561912
2025-01-06,520.6637573242188,524.018784806924,518.1723564940825,520.1476411928097,36109700,518.9145233154297,505.77773881392045,485.2213091532389,471.20198776245115,55.08979777207287,9.691203736792724,0.01318417364726701
2025-01-07,511.3728942871094,522.1030076792526,509.4869713360559,521.7059999662438,36690300,518.3957626342774,506.2238874955611,485.5096669514974,471.55614059448243,48.190184763720666,9.982155950871098,0.013626230512208229
2025-01-08,511.4622497558594,513.1000201476976,506.7969699488272,511.27365140459267,30777800,518.0846282958985,506.6136408025568,485.8175725301107,471.9082206726074,48.257304827976256,10.146388884208445,0.013530849001675668
2025-01-10,503.44195556640625,507.7994984696709,500.19613120906627,507.7002616861164,40532500,517.4606811523438,506.8404524369673,486.0936912536621,472.22820251464844,42.88677037138366,9.403009379184928,0.013940965023975677
2025-01-13,501.8240051269531,502.28059733248006,496.00732395497107,497.4962392396563,31694200,516.2940231323242,507.0281188964844,486.297939046224,472.5472082519531,41.87434716207101,9.37271730907573,0.013203763715792639
2025-01-14,501.3475341796875,506.39001083545065,497.88333436019064,504.9804910575475,33737200,515.2730056762696,507.34406127929685,486.5122362772624,472.8563722229004,41.563173135103725,8.88102135625724,0.013167447373481949
2025-01-15,512.8817138671875,514.0231792721111,507.680415704871,509.2388513156959,34957600,514.6290115356445,507.79836259321735,486.9648272196452,473.22725799560544,51.04674311704237,9.281611782546637,0.014164175301249683
2025-01-16,509.2884216308594,515.224210811633,509.15937746744135,515.144785037811,28229000,513.4267791748047,508.1332769220526,487.4296152750651,473.5755332946777,48.41090382164753,9.205749976202586,0.013729872095435233
2025-01-17,517.8844604492188,520.1972592877152,509.31822917298143,518.9862432829292,51837900,512.7717895507812,508.6230407714844,487.9272766113281,473.9857595825195,54.46792195279332,9.635412551070557,0.014361415115008038
2025-01-21,520.9217529296875,522.0830897487288,516.2167908885407,520.6041104370049,23628000,513.2264755249023,509.0822609641335,488.4425796508789,474.40628158569336,56.415118343226254,9.222058433566819,0.011832392761703807
2025-01-22,527.5823364257812,529.8752639091944,525.3489631399584,525.6566699248622,33593000,514.1281524658203,509.73069291548296,489.06591974894206,474.8935025024414,60.41321142702795,9.100825119682936,0.01204430035461819
2025-01-23,528.703857421875,528.8229657869698,524.5448186856646,525.1304247166951,23096600,514.8634246826172,510.62528575550425,489.5869433085124,475.3609875488281,61.060924233777406,8.881744297795526,0.01193452667186407
2025-01-24,525.716064453125,529.8452955948869,524.2470209693237,529.0810270552897,19878300,515.19892578125,511.4010498046875,490.1771654764811,475.81289138793943,58.32312995861399,8.506674464472095,0.011869752921039473
2025-01-27,510.4100646972656,514.1620993962705,506.3800397959972,507.2237644449725,60771700,514.4172470092774,511.9241083318537,490.729810333252,476.1802124023437,46.75717309722077,9.219937757173065,0.01319928435427925
2025-01-28,517.9539184570312,519.135127001106,507.9980395084438,511.4125906777684,33194200,514.0306228637695,512.4726135253907,491.45566329956057,476.60432220458983,51.827713506672595,9.35322664181284,0.01368879696960198
2025-01-29,516.9812622070312,518.7282661051813,513.0803108268819,518.5992219137866,26649000,513.9447647094727,512.7625282981179,492.1391047159831,476.98898696899414,51.15131790623239,8.855506565748742,0.013368186677337359
2025-01-30,519.1847534179688,522.2122024136221,514.3805539731445,519.8399100776113,27431300,514.3140167236328,512.949081143466,492.88016306559246,477.41974487304685,52.658673683582585,8.964692154434971,0.01302659114768352
2025-01-31,518.4303588867188,527.5921922182381,517.3385119017584,523.0261489535886,38755200,514.8629302978516,513.1111056241123,493.50525131225584,477.88235046386717,52.06630570384331,8.892375137984017,0.01285627094890154
2025-02-03,514.2811889648438,517.0009308639123,507.2733642921369,509.6754636986273,40580800,515.2540145874024,513.203095592152,494.0764663696289,478.3240124511719,48.81384506286449,9.15825820820878,0.013003423644311571
2025-02-04,520.59423828125,521.2295233442737,514.4003603770645,514.7974286874838,26046800,515.5463394165039,513.4266263094815,494.6922899881999,478.82322525024415,53.56662972030972,9.046948058506635,0.012776739100981637
2025-02-05,522.9566650390625,523.11551659981,516.7727228160936,517.9638671852232,21134100,515.660984802246,513.7050021084872,495.2354362487793,479.3462550354004,55.24147707194111,8.594601536456123,0.012558661203796695
2025-02-06,525.6864013671875,525.8948713447239,521.8549400712387,523.4629639433027,19434500,516.37666015625,514.0971552068537,495.80009307861326,479.92621017456054,57.164124711006465,8.4499656742628,0.011843961179874464
2025-02-07,519.0556640625,528.1678176426686,518.3310780658987,526.2223405922623,29605500,516.756330871582,514.5871321244673,496.2130884806315,480.452410736084,51.38949537947418,8.373387239970953,0.012254403882859527
2025-02-10,525.3388671875,526.440649799091,522.8573420708846,523.3238397124358,20852800,517.8511764526368,515.1291864568537,496.6734130859375,480.9791506958008,55.932307971829324,8.481864873999736,0.011855114021197202
2025-02-11,524.0882568359375,526.0039872775455,521.9442454321847,522.0732896066455,19325500,518.964389038086,515.5865189985795,497.0718556722005,481.4925233459473,54.83388573394617,8.132309935846447,0.011836545172081958
2025-02-12,524.39599609375,525.2794337785684,518.0929450820138,518.4403344445669,25009400,520.116812133789,516.0546719637784,497.48119201660154,482.0176119995117,55.06772131036877,8.340048621221408,0.011819729990143597
2025-02-13,531.9397583007812,532.2573402077036,525.2793229514261,526.0634630928408,28714800,521.0697143554687,516.6273709383878,497.93492024739584,482.54806076049806,60.4704099512298,8.501696441820716,0.011164538146370405
2025-02-14,534.1732788085938,534.8581823666922,531.7115639677082,532.04907814039,17862600,522.3139572143555,517.226084206321,498.4703493754069,483.08103149414063,61.92996800993811,7.345310280524728,0.0109743882887722
2025-02-18,535.3841552734375,536.0095045421328,532.078746365208,535.7414804029439,20565000,523.1889419555664,517.8323991255327,498.97339782714846,483.6603692626953,62.73333534111995,6.8305724722577805,0.010436162351349768
2025-02-19,535.5330810546875,536.8135264180986,532.4956962288245,534.590089236306,19666900,523.9195083618164,518.3924111106179,499.51611811319987,484.2556182861328,62.83720626933853,6.735563537327404,0.010393925844144428
2025-02-20,533.2599487304688,535.1161249242239,528.52523935916,534.7488640035847,26550800,524.2033889770507,518.9833473899148,500.02818501790364,484.8129229736328,60.084405568532134,6.676720198402401,0.010108810252007406
2025-02-21,522.1923217773438,534.4212850908257,521.8250608987436,534.4014135025412,47093800,523.8778121948242,519.2930525346236,500.492637125651,485.27250213623046,48.86078828260198,6.844044760945427,0.011164718962397067
2025-02-24,516.0282592773438,525.1602852244356,515.6908057368098,523.9790766643296,39268400,523.3934219360351,519.390683260831,500.91141204833986,485.67769592285157,43.938026387317954,6.723507967591421,0.011394803662068187
2025-02-25,509.52667236328125,515.4823335308943,505.67533996149535,515.402907751773,48940000,523.349252319336,519.3416320800782,501.2297424316406,486.0500361633301,39.42603290636187,6.9666926059070216,0.009714579273863709
2025-02-26,510.7574768066406,515.8197643424149,507.591048002011,511.72034015672153,34457600,522.9894302368164,519.1998235529119,501.67757848103844,486.4298149108887,40.66817139184547,7.1014013599561325,0.00909540075487891
2025-02-27,496.5731506347656,515.2342427040011,496.35477515411077,514.3011865859362,52448000,521.9690246582031,518.8262445623225,502.0171086629232,486.73392929077147,32.41782456765429,8.161368236842211,0.01093476547377363
2025-02-28,504.4147033691406,505.02018100858754,493.25774490318094,496.4341094377578,47654000,521.2305221557617,518.5110917524858,502.41843872070314,487.07211349487307,39.700774671217395,8.298917988887691,0.011565455858848701
2025-03-03,493.37689208984375,509.2487196326077,489.93253345416554,507.7399630206097,44587200,519.9778488159179,518.0691273082386,502.8296356201172,487.3500698852539,34.12601306655327,9.151146591877055,0.012441416174465605
2025-03-04,491.88800048828125,500.01748091232383,484.1357168084358,490.5281292836156,67875400,518.8581893920898,517.6321655273438,503.18084081013996,487.60650192260744,33.44381893093147,9.995576753200428,0.012372987016928646
2025-03-05,498.30023193359375,499.9082555325708,487.6296728031353,492.5331693757525,46323700,517.743489074707,517.143857643821,503.55084431966145,487.8605615234375,39.09103543857914,10.359297755549063,0.012420729100377817
2025-03-06,484.59234619140625,494.895615354215,482.60712565033873,490.04176688317693,57574300,515.8252731323242,516.4679387872869,503.72447738647463,488.0506268310547,32.70284875295113,10.918709339070594,0.013534840827035214
2025-03-07,488.15576171875,489.6347411717219,476.9789615630039,483.5599718062666,54714700,513.9487411499024,515.7841963334517,503.8898696899414,488.25959579467775,35.64693375864846,11.597935139765882,0.013617126488920467
2025-03-10,469.2366027832031,480.393531072757,465.1966722399011,479.8773847046623,76668000,511.4577880859375,514.6188060413707,503.88011932373047,488.35840728759763,28.51447740995914,12.957101661331885,0.015632685940834026
2025-03-11,468.11492919921875,475.27163953814954,463.5588524754523,468.8593867741882,68760800,508.5965911865234,513.4757274280895,503.8783398946126,488.4472135925293,28.154795438922434,13.485312866576395,0.015129994595691228
2025-03-12,473.3956298828125,477.50502001145713,468.3035351406636,475.6190668493427,46971100,506.0619598388672,512.7769564541903,503.9185043334961,488.5628678894043,32.473348037009785,13.655473517770028,0.015586384612770184
2025-03-13,464.8790588378906,472.760386273074,462.98316971511383,472.7306091786664,46563300,503.0861129760742,511.9647793856534,503.904603322347,488.64606689453126,29.40362490475627,13.499490373171211,0.015790826262254795
2025-03-14,476.11541748046875,477.00876061202655,469.62373821824536,470.2292461988736,43563000,500.2948959350586,511.27599764737215,503.8860361735026,488.7642539978027,37.762872382553645,13.689506250779077,0.01658362408451592
2025-03-17,479.202392578125,482.2497130174167,474.2691189068619,476.06574086012523,41744400,497.54635162353514,510.552294921875,503.90078099568683,488.8893295288086,39.86942520229087,13.520054450400965,0.016660893667268178
2025-03-18,471.0332946777344,476.06580581729946,468.91902991698794,475.8673019348825,39072300,494.32880859375,509.5521068226207,503.83690414428713,488.98956604003905,36.36194243963816,13.666814901881903,0.01675975625930354
2025-03-19,477.3363342285156,481.74349565345614,471.3608014299573,473.28646764378425,40430300,491.4189712524414,508.6730146928267,503.80631052652996,489.1454756164551,40.696981222152544,13.083295860869864,0.017276438529845447
2025-03-20,475.7183837890625,480.96927004322396,472.6611273475336,473.35596661844284,36780500,488.5418930053711,507.8915593927557,503.7585174560547,489.29744506835937,39.94477670826149,12.836560617318705,0.01728100779301075
2025-03-21,477.2867126464844,478.0510116397219,469.4153205735283,470.57665761140777,42234900,486.29661254882814,507.26405029296876,503.6936505635579,489.4453009033203,41.08157001453433,12.073668109300952,0.01700184506510961
2025-03-24,487.7604675292969,488.605450554934,481.5374510469469,484.8577098068958,34567200,484.88322296142576,506.9060208407315,503.73852767944334,489.6393994140625,48.14150334675153,11.747737666769638,0.017875151236975678
2025-03-25,490.54388427734375,490.7029423960745,487.52187103316214,488.4861400211188,26035200,483.93408355712893,506.6166459517045,503.7956993103027,489.80216217041016,49.86093982861727,11.097915426303697,0.01780797318686678
2025-03-26,481.5175476074219,490.2456607367531,479.96676889831855,489.3907271556028,34627100,482.47208709716796,506.01246060458095,503.83380864461265,489.9205838012695,44.686530013815954,10.732487504572996,0.01815691971934148
2025-03-27,478.7738037109375,483.70448349873095,477.4119047450076,479.5591436051509,33469800,481.5821197509766,505.2508250843395,503.84343770345055,490.02731231689455,43.21833050352792,10.277973157787667,0.01720410263787916
2025-03-28,466.1687927246094,477.68034714960163,465.28403763438615,476.974551402309,46363800,479.66982421875,504.42893232865765,503.75099792480466,490.06177749633787,37.17539002406422,9.601592914766412,0.017527488082961232
2025-03-31,466.1488952636719,467.08331235256605,454.6273605455005,459.19026229129486,53000300,478.3084243774414,503.6050531560724,503.6110715230306,490.08038375854494,37.16655573181244,9.65467611079272,0.01701362858102581
2025-04-01,469.90655517578125,470.83105198841025,461.6754876852753,464.53844262078127,41156200,477.20935211181643,502.9953186035156,503.5455680847168,490.08749435424807,40.06332159724764,9.637924217285331,0.01718211780452467
2025-04-02,473.336181640625,476.72603385839966,463.10698198476695,463.36545522057037,49894500,475.96114959716795,502.47735817649146,503.4491841634115,490.09905685424803,42.66157966922138,9.866966481994906,0.01696185597906171
2025-04-03,447.99676513671875,457.35115906183495,447.47984907108474,453.7426062022167,70456300,474.1313705444336,501.50734419389204,503.10984395345054,489.9717198181152,31.720426394915705,10.847440110238072,0.01975534535419865
2025-04-04,420.1722412109375,437.76762470061965,420.1722412109375,435.5508223213529,117088400,470.732194519043,499.8217174183239,502.543256632487,489.67626083374023,24.338942324409643,12.264863668468532,0.023462386229887732
2025-04-07,421.1861572265625,440.5212273303754,400.01204418212296,406.24497996843866,161557000,468.3296722412109,498.21985806551845,501.97876052856446,489.38513031005857,25.023622960292485,14.42385084611963,0.02232688078621456
2025-04-08,413.60125732421875,440.52124286102435,407.3683213181599,435.5706616527368,101248100,465.60398864746094,496.3237998268821,501.3168665568034,489.0745518493652,23.323275293694024,16.02690231520125,0.02249795075063361
2025-04-09,463.24615478515625,465.0653269802432,412.97499289588256,413.1141801222823,142876900,465.0965148925781,495.2751525878906,501.1235984802246,489.0185710144043,48.154883383275724,19.154201700106267,0.03597851284976821
2025-04-10,443.54327392578125,452.89766878987024,430.07336033484415,450.8796663706337,108384100,464.0297256469727,493.74716963334515,500.7656440734863,488.8910823059082,42.299962027556546,20.906851941829018,0.03701058138056199
2025-04-11,451.7147216796875,453.0965220504698,438.72195143296096,442.02233920712024,52483800,462.80969085693357,492.3473671653054,500.4729774475098,488.7776322937012,45.271934536223505,21.125125706761818,0.03682084013340709
2025-04-14,454.7764892578125,462.3017305650004,449.95514472763216,461.7152208667026,43941200,461.588395690918,491.0575567072088,500.17923304239906,488.6745922851562,46.3862364551679,21.779805312080097,0.03682447027889125
2025-04-15,455.2834777832031,459.64754944257936,453.4543549864483,455.83024573579985,35404200,460.80090484619143,490.0552551269531,499.88186772664386,488.5679518127441,46.58019355659528,21.46666810330194,0.03665711288544543
2025-04-16,441.5550842285156,449.94520996662885,435.17304059444126,446.37642892854547,48980600,459.01184234619143,488.6661854137074,499.4656405131022,488.40503967285156,42.13511122624308,22.453657991518977,0.03704374328213652
2025-04-17,441.4755554199219,445.103979334769,438.75172707786896,444.5274202476084,44837000,457.29970092773436,487.2933543812145,499.11151428222655,488.2278256225586,42.11004126708089,21.9438355758296,0.03705008718178767
2025-04-21,430.55047607421875,436.4851969411389,425.40109511314887,435.6402443758458,44149300,454.96288909912107,485.6818220658736,498.6336420694987,487.970948638916,38.70327740776406,22.202300468665843,0.03732505803171181
2025-04-22,441.8533630371094,444.9350193638807,435.03388632871594,436.2268070816329,52304400,452.6675338745117,484.28951305042614,498.22518564860025,487.7504965209961,43.771571187637036,22.575798967703488,0.037497709965543254
2025-04-23,451.8737487792969,460.641633756553,450.20368411807647,455.46243104941027,55801100,450.73402709960936,483.1548323197798,497.8995714823405,487.55481216430667,47.8855532797858,22.94502888526141,0.037925262187682836
2025-04-24,464.5881652832031,464.89633088737224,453.1362241937562,453.78240723852906,45956100,449.88755798339844,482.1365400834517,497.64060084025067,487.41686111450196,52.622269623033944,22.028332423728205,0.038383550837295353
2025-04-25,469.76739501953125,470.2942617606861,462.639783263479,464.210432874224,38697100,449.43723754882814,481.16946244673295,497.4560076395671,487.30267852783203,54.438901207600544,20.587614893115763,0.03846226317202705
2025-04-28,469.6182556152344,472.0040665388327,463.27595392675005,470.23458681729716,33550800,449.6097106933594,480.1500416148793,497.37364934285483,487.16206985473633,54.374246853857116,18.317538426246497,0.03797123375126482
2025-04-29,472.7198181152344,473.6045731544733,466.8149185696458,467.3915080044207,30613100,449.9382568359375,479.30757168856536,497.28757247924807,487.0915461730957,55.55639132561275,16.434447929243856,0.03799038500750589
2025-04-30,472.66015625,474.37994353629085,459.6972091439361,464.36944608517086,46810600,450.07593688964846,478.34977694424714,497.21272506713865,487.00642456054686,55.526588154851304,13.762476522672008,0.03795856487794332
2025-05-01,478.8334655761719,484.30096287876717,477.89901815565884,480.5532529218463,43316500,450.3508010864258,477.526962557706,497.13811950683595,486.9455883789062,58.035123842886684,12.224477392561656,0.038031018243211714
2025-05-02,485.94122314453125,488.00894827712347,481.9648613296433,483.66477784831574,39218100,452.2480239868164,476.8277848677202,497.0123301188151,486.9193507385254,60.778251609012656,11.853113969950426,0.03585866596996644
2025-05-05,483.058349609375,486.14003597307794,481.2391774925475,481.73622270162116,28309500,455.39232940673827,475.93903198242185,496.7967801411947,486.9507926940918,59.09107838534084,11.321276301604867,0.032384822379231334
2025-05-06,478.5650939941406,482.1835675083398,475.36412148604,476.7260205679887,32786300,458.2612762451172,474.9279740767046,496.5388308207194,486.9710502624512,56.46035437226249,11.428492992119434,0.032586496306192266
2025-05-07,480.4438781738281,482.9291041737698,473.9624196873836,479.2310866723673,38006300,461.60340728759763,473.9290599476207,496.29901529947915,487.02173110961917,57.31604829068514,10.632510656235459,0.03206947588942928
2025-05-08,485.4043884277344,489.78833053818073,481.30874101495374,485.64296040526176,39577600,462.71131896972656,473.0176291725852,496.1082181294759,487.06218170166017,59.57505309285115,10.846239235339214,0.018339039897190504
2025-05-09,485.0863037109375,488.63521379310254,483.326774588034,487.31305654497106,27767400,464.78847045898436,472.1417447176847,495.92022069295246,487.1094538879395,59.35811601942552,10.077237728074607,0.015016581760736874
2025-05-12,504.84881591796875,504.88858802841014,498.51646492128515,503.99388239825186,45090600,467.44517517089844,471.8264082475142,495.9263109842936,487.34084396362306,67.3202885496678,10.464219230061085,0.01681926023924118
2025-05-13,512.5431518554688,514.3325026354601,505.4155095627927,506.15112683099704,53269600,470.33350830078126,471.76304265802554,496.0966128031413,487.63599044799804,69.8009352822232,9.79960608706449,0.016953470383614187
2025-05-14,515.61474609375,516.1614836202223,512.7020688150568,513.7160603301389,47014500,473.3500717163086,471.87373490767044,496.2640200297038,487.92323867797853,70.75529337507649,9.127873919684358,0.016912517716367242
2025-05-15,516.1815185546875,518.8456739501621,512.1256121181644,513.4676707665623,50153300,477.0813934326172,471.97235384854406,496.4077412923177,488.20871932983397,70.9377988725744,9.0611298721694,0.014652440478663866
2025-05-16,518.4281616210938,518.6170412486316,514.0441884093638,517.5831482665423,48394600,480.9290237426758,472.36971768465907,496.5725794474284,488.5369525146484,71.69193354996337,8.764325602682627,0.014554975324142364
2025-05-19,518.9251708984375,519.442117353632,511.2010686059385,511.2010686059385,52536200,485.3477584838867,472.63354436700996,496.7266115824381,488.80067321777346,71.86586140024414,8.867996614315915,0.012483158121756465
2025-05-20,517.1954956054688,517.8515686536134,513.6067827063093,516.4001746478178,42517600,489.1148651123047,473.0666098854758,496.85954030354816,489.1122036743164,70.24823178358973,8.19911474287116,0.01213556137932452
2025-05-21,510.0081481933594,519.909311026266,508.2187974987168,513.2191016405527,71292800,492.02158508300784,473.3960671164773,496.9259679158529,489.44178100585935,63.819859269261,8.202665235641303,0.012551486923355722
2025-05-22,510.9624938964844,514.6505913275334,509.27252798800356,510.62447644500173,55607200,494.3403015136719,473.6262900612571,496.97788518269857,489.8423356628418,64.2871762870574,7.931420995539753,0.011455371547734504
2025-05-23,506.2306213378906,508.8152626278632,502.59224657648224,503.1887069260503,58368100,496.16346282958983,474.0197132457386,497.0234865824381,490.1986473083496,60.13942580590884,8.179234484073447,0.01176768663938641
2025-05-27,518.1397705078125,518.6269257716245,511.5490069592283,513.099785560271,47226300,498.58953857421875,474.5648770419034,497.1316635131836,490.63805740356446,66.07241547448751,8.51509707767337,0.012511759414430534
2025-05-28,515.8434448242188,520.5852756508032,515.326559052752,519.0941399870436,46637200,500.74571990966797,475.4122741699219,497.17487080891925,491.00017578125,64.09149130817829,8.250242228506579,0.012679597815539507
2025-05-29,516.8574829101562,523.3687637584553,514.2629211840699,523.21968658337,58513300,502.9555862426758,476.2985024192117,497.2134791056315,491.35578628540037,64.59627130563959,8.23319867208035,0.012648451293620312
2025-05-30,516.042236328125,517.6029654866918,508.9046747674079,516.370303138387,67662800,504.81602478027344,477.0738952636719,497.19252319335936,491.7025204467773,63.81952757533663,8.475330923095735,0.012553488530903417
2025-06-02,520.1181030273438,520.3566750351536,512.9208369697641,514.18335129797,44762800,506.5248687744141,478.07824152166194,497.217507425944,492.0142153930664,66.01949287741594,7.592013333661222,0.012326568416922598
2025-06-03,524.183837890625,525.6153304447355,519.6010958649408,520.4659496294596,44070300,508.5811431884766,478.9522128018466,497.23780517578126,492.34549667358397,68.1030009543776,7.3441953238257485,0.012156503730080153
2025-06-04,525.6452026367188,526.708886650537,522.8617009643712,524.8896842213366,41359300,510.93514862060545,479.79662753018465,497.3041407267253,492.62624160766603,68.84249097522155,7.360542032498058,0.011745372638828704
2025-06-05,521.688720703125,529.8999177687056,519.5713031286073,527.0468829475419,61031200,512.9973907470703,480.71763527610085,497.35220591227215,492.8841856384277,64.48368456147378,7.618295804505245,0.012063433222361808
2025-06-06,526.788330078125,528.6572247503295,525.088474447436,526.8678742932818,42467000,515.0665878295898,481.61676247336646,497.3657989501953,493.13675155639646,67.3529295308824,7.789413747929294,0.012049350316785496
2025-06-09,527.5638427734375,529.2040557008712,525.8838273941709,527.0071545180014,33688700,517.1904647827148,482.5594071821733,497.41409861246746,493.39819259643554,67.77922662172853,7.437926573572631,0.012013875266073771
2025-06-10,531.0530395507812,531.7389643345455,525.7644714899908,528.0309659877803,40664800,518.5006759643554,483.5369767622514,497.45819396972655,493.6659959411621,69.69649226156923,7.484791191603096,0.008459680367624232
2025-06-11,529.263671875,533.607902979141,526.9772759658763,532.4547240748923,53701000,519.336701965332,484.29158047762786,497.42428232828775,493.9627053833008,67.4789423468493,7.1233707262970665,0.00800349289050888
2025-06-12,530.5062255859375,531.4804753804111,527.7029442130614,527.9514667987352,34104900,520.0812759399414,485.01816850142046,497.42029876708983,494.2401448059082,68.23475636070891,7.009046999712767,0.007940326738536228
2025-06-13,523.845947265625,528.7269048823287,522.6231747023902,524.5616632957901,55814400,520.4644973754882,485.7877757679332,497.5204480489095,494.50734130859377,60.16343247225874,6.974247254251708,0.008537012870628559
2025-06-16,531.132568359375,532.2062030416474,527.3152949826874,527.3649873706377,37622100,521.0997177124024,486.73975330699574,497.70031280517577,494.8039445495605,65.03620548601103,6.685958064415173,0.009002786123730486
2025-06-17,525.9533081054688,530.178191841852,524.7901787794913,528.5677704245282,42180900,521.4511245727539,487.82674449573864,497.79993693033856,495.1014207458496,59.468133875111086,6.763363277403215,0.009333454144926655
2025-06-18,525.8638916015625,529.4028511373086,524.2833217813045,526.9673174269449,43983500,521.8845443725586,488.9124717018821,497.8570856730143,495.401863861084,59.37362386521836,6.47862661894741,0.009287951502762683
2025-06-20,523.7166748046875,530.4068839390565,521.7781863439574,529.1145785233912,61643500,522.569970703125,489.89083751331674,497.8376942952474,495.6638121032715,57.02973121755404,6.473655681505639,0.008707746557980532
2025-06-23,529.1017456054688,529.6192118620138,521.1400908129034,524.2849177292203,50666100,523.4769332885742,490.9047568581321,497.8661554972331,496.0242350769043,61.16985544236379,6.548175894628563,0.008933772534647132
2025-06-24,537.1928100585938,538.1083833993794,533.6996241180443,534.3166475371182,45442000,525.0250427246094,492.52650312943894,498.02027537027993,496.4310514831543,66.40698390231637,6.76191898135113,0.009022776201770983
2025-06-25,538.5661010742188,540.7058200544818,536.7946645040316,539.4618115177252,44804200,526.0463592529297,494.67911876331675,498.24332860310875,496.84260650634764,67.2152197300449,6.7664882573714396,0.007623360177099125
2025-06-26,543.6018676757812,544.0497229160504,538.9244439782782,540.7456288167091,43811400,527.4342803955078,496.90485895330255,498.54457677205403,497.34044952392577,70.05987956437134,6.420417343209538,0.007637807866502227
2025-06-27,545.4629516601562,547.3538082383178,541.9299187322695,544.6369129629151,57577100,528.8645538330078,499.3023443048651,498.8696055094401,497.8190473937988,71.05930874512016,6.310087733126953,0.0076378727029806975
2025-06-30,548.9959106445312,550.150323841353,546.3785118204822,548.6177271894713,45548700,530.5122375488281,500.8614307750355,499.15500691731773,498.2945278930664,72.90812939166608,6.40774086701956,0.00761139651217821
2025-07-01,544.3682250976562,548.0704264374054,542.0493759591154,547.0950823478822,56166700,531.7247436523437,502.69461170543326,499.352544148763,498.69758712768555,66.88115208128048,6.47717242708107,0.007941236369459767
2025-07-02,548.159912109375,548.3589656247289,543.5023514145969,543.5421378206258,36538300,532.9235473632813,504.4481606223367,499.6591026306152,499.09684326171873,69.1326728104339,6.3504572268573,0.007912389678013965
2025-07-03,553.553955078125,554.5292991491806,550.528547956803,550.528547956803,26443500,534.3189849853516,506.2441145463423,500.0098668416341,499.5125798034668,72.04431176755762,6.535589789175576,0.008091868212987236
2025-07-07,549.3840942382812,551.6830197478901,546.9458251844275,550.8669428006658,45349300,535.7037536621094,507.9550348455256,500.3927179972331,499.9178579711914,66.79867530656762,6.444524004186308,0.008092263274381275
2025-07-08,549.6926879882812,551.3546667516246,548.4585802241335,550.7276814515541,36153300,536.8489715576172,509.9211730957031,500.79162368774416,500.3234419250488,66.99022931636813,6.054226200719784,0.0079240444542184
2025-07-09,553.5838623046875,554.9572527460838,550.4489361357153,551.8223265771115,43045500,538.1499725341797,511.95950594815343,501.22692642211916,500.75862533569335,69.38850252009593,5.97723871342827,0.007997262847537137
2025-07-10,552.7877197265625,554.6288283109999,550.1006487780387,554.2208201829343,34710900,539.2367065429687,514.1820012872869,501.5594764709473,501.1308465576172,68.29519795035753,5.934999440353773,0.007978763685593424
2025-07-11,551.5435791015625,553.1259237783373,549.4038603459361,550.6478687520914,39618600,540.3507019042969,516.1763688520952,501.91160278320314,501.50139938354494,66.53102496940359,5.584525571589642,0.007942697594832376
2025-07-14,553.5440063476562,554.2804496744797,548.9859421113066,551.3346156245823,36453300,541.5025909423828,518.0249189897017,502.2087656656901,501.87562683105466,67.96396410148147,5.357053179736973,0.007949997823498601
2025-07-15,554.051513671875,558.1119745200461,553.9918036921638,557.5646229155932,43277700,543.0128692626953,519.6515253240412,502.48484700520834,502.2408465576172,68.33436983640121,5.040005349628351,0.007170337355967951
2025-07-16,554.6188354492188,557.5248833529374,548.9163193085661,554.6089344039383,52314700,544.1871826171875,521.1942787863992,502.71015116373695,502.60667297363284,68.76907579260967,5.375534527765573,0.0066849821209955355
2025-07-17,559.107177734375,559.6147429299454,554.5392124594489,555.3453275516479,40423800,545.8448760986328,522.8213500976562,502.96351216634116,502.9768551635742,72.03942919791541,5.346385144098771,0.0061794346955417944
2025-07-18,558.56982421875,562.0231629422733,557.2959302535468,560.4208944407413,50484700,547.4801727294922,524.3822592995383,503.23729349772134,503.3578282165527,71.07977513984699,5.296623942861499,0.0062038110842426285
2025-07-21,561.4658813476562,563.3468370391857,559.3660092861638,559.3958946507648,39595200,549.3676330566407,525.9969088467685,503.6627586364746,503.7467411804199,73.155330031943,5.303026845664282,0.005986079159292585
2025-07-22,558.5598754882812,561.6449925970527,555.9325146805868,561.5952444003194,43270600,550.8405395507813,527.4464799360795,504.001141611735,504.15481842041015,67.89014836600052,5.214879933596429,0.006062150424070462
2025-07-23,561.1075439453125,561.1473303500087,556.8978386154415,559.6446191045442,40215300,552.0362762451172,528.8131403142755,504.3688606262207,504.57226455688476,69.93322801712837,5.1715140424846595,0.005321437861547001
2025-07-24,562.3018798828125,563.5259649748344,560.590092369004,562.4212998555654,42275500,553.2230651855468,530.2539317737926,504.72817001342776,504.9974661254883,70.86900131124503,4.926263011486436,0.005320762464723012
2025-07-25,563.6553344726562,564.9789766749151,561.5654242523398,562.2222340881906,30630800,554.2257385253906,531.8010270552202,505.1050448099772,505.40104248046873,71.93498602684208,4.698078906406279,0.005047244762728938
2025-07-28,565.4168090820312,566.3124587614624,564.1528770013529,565.0187020627711,31498700,555.2234313964843,533.3459894353693,505.5311749776204,505.8392916870117,73.30415382666527,4.681010175071639,0.005042707828937718
2025-07-29,564.541015625,569.3677442783611,563.8145341030877,568.0242394036405,45463300,556.0006866455078,534.7848372025924,505.8973981221517,506.2374855041504,71.43807012420157,4.701627704890988,0.0049706066652229
2025-07-30,565.2974853515625,567.8849991894002,562.3416890497874,565.4566917408055,43433800,557.0471496582031,536.243222323331,506.25023829142253,506.62038497924806,72.09876435072188,4.774137033937531,0.00440020819918148
2025-07-31,562.3018798828125,571.8757657350329,561.1673293990499,571.7861703841629,64613600,557.754248046875,537.2878234863281,506.55536727905275,506.9910807800293,65.62495741739502,5.27316366990766,0.004509976537929214
2025-08-01,551.2251586914062,556.3405363278684,549.0356915374143,556.1514446022372,69400800,557.637808227539,537.991132701527,506.8234464009603,507.302578125,48.340540990611515,5.8425694400665975,0.006112560896059242
2025-08-04,561.3961791992188,561.6151562999452,556.2709001900665,556.3703965814645,47669800,558.238412475586,538.8235223943537,507.12392400105796,507.64441635131834,59.01505345012051,6.258428685505813,0.007144704784338391
2025-08-05,557.5845336914062,563.8443626007596,557.047083143738,562.6799876518158,48666600,558.6330047607422,539.5763044877485,507.4030596415202,508.00014739990235,54.47242167368427,6.12905121498084,0.007360048434179382
2025-08-06,564.6007690429688,565.0386624956789,557.9428326498341,558.4205125100245,41823700,559.1838500976562,540.4158064408736,507.738099416097,508.39066223144533,60.499702475308254,6.298951095964851,0.007704465739443105
2025-08-07,566.5115356445312,570.5719965866228,562.4013265086303,568.9298809926769,44463000,559.8700408935547,541.2810130726208,508.02619756062825,508.7890463256836,61.97606204651763,6.5449109094838525,0.0076991441204974295
2025-08-08,571.7960815429688,572.0150586353669,567.4172078636645,567.7157577691117,35255500,560.882666015625,542.2737509987571,508.33972091674804,509.197897644043,65.78491428954499,6.596804493083847,0.007855406872724315
2025-08-11,570.1041870117188,574.0352659921666,568.8303539029688,571.9353942373868,33112900,561.7106750488281,543.36640625,508.62905451456703,509.5935820007324,63.588736357817055,6.560549791136127,0.007914111804128907
2025-08-12,577.2697143554688,577.568264258411,569.7459530883017,572.4031383383943,42143300,562.8715850830079,544.571992076527,508.9768597920736,510.02241882324216,68.40027586047617,6.815751179389134,0.008288575821850056
2025-08-13,577.558349609375,580.5240464797514,576.165035771658,579.9667330931853,41209300,564.0185607910156,545.8688598632813,509.3460131327311,510.49035705566405,68.5803847165692,6.917403900979342,0.008292940656604932
2025-08-14,577.1105346679688,579.0909866487473,575.139983732242,575.508266162602,45425000,564.9187286376953,546.941055575284,509.8036649068197,510.9364340209961,67.93343689906446,6.955793221974342,0.008189913757940792
2025-08-15,574.57275390625,577.060771050305,572.811218330625,577.0209239007323,49480200,565.7188751220704,548.0088611949574,510.29153569539386,511.3549571228027,64.23529748642835,7.073092654012742,0.008282385132820194
2025-08-18,574.3438110351562,575.0006815724842,572.4827790837365,573.67703945311,29831000,566.3627716064453,549.0540671608665,510.8316785176595,511.77193893432616,63.8973569462461,6.856284962118041,0.0082437359169007
2025-08-19,566.5513916015625,573.7964659713523,565.5262993771687,573.6272978127284,53752600,566.7623474121094,549.9724154385653,511.2966278076172,512.1263726806641,53.56743011878318,7.090156499144809,0.00877968693161895
2025-08-20,563.1876220703125,565.7253875756548,556.1614636230435,565.6059676042936,76781100,566.8663513183594,550.7554976029829,511.8517484029134,512.4827178955078,49.823023333940235,7.067405902183095,0.008853188847604223
2025-08-21,560.5801391601562,563.774714247948,558.2911148293009,561.6449570276834,46436900,566.7802642822265,551.4172485351562,512.3197937011719,512.888112335205,47.07600394980418,6.51150669312945,0.008905426043104058
2025-08-22,569.2284545898438,571.238791941298,560.5702032580724,561.9634564557491,51502100,567.0589202880859,552.2096712979403,512.9518900553386,513.3190093994141,55.78379242247298,6.5314060556070705,0.009551998947195144
2025-08-25,567.5863647460938,570.5420998652211,566.4318908111547,567.6659983001664,34044700,567.1673980712891,553.0441739169034,513.582709757487,513.7487319946289,53.968099324647646,6.339472455395976,0.0095607688841721
2025-08-26,569.8654174804688,570.1739291946637,566.0736815609588,567.0987738406898,34103000,567.4336181640625,553.8273936878551,514.179086303711,514.1591284179688,56.103626918781025,6.099909514641142,0.009587051571438687
2025-08-27,570.7412109375,571.6567843025553,567.6361701841732,568.8503542214644,36927100,567.7058044433594,554.6124367453835,514.8969935099284,514.507654724121,56.930517301741524,5.803476946097533,0.009588046270911667
2025-08-28,574.31396484375,575.2295381040836,569.716114225579,571.3581690220095,46787900,568.3064086914062,555.3989990234375,515.6149785359701,514.8346028137207,60.22239732106345,5.804184152359604,0.009566984869923042
2025-08-29,567.666015625,572.273828233091,565.8148847062891,571.9055458127416,56030400,569.128451538086,556.0972234552556,516.4352236429851,515.1253378295899,52.22382790892089,6.039481870092678,0.008777292880153284
2025-09-02,562.908935546875,563.257233673264,556.8580604404501,558.6195961337324,65876800,569.2040893554688,556.6863636363636,517.2251736958822,515.3937738037109,47.37495763776614,6.252742156838435,0.008073396875987198
2025-09-03,567.337646484375,568.9598387100518,564.013628467236,566.5016459001621,54230200,569.6917449951172,557.4771218039773,518.0080238342285,515.6889617919921,51.85653373346909,6.373591617915825,0.008074073655493164
2025-09-04,572.4728393554688,572.8410610450118,566.3026052373926,568.0043701424134,47526300,570.0853485107422,558.2287630948153,518.904638671875,516.0130960083007,56.484078315153546,6.55840968156681,0.007840292311241132
2025-09-05,573.298828125,578.3345721151251,568.7905728965633,577.707586970244,68342500,570.4247131347656,559.0895907315341,519.7145004272461,516.3590002441406,57.1967541376219,6.933029887368101,0.00781757760680243
2025-09-08,576.0953369140625,578.0559258331112,575.0006337663383,575.5977335300787,46371400,570.6396759033203,560.0028897372159,520.5219416300456,516.7789422607422,59.608652017199276,7.092972403036932,0.007617583104333895
2025-09-09,577.7276000976562,578.155531799883,574.2742003720782,576.8915995273586,44007600,571.0208465576172,560.9849065607244,521.4110608418782,517.1899508666992,60.99034945307483,6.7403881008810185,0.007593141930700265
2025-09-10,577.9166870117188,580.9719796320359,575.7769677758832,580.942094267134,49308000,571.0531951904297,561.872450949929,522.249230448405,517.5848594665528,61.156118407632064,6.369322663569132,0.007060028936149102
2025-09-11,581.2803955078125,582.0765487866307,578.8321649514098,580.4443950823623,44745800,571.2392974853516,562.674043412642,523.1289138793945,517.9980235290527,64.08030661215949,6.274769974730906,0.007175983527828427
2025-09-12,583.8480224609375,585.0422828265267,581.3002953608963,582.2357922273038,50745900,571.576171875,563.4973510742187,524.0169247945149,518.4150570678711,66.1736301171298,5.7814341629800925,0.007227040513858623
2025-09-15,588.843994140625,588.9534523182087,585.4702282697297,585.6195335974215,44360300,572.2897338867188,564.3199351917614,524.859287516276,518.8530567932129,69.85486619971867,5.852521363209015,0.007334786704379592
2025-09-16,588.346435546875,590.0183759284616,587.6597403238472,589.7695741917504,36942100,572.9898651123046,565.0996348987926,525.6743087768555,519.2846047973633,69.0489235543783,5.728120503988261,0.0073407553225716205
2025-09-17,587.1720581054688,588.9136701422223,581.5690385221046,588.2667613743852,69384800,574.0208984375,565.7937466708097,526.5547630310059,519.6968029785156,67.08167373846155,5.965550325540805,0.006523546187628274
2025-09-18,592.466552734375,595.2730433570825,590.1178791327126,592.058483907603,61069300,575.4848449707031,566.66826171875,527.5022026062012,520.1553434753419,71.08181337681249,6.1503761379057424,0.006445463038683772
2025-09-19,596.4771728515625,597.173829761915,592.9939490424024,594.4668964152456,58196100,577.2796966552735,567.5467573686079,528.5881057739258,520.6119366455079,73.6899524145632,5.879533058625684,0.006278332026128636
2025-09-22,600.0083618164062,600.6759063866804,595.5446250028239,595.56457167487,57154800,578.8186920166015,568.3913829456676,529.7036013285319,521.0586856079102,75.76266314761263,5.474056358576157,0.005623783830889929
2025-09-23,596.02294921875,600.3770403666388,594.8073576106723,600.1777560752951,64635500,580.2405212402343,569.2393621271307,530.75457127889,521.4776779174805,69.14207620494926,5.4396834723468475,0.005875598647384024
2025-09-24,593.9305419921875,597.7167610032964,591.2005236200914,597.3979183069385,49850300,581.4437774658203,570.0436867453835,531.7595242818196,521.8545458984376,65.88673258793447,5.438096442031549,0.006010445853452781
2025-09-25,591.3699340820312,592.9541133753095,586.358211090951,590.0447574609248,70920200,582.4752136230469,570.7307062322443,532.9543006896972,522.2257955932618,62.03736555469644,5.2972629907940245,0.006178545785927944
2025-09-26,593.801025390625,594.1298414316656,588.9089213733314,592.1869260081028,54337400,583.4495666503906,571.4764026988636,534.401207224528,522.586060180664,64.17726312743748,5.330393158667091,0.0061151755238435645
2025-09-29,596.5509643554688,599.858888854889,595.2357610619866,596.929586249639,48332900,584.8938140869141,572.2947187943892,535.8625806172689,522.9803903198242,66.47902182976972,5.4858597326998915,0.0052822223646177
2025-09-30,598.18505859375,598.5238479838199,593.9305790157047,596.2521164355429,46533800,586.6576202392578,573.1063742897727,537.4007789611817,523.3917111206055,67.80292486870422,5.442878097840078,0.004620786434053581
2025-10-01,601.0545043945312,601.592517201177,594.1696797218984,594.9966151966095,46899600,588.3434631347657,573.9609741210937,538.549181874593,523.7711978149414,70.0405097850134,5.675947791009118,0.004501911747442434
2025-10-02,603.5254516601562,604.9502399376884,600.7356543050928,604.8506282086944,43765400,589.89609375,574.8501853249289,539.8823666890462,524.1799856567383,71.85445003739231,5.708283384857785,0.004276538957342082
2025-10-03,600.9848022460938,605.1197232184186,599.2013385970163,604.3027001978111,46482100,591.2803924560546,575.6115966796875,541.1262840270996,524.5561016845703,67.3397782016973,5.7663515822957185,0.004539446132476963
2025-10-06,605.498291015625,607.1422494333636,603.7645725777412,606.2355880916678,41962100,592.7505401611328,576.4648415305397,542.3822990417481,524.9169277954102,70.84444071793595,6.037695266771111,0.004652708830064348
2025-10-07,602.3099365234375,607.4910236381941,600.835342343377,606.8035324139453,58209500,593.9796569824218,577.207460715554,543.60751953125,525.2735562133789,65.49766678242239,5.988484529249645,0.0049643911945761315
2025-10-08,609.2147827148438,609.5236520962168,603.0572809483214,603.2066985640004,50629800,595.5445617675781,578.1284590287642,545.0046836853028,525.7604899597168,70.66174099660651,5.925108123618608,0.005363900202037293
2025-10-09,608.4774169921875,609.3840783602061,605.2691043090726,609.2545466200572,45551000,596.9044128417969,578.9897294477983,546.3963658650716,526.2551330566406,69.46601948333729,5.882800768160995,0.005375848595760757
2025-10-10,587.3546142578125,610.9484275974415,586.9062397942465,609.174937229752,97614800,597.0797424316406,579.4452337091619,547.7030670166016,526.6219140625,45.64024747472861,7.2335797981137455,0.009836310453819259
2025-10-13,599.8190307617188,600.7556121211176,595.056398092238,597.497493628088,65872600,597.6284942626953,580.1027554598721,549.0194475809733,527.0259790039063,55.368248194716784,7.79295944863793,0.010757232828291453
2025-10-14,595.8236083984375,600.4965418065246,587.98225574158,593.1433960886728,69203200,598.0023529052735,580.6556063565341,550.2190297444662,527.3748788452149,52.14681354425228,8.221391497333618,0.010886975784621401
2025-10-15,600.0281982421875,604.4919346880256,593.761112515483,601.8117224786903,62805500,598.6451599121094,581.3008278586648,551.347696685791,527.7465878295899,55.10695989465102,8.44699801671263,0.010957451383373385
2025-10-16,597.8063354492188,606.0960622285921,593.3326864685649,602.9076964191378,70982000,598.9121490478516,581.8918978604404,552.4146878560384,528.1421273803711,53.232994773366954,8.985744852547848,0.010844828719519068
2025-10-17,601.7320556640625,603.306322454893,594.1995718879336,595.7738386787643,72024900,599.1748931884765,582.6088101473722,553.5156361897787,528.5917890930176,56.07517664812066,9.203522502740375,0.01083876574914748
2025-10-20,609.3142700195312,610.5696939626,604.8605678351395,604.9303203667564,45761700,599.6401885986328,583.6649758078835,554.6539232889811,529.1011000061035,61.00450894667035,9.506691740627682,0.011114195876951428
2025-10-21,609.1549682617188,610.4900574537519,607.1024677916307,609.41403175621,44538200,600.2967895507812,584.5333174272017,555.7913800557454,529.6145773315429,60.850002052399,9.218459753687869,0.010979202098040632
2025-10-22,603.286376953125,609.1848147458128,597.5573034367524,608.5969960402966,61478800,600.7645812988281,585.3642600319603,556.8284876505534,530.0572705078125,55.29400558717991,9.74795444486393,0.011199129376431713
2025-10-23,608.3578491210938,609.1449520725764,602.3199065464308,602.7084409478078,42844300,601.6139770507813,586.159843306108,557.8486262003581,530.4957409667969,58.79533234574681,9.812715938059878,0.011252060735466682
2025-10-24,614.8540649414062,616.1692681518385,612.8912638677524,613.7481193370727,47632500,602.6666290283204,587.0387983842329,558.946923828125,531.0131468200684,62.81295909231698,9.93085678402237,0.011427408052099845
2025-10-27,625.8041381835938,626.262425126202,621.7589166953564,622.2471236453642,54098600,604.1292877197266,588.0207630504261,560.1739158630371,531.584856262207,68.40513624225073,10.27033384759227,0.011966096823655422
2025-10-28,630.6165771484375,632.3701816547181,626.9599505234498,628.0658962701283,61195700,605.750863647461,589.1209883256392,561.4253550211589,532.2207293701172,70.5044560459801,10.224071554616915,0.012023138371056256
2025-10-29,633.4562377929688,634.6917152842577,627.9563074763624,633.2769001713006,67422800,607.3709503173828,590.1425614790483,562.6591204325358,532.8788905334472,71.69938974095466,10.411245394385617,0.012020635910645464
2025-10-30,623.7715454101562,631.1944440896802,623.6619603385896,629.869267455657,61628600,608.3832550048828,590.9828014026989,563.8148307800293,533.4910105895996,62.41263478328217,9.393537512327343,0.012665993511345385
2025-10-31,626.7805786132812,631.8919134270566,624.4092354874234,631.8619934183905,66305100,609.6730438232422,591.8858931107955,564.8309288024902,534.0605049133301,63.973951429186755,9.016349666155577,0.01260403054822918
2025-11-03,629.7796020507812,633.5059808284601,627.5576766411583,632.7985429356352,37154300,610.887109375,592.8896539861506,565.8078992207845,534.6629608154296,65.51160890513215,8.602857962600881,0.012558015074323992
2025-11-04,616.996337890625,624.6683271251044,616.2092348629542,621.0117005353788,63830800,611.6214294433594,593.6651544744318,566.6527458190918,535.1585202026367,54.7790339551951,8.80568260654977,0.013437548305279955
2025-11-05,621.01171875,624.3195827183903,614.9638020768305,616.2391121345779,48688500,612.2112762451172,594.655342240767,567.5263308207194,535.6589700317382,57.1535244353322,8.562282955230671,0.013284920852729871
2025-11-06,609.4439086914062,619.7761638844125,608.078899450419,619.5270737190788,72115100,612.2596008300782,595.4963656338779,568.2847953796387,536.0682778930664,49.14711629095768,8.835573578989356,0.013992485933345915
2025-11-07,607.5209350585938,607.7301926884926,596.4912153281726,606.0961466218313,81835400,613.2679168701172,596.3498346502131,569.0230934143067,536.46236328125,47.94473423038844,9.129506083610506,0.011388271230235001
2025-11-10,620.9618530273438,622.037939599601,614.6449603115116,616.6675408883244,55919900,614.3250579833984,597.2904418945312,569.887813059489,536.9385922241211,56.0401779458158,9.924464289245227,0.011471008343705335
2025-11-11,619.307861328125,620.4536395227035,615.2726130875191,618.3115007347396,44868800,615.4992706298829,598.2308327414772,570.7986440022786,537.4830812072754,54.90854647861644,9.500302048585533,0.011350081490370333
2025-11-12,618.8196411132812,622.5858524528388,615.5615225825271,622.5659665942537,47444400,616.4388427734375,599.1209095348012,571.6974535624187,537.9874098205566,54.55833231057132,9.5145366445974,0.01130143712844564
2025-11-13,606.1858520507812,615.8704485105809,603.8742880136988,615.2925422980531,71333600,616.8578186035156,599.7653575550427,572.5304138183594,538.4334327697754,46.32441895968814,10.02410336380009,0.012289208641691803
2025-11-14,606.6441040039062,611.1177533949825,594.9966460866717,597.3679891941105,80087300,617.1034210205078,600.3531782670455,573.2679499308268,538.8707295227051,46.63899424474681,10.360728158336883,0.012213354975077598
2025-11-17,601.4630737304688,610.2509824067986,597.686888568112,604.0934805750228,63850400,616.7108612060547,600.9676702325994,573.9814468383789,539.2858930969238,43.53258420048912,10.789160327448476,0.012022269661414977
2025-11-18,594.1397705078125,600.1179339423381,589.1878876531316,597.4377215700049,83327300,615.9601013183594,601.5355035955256,574.6254659016927,539.6851860046387,39.525214494539725,11.184858775265752,0.012297712564243115
2025-11-19,597.6868896484375,603.9539765734731,592.4261367628516,594.897091844488,73111500,615.680126953125,602.0873080166904,575.3058380126953,540.0706492614746,42.29600862492242,11.308684657854494,0.012227603138775581
2025-11-20,583.5385131835938,611.7953468701894,582.6218784315797,609.3940836964333,117743200,614.43916015625,602.2885020862926,575.834341430664,540.3735585021973,35.34064407925787,12.812477545119448,0.013086092680098296
2025-11-21,587.9224853515625,594.807310091711,578.6264242609341,585.3319113971087,103344200,613.0925811767578,602.5543867631392,576.3654968261719,540.6847389221191,38.704188553765235,13.48786923194788,0.012943053389408979
2025-11-24,602.9575805664062,604.4720682054578,592.9939741263881,593.1135933516537,60168100,611.9502532958984,603.0427911931819,577.0097666422527,541.1042485046387,48.58282665832257,13.700670350952757,0.013669474064231735
2025-11-25,606.6740112304688,608.0390203669549,595.1461119637967,601.3135864178203,57560900,610.753125,603.5690895774147,577.7179773966471,541.5109242248535,50.69795043063114,13.953322333924072,0.01361804900051161
2025-11-26,612.034423828125,613.9474190856081,608.1685399702174,610.2808195033393,42393600,609.6820343017578,604.1894120649858,578.4283615112305,541.9506550598145,53.6590267884099,13.549078659321099,0.013758096009950845
2025-11-28,616.996337890625,617.0660904342964,613.1802595402138,613.8677508272276,23034400,609.3432739257812,604.8387928355824,579.1736323038737,542.4136567687988,56.276801453300806,12.983291033816654,0.013528220666191044
2025-12-01,614.923828125,617.1855860502521,610.2907880213397,611.3967336448243,40957600,608.7504364013672,605.4038074840199,579.8725555419921,542.82857711792,54.88226094170157,12.438847711524163,0.013483708501847335
2025-12-02,619.736328125,621.4799592732617,615.3424043891131,617.2055939510703,54541800,608.2482727050781,605.9654862837358,580.6264943440755,543.256392364502,57.51493364411251,12.500768512126806,0.013567704352819248
2025-12-03,621.2507934570312,621.9481972408511,615.7807833814271,617.3649627124794,47841600,608.4609954833984,606.5637473366477,581.3826990763347,543.6857255554199,58.33879595667305,12.439560225634823,0.012769693298291609
2025-12-04,620.6729125976562,622.665633919662,617.285262025035,622.6556605829674,47067800,608.4440551757813,607.1728537819603,582.1895904541016,544.1114247131347,57.87759260864909,11.756347282423722,0.012691163615198136
2025-12-05,623.20361328125,626.6310962033638,621.440096358939,622.1076409382764,53614200,609.1320404052734,607.7317094282671,582.9568491617839,544.5611430358887,59.39163370441837,11.030424160809202,0.011924944418412345
2025-12-08,622.008056640625,626.5514587784469,619.42745579579,624.9273860516373,43462400,609.856396484375,608.195907315341,583.7573053995768,545.060221710205,58.32505310648017,10.641846242521362,0.011904442898913287
2025-12-09,622.7752075195312,623.5922305440594,618.7399590794447,620.7426537012356,37156000,609.9470642089843,608.6098499644886,584.5648996988932,545.593956451416,58.835890228414165,10.111638055898327,0.010845548345314733
2025-12-10,625.3258666992188,626.920080160108,618.7299643381673,621.5795410824109,55031400,610.2479644775391,609.1426302823154,585.4116429646809,546.1729524230957,60.56661412896124,9.87322919956398,0.010856867209903497
2025-12-11,623.3032836914062,623.5025679748155,615.4718431258982,621.5496792982444,58272800,610.4721466064453,609.676680131392,586.1966557820638,546.7356814575195,58.46737802224698,8.493268852043327,0.010886353874684482
2025-12-12,611.3868408203125,621.2707218227131,609.1350559341882,619.8160741378235,75158700,610.7321960449219,610.0406238902699,586.8149393717448,547.3097499084473,47.927457285611624,8.349507561074834,0.010758763122413214
2025-12-15,608.3179931640625,616.1693197420918,607.102462393675,616.1195138735233,49538200,610.8158905029297,610.3045687588778,587.3962051391602,547.8292663574218,45.64536206859401,7.815027167826372,0.010828315672552494
2025-12-16,609.5235595703125,611.2771638485672,604.7011478051123,606.0462710202155,55152800,611.2189147949218,610.5404341264205,587.9455525716146,548.4099996948243,46.71867140907302,7.363820570704702,0.010635527762073077
2025-12-17,598.224853515625,611.4167192166101,598.0953825829183,610.8288396926666,70654300,611.4231689453125,610.5411576704546,588.3852350870768,548.941683959961,38.95490131704808,7.795815483458447,0.01112530337210578
2025-12-18,606.8932495117188,610.6993546715539,604.7112171529216,607.5807408251216,78875800,611.8834869384766,610.6473166725852,588.86771291097,549.4846490478516,46.3246366495288,8.327446522726843,0.011506348121286054
2025-12-19,614.8042602539062,615.372193060386,609.6431199441153,609.722845815118,60369800,613.4467742919921,610.8523859197443,589.4546798706054,550.135708618164,52.017864660235944,8.440599774137906,0.01025197085961077
2025-12-22,617.7513427734375,620.1855972768566,616.3147325600856,619.8862552767364,43703100,614.9382171630859,611.1572321111506,590.0346084594727,550.7836865234375,53.976303818313134,8.35668590804424,0.010202178708089446
2025-12-23,620.6444702148438,620.9437513214359,616.3247143117193,616.7437078609482,41120400,615.8225616455078,611.4326171875,590.593696085612,551.5407258605957,55.88011904580023,8.246087561636573,0.008673326004511081
2025-12-24,622.4602661132812,622.8094781897531,620.2554500580117,620.524833532521,18468700,616.6118743896484,611.7989868164062,591.2026641845703,552.312452545166,57.08013171752168,8.044205864287603,0.008611346028622945
2025-12-26,622.4202880859375,624.0464530908596,621.672054895625,623.1884327551913,28959800,617.1311676025391,612.0390869140625,591.8087275187174,553.0575758361816,57.043344622424215,7.788221192110963,0.008430616333503312
2025-12-29,619.4074096679688,621.312944373981,617.2724362589381,618.6392040742111,32458300,617.2517211914062,612.2378140536222,592.3572570800782,553.830217590332,54.207919413586644,7.647067538135429,0.008342745603949053
2025-12-30,617.9707641601562,620.7142858196408,617.7612369489017,618.3798323976478,31226800,617.4040679931641,612.7944713245739,592.9004491170248,554.5394943237304,52.858700584096916,7.5114087814300365,0.008322431837004563
2025-12-31,612.8628540039062,618.4995685313527,612.6034567489972,618.1903012408169,40746500,617.0603942871094,613.031631747159,593.4114430745443,555.2077966308593,48.25951512174955,7.347551350031089,0.008332361655984118
2026-01-02,611.6757202148438,621.3827805917631,608.7127456204436,618.5993746796253,61859200,616.581640625,613.3198519620029,593.8958740234375,555.9110087585449,47.230949008803016,7.54869502131673,0.008307774142699778
2026-01-05,616.5341796875,619.3475438678657,615.2671519649484,617.8610636312775,46828400,616.3747039794922,613.6199607155539,594.416562906901,556.6069979858398,51.762221296625015,7.0846661567313,0.00853119136665594
2026-01-06,621.951416015625,622.550039153126,617.0829067758982,617.7712838046286,43137500,616.3120941162109,614.0589621803978,594.9776677449544,557.3381631469726,56.271144781478064,6.866737736531953,0.008721230262844626
2026-01-07,622.550048828125,626.4607976434537,621.0934661514185,621.5723159557587,44880300,616.3391937255859,614.437471147017,595.5063583374024,558.0644798278809,56.75222418174456,6.780403125716264,0.008712782418548186
2026-01-08,619.0083618164062,621.9514248328863,616.3446684463296,621.5623898130801,50435900,616.1508514404297,614.6137273615057,596.0100128173829,558.7207192993164,53.03478549900002,6.272120536295096,0.008801586491081606
2026-01-09,625.173828125,626.4108973206594,617.6016810573577,619.946120817708,49688700,616.1432495117188,614.9049793590199,596.5409123738607,559.3938690185547,58.171375941774116,6.010314472536005,0.009048777995256786
2026-01-12,625.6925659179688,627.368601054656,620.7941591397378,620.8440291770474,37388700,616.2627136230469,615.3123646129261,597.1003514607747,560.1147441101074,58.5818221634051,5.8742786415539285,0.009017264069341712
2026-01-13,624.7647705078125,627.9871421828441,622.2307758506613,625.7923733874012,44481400,616.9316101074219,615.6106722745028,597.6308283487956,560.8446989440918,57.49513927906605,5.901066449356246,0.007806670676115815
2026-01-14,618.0905151367188,621.9813522711377,613.1122798122711,620.7741807448011,72598700,617.4202362060547,615.6695168235085,598.0957336425781,561.6043075561523,50.27090331053067,6.403455998343726,0.008136517167903494
2026-01-15,620.3153076171875,628.5159146085045,619.2877047511574,625.1238996016858,53934900,617.9598236083984,615.5697199041193,598.5679000854492,562.3751396179199,52.417164076855656,6.965696808346893,0.008156599091436963
2026-01-16,619.7965087890625,624.6051616315584,617.4221104790464,624.0265108868263,61058100,619.0384063720703,615.3729913884944,599.0210642496745,563.1245893859864,51.8551362000052,7.309172019580997,0.006779568888641159
2026-01-20,606.6276245117188,613.611135001854,605.6199939698072,609.0918377338978,81988900,619.0251251220703,614.8851984197444,599.3717859903971,563.7910466003418,40.10134536416232,7.954076519027849,0.007877921466756756
2026-01-21,614.8282470703125,618.958448118544,606.4280383777512,608.0342310571399,79837900,619.0263244628907,614.7225929953835,599.7845423380534,564.6252040100097,48.00503684175282,8.638173724031674,0.007920595322984456
2026-01-22,619.2976684570312,620.9936758988773,616.3247080096578,620.8838887514372,42254800,619.1036407470704,614.5865400834517,600.2595072428386,565.6208311462402,51.7424199115309,8.657410655903773,0.00801768595433209
2026-01-23,621.2530517578125,623.9267921630139,617.1926928942361,618.2701049354484,43645800,619.1340698242187,614.4315118963068,600.8430730183919,566.6211656188965,53.323204363378835,8.233415248579368,0.007979503061765683
2026-01-26,623.9866333007812,626.1315320367429,620.654474506515,621.7419335987944,35983000,619.2103881835938,614.5586081764915,601.364660135905,567.6730924987793,55.516951047748954,8.076646239808358,0.008013920921039572
2026-01-27,629.6432495117188,630.5510790290263,625.8621995501378,627.428447510711,38997200,619.5715362548829,614.7155450994318,601.9651494344075,568.5050779724121,59.73421670209033,8.115830972852573,0.008257208259745174
2026-01-28,631.7283325195312,635.1003753282191,630.3216807638972,633.9631070350727,50691700,620.1875823974609,615.1207164417614,602.5245457967122,569.4460032653809,61.19464225187207,8.122244853171512,0.008174807086666578
2026-01-29,627.947265625,632.1772678570734,616.8135816536253,631.159712042883,79944000,620.6864074707031,615.4921042702415,603.0365102132162,570.3271659851074,57.14691051422118,8.776409554718132,0.00829378842697062
2026-01-30,620.4050903320312,626.780052376051,617.8411370320566,624.2360714484229,65650700,621.0635192871093,615.4819813121449,603.4415852864583,571.1553089904785,50.03710901411075,8.86904614969254,0.008548426271468373
2026-02-02,624.6650390625,627.0094788951942,617.2026180242116,617.2425627681274,49020300,621.7129852294922,615.579384543679,603.8962590535482,572.002216796875,53.55209263290706,9.099933217982855,0.008634605250658147
2026-02-03,615.0676879882812,628.4959413976924,609.5207880738473,626.8199062679399,81234000,621.6396606445312,615.5111672141335,604.211242167155,572.8697798156738,45.74405191865737,10.044132288815879,0.009213929792889108
2026-02-04,604.3230590820312,613.6510093064408,599.0554677378625,613.5712416010163,81850700,620.7582427978516,615.4772982510653,604.4342814127605,573.6840173339843,38.905001818739024,10.355541542735693,0.009739779568002392
2026-02-05,595.6236572265625,603.3852988890579,593.3589849842447,598.7961590682759,89354500,619.4119232177734,615.2769264914773,604.5885574340821,574.5093832397461,34.41824499890143,10.39401830173575,0.010141555200171484
2026-02-06,608.2138671875,609.9696699932801,597.3594924154261,598.7761302609774,78019300,618.8721984863281,615.399668190696,604.8689000447591,575.3411857604981,44.41019993897021,10.905658417036152,0.011351982876940702
2026-02-09,612.8728637695312,615.0078372205985,603.6446538426547,606.1088060763491,56797600,618.2571502685547,615.7402698863636,605.1899754842123,576.1461813354492,47.59225028908875,10.704706171228183,0.011248221366164563
2026-02-10,610.029541015625,615.566515685603,609.5706636004911,613.8605219833995,53938900,617.4739990234375,615.9646817294034,605.5522933959961,576.8733882141113,45.866698999363486,10.237952052965268,0.01126957355843768
2026-02-11,611.6657104492188,616.0653561148772,606.2584951427149,614.9280269463444,58575100,616.8190460205078,616.4760853160511,605.9562774658203,577.5828797912598,47.05627695781517,10.498054348936519,0.011302628522629327
2026-02-12,599.22509765625,614.3593449076634,598.1576109292407,613.2619605146361,81378900,615.8757751464843,616.6815873579545,606.2783187866211,578.2309140014648,39.8802445405002,11.174313971054005,0.011927080522049232
2026-02-13,600.5020751953125,605.0513310342399,595.0150312237765,599.0155948438262,69237500,614.8851135253906,616.6369418057528,606.5389322916667,578.8698252868652,40.876911610635325,11.499974133927967,0.011898646612712775
2026-02-17,599.8834838867188,602.527265543405,591.9422745141455,596.9703796848319,69013800,613.8894622802734,616.5134776722301,606.8080749511719,579.5059419250488,40.526420994966024,11.787155941143283,0.011898110091459269
2026-02-18,604.3629150390625,608.3335807359596,599.3048511606997,600.691591343514,64250700,613.7762268066406,616.3739956942471,607.0955540974935,580.1335891723633,44.25391076022959,12.042270495340388,0.011103929688703017
2026-02-19,602.0484008789062,604.3929016136949,599.3348375008546,601.3899824064425,60960800,613.1372344970703,616.1022150213068,607.3564473470052,580.7141250610351,42.76256683055542,11.306154631725544,0.010650101267220127
2026-02-20,607.3758544921875,608.912204870808,597.818404566386,598.7063226521155,74127300,612.5411437988281,615.9649791370739,607.6319630940756,581.3357125854492,47.175300425525776,11.37670261111687,0.010720241318346946
2026-02-23,599.9932250976562,606.5777139403463,597.6387991893799,605.1809875790976,63859100,611.4781524658204,615.6060136274858,607.9013565063476,581.9428532409668,42.307618286728584,11.371716499104366,0.010958110922721928
2026-02-24,606.4380493164062,607.5554060860559,598.3172099190714,600.9809641013653,55023700,610.6007232666016,615.3366910067472,608.2640991210938,582.5728240966797,47.40916957594196,10.676219559328606,0.011231695254364897
2026-02-25,615.227294921875,615.3769659271486,609.5606824638733,609.6305248735758,55710700,609.8799255371093,615.2376797762784,608.6631795247396,583.2219386291504,53.45408918171528,10.170983585066008,0.011557843199344626
2026-02-26,607.8048095703125,614.1398874724765,602.5571907580546,614.1398874724765,96178900,608.6837493896485,614.9577015269887,608.9576126098633,583.8355311584472,48.395093948752205,10.292842875496993,0.011759026450659396
2026-02-27,605.859375,606.8869778398549,600.7714135107487,601.5595305738112,68125200,607.5793548583985,614.6640891335227,609.2289505004883,584.3405839538574,47.13591560134822,9.770513110700287,0.011724078645918854
2026-03-02,606.6575317382812,608.4831769130049,596.5812880631398,597.449233707877,75264600,606.891976928711,614.3710404829545,609.4836354573567,584.8111558532714,47.7367278056289,9.808992072980377,0.011484911986665645
2026-03-03,600.1629028320312,602.5373012472795,590.4757543096065,594.925270014521,97015500,605.6668701171875,613.9135320490057,609.6705963134766,585.2338966369629,43.413087607358875,10.536558168949155,0.011518944438689725
2026-03-04,609.311279296875,611.4362666076488,602.0085154373871,602.7367763187228,70943900,605.3790496826172,613.6591319691051,609.9322179158529,585.6995454406738,50.24867612570399,10.641308369195956,0.011673150466035108
2026-03-05,607.4755249023438,611.316491745462,600.8412272682934,605.9691332548557,89602400,605.5366729736328,613.5880171342329,610.1505106608073,586.1447822570801,48.970330812103406,10.232274833392093,0.010988428818410508
2026-03-06,598.337158203125,604.5724349663923,596.9205203720956,598.8958365654587,86302300,605.6723480224609,613.4065474076705,610.2712534586589,586.5418421936035,43.09313289188557,10.269325170519583,0.011034943222433067
2026-03-09,606.3283081054688,607.8347607375977,589.9370196014203,592.83015152989,93068200,605.5780700683594,613.3484519264915,610.4169560750325,586.9875062561035,48.871746020751466,10.791664463870868,0.010378626608963002
2026-03-10,606.3383178710938,611.8452732023572,603.9938171455258,606.3483040570791,64078900,605.2513427734375,613.4959694602272,610.5668884277344,587.4691571044922,48.878748627430966,10.707573498268841,0.010217151886865882
2026-03-11,606.2584838867188,610.9873082570145,603.6047767674571,607.5155254821397,60114800,605.0627899169922,613.4844282670455,610.7259419759115,587.9456370544434,48.82131624461553,10.873606882320066,0.01017032473376229
2026-03-12,595.8530883789062,602.7168865412752,595.6435611395323,601.3401324342583,71836600,604.2721588134766,613.1398615056818,610.7541631062826,588.3937493896484,41.90932890614926,10.839401342517533,0.010815721553675798
2026-03-13,592.3213500976562,602.1780807449821,591.1740956767717,598.3172021392496,63145500,603.9269714355469,612.6774980024858,610.71953125,588.7646572875976,39.847244904922974,10.929896325760597,0.009920234026130249
2026-03-16,598.9656982421875,602.4374809704295,597.6986704778886,598.6264723831473,49077200,603.8501525878906,612.2833385120739,610.7108423868815,589.1802685546875,45.30017732532111,10.992605947602653,0.010251183510865826
2026-03-17,601.8887939453125,604.4727195335382,600.4521836848432,601.7192114600242,47106600,603.9504180908203,611.9093117453835,610.7597244262695,589.6054251098633,47.55271936366824,10.747470567646108,0.010307333257148948
2026-03-18,593.4986572265625,601.7391485345295,593.1594313501803,600.0730994941966,56128000,603.4072052001953,611.3834639115767,610.7561253865559,589.9927072143555,42.1831804538157,10.465989027025525,0.010621554448332704
2026-03-19,591.623046875,594.3964663870662,585.6970372512312,588.1213056121308,75597600,602.8859375,610.8782936789772,610.7582346598307,590.3502319335937,41.06680364919606,10.584991389616325,0.010612731605227556
2026-03-20,580.6888427734375,589.777367794347,577.177115328303,589.6676415345306,91964700,601.5515869140625,610.2004405628551,610.6489664713541,590.6327569580078,35.215708591440475,10.766708725104325,0.0110527422541376
2026-03-23,587.3545532226562,594.426798587646,585.316814476339,589.8718065319924,89936100,600.9196533203125,609.7366532759233,610.5723297119141,590.9413037109375,40.75718968255054,10.592150038356733,0.011193334070867547
2026-03-24,583.3389282226562,587.2846043834495,581.291190762444,584.168034177979,57750900,599.764697265625,609.2214388760653,610.4486119588216,591.2495547485352,38.61431924373031,10.220007087256354,0.010909018608919187
2026-03-25,587.1747436523438,590.7208345412774,585.0470769253521,588.4933019738706,60475500,598.3620697021485,608.6876309481534,610.33294728597,591.5514868164063,41.76404072664939,9.999052933074397,0.010415969581858598
2026-03-26,573.1600952148438,583.9882223389391,572.8005050402526,581.9604215239336,81492100,596.629833984375,607.8005160245028,610.0799026489258,591.7794680786133,34.748645458533474,10.271855367491753,0.011296740762386688
2026-03-27,561.9624633789062,570.3932010852176,560.953562318283,570.1834096572744,82702200,594.4349884033203,606.6989235617898,609.7547164916992,591.9340151977539,30.360445272362114,9.865340493233418,0.011896612938025374
2026-03-30,557.6671752929688,567.4264087803426,554.990063621082,566.7571613464482,70602600,591.9854705810546,605.5836292613636,609.356123860677,592.0760327148438,28.85514674997978,10.19283257197836,0.011866957622916605
2026-03-31,576.54638671875,578.0048059355398,563.5906539497258,563.6705222317372,95878000,590.8046447753907,604.6994939630682,609.1414276123047,592.3062335205078,42.378270545165385,11.11819679719362,0.014466473539263423
2026-04-01,583.6685791015625,587.0948065489223,579.7828346644924,580.8416686249938,79435100,589.522509765625,603.9354214754972,608.928542582194,592.6053466796875,46.50901796962993,11.113446588835464,0.014299633800691507
2026-04-02,584.3378295898438,585.4066623334502,571.2921684003409,573.3399058573888,50941700,588.365625,603.2003861860795,608.7273793538411,592.8713729858398,46.894268659713504,11.335625793471097,0.014315142460378216
2026-04-06,587.85400390625,589.9616731281693,584.04818857967,585.5864761740653,35108500,587.8414672851562,602.6506314364347,608.7315409342448,593.1808764648438,48.97360215291537,11.035436770308674,0.01406543438822105
2026-04-07,587.9439086914062,588.33343423744,577.7650922119919,584.9971348275072,49948200,586.9222473144531,602.062060546875,608.6325815836589,593.4912765502929,49.028557097770076,11.396959679887052,0.013670901310244817
2026-04-08,605.4246826171875,609.2304976949432,601.4590090396181,608.0418015962135,63086000,586.8765655517578,601.8007546164773,608.7125905354818,593.8998165893555,58.408126145893945,12.293904423344534,0.015350266840222242
2026-04-09,609.5202026367188,609.8298599139192,602.3680889271087,605.2648690435934,37837500,587.0396514892578,601.8533469460227,608.7916905721029,594.3019088745117,60.253514479369166,12.205500269842787,0.015423585248199319
2026-04-10,610.3992309570312,612.9963525292593,608.9108762966896,611.1684052317679,34038500,587.766958618164,601.7728193803267,608.8966313680013,594.6679409790039,60.65699751648432,11.465467747405123,0.01486053630468343
2026-04-13,616.7122802734375,626.0519920071752,607.4424380458482,608.8109292631304,32972100,588.9865051269531,601.7258123224432,609.0214665730795,595.058671875,63.52110443941017,11.813439043627868,0.014888734341848963
2026-04-14,627.909912109375,627.909912109375,619.4192432257902,619.5391066149297,49921100,590.4337158203125,601.846846147017,609.1764302571614,595.480212097168,67.97448253125657,12.180172570465386,0.015189614303853455
2026-04-15,636.7003173828125,637.1298380333551,627.5104045058445,628.389443361703,50102400,592.1742919921875,602.0780040394176,609.4059748331706,595.9363989257813,70.97056565268569,12.339995942528917,0.01540112184919518
2026-04-16,639.7669067382812,641.4750515662109,634.5626649382287,638.508341093032,42320600,594.4877044677735,602.262070534446,609.7099792480469,596.39025390625,71.9562222381892,11.807006515092562,0.014882297922864935
2026-04-17,648.1376953125,649.2864572780229,643.3629742993419,644.8813252169399,53488900,597.3134368896484,602.5604225852272,610.0414779663085,596.9091012573242,74.50129717571468,11.6150792038912,0.014921914331522542
2026-04-20,646.0799560546875,648.0478251654257,641.8146849601577,647.3285838511964,37138500,600.5829925537109,602.890107865767,610.3016937255859,597.3987014770507,72.75336020698107,11.178412431968459,0.014037921821701653
2026-04-21,643.6226806640625,649.4862317832127,641.5050128476822,647.6981578004061,39580500,603.3963989257812,603.312245871804,610.4501815795899,597.8490451049805,70.62250841671788,10.295811595751275,0.014107822532291347
2026-04-22,654.390869140625,654.6106593494021,647.8081371457112,649.4363527672372,37368400,606.9489959716797,603.852715509588,610.6483006795247,598.3740789794922,74.18999087145659,10.327208656834655,0.014079567725542964
2026-04-23,650.7048950195312,656.1988574654163,644.8114082493845,652.8325617169355,40099800,610.1255035400391,604.500664728338,610.7920394897461,598.8791400146484,71.01115553646687,10.132419748471973,0.01430954314798563
2026-04-24,663.1512451171875,663.7805584259092,655.8093378063087,657.7871447947734,45563100,614.6250610351562,605.5702681107955,611.1202036539713,599.4269769287109,74.91903664414534,10.64400395260616,0.012861777175625224
2026-04-27,663.5008544921875,663.7006471456002,659.9647623025988,662.6718094811696,32717000,619.7019805908203,606.8043989701705,611.4262059529623,599.9805426025391,75.02089882867047,10.155971296717114,0.01134331794514795
2026-04-28,656.8281860351562,658.9159186391063,653.0923012400261,656.6883250827437,34147900,624.6600311279296,607.6882956764915,611.6516108194987,600.506965637207,69.24083998191523,9.378968743047428,0.011534195726782144
2026-04-29,660.84375,660.9935487523345,655.8692364466933,657.906975030037,31724900,628.8748992919922,608.5604936079545,612.0170059204102,601.0434643554687,70.70367332686682,9.212007408678192,0.009840445051667295
2026-04-30,667.0069580078125,668.165718724101,656.8381407338443,664.6195670718752,40622200,633.0418182373047,609.5964466441761,612.4002995808919,601.6082415771484,72.8387573735068,9.72930039137012,0.009775090749743224
2026-05-01,673.4099731445312,675.2279215792395,668.0658095505829,668.425399726581,39172600,637.4954254150391,610.7190696022727,612.9333501180013,602.202197265625,74.88648284455945,8.987258220662982,0.00970296693042975
2026-05-04,672.141357421875,675.9871067346722,668.165745937857,673.9193717407993,34542000,641.7097930908203,612.0448197798296,613.4718536376953,602.7673681640625,73.70091819775021,8.746096003582823,0.009910707102162887
2026-05-05,680.8617553710938,682.0205161358222,676.7662804889583,677.2157986999623,37101100,646.3556854248047,613.5059048739347,613.9710194905599,603.3788278198242,76.45974176426195,8.764647802614004,0.009874878817032645
2026-05-06,695.0062255859375,695.1660231170968,685.7263848294704,687.0250065058129,38778500,650.8347625732422,615.2354092684659,614.6018391927083,604.0465295410156,80.10524154652305,9.292639311044061,0.008970886041588374
2026-05-07,694.1771240234375,700.4701959320079,691.0106209986512,695.8153383268437,43779100,655.0676086425781,616.8683948863636,615.2298182169596,604.7246157836914,79.3297312499068,9.288355339159418,0.009154657927971498
2026-05-08,710.44921875,710.44921875,698.7321150158692,699.1516368844667,44320400,660.0701080322266,618.8393188476563,616.0986796061198,605.4713241577149,82.84083188152289,9.999004223032289,0.00980538586108755
2026-05-11,712.5069580078125,713.805579696499,708.1317613118729,709.5801817559162,36019100,664.8598419189453,620.7507934570312,616.9808700561523,606.2223495483398,83.2287972198158,9.83418989796769,0.009839612701085949
2026-05-12,706.463623046875,709.4003981235137,695.8752835015275,707.4425277497028,45873000,668.7875274658203,622.6866188742898,617.8558746337891,606.9363909912109,77.67429644232539,10.237311028035217,0.010091109880521039
2026-05-13,713.9254760742188,715.8633489513101,704.0563165931343,709.1806902070881,40012500,672.6487854003906,624.6409357244319,618.8540888468425,607.6789343261719,79.49402474610277,10.267281252474074,0.00997557816585202
2026-05-14,718.9998168945312,721.2374091114184,713.4359241362712,713.8355094170396,33327500,676.6104309082032,626.5277088512074,619.8650299072266,608.4512283325196,80.64912487599508,9.890554221671875,0.009976997217178898
2026-05-15,708.1517944335938,714.3450008365951,704.7754998097428,709.3604881552494,51792700,679.6111358642578,628.3521994850852,620.9034739176433,609.1654998779297,71.39071202582917,10.639727953228098,0.010859301671864533
2026-05-18,705.1051025390625,711.2883097073819,698.0827906816122,710.7588622671137,49834500,682.5623931884766,630.1566672585227,621.879995727539,609.879515991211,68.99509311038923,10.83951122277155,0.010904038460603767
2026-05-19,700.7599487304688,705.714465040699,694.4868131207006,699.0418050981273,46827500,685.4192565917969,631.8676202947444,622.6950154622396,610.6271899414063,65.61343205917724,11.275464052368493,0.011010111823257968
2026-05-20,712.3671875,712.3671875,703.0174157954351,704.5157692199168,36779200,688.3180725097657,633.9076981977983,623.5757919311524,611.3820449829102,69.86279040543494,11.295439822316675,0.011000273902225546
2026-05-21,713.7256469726562,716.3327671783537,705.9941534147096,708.2116871156971,36415400,691.4691101074219,635.8061412464489,624.4232187906902,612.1627505493165,70.32498820801894,11.446700550332187,0.01076832592591662
2026-05-22,716.7523193359375,721.3273088449104,715.1640988544713,717.2817668085307,33118600,694.1491638183594,637.7929920543323,625.2545186360677,612.9235083007812,71.37822216433887,11.43100777000639,0.010218120127762693
2026-05-26,729.4783935546875,730.3673702569255,723.3650554496121,725.1631283460116,34254700,697.4480407714843,640.1773781516335,626.2091400146485,613.7383425903321,75.34118404737401,11.697857213366449,0.010632740237725147
2026-05-27,728.6492919921875,732.515039000156,724.6436840304248,732.155448805963,35148700,701.039096069336,642.401396040483,627.116748046875,614.5226086425781,74.61632244531796,11.23836344363275,0.010152794339225854
2026-05-28,734.79248046875,735.7913827320126,725.6125662306399,728.9289290608506,32840000,704.7365325927734,644.7369262695313,628.0629287719727,615.3460501098633,76.42609877051213,11.289737841348183,0.010176355969765093
2026-05-29,737.49951171875,740.815874477768,734.4428732975097,737.0300569298091,37541700,708.2611602783203,647.1231267755682,629.0364837646484,616.1471990966797,77.19759726846783,10.582659730897888,0.01013894537859151
2026-06-01,741.9246826171875,744.8315224447946,735.1820921097265,736.2309273283665,33890600,711.6868957519531,649.7789739435369,630.0258260091146,616.9690307617187,78.43976049468328,10.86663201307232,0.010086390630193356
2026-06-02,745.3408813476562,745.6206032443648,738.4184960219842,741.5850600741305,30085200,715.3468719482422,652.5611472389915,631.0535995483399,617.8101824951171,79.37390246674418,10.193091492793437,0.00996011369598978
2026-06-03,743.39306640625,747.828194840854,740.1965670083828,746.4896389980919,40270200,718.4734375,655.1870993874289,632.0587483723958,618.6542840576171,77.31695455826033,9.894848312385973,0.009931975252540044
2026-06-04,739.7969970703125,742.6838392688934,731.815777671541,734.6726235372454,40782600,720.7129760742188,657.694521262429,633.0126744588216,619.481549987793,73.52846489590183,10.164548580926098,0.00935045025332152
2026-06-05,704.2860107421875,730.8867822650427,703.5468328396532,729.2585667367451,99606600,721.2184204101562,659.7088367808949,633.6875305175781,620.1702230834961,48.33940231719023,11.737823377059726,0.014780810471252747
2026-06-08,715.283935546875,722.2363170978037,712.2872288217055,717.0220156925686,47401500,721.46015625,661.957216574929,634.5533396402994,620.9307046508789,53.63680029325301,12.07673675776305,0.014244588320473848
2026-06-09,707.052978515625,724.863361278284,685.6165148330579,722.1863106332692,91932200,721.1874572753907,664.254746315696,635.3761311848958,621.6630688476563,49.54227644377013,14.078107795279314,0.014475950367488865
2026-06-10,692.9285278320312,710.4992458337158,692.1693523412803,700.8897497708573,65334300,720.5107025146484,666.1742731267756,636.0711725870768,622.2815692138672,43.41724007873957,14.558297418343907,0.01503595691855801
2026-06-11,716.332763671875,717.5813914617661,694.2370511794155,698.5223198057862,71798900,720.6310668945313,668.5923428622159,637.0554051717122,623.0253012084961,53.644157984910805,15.580743837350383,0.016760917445454847
2026-06-12,720.5481567382812,723.2152086039907,710.4992028084189,716.8222099862159,51168400,720.7084838867188,671.0173140092329,638.0025293986002,623.7787149047851,55.21426286650317,15.946054117587364,0.016736999459360826
2026-06-15,743.1832885742188,743.9424640540115,736.5705604269921,737.2897407963812,46710200,722.46005859375,674.1086447975853,639.0723546346029,624.6409252929687,62.54946167809144,16.644572431497522,0.017697733908911648
2026-06-16,729.0587768554688,743.4029984406948,728.8390476265988,741.4351902855873,45348700,723.6577423095703,677.1467595880682,639.9999165852864,625.4146493530274,56.34759217683334,17.12261499180929,0.018293453172209
2026-06-17,721.7168579101562,734.8723831709506,720.058646070882,734.38293083454,51669300,724.7055877685547,680.1294810901989,640.8421864827474,626.1849035644532,53.384565346617194,17.453680748858996,0.018403875037239305
2026-06-18,739.8070068359375,741.005701773832,731.7059239216511,736.390778085872,50154600,726.0775787353516,683.0978560014205,641.8200759887695,627.0693939208984,59.09251623792209,18.376240940531666,0.018859352414534663
2026-06-22,737.9500122070312,745.4500122070312,734.3900146484375,742.02001953125,43518600,727.2887969970703,685.9029729669744,642.7828236897786,627.9224557495118,58.30329855962495,18.47699574221207,0.01888710022742796
2026-06-23,713.6500244140625,723.6099853515625,712.1099853515625,715.739990234375,53354200,727.1336822509766,688.2541037819602,643.5681788126627,628.6283416748047,49.068146224417795,19.80827571600408,0.020406166452580792
2026-06-24,710.6199951171875,719.9299926757812,704.4500122070312,715.3699951171875,52480400,726.1907623291015,690.4862127130682,644.3402557373047,629.3149475097656,48.04618296232053,20.36887233288113,0.019986329924107562
2026-06-25,716.3800048828125,726.8300170898438,705.2999877929688,725.9000244140625,49668000,725.5772979736328,692.8214144620028,645.2028986612955,630.0163708496094,50.170799828306734,21.079782373035844,0.020092438859481962
2026-06-26,706.52001953125,715.5599975585938,702.8099975585938,707.1300048828125,47081800,724.1636749267578,694.6595114968039,645.9932678222656,630.6603329467773,46.65368272074959,19.45977116543295,0.020176893565474557
2026-06-29,724.0800170898438,724.5800170898438,705.1699829101562,713.989990234375,44939100,723.4927001953125,696.7424172141335,646.8894831339518,631.391149597168,52.97615336441932,19.564037438580897,0.021015703490250136
2026-06-30,736.4000244140625,737.6199951171875,723.9099731445312,724.1799926757812,42121800,723.2164672851562,699.033340731534,647.8432215372721,632.1667477416992,56.840940250140065,17.73997854768305,0.021342497510139863
2026-07-01,725.1699829101562,731.9199829101562,724.5999755859375,729.1900024414062,40803800,722.2079223632812,701.0052989612926,648.6983876546224,632.8733575439453,52.59741421404298,17.273561071660872,0.021569941465995668
2026-07-02,712.5999755859375,730.8300170898438,707.5599975585938,725.5800170898438,50959800,720.6682678222656,702.5451182972301,649.4783177693685,633.4921374511719,48.25485741758144,17.17478649319767,0.021871582899171235
2026-07-06,722.8200073242188,726.0800170898438,718.4500122070312,719.9299926757812,30220400,719.8194183349609,704.1109308416193,650.292035929362,634.1645053100586,51.743364055387545,17.229360472364412,0.022153959715029887
2026-07-07,709.4299926757812,716.3499755859375,704.9000244140625,714.1699829101562,42483100,720.0766174316407,705.3775324041193,650.9898478190104,634.7757949829102,47.248926012198666,16.8383373005377,0.019702231725178636
2026-07-08,711.4400024414062,712.260009765625,700.9099731445312,704.9500122070312,35603200,719.8844207763672,706.5284834428267,651.712141418457,635.3706622314453,47.97938861770625,16.608772001037543,0.019392608073420664
2026-07-09,723.280029296875,724.22998046875,715.1300048828125,718.3300170898438,33654700,720.6957733154297,707.9321211381392,652.588720703125,636.0046765136718,52.18002624947738,16.4642177815572,0.019541407982793135
2026-07-10,725.510009765625,726.3900146484375,717.0,720.7000122070312,26374600,722.3248474121094,709.4209816672585,653.4653432210287,636.632184753418,52.950622172011414,15.757158551897321,0.018888349180370557
