Date,Portfolio,Cash,QQQ,QQQ_holdings,BND,BND_holdings,GLD,GLD_holdings
2010-01-04,99965000.0,-35000.0,60000000.0,1490810.816241632,30000000.000000004,620712.9415750093,10000000.0,91074.67870730546
2010-01-05,100043565.69027218,-35000.0,60000000.0,1490810.816241632,30087673.714018624,620712.9415750093,9990891.976253549,91074.67870730546
2010-01-06,99835067.32600908,-35000.0,59638085.519657895,1490810.816241632,30076244.18914305,620712.9415750093,10155737.617208136,91074.67870730546
2010-01-07,99788110.14101233,-35000.0,59676876.491709836,1490810.816241632,30053337.78275269,620712.9415750093,10092895.866549805,91074.67870730546
2010-01-08,100359879.44030795,-35000.0,60168044.92496155,1490810.816241632,30083847.297569707,620712.9415750093,10142987.217776686,91074.67870730546
2010-01-11,100260539.503091,-35000.0,59922452.17784778,1490810.816241632,30095309.97209273,620712.9415750093,10277777.35315049,91074.67870730546
2010-01-12,99410340.99318911,-35000.0,59172792.89975265,1490810.816241632,30209707.037622795,620712.9415750093,10062841.055813676,91074.67870730546
2010-01-13,100174061.34845906,-35000.0,59909525.64515843,1490810.816241632,30141065.956906408,620712.9415750093,10158469.74639421,91074.67870730546
2010-01-14,100342814.94810446,-35000.0,59961209.02794806,1490810.816241632,30213509.77575211,620712.9415750093,10203096.144404287,91074.67870730546
2010-01-15,99557344.79541594,-35000.0,59263244.50662645,1490810.816241632,30232561.35171003,620712.9415750093,10096538.937079456,91074.67870730546
2010-01-19,100558733.6951231,-35000.0,60219756.74271091,1490810.816241632,30217329.088705145,620712.9415750093,10156647.863707056,91074.67870730546
2010-01-20,99530184.55071883,-35000.0,59353735.92244384,1490810.816241632,30289772.907550845,620712.9415750093,9921675.720724145,91074.67870730546
2010-01-21,98865713.22485392,-35000.0,58797934.82574535,1490810.816241632,30324089.896161098,620712.9415750093,9778688.502947465,91074.67870730546
2010-01-22,97116950.4064774,-35000.0,57078831.09188445,1490810.816241632,30312646.16429376,620712.9415750093,9760473.15029921,91074.67870730546
2010-01-25,97297130.18953088,-35000.0,57272723.39523277,1490810.816241632,30270700.02110528,620712.9415750093,9788706.77319284,91074.67870730546
2010-01-26,97428573.64017254,-35000.0,57324435.21298212,1490810.816241632,30343146.20778294,620712.9415750093,9795992.219407486,91074.67870730546
2010-01-27,97745209.98945028,-35000.0,57776812.6741819,1490810.816241632,30301211.903754264,620712.9415750093,9702185.411514105,91074.67870730546
2010-01-28,96265681.84848444,-35000.0,56290403.58970515,1490810.816241632,30312646.16429376,620712.9415750093,9697632.094485534,91074.67870730546
2010-01-29,95274130.11632738,-35000.0,55308072.41019363,1490810.816241632,30350784.83368901,620712.9415750093,9650272.872444728,91074.67870730546
2010-02-01,96079398.9418344,-35000.0,55915591.0116334,1490810.816241632,30330866.63123338,620712.9415750093,9867941.298967615,91074.67870730546
2010-02-02,96673650.36544459,-35000.0,56419646.16863088,1490810.816241632,30350024.75962954,620712.9415750093,9938979.437184168,91074.67870730546
2010-02-03,96925532.76000325,-35000.0,56729848.83122364,1490810.816241632,30330866.63123338,620712.9415750093,9899817.297546241,91074.67870730546
2010-02-04,94947038.7627636,-35000.0,55088332.72845855,1490810.816241632,30388241.567479502,620712.9415750093,9505464.466825549,91074.67870730546
2010-02-05,95490327.61853749,-35000.0,55553631.03535575,1490810.816241632,30437999.188307207,620712.9415750093,9533697.394874522,91074.67870730546
2010-02-08,95035168.91960734,-35000.0,55152959.70491337,1490810.816241632,30441799.558604553,620712.9415750093,9475409.65608942,91074.67870730546
2010-02-09,95667458.28494537,-35000.0,55721687.334301196,1490810.816241632,30380588.734581668,620712.9415750093,9600182.216062503,91074.67870730546
2010-02-10,95455859.23095761,-35000.0,55605325.79212926,1490810.816241632,30311762.96297232,620712.9415750093,9573770.475856027,91074.67870730546
2010-02-11,96429378.22822706,-35000.0,56445504.921001524,1490810.816241632,30262043.227455992,620712.9415750093,9756830.079769557,91074.67870730546
2010-02-12,96579533.05638021,-35000.0,56561815.28024597,1490810.816241632,30304084.08392291,620712.9415750093,9748633.692211336,91074.67870730546
2010-02-16,97576642.12650858,-35000.0,57285661.301906005,1490810.816241632,30342374.294563666,620712.9415750093,9983606.530038903,91074.67870730546
2010-02-17,97797241.05157179,-35000.0,57608807.558163956,1490810.816241632,30273524.844634708,620712.9415750093,9949908.64877312,91074.67870730546
2010-02-18,98183532.71118793,-35000.0,57970704.97753022,1490810.816241632,30231434.263696607,620712.9415750093,10016393.469961103,91074.67870730546
2010-02-19,98111248.42608783,-35000.0,57944868.97312735,1490810.816241632,30231434.263696607,620712.9415750093,9969945.189263873,91074.67870730546
2010-02-22,97946999.90690914,-35000.0,57828541.55290708,1490810.816241632,30219943.17519005,620712.9415750093,9933515.17881202,91074.67870730546
2010-02-23,97204583.00887017,-35000.0,57078831.09188445,1490810.816241632,30334704.8868421,620712.9415750093,9826047.030143613,91074.67870730546
2010-02-24,97776228.56871301,-35000.0,57660508.00192941,1490810.816241632,30372943.005179714,620712.9415750093,9777777.561603887,91074.67870730546
2010-02-25,97891903.81246799,-35000.0,57647581.46924007,1490810.816241632,30415024.11478997,620712.9415750093,9864298.228437966,91074.67870730546
2010-02-26,98235154.32936223,-35000.0,57854383.24430189,1490810.816241632,30449468.966326118,620712.9415750093,9966302.118734222,91074.67870730546
2010-03-01,99107525.52927156,-35000.0,58694528.25122249,1490810.816241632,30481695.15931484,620712.9415750093,9966302.118734222,91074.67870730546
2010-03-02,99456288.9860587,-35000.0,58875494.02188146,1490810.816241632,30504684.439823844,620712.9415750093,10111110.524353404,91074.67870730546
2010-03-03,99580307.45988932,-35000.0,58940120.998336285,1490810.816241632,30508520.327600606,620712.9415750093,10166666.133952431,91074.67870730546
2010-03-04,99724354.81251113,-35000.0,59134007.61469265,1490810.816241632,30531540.3899251,620712.9415750093,10093806.80789338,91074.67870730546
2010-03-05,100568338.72103696,-35000.0,60025841.69139481,1490810.816241632,30485512.10443591,620712.9415750093,10091984.92520623,91074.67870730546
2010-03-08,100550109.61347178,-35000.0,60142197.54657481,1490810.816241632,30435626.62068232,620712.9415750093,10007285.446214646,91074.67870730546
2010-03-09,100890784.0808849,-35000.0,60478247.587554336,1490810.816241632,30454822.63438986,620712.9415750093,9992713.8589407,91074.67870730546
2010-03-10,101245083.88161194,-35000.0,60969398.95983022,1490810.816241632,30431814.411225166,620712.9415750093,9878870.510556567,91074.67870730546
2010-03-11,101485739.45935573,-35000.0,61202065.17425465,1490810.816241632,30427964.31645664,620712.9415750093,9890709.968644442,91074.67870730546
2010-03-12,101450973.55874276,-35000.0,61214997.393935956,1490810.816241632,30439464.876291048,620712.9415750093,9831511.288515763,91074.67870730546
2010-03-15,101375426.40128976,-35000.0,61059879.00166373,1490810.816241632,30481695.15931484,620712.9415750093,9868852.240311192,91074.67870730546
2010-03-16,102002706.35095744,-35000.0,61447680.66933621,1490810.816241632,30535381.013365783,620712.9415750093,10054644.668255454,91074.67870730546
2010-03-17,102104637.86125728,-35000.0,61615697.15933805,1490810.816241632,30543066.995911073,620712.9415750093,9980873.70600817,91074.67870730546
2010-03-18,102326051.75745097,-35000.0,61822521.682367675,1490810.816241632,30489350.36004464,620712.9415750093,10049179.71503865,91074.67870730546
2010-03-19,101787483.5163888,-35000.0,61448556.46609563,1490810.816241632,30512360.95104129,620712.9415750093,9861566.09925189,91074.67870730546
2010-03-22,102326306.94958761,-35000.0,62004943.32296437,1490810.816241632,30543066.995911073,620712.9415750093,9813296.630712163,91074.67870730546
2010-03-23,102805215.90480943,-35000.0,62431939.739116825,1490810.816241632,30543066.995911073,620712.9415750093,9865209.169781541,91074.67870730546
2010-03-24,102170219.98269348,-35000.0,62134345.13766454,1490810.816241632,30389636.22050451,620712.9415750093,9681238.624524431,91074.67870730546
2010-03-25,102027453.95557256,-35000.0,62043779.79095186,1490810.816241632,30293720.083429772,620712.9415750093,9724954.081190933,91074.67870730546
2010-03-26,102322182.88278174,-35000.0,62108446.57635027,1490810.816241632,30358937.27913061,620712.9415750093,9889799.027300864,91074.67870730546
2010-03-29,102569143.9446357,-35000.0,62406052.55178646,1490810.816241632,30293720.083429772,620712.9415750093,9904371.309419468,91074.67870730546
2010-03-30,102766481.80293144,-35000.0,62613087.493518025,1490810.816241632,30355061.138210513,620712.9415750093,9833333.171202915,91074.67870730546
2010-03-31,102549085.97903052,-35904.746754024585,61550994.43547072,1472521.6654615947,30775497.21773536,628753.6730158426,10258499.072578454,94157.86470789768
2010-04-01,102662688.14480914,-35904.746754024585,61550994.43547072,1472521.6654615947,30765752.09225676,628753.6730158426,10381846.363835698,94157.86470789768
2010-04-05,103117845.81112187,-35904.746754024585,62126113.95267609,1472521.6654615947,30586471.04521042,628753.6730158426,10441165.559989374,94157.86470789768
2010-04-06,103333322.69407913,-35904.746754024585,62305028.166110754,1472521.6654615947,30609851.671143334,628753.6730158426,10454347.60357908,94157.86470789768
2010-04-07,103434382.79247835,-35904.746754024585,62151683.558012016,1472521.6654615947,30726785.981371846,628753.6730158426,10591817.99984851,94157.86470789768
2010-04-08,103574471.63071705,-35904.746754024585,62292282.68401339,1472521.6654615947,30711210.090439517,628753.6730158426,10606883.603018174,94157.86470789768
2010-04-09,104096766.20509692,-35904.746754024585,62662923.99967255,1472521.6654615947,30769647.264242303,628753.6730158426,10700099.687936092,94157.86470789768
2010-04-12,104119727.40082945,-35904.746754024585,62714007.03810068,1472521.6654615947,30800844.617700387,628753.6730158426,10640780.491782418,94157.86470789768
2010-04-13,104471513.0992165,-35904.746754024585,63033559.69810731,1472521.6654615947,30863208.144052636,628753.6730158426,10610650.003810588,94157.86470789768
2010-04-14,105234185.97054684,-35904.746754024585,63787604.6631961,1472521.6654615947,30839822.72110989,628753.6730158426,10642663.332994875,94157.86470789768
2010-04-15,105620480.24964201,-35904.746754024585,64068752.360179506,1472521.6654615947,30886591.168490473,628753.6730158426,10701041.46772607,94157.86470789768
2010-04-16,104693046.89007057,-35904.746754024585,63301961.91299336,1472521.6654615947,30952869.054867603,628753.6730158426,10474120.668963637,94157.86470789768
2010-04-19,104607229.28120112,-35904.746754024585,63263596.27054073,1472521.6654615947,30913890.951458104,628753.6730158426,10465646.805956326,94157.86470789768
2010-04-20,104987096.61935996,-35904.746754024585,63583087.141079284,1472521.6654615947,30945078.71089652,628753.6730158426,10494835.514138175,94157.86470789768
2010-04-21,105448394.36958241,-35904.746754024585,63940994.20908979,1472521.6654615947,30968435.351780266,628753.6730158426,10574869.555466391,94157.86470789768
2010-04-22,105742473.37499452,-35904.746754024585,64298805.78428603,1472521.6654615947,30948957.093347643,628753.6730158426,10530615.244114878,94157.86470789768
2010-04-23,106114607.01556823,-35904.746754024585,64567196.764723316,1472521.6654615947,30925586.061434396,628753.6730158426,10657728.936164536,94157.86470789768
2010-04-26,105916985.58088973,-35904.746754024585,64426614.49039506,1472521.6654615947,30909976.591433227,628753.6730158426,10616299.245815463,94157.86470789768
2010-04-27,104839528.73117341,-35904.746754024585,63059089.98287265,1472521.6654615947,31023027.722200777,628753.6730158426,10793315.77285401,94157.86470789768
2010-04-28,104828235.95455548,-35904.746754024585,63097427.53920343,1472521.6654615947,31003527.877223898,628753.6730158426,10763185.284882186,94157.86470789768
2010-04-29,105936269.6350267,-35904.746754024585,64196583.53518603,1472521.6654615947,31015230.18271494,628753.6730158426,10760360.663879747,94157.86470789768
2010-04-30,104825625.97492942,-36701.81472637953,62917396.67379349,1472196.5184505847,31458698.33689674,635905.5748939181,10486232.778965581,90900.07561966521
2010-05-03,105723906.92033106,-36701.81472637953,63799061.239164405,1472196.5184505847,31441681.439283665,635905.5748939181,10519866.056609372,90900.07561966521
2010-05-04,103820000.3279585,-36701.81472637953,61882393.28037472,1472196.5184505847,31532616.926214695,635905.5748939181,10441691.936095458,90900.07561966521
2010-05-05,103536427.3995602,-36701.81472637953,61562989.80445934,1472196.5184505847,31548450.03964599,635905.5748939181,10461689.37018125,90900.07561966521
2010-05-06,101910843.63430986,-36701.81472637953,59505770.61326586,1472196.5184505847,31671025.069779772,635905.5748939181,10770749.765990619,90900.07561966521
2010-05-07,100329534.22156857,-36701.81472637953,58023532.71536356,1472196.5184505847,31591951.6825391,635905.5748939181,10750751.638392286,90900.07561966521
2010-05-10,103245852.94078591,-36701.81472637953,61039057.80603173,1472196.5184505847,31556375.086617034,635905.5748939181,10687121.862863537,90900.07561966521
2010-05-11,103506323.5887656,-36701.81472637953,60975181.60363588,1472196.5184505847,31599840.342701282,635905.5748939181,10968003.457154823,90900.07561966521
2010-05-12,104636612.32109761,-36701.81472637953,62125183.502106495,1472196.5184505847,31512861.314787634,635905.5748939181,11035269.318929864,90900.07561966521
2010-05-13,103635685.30463965,-36701.81472637953,61141302.41134374,1472196.5184505847,31572171.813239463,635905.5748939181,10958912.894782826,90900.07561966521
2010-05-14,102549599.6269531,-36701.81472637953,59965747.785521165,1472196.5184505847,31678911.30415469,635905.5748939181,10941642.352003617,90900.07561966521
2010-05-17,102653413.97007735,-36701.81472637953,60157410.08861291,1472196.5184505847,31682872.614746585,635905.5748939181,10849833.081444243,90900.07561966521
2010-05-18,101953289.29372457,-36701.81472637953,59326862.20991397,1472196.5184505847,31801479.056926697,635905.5748939181,10861649.841610283,90900.07561966521
2010-05-19,101228497.13312833,-36701.81472637953,58854097.44201461,1472196.5184505847,31809425.935983066,635905.5748939181,10601675.569857037,90900.07561966521
2010-05-20,99027024.90200463,-36701.81472637953,56669108.998077326,1472196.5184505847,31864753.29175768,635905.5748939181,10529864.426895998,90900.07561966521
2010-05-21,99640274.0666278,-36701.81472637953,57295223.82599259,1472196.5184505847,31908245.231501766,635905.5748939181,10473506.823859831,90900.07561966521
2010-05-24,99553593.59529561,-36701.81472637953,57065232.43187292,1472196.5184505847,31904298.475633416,635905.5748939181,10620764.502515664,90900.07561966521
2010-05-25,99659855.50600015,-36701.81472637953,57116315.422640696,1472196.5184505847,31912208.967880916,635905.5748939181,10668032.930204911,90900.07561966521
2010-05-26,99082372.13656378,-36701.81472637953,56477463.54293769,1472196.5184505847,31872678.33872873,635905.5748939181,10768932.069623744,90900.07561966521
2010-05-27,101113650.14334153,-36701.81472637953,58611318.4522509,1472196.5184505847,31750103.30859495,635905.5748939181,10788930.197222074,90900.07561966521
2010-05-28,100849170.29634908,-36701.81472637953,58266322.93709535,1472196.5184505847,31813348.433978837,635905.5748939181,10806200.740001284,90900.07561966521
2010-06-01,100431501.11246946,-36701.81472637953,57729642.65491191,1472196.5184505847,31838731.871843867,635905.5748939181,10899828.400440075,90900.07561966521
2010-06-02,101759147.15568936,-36701.81472637953,59096859.58382624,1472196.5184505847,31810978.439828023,635905.5748939181,10888010.946761493,90900.07561966521
2010-06-03,102120240.9798557,-36701.81472637953,59659086.97737756,1472196.5184505847,31775282.980330326,635905.5748939181,10722572.836874204,90900.07561966521
2010-06-04,100274898.00425792,-36701.81472637953,57614683.461748295,1472196.5184505847,31862536.122204103,635905.5748939181,10834380.235031908,90900.07561966521
2010-06-07,99535320.35961455,-36701.81472637953,56566886.856701456,1472196.5184505847,31961685.324789856,635905.5748939181,11043449.992849614,90900.07561966521
2010-06-08,99376646.75993302,-36701.81472637953,56464664.71532559,1472196.5184505847,31949774.709354334,635905.5748939181,10998909.14997949,90900.07561966521
2010-06-09,98863880.12085299,-36701.81472637953,55991894.33144221,1472196.5184505847,31949774.709354334,635905.5748939181,10958912.894782826,90900.07561966521
2010-06-10,100185680.05358888,-36701.81472637953,57589091.422508106,1472196.5184505847,31818908.338373587,635905.5748939181,10814382.107433576,90900.07561966521
2010-06-11,100881225.69211583,-36701.81472637953,58138548.06836752,1472196.5184505847,31870461.169175155,635905.5748939181,10908918.269299533,90900.07561966521
2010-06-14,100839118.03742534,-36701.81472637953,58125760.472723484,1472196.5184505847,31878410.474018775,635905.5748939181,10871648.905409452,90900.07561966521
2010-06-15,102468806.59704019,-36701.81472637953,59684650.936697595,1472196.5184505847,31822857.52002919,635905.5748939181,10997999.95503978,90900.07561966521
2010-06-16,102726948.97868325,-36701.81472637953,59927429.92646131,1472196.5184505847,31898214.601190995,635905.5748939181,10938006.265757322,90900.07561966521
2010-06-17,103148564.75384404,-36701.81472637953,60119069.765616916,1472196.5184505847,31985477.446213804,635905.5748939181,11080719.356739696,90900.07561966521
2010-06-18,103271143.25378251,-36701.81472637953,60168990.24768977,1472196.5184505847,31973598.366012633,635905.5748939181,11165256.454806486,90900.07561966521
2010-06-21,102545192.67983846,-36701.81472637953,59656930.439508736,1472196.5184505847,31981504.00668562,635905.5748939181,10943460.048370492,90900.07561966521
2010-06-22,102256040.78287828,-36701.81472637953,59196060.32579214,1472196.5184505847,32056868.365209196,635905.5748939181,11039813.906603325,90900.07561966521
2010-06-23,102046665.54920268,-36701.81472637953,58952826.441321716,1472196.5184505847,32136177.05381386,635905.5748939181,10994363.868793491,90900.07561966521
2010-06-24,101138735.66416347,-36701.81472637953,58056706.333048835,1472196.5184505847,32092551.695770603,635905.5748939181,11026179.450070404,90900.07561966521
2010-06-25,101322659.43756118,-36701.81472637953,58068247.180237465,1472196.5184505847,32132220.594796482,635905.5748939181,11158893.477253614,90900.07561966521
2010-06-28,101025091.1450854,-36701.81472637953,57862999.811768934,1472196.5184505847,32191703.32414361,635905.5748939181,11007089.823899241,90900.07561966521
2010-06-29,98884889.04509488,-36701.81472637953,55631078.589264564,1472196.5184505847,32267060.405305408,635905.5748939181,11023451.865251282,90900.07561966521
2010-06-30,98049174.24544567,-34329.22621508126,58850102.08299644,1581449.1737294672,29425051.041498225,579754.2388341745,9808350.347166074,80607.74426829835
2010-07-01,97523973.96781543,-34329.22621508126,58684756.47541597,1581449.1737294672,29439216.25565431,579754.2388341745,9434330.462960234,80607.74426829835
2010-07-02,97457368.29801998,-34329.22621508126,58519404.83508564,1581449.1737294672,29421081.242995467,579754.2388341745,9551211.446153952,80607.74426829835
2010-07-06,97549392.77264318,-34329.22621508126,58698523.210548,1581449.1737294672,29493590.33141411,579754.2388341745,9391608.456896162,80607.74426829835
2010-07-07,99485449.94793484,-34329.22621508126,60572482.32570897,1581449.1737294672,29457346.845139336,579754.2388341745,9489950.00330161,80607.74426829835
2010-07-08,99752477.45913306,-34329.22621508126,60903203.704619125,1581449.1737294672,29435569.348840356,579754.2388341745,9448033.631888656,80607.74426829835
2010-07-09,100391232.83231801,-34329.22621508126,61481883.167401604,1581449.1737294672,29402946.230336625,579754.2388341745,9540732.660794856,80607.74426829835
2010-07-12,100498998.10029621,-34329.22621508126,61661007.57561379,1581449.1737294672,29413807.33364974,579754.2388341745,9458512.417247754,80607.74426829835
2010-07-13,101329672.47301435,-34329.22621508126,62460202.143252134,1581449.1737294672,29363066.89518244,579754.2388341745,9540732.660794856,80607.74426829835
2010-07-14,101717897.98015562,-34329.22621508126,62777114.55778138,1581449.1737294672,29439216.25565431,579754.2388341745,9535896.392935008,80607.74426829835
2010-07-15,101796381.05824175,-34329.22621508126,62832241.82580789,1581449.1737294672,29468214.583213184,579754.2388341745,9530253.875435758,80607.74426829835
2010-07-16,100032337.03486496,-34329.22621508126,61096052.61871447,1581449.1737294672,29566108.266180392,579754.2388341745,9404505.376185182,80607.74426829835
2010-07-19,100447556.38830389,-34329.22621508126,61619701.33746786,1581449.1737294672,29533449.762286104,579754.2388341745,9328734.514765013,80607.74426829835
2010-07-20,101262156.46098116,-34329.22621508126,62363738.473330505,1581449.1737294672,29529853.721971076,579754.2388341745,9402893.491894659,80607.74426829835
2010-07-21,100448552.37827258,-34329.22621508126,61509470.932414226,1581449.1737294672,29635003.62158873,579754.2388341745,9338407.050484708,80607.74426829835
2010-07-22,102054326.21120119,-34329.22621508126,63066469.371047236,1581449.1737294672,29602365.021976627,579754.2388341745,9419821.044392409,80607.74426829835
2010-07-23,102341104.6987036,-34329.22621508126,63466078.72036607,1581449.1737294672,29551602.46764023,579754.2388341745,9357752.736912379,80607.74426829835
2010-07-26,102833234.40061587,-34329.22621508126,63989649.01337157,1581449.1737294672,29566108.266180392,579754.2388341745,9311806.34727898,80607.74426829835
2010-07-27,102629161.94312423,-34329.22621508126,63962103.477607824,1581449.1737294672,29551602.46764023,579754.2388341745,9149785.224091267,80607.74426829835
2010-07-28,102191854.5961956,-34329.22621508126,63452269.75598517,1581449.1737294672,29602365.021976627,579754.2388341745,9171549.044448862,80607.74426829835
2010-07-29,101797136.16160288,-34329.22621508126,62983802.600006826,1581449.1737294672,29635003.62158873,579754.2388341745,9212659.166222412,80607.74426829835
2010-07-30,102075158.54516742,-34329.22621508126,63121578.54082421,1581449.1737294672,29678521.017209228,579754.2388341745,9309388.213349055,80607.74426829835
2010-08-02,103257637.23168908,-34329.22621508126,64306579.52615034,1581449.1737294672,29671968.085196037,579754.2388341745,9313418.846557785,80607.74426829835
2010-08-03,103098361.13585903,-34329.22621508126,64031021.61176571,1581449.1737294672,29751976.664825186,579754.2388341745,9349692.085483205,80607.74426829835
2010-08-04,103746642.7497153,-34329.22621508126,64678637.30695561,1581449.1737294672,29693798.65958085,579754.2388341745,9408536.00939391,80607.74426829835
2010-08-05,103663263.36539537,-34329.22621508126,64527040.336257644,1581449.1737294672,29741058.060252417,579754.2388341745,9429494.195100386,80607.74426829835
2010-08-06,103723411.3190451,-34329.22621508126,64430594.76458553,1581449.1737294672,29828329.49129274,579754.2388341745,9498816.289381903,80607.74426829835
2010-08-09,104092490.97250614,-34329.22621508126,64871504.31930047,1581449.1737294672,29791966.57932485,579754.2388341745,9463349.300095884,80607.74426829835
2010-08-10,103615987.37144619,-34329.22621508126,64306579.52615034,1581449.1737294672,29853787.068209328,579754.2388341745,9489950.00330161,80607.74426829835
2010-08-11,101856456.1908769,-34329.22621508126,62556659.78042391,1581449.1737294672,29875613.219420318,579754.2388341745,9458512.417247754,80607.74426829835
2010-08-12,101421106.69856602,-34329.22621508126,62060598.82668313,1581449.1737294672,29821055.581947017,579754.2388341745,9573781.516150951,80607.74426829835
2010-08-13,101061433.29234247,-34329.22621508126,61619701.33746786,1581449.1737294672,29904697.798868667,579754.2388341745,9571363.382221026,80607.74426829835
2010-08-16,101364177.72428583,-34329.22621508126,61729925.70977168,1581449.1737294672,30017415.748891026,579754.2388341745,9651165.491838206,80607.74426829835
2010-08-17,102107552.26205252,-34329.22621508126,62515305.28027928,1581449.1737294672,29973798.831859592,579754.2388341745,9652777.376128728,80607.74426829835
2010-08-18,102375280.38638248,-34329.22621508126,62763335.75714968,1581449.1737294672,29955610.741114922,579754.2388341745,9690663.114332953,80607.74426829835
2010-08-19,101507330.85604057,-34329.22621508126,61812586.44806224,1581449.1737294672,30024707.35093203,579754.2388341745,9704366.283261376,80607.74426829835
2010-08-20,101516107.36828248,-34329.22621508126,61895241.153602965,1581449.1737294672,29984684.26262872,579754.2388341745,9670511.178265879,80607.74426829835
2010-08-23,100912727.84767656,-34329.22621508126,61288998.05680723,1581449.1737294672,30002863.507025756,579754.2388341745,9655195.51005865,80607.74426829835
2010-08-24,99921280.45048806,-34329.22621508126,60145327.44062638,1581449.1737294672,30108334.08674531,579754.2388341745,9701948.149331452,80607.74426829835
2010-08-25,100540621.58186407,-34329.22621508126,60724055.16540758,1581449.1737294672,30068339.749071825,579754.2388341745,9782555.89359975,80607.74426829835
2010-08-26,99803519.29047662,-34329.22621508126,59993760.63367762,1581449.1737294672,30093775.21011931,579754.2388341745,9750312.672894774,80607.74426829835
2010-08-27,100399679.98641092,-34329.22621508126,60724055.16540758,1581449.1737294672,29955610.741114922,579754.2388341745,9754343.306103503,80607.74426829835
2010-08-30,99892305.02779873,-34329.22621508126,60090212.23809956,1581449.1737294672,30090139.361239903,579754.2388341745,9746282.65467433,80607.74426829835
2010-08-31,99795905.07014778,-34940.796053170336,59898507.51972057,1581845.0239789358,29949253.759860285,576064.8391530709,9983084.586620096,81774.93804788428
2010-09-01,101460062.94759668,-34940.796053170336,61690224.10259075,1581845.0239789358,29853587.23036623,576064.8391530709,9951192.410692882,81774.93804788428
2010-09-02,102140290.73132145,-34940.796053170336,62379348.650276154,1581845.0239789358,29795625.628355496,576064.8391530709,10000257.24874296,81774.93804788428
2010-09-03,103084481.87738551,-34940.796053170336,63413047.54032403,1581845.0239789358,29741281.13268802,576064.8391530709,9965094.000426639,81774.93804788428
2010-09-07,102852709.41596837,-34940.796053170336,62985785.73472157,1581845.0239789358,29868079.828381877,576064.8391530709,10033784.648918096,81774.93804788428
2010-09-08,103528231.8047082,-34940.796053170336,63743815.49606365,1581845.0239789358,29784754.531709034,576064.8391530709,10034602.572988689,81774.93804788428
2010-09-09,103569977.52279468,-34940.796053170336,63991902.02282316,1581845.0239789358,29672455.026569724,576064.8391530709,9940561.26945497,81774.93804788428
2010-09-10,103781924.52697079,-34940.796053170336,64226188.197219715,1581845.0239789358,29636213.64272225,576064.8391530709,9954463.48308199,81774.93804788428
2010-09-13,104744912.61734183,-34940.796053170336,65122082.69421412,1581845.0239789358,29712302.529195618,576064.8391530709,9945468.189985262,81774.93804788428
2010-09-14,105260265.10663183,-34940.796053170336,65397715.61736059,1581845.0239789358,29755762.743138835,576064.8391530709,10141727.542185571,81774.93804788428
2010-09-15,105638215.78382486,-34940.796053170336,65811171.0363402,1581845.0239789358,29726799.5222372,576064.8391530709,10135186.021300621,81774.93804788428
2010-09-16,105909424.37206891,-34940.796053170336,66073045.84694291,1581845.0239789358,29679709.01687293,576064.8391530709,10191610.30430624,81774.93804788428
2010-09-17,106154821.30274598,-34940.796053170336,66296832.409135,1581845.0239789358,29708678.830313463,576064.8391530709,10184250.8593507,81774.93804788428
2010-09-20,107364001.17278427,-34940.796053170336,67457292.99664202,1581845.0239789358,29730412.233554523,576064.8391530709,10211236.738640886,81774.93804788428
2010-09-21,107552102.2392576,-34940.796053170336,67443468.50723948,1581845.0239789358,29839114.40996728,576064.8391530709,10304460.118104013,81774.93804788428
2010-09-22,107413397.9200484,-34940.796053170336,67263876.86446428,1581845.0239789358,29864464.919551592,576064.8391530709,10319996.932085691,81774.93804788428
2010-09-23,107401189.67891474,-34940.796053170336,67236252.02269879,1581845.0239789358,29871703.527264033,576064.8391530709,10328174.92500509,81774.93804788428
2010-09-24,108731914.15971267,-34940.796053170336,68603917.02622671,1581845.0239789358,29802870.828606836,576064.8391530709,10360067.100932304,81774.93804788428
2010-09-27,108488142.32350543,-34940.796053170336,68230891.14849412,1581845.0239789358,29929671.721813668,576064.8391530709,10362520.249250818,81774.93804788428
2010-09-28,108618130.85595258,-34940.796053170336,68203254.23820885,1581845.0239789358,29994891.70915354,576064.8391530709,10454925.704643352,81774.93804788428
2010-09-29,108483213.14808105,-34940.796053170336,68092754.87114684,1581845.0239789358,29962295.999317884,576064.8391530709,10463103.07366949,81774.93804788428
2010-09-30,108123690.1295148,-37856.54133479736,64896928.00250976,1514362.324349227,32448464.001254883,624166.6190059967,10816154.667084962,84560.66263321528
2010-10-01,108102474.11225179,-37856.54133479736,64817554.30585235,1514362.324349227,32422061.018016063,624166.6190059967,10900715.329718178,84560.66263321528
2010-10-04,107446174.80896045,-37856.54133479736,64116633.72822988,1514362.324349227,32504734.332473483,624166.6190059967,10862663.289591894,84560.66263321528
2010-10-05,109228582.8629186,-37856.54133479736,65677222.27678963,1514362.324349227,32512615.464633323,624166.6190059967,11076601.662830463,84560.66263321528
2010-10-06,108804026.63227755,-37856.54133479736,65108527.64842417,1514362.324349227,32587414.78995099,624166.6190059967,11145940.735237176,84560.66263321528
2010-10-07,108975405.96833695,-37856.54133479736,65346585.19322439,1514362.324349227,32642504.14184896,624166.6190059967,11024173.174598416,84560.66263321528
2010-10-08,109494779.5717206,-37856.54133479736,65796242.38393901,1514362.324349227,32603136.57715686,624166.6190059967,11133257.15195952,84560.66263321528
2010-10-11,109562688.81515777,-37856.54133479736,65822677.17548954,1514362.324349227,32591338.688984044,624166.6190059967,11186529.492018992,84560.66263321528
2010-10-12,109952995.1131456,-37856.54133479736,66272369.02720708,1514362.324349227,32559857.01846518,624166.6190059967,11158625.608808147,84560.66263321528
2010-10-13,110724806.41058366,-37856.54133479736,66814594.2030191,1514362.324349227,32611020.0903234,624166.6190059967,11337048.658575963,84560.66263321528
2010-10-14,110524068.73353708,-37856.54133479736,66682327.81592536,1514362.324349227,32485048.169120744,624166.6190059967,11394549.28982576,84560.66263321528
2010-10-15,111773951.76525584,-37856.54133479736,68097478.79628666,1514362.324349227,32410260.748836555,624166.6190059967,11304068.761467429,84560.66263321528
2010-10-18,111695411.79868372,-37856.54133479736,67846163.41787446,1514362.324349227,32532299.24697937,624166.6190059967,11354805.675164683,84560.66263321528
2010-10-19,110755184.9270114,-37856.54133479736,67211341.37279594,1514362.324349227,32579512.22873089,624166.6190059967,11002187.866819372,84560.66263321528
2010-10-20,111335055.82423097,-37856.54133479736,67700691.18867308,1514362.324349227,32567714.340558074,624166.6190059967,11104506.836334622,84560.66263321528
2010-10-21,111283312.76317582,-37856.54133479736,67832946.02209918,1514362.324349227,32540154.188065574,624166.6190059967,10948069.094345847,84560.66263321528
2010-10-22,111748518.11063364,-37856.54133479736,68295837.93909054,1514362.324349227,32520482.310753,624166.6190059967,10970054.402124891,84560.66263321528
2010-10-25,112193530.1142263,-37856.54133479736,68626469.24582197,1514362.324349227,32540154.188065574,624166.6190059967,11064763.221673544,84560.66263321528
2010-10-26,112290711.58754258,-37856.54133479736,68811639.87701966,1514362.324349227,32449628.313528646,624166.6190059967,11067299.938329076,84560.66263321528
2010-10-27,112320410.55038026,-37856.54133479736,69023245.2997679,1514362.324349227,32382724.406410996,624166.6190059967,10952297.385536171,84560.66263321528
2010-10-28,112721511.39107524,-37856.54133479736,69168694.42163399,1514362.324349227,32492931.682287276,624166.6190059967,11097741.828488767,84560.66263321528
2010-10-29,112738589.05750641,-37856.54133479736,69010027.90399262,1514362.324349227,32551983.029325422,624166.6190059967,11214434.665523151,84560.66263321528
2010-11-01,112731475.58923437,-37856.54133479736,69062909.04076132,1514362.324349227,32551180.63006927,624166.6190059967,11155242.459738562,84560.66263321528
2010-11-02,113575560.97574286,-37856.54133479736,69803545.35088158,1514362.324349227,32606429.509415794,624166.6190059967,11203442.656780286,84560.66263321528
2010-11-03,113850677.70000179,-37856.54133479736,70120918.82400103,1514362.324349227,32641968.415342625,624166.6190059967,11125647.001992926,84560.66263321528
2010-11-04,115190106.89226553,-37856.54133479736,70980586.7949383,1514362.324349227,32744589.80388922,624166.6190059967,11502786.83477281,84560.66263321528
2010-11-05,115081543.34583105,-37856.54133479736,70980586.7949383,1514362.324349227,32606429.509415794,624166.6190059967,11532383.58281176,84560.66263321528
2010-11-08,115300407.8277445,-37856.54133479736,71073154.78003569,1514362.324349227,32614341.594662674,624166.6190059967,11650767.994380936,84560.66263321528
2010-11-09,114565922.59248403,-37856.54133479736,70689642.33653557,1514362.324349227,32448556.86051598,624166.6190059967,11465579.936767265,84560.66263321528
2010-11-10,115050683.64810899,-37856.54133479736,71046737.31898662,1514362.324349227,32436697.066169098,624166.6190059967,11605105.804288058,84560.66263321528
2010-11-11,114648384.24471055,-37856.54133479736,70597062.79777054,1514362.324349227,32448556.86051598,624166.6190059967,11640621.12775881,84560.66263321528
2010-11-12,113016039.40435469,-37856.54133479736,69446467.69893199,1514362.324349227,32302513.052876014,624166.6190059967,11304915.193881482,84560.66263321528
2010-11-15,112490164.81401956,-37856.54133479736,69181917.59424306,1514362.324349227,32148580.970056124,624166.6190059967,11197522.791055169,84560.66263321528
2010-11-16,111336769.3455512,-37856.54133479736,68044551.44484742,1514362.324349227,32255164.353742894,624166.6190059967,11074910.08829567,84560.66263321528
2010-11-17,111493144.62757367,-37856.54133479736,68242933.69498657,1514362.324349227,32263047.86690943,624166.6190059967,11025019.60701247,84560.66263321528
2010-11-18,112735456.60018207,-37856.54133479736,69340647.65705642,1514362.324349227,32263047.86690943,624166.6190059967,11169617.617551012,84560.66263321528
2010-11-19,112805550.84396735,-37856.54133479736,69393551.90116039,1514362.324349227,32270936.14208936,624166.6190059967,11178919.342052398,84560.66263321528
2010-11-22,113590490.31921662,-37856.54133479736,69975475.47896875,1514362.324349227,32365714.494583227,624166.6190059967,11287156.886999447,84560.66263321528
2010-11-23,112566037.2929714,-37856.54133479736,68864532.56745599,1514362.324349227,32373562.292649347,624166.6190059967,11365798.974200862,84560.66263321528
2010-11-24,113781317.49640024,-37856.54133479736,70253185.21109477,1514362.324349227,32219639.73385623,624166.6190059967,11346349.092784036,84560.66263321528
2010-11-26,113302953.8290644,-37856.54133479736,69790299.07093723,1514362.324349227,32294641.44474295,624166.6190059967,11255869.854719019,84560.66263321528
2010-11-29,113307545.96591085,-37856.54133479736,69737412.15733472,1514362.324349227,32318296.746255953,624166.6190059967,11289693.603654979,84560.66263321528
2010-11-30,112595066.73319475,-39422.07108149669,67580693.28256574,1485559.8590624046,33790346.64128287,652356.7406418916,11263448.880427625,83174.19164616836
2010-12-01,113812073.6333969,-39422.07108149669,69007849.4401988,1485559.8590624046,33583523.79309734,652356.7406418916,11260122.471182255,83174.19164616836
2010-12-02,114468711.93408713,-39422.07108149669,69708438.84410012,1485559.8590624046,33554544.70433401,652356.7406418916,11245150.456734473,83174.19164616836
2010-12-03,114942799.30084671,-39422.07108149669,69890047.94750653,1485559.8590624046,33608312.174649216,652356.7406418916,11483861.249772439,83174.19164616836
2010-12-06,115115054.82753827,-39422.07108149669,69864104.59944291,1485559.8590624046,33720010.44851286,652356.7406418916,11570361.850663979,83174.19164616836
2010-12-07,114692839.36706519,-39422.07108149669,69903025.28849947,1485559.8590624046,33475958.989945237,652356.7406418916,11353277.15970198,83174.19164616836
2010-12-08,114636391.07341982,-39422.07108149669,70162538.10659145,1485559.8590624046,33302226.30434331,652356.7406418916,11211048.733566556,83174.19164616836
2010-12-09,114778415.38675795,-39422.07108149669,70227379.4758671,1485559.8590624046,33331168.064954516,652356.7406418916,11259289.917017829,83174.19164616836
2010-12-10,115141236.90376209,-39422.07108149669,70694410.7436623,1485559.8590624046,33223630.635780636,652356.7406418916,11262617.595400644,83174.19164616836
2010-12-13,115034851.448274,-39422.07108149669,70447926.26921345,1485559.8590624046,33310498.22285334,652356.7406418916,11315849.027288694,83174.19164616836
2010-12-14,114964462.63044927,-39422.07108149669,70577677.01129831,1485559.8590624046,33099546.881043218,652356.7406418916,11326660.809189232,83174.19164616836
2010-12-15,114426582.99758604,-39422.07108149669,70266288.83100137,1485559.8590624046,32996152.876754776,652356.7406418916,11203563.360911388,83174.19164616836
2010-12-16,114971884.55807364,-39422.07108149669,70811195.47867648,1485559.8590624046,33070572.76936684,652356.7406418916,11129538.381111797,83174.19164616836
2010-12-17,115269410.72855175,-39422.07108149669,70873594.3877041,1485559.8590624046,33273262.14684083,652356.7406418916,11161976.265088305,83174.19164616836
2010-12-20,115417767.35537125,-39422.07108149669,70925577.42217058,1485559.8590624046,33293946.92020285,652356.7406418916,11237665.084079305,83174.19164616836
2010-12-21,115901467.26434779,-39422.07108149669,71354589.04772928,1485559.8590624046,33331168.064954516,652356.7406418916,11255132.222745476,83174.19164616836
2010-12-22,115828771.72277232,-39422.07108149669,71341572.03800842,1485559.8590624046,33293946.92020285,652356.7406418916,11232674.835642526,83174.19164616836
2010-12-23,115577137.7267076,-39422.07108149669,71159594.5821284,1485559.8590624046,33256728.26399466,652356.7406418916,11200236.951666018,83174.19164616836
2010-12-27,115738933.19507524,-39422.07108149669,71198554.93991289,1485559.8590624046,33349620.614819705,652356.7406418916,11230179.711424137,83174.19164616836
2010-12-28,115575280.48046727,-39422.07108149669,71068571.8524216,1485559.8590624046,33132968.019908957,652356.7406418916,11413162.679218218,83174.19164616836
2010-12-29,115967877.3031445,-39422.07108149669,71224571.95847121,1485559.8590624046,33328808.925740466,652356.7406418916,11453918.49001432,83174.19164616836
2010-12-30,115746459.01432852,-39422.07108149669,71055571.84358412,1485559.8590624046,33332949.862082433,652356.7406418916,11397359.379743455,83174.19164616836
2010-12-31,115699046.78693312,-40508.84447099145,69443733.37884247,1457192.6931405957,34721866.68942124,677253.181391653,11573955.563140415,83433.93498624819
2011-01-03,116679628.06877874,-40508.84447099145,70527617.16659808,1457192.6931405957,34678636.7185494,677253.181391653,11513883.02810225,83433.93498624819
2011-01-04,116361754.1110552,-40508.84447099145,70476604.52719015,1457192.6931405957,34682935.688939095,677253.181391653,11242722.739396943,83433.93498624819
2011-01-05,116777976.46754695,-40508.84447099145,71075921.04868579,1457192.6931405957,34531546.82662225,677253.181391653,11211017.436709909,83433.93498624819
2011-01-06,116992739.94704948,-40508.84447099145,71305436.23540409,1457192.6931405957,34561848.884134695,677253.181391653,11165963.671981692,83433.93498624819
2011-01-07,117037867.56236233,-40508.84447099145,71241688.50207838,1457192.6931405957,34691582.7165198,677253.181391653,11145105.18823513,83433.93498624819
2011-01-10,117432901.88245836,-40508.84447099145,71509458.99929088,1457192.6931405957,34773792.77467511,677253.181391653,11190158.952963347,83433.93498624819
2011-01-11,117531591.96525507,-40508.84447099145,71611445.36686388,1457192.6931405957,34704582.96832325,677253.181391653,11256072.47453894,83433.93498624819
2011-01-12,118065893.29382497,-40508.84447099145,72121505.05595534,1457192.6931405957,34682935.688939095,677253.181391653,11301961.393401539,83433.93498624819
2011-01-13,118081932.4397702,-40508.84447099145,72147019.71378277,1457192.6931405957,34791102.330931686,677253.181391653,11184319.239526734,83433.93498624819
2011-01-14,118456438.67142858,-40508.84447099145,72682605.17819965,1457192.6931405957,34743493.30067852,677253.181391653,11070849.037021402,83433.93498624819
2011-01-18,118687582.85311979,-40508.84447099145,72886594.58959255,1457192.6931405957,34708907.77387153,677253.181391653,11132589.334126705,83433.93498624819
2011-01-19,117926201.31322016,-40508.84447099145,72057768.44012758,1457192.6931405957,34752155.82935439,677253.181391653,11156785.888209173,83433.93498624819
2011-01-20,117076085.57254587,-40508.84447099145,71547692.07478917,1457192.6931405957,34622370.32665209,677253.181391653,10946532.015575599,83433.93498624819
2011-01-21,116582804.90540132,-40508.84447099145,70999382.63395247,1457192.6931405957,34691582.7165198,677253.181391653,10932348.399400035,83433.93498624819
2011-01-24,117504477.16957925,-40508.84447099145,71981246.7016412,1457192.6931405957,34687291.4966777,677253.181391653,10876447.815731347,83433.93498624819
2011-01-25,117675619.09919646,-40508.84447099145,72083249.74546112,1457192.6931405957,34778122.74725511,677253.181391653,10854755.450951215,83433.93498624819
2011-01-26,118025514.04922548,-40508.84447099145,72465791.73290524,1457192.6931405957,34657035.94245071,677253.181391653,10943195.218340509,83433.93498624819
2011-01-27,118271519.49446079,-40508.84447099145,72912087.01242405,1457192.6931405957,34726237.998254985,677253.181391653,10673703.328252748,83433.93498624819
2011-01-28,116692192.68306898,-40508.84447099145,71063163.71977207,1457192.6931405957,34799764.85960755,677253.181391653,10869772.948160348,83433.93498624819
2011-01-31,116913727.97913837,-40934.13173880702,70172797.26652631,1431997.4577710538,35086398.633263156,683766.9356294052,11695466.211087719,90055.18326642252
2011-02-01,118245360.07917725,-40934.13173880702,71488544.35084298,1431997.4577710538,35018531.6139984,683766.9356294052,11779218.246074675,90055.18326642252
2011-02-02,118061651.70100299,-40934.13173880702,71375768.21438482,1431997.4577710538,34979119.23607878,683766.9356294052,11747698.38227821,90055.18326642252
2011-02-03,118226302.91302373,-40934.13173880702,71501075.63963132,1431997.4577710538,34860866.45213677,683766.9356294052,11905294.952994449,90055.18326642252
2011-02-04,118460392.00850594,-40934.13173880702,71902044.105037,1431997.4577710538,34742616.27655862,683766.9356294052,11856665.75864912,90055.18326642252
2011-02-07,118804910.6544548,-40934.13173880702,72240377.97704822,1431997.4577710538,34747000.93620672,683766.9356294052,11858465.872938655,90055.18326642252
2011-02-08,119303070.02276891,-40934.13173880702,72716539.63782065,1431997.4577710538,34637517.47156092,683766.9356294052,11989947.045126174,90055.18326642252
2011-02-09,119254685.9903679,-40934.13173880702,72591264.9883949,1431997.4577710538,34720711.2368651,683766.9356294052,11983643.896846706,90055.18326642252
2011-02-10,119238135.752656,-40934.13173880702,72703997.42375876,1431997.4577710538,34611240.814038604,683766.9356294052,11963831.64659745,90055.18326642252
2011-02-11,119834944.34468654,-40934.13173880702,73230300.62759486,1431997.4577710538,34729475.339433596,683766.9356294052,11916102.50939689,90055.18326642252
2011-02-14,120106567.96805705,-40934.13173880702,73405744.1332682,1431997.4577710538,34768921.62608339,683766.9356294052,11972836.340444265,90055.18326642252
2011-02-15,120146332.30547145,-40934.13173880702,73305488.3603248,1431997.4577710538,34817085.0647522,683766.9356294052,12064693.012133269,90055.18326642252
2011-02-16,120647313.57900462,-40934.13173880702,73781644.55846046,1431997.4577710538,34830202.526602484,683766.9356294052,12076400.625680478,90055.18326642252
2011-02-17,120759474.7684727,-40934.13173880702,73756614.75670452,1431997.4577710538,34882742.79982782,683766.9356294052,12161051.343679158,90055.18326642252
2011-02-18,120629872.97853315,-40934.13173880702,73593691.61454593,1431997.4577710538,34882742.79982782,683766.9356294052,12194372.695898205,90055.18326642252
2011-02-22,118710272.44709104,-40934.13173880702,71463465.38535596,1431997.4577710538,35014120.87071169,683766.9356294052,12273620.322762186,90055.18326642252
2011-02-23,118226816.44009176,-40934.13173880702,70874505.73757824,1431997.4577710538,35009757.07797447,683766.9356294052,12383487.756277865,90055.18326642252
2011-02-24,118545010.19708705,-40934.13173880702,71250438.93859123,1431997.4577710538,35044774.36279054,683766.9356294052,12290731.027444093,90055.18326642252
2011-02-25,119712394.41976163,-40934.13173880702,72240377.97704822,1431997.4577710538,35141169.05758851,683766.9356294052,12371781.5168637,90055.18326642252
2011-02-28,119894167.91414452,-41977.650947782306,71961687.33905537,1423510.1028547839,35980843.66952769,699146.7016034857,11993614.55650923,87124.90365718657
2011-03-01,118925125.48779927,-41977.650947782306,70803233.6617928,1423510.1028547839,35963769.324192055,699146.7016034857,12200100.152762193,87124.90365718657
2011-03-02,119217380.70093292,-41977.650947782306,71176927.87088461,1423510.1028547839,35891914.12081299,699146.7016034857,12190516.360183083,87124.90365718657
2011-03-03,120321865.48076336,-41977.650947782306,72584516.45113513,1423510.1028547839,35748249.05361605,699146.7016034857,12031077.626959966,87124.90365718657
2011-03-04,120179165.86287093,-41977.650947782306,72210805.95126304,1423510.1028547839,35869481.706158504,699146.7016034857,12140855.85639716,87124.90365718657
2011-03-07,119235301.17656656,-41977.650947782306,71239202.09367642,1423510.1028547839,35864985.08850216,699146.7016034857,12173091.64533575,87124.90365718657
2011-03-08,119459021.89134124,-41977.650947782306,71525713.47691168,1423510.1028547839,35833559.43853499,699146.7016034857,12141726.626842342,87124.90365718657
2011-03-09,119040403.67405804,-41977.650947782306,71039906.11785826,1423510.1028547839,35896392.06923825,699146.7016034857,12146083.137909306,87124.90365718657
2011-03-10,117955051.90584664,-41977.650947782306,69931269.6467251,1423510.1028547839,36062561.560980976,699146.7016034857,12003198.349088341,87124.90365718657
2011-03-11,118434728.51879646,-41977.650947782306,70367254.369389,1423510.1028547839,36067047.510505274,699146.7016034857,12042404.28984997,87124.90365718657
2011-03-14,118277281.29504997,-41977.650947782306,70118130.32692124,1423510.1028547839,36102964.44406276,699146.7016034857,12098164.175013749,87124.90365718657
2011-03-15,117077534.3477006,-41977.650947782306,69121596.14522953,1423510.1028547839,36125404.85981628,699146.7016034857,11872510.993602563,87124.90365718657
2011-03-16,115576347.64171645,-41977.650947782306,67452415.64532863,1423510.1028547839,36296012.294489115,699146.7016034857,11869897.352846488,87124.90365718657
2011-03-17,116208914.2587346,-41977.650947782306,68075250.18766849,1423510.1028547839,36242143.56173541,699146.7016034857,11933498.160278486,87124.90365718657
2011-03-18,116172954.25654845,-41977.650947782306,67921796.46758877,1423510.1028547839,36237662.946277134,699146.7016034857,12055472.493630337,87124.90365718657
2011-03-21,117446571.26820086,-41977.650947782306,69231607.78453362,1423510.1028547839,36134382.0929309,699146.7016034857,12122559.041684119,87124.90365718657
2011-03-22,117300552.75809784,-41977.650947782306,69106874.71010667,1423510.1028547839,36120937.579523064,699146.7016034857,12114718.119415898,87124.90365718657
2011-03-23,117786126.07281917,-41977.650947782306,69493552.67109029,1423510.1028547839,36107442.392488025,699146.7016034857,12227108.660188638,87124.90365718657
2011-03-24,118865109.57451779,-41977.650947782306,70728496.99207848,1423510.1028547839,36049061.03987992,699146.7016034857,12129529.193507157,87124.90365718657
2011-03-25,118993856.36830658,-41977.650947782306,70903134.1567964,1423510.1028547839,35999686.25774954,699146.7016034857,12133013.604708413,87124.90365718657
2011-03-28,118513014.71926995,-41977.650947782306,70516456.1958128,1423510.1028547839,35968252.606683336,699146.7016034857,12070283.567721596,87124.90365718657
2011-03-29,119107485.95922063,-41977.650947782306,71202526.11698161,1423510.1028547839,35905403.97378201,699146.7016034857,12041533.519404788,87124.90365718657
2011-03-30,119547179.7437613,-41977.650947782306,71539294.55741414,1423510.1028547839,35968252.606683336,699146.7016034857,12081610.230611598,87124.90365718657
2011-03-31,119668356.91401926,-41898.58942620591,71826153.30206728,1427227.337694207,35913076.65103364,698858.9620243697,11971025.550344547,85592.91790435275
2011-04-01,119693480.59958297,-41898.58942620591,71863692.71740161,1427227.337694207,35957152.56053051,698858.9620243697,11914533.911077047,85592.91790435275
2011-04-04,119555651.62746595,-41898.58942620591,71626064.67944919,1427227.337694207,36002172.2111489,698858.9620243697,11969313.326294063,85592.91790435275
2011-04-05,119476209.25282261,-41898.58942620591,71438476.491582,1427227.337694207,35921157.10114464,698858.9620243697,12158474.249522164,85592.91790435275
2011-04-06,119625544.86747046,-41898.58942620591,71613591.46689938,1427227.337694207,35867131.92084136,698858.9620243697,12186720.069155915,85592.91790435275
2011-04-07,119577633.56415437,-41898.58942620591,71563546.17237389,1427227.337694207,35858139.72083331,698858.9620243697,12197846.26037337,85592.91790435275
2011-04-08,119315868.85959308,-41898.58942620591,71225849.32313143,1427227.337694207,35835639.226297915,698858.9620243697,12296278.899589945,85592.91790435275
2011-04-11,118995462.55051608,-41898.58942620591,70988226.72961922,1427227.337694207,35840160.65268797,698858.9620243697,12208973.757635105,85592.91790435275
2011-04-12,118545559.20975047,-41898.58942620591,70500486.5522841,1427227.337694207,35966158.090215415,698858.9620243697,12120813.156677164,85592.91790435275
2011-04-13,119238207.37130828,-41898.58942620591,71100790.53121997,1427227.337694207,36033680.901304565,698858.9620243697,12145634.528209943,85592.91790435275
2011-04-14,119258625.18826778,-41898.58942620591,70975709.96154763,1427227.337694207,36015696.50128848,698858.9620243697,12309117.314857885,85592.91790435275
2011-04-15,119352212.7803557,-41898.58942620591,70850662.05851662,1427227.337694207,36128196.30803007,698858.9620243697,12415253.003235223,85592.91790435275
2011-04-18,118967774.37597565,-41898.58942620591,70350377.89090881,1427227.337694207,36168721.19161211,698858.9620243697,12490573.882880943,85592.91790435275
2011-04-19,119464003.32378812,-41898.58942620591,70788110.8848,1427227.337694207,36227217.14553339,698858.9620243697,12490573.882880943,85592.91790435275
2011-04-20,121064171.02530512,-41898.58942620591,72388977.75451127,1427227.337694207,36177729.387232386,698858.9620243697,12539362.472987678,85592.91790435275
2011-04-21,121687023.39337276,-41898.58942620591,72964308.0861464,1427227.337694207,36204708.65319189,698858.9620243697,12559905.243460665,85592.91790435275
2011-04-25,121908262.59811957,-41898.58942620591,73151912.60733426,1427227.337694207,36227217.14553339,698858.9620243697,12571031.43467812,85592.91790435275
2011-04-26,122391564.8236703,-41898.58942620591,73564612.06508227,1427227.337694207,36339759.60724092,698858.9620243697,12529091.740773326,85592.91790435275
2011-04-27,123115160.619002,-41898.58942620591,74064863.56604874,1427227.337694207,36321732.552258894,698858.9620243697,12770463.090120574,85592.91790435275
2011-04-28,123123220.56720358,-41898.58942620591,73952321.54220888,1427227.337694207,36389266.02708952,698858.9620243697,12823531.587331384,85592.91790435275
2011-04-29,123328415.38167329,-41898.58942620591,73889770.36849228,1427227.337694207,36438751.11945516,698858.9620243697,13041792.48315206,85592.91790435275
2011-05-02,123033494.58118737,-41898.58942620591,73752211.14182991,1427227.337694207,36449150.93333934,698858.9620243697,12874031.095444325,85592.91790435275
2011-05-03,122678545.90206803,-41898.58942620591,73402008.41339627,1427227.337694207,36489769.1246594,698858.9620243697,12828666.95343856,85592.91790435275
2011-05-04,122427104.60914047,-41898.58942620591,73289466.38955641,1427227.337694207,36534895.412692636,698858.9620243697,12644641.396317635,85592.91790435275
2011-05-05,121743497.49686135,-41898.58942620591,72889245.58879842,1427227.337694207,36616134.46126811,698858.9620243697,12280016.036221033,85592.91790435275
2011-05-06,122164806.19536994,-41898.58942620591,73126851.84898996,1427227.337694207,36643201.70309487,698858.9620243697,12436651.232711311,85592.91790435275
2011-05-09,122649614.17924851,-41898.58942620591,73402008.41339627,1427227.337694207,36674819.696600765,698858.9620243697,12614684.658677679,85592.91790435275
2011-05-10,123224701.62728903,-41898.58942620591,74027373.15067643,1427227.337694207,36580035.03040274,698858.9620243697,12659192.03563606,85592.91790435275
2011-05-11,122615625.24655901,-41898.58942620591,73489582.23437561,1427227.337694207,36625155.98656524,698858.9620243697,12542785.61504437,85592.91790435275
2011-05-12,123021552.38407423,-41898.58942620591,73927331.56158748,1427227.337694207,36589053.889764495,698858.9620243697,12547065.522148443,85592.91790435275
2011-05-13,122118038.51761772,-41898.58942620591,73051838.35160398,1427227.337694207,36643201.70309487,698858.9620243697,12464897.052345062,85592.91790435275
2011-05-16,120918365.86721538,-41898.58942620591,71788662.88669497,1427227.337694207,36728959.51212502,698858.9620243697,12442642.05782159,85592.91790435275
2011-05-17,121123184.85863307,-41898.58942620591,71988740.62043262,1427227.337694207,36787623.4199747,698858.9620243697,12388719.407651959,85592.91790435275
2011-05-18,121693354.93735217,-41898.58942620591,72589093.59933048,1427227.337694207,36683830.55815641,698858.9620243697,12462329.369291473,85592.91790435275
2011-05-19,121896687.97960836,-41898.58942620591,72801698.99002019,1427227.337694207,36670279.60866311,698858.9620243697,12466607.970351268,85592.91790435275
2011-05-20,121535477.37088056,-41898.58942620591,72251413.08340867,1427227.337694207,36701862.94500918,698858.9620243697,12624099.931888929,85592.91790435275
2011-05-23,120524061.3909426,-41898.58942620591,71188315.35223731,1427227.337694207,36724443.41760571,698858.9620243697,12653201.21052578,85592.91790435275
2011-05-24,120173962.02072313,-41898.58942620591,70750598.69166678,1427227.337694207,36747010.560525395,698858.9620243697,12718251.357957149,85592.91790435275
2011-05-25,120461784.8629,-41898.58942620591,71025760.7005133,1427227.337694207,36760526.85285886,698858.9620243697,12717395.898954045,85592.91790435275
2011-05-26,120918384.17232113,-41898.58942620591,71463499.13884474,1427227.337694207,36810201.226635866,698858.9620243697,12686582.396266708,85592.91790435275
2011-05-27,121421266.43784298,-41898.58942620591,71826153.30206728,1427227.337694207,36823752.176129155,698858.9620243697,12813259.549072752,85592.91790435275
2011-05-31,122581481.14378387,-42918.5398892707,73574639.8102039,1438672.852238335,36787319.90510195,697313.2509167134,12262439.968367316,81946.27117337176
2011-06-01,121180468.39198704,-42918.5398892707,71973568.54956946,1438672.852238335,36965252.570610486,697313.2509167134,12284565.811696367,81946.27117337176
2011-06-02,121149088.19283262,-42918.5398892707,72124820.62403117,1438672.852238335,36816218.56827165,697313.2509167134,12250967.540419078,81946.27117337176
2011-06-03,120187079.28619535,-42918.5398892707,71040607.77662803,1438672.852238335,36879421.093760625,697313.2509167134,12309968.955695976,81946.27117337176
2011-06-06,119605924.67422237,-42918.5398892707,70460702.05456452,1438672.852238335,36856866.62349038,697313.2509167134,12331274.53605674,81946.27117337176
2011-06-07,119520100.2341157,-42918.5398892707,70334629.38930565,1438672.852238335,36902031.424848855,697313.2509167134,12326357.959850475,81946.27117337176
2011-06-08,119038071.44758818,-42918.5398892707,69830333.24016881,1438672.852238335,36974286.06288997,697313.2509167134,12276370.684418684,81946.27117337176
2011-06-09,119139812.91205548,-42918.5398892707,69956427.85783327,1438672.852238335,36888473.20631277,697313.2509167134,12337830.387798714,81946.27117337176
2011-06-10,118005201.93508203,-42918.5398892707,68884799.22693014,1438672.852238335,36933659.28798285,697313.2509167134,12229661.960058313,81946.27117337176
2011-06-13,117848585.56699555,-42918.5398892707,68884799.22693014,1438672.852238335,36897504.0385533,697313.2509167134,12109200.841401387,81946.27117337176
2011-06-14,118651337.68391839,-42918.5398892707,69767324.34804635,1438672.852238335,36743979.890464246,697313.2509167134,12182951.985297075,81946.27117337176
2011-06-15,117513476.46089366,-42918.5398892707,68443566.8509297,1438672.852238335,36893000.59260832,697313.2509167134,12219827.55724492,81946.27117337176
2011-06-16,117259017.92374736,-42918.5398892707,68178837.30391197,1438672.852238335,36915563.042995416,697313.2509167134,12207536.11672926,81946.27117337176
2011-06-17,117161094.68652476,-42918.5398892707,67965278.81430644,1438672.852238335,36951710.31230811,697313.2509167134,12287024.0997995,81946.27117337176
2011-06-20,117477119.48233819,-42918.5398892707,68319080.24697417,1438672.852238335,36906558.8111444,697313.2509167134,12294398.964108896,81946.27117337176
2011-06-21,119011634.91744222,-42918.5398892707,69784771.02238287,1438672.852238335,36915563.042995416,697313.2509167134,12354219.391953215,81946.27117337176
2011-06-22,118534136.48315898,-42918.5398892707,69279377.2529669,1438672.852238335,36924609.835469656,697313.2509167134,12373067.934611714,81946.27117337176
2011-06-23,119051652.5697077,-42918.5398892707,69923740.72592129,1438672.852238335,37014920.81791394,697313.2509167134,12155909.565761758,81946.27117337176
2011-06-24,117704371.94657843,-42918.5398892707,68710782.50787964,1438672.852238335,37051046.80691502,697313.2509167134,11985461.17167304,81946.27117337176
2011-06-27,118651818.45723724,-42918.5398892707,69810043.72930942,1438672.852238335,36942663.51983387,697313.2509167134,11942029.747983225,81946.27117337176
2011-06-28,119594226.75434086,-42918.5398892707,70846142.39177766,1438672.852238335,36807179.75591426,697313.2509167134,11983823.146538198,81946.27117337176
2011-06-29,119880618.57039347,-42918.5398892707,71136759.31307828,1438672.852238335,36725926.20610003,697313.2509167134,12060851.59110444,81946.27117337176
2011-06-30,120612563.62113898,-42229.177479516475,72392875.6791711,1444829.337715473,36196437.83958555,688699.6310857924,12065479.279861853,82640.26904014968
2011-07-01,121631948.37247181,-42229.177479516475,73484153.27613938,1444829.337715473,36212970.68709845,688699.6310857924,11977053.586713485,82640.26904014968
2011-07-05,122343821.194279,-42229.177479516475,73852156.39675218,1444829.337715473,36333710.65309211,688699.6310857924,12200183.321914235,82640.26904014968
2011-07-06,122713083.05737978,-42229.177479516475,74093255.2376527,1444829.337715473,36356094.23180019,688699.6310857924,12305962.765406393,82640.26904014968
2011-07-07,123672009.3143327,-42229.177479516475,75108379.24362056,1444829.337715473,36280063.625249505,688699.6310857924,12325795.622942152,82640.26904014968
2011-07-08,123747709.85339715,-42229.177479516475,74905370.97718656,1444829.337715473,36467867.63040762,688699.6310857924,12416700.42328249,82640.26904014968
2011-07-11,122607996.63737422,-42229.177479516475,73547597.14861573,1444829.337715473,36575190.585079424,688699.6310857924,12527438.081158586,82640.26904014968
2011-07-12,122182983.91690587,-42229.177479516475,72989262.41057384,1444829.337715473,36610996.429470554,688699.6310857924,12624954.254340988,82640.26904014968
2011-07-13,122649954.1440621,-42229.177479516475,73293827.17029682,1444829.337715473,36660185.131835744,688699.6310857924,12738171.019409055,82640.26904014968
2011-07-14,121694144.24009447,-42229.177479516475,72443637.39105602,1444829.337715473,36521509.40388902,688699.6310857924,12771226.62262894,82640.26904014968
2011-07-15,122780179.6475117,-42229.177479516475,73408010.708312,1444829.337715473,36588628.61384607,688699.6310857924,12825769.502833143,82640.26904014968
2011-07-18,122450841.78663464,-42229.177479516475,73014648.77810283,1444829.337715473,36539434.657119684,688699.6310857924,12938987.528891644,82640.26904014968
2011-07-19,124053659.96173981,-42229.177479516475,74676943.27370442,1444829.337715473,36637801.553127654,688699.6310857924,12781144.312387254,82640.26904014968
2011-07-20,123790726.57682288,-42229.177479516475,74359734.93449569,1444829.337715473,36579685.691085234,688699.6310857924,12893535.128721474,82640.26904014968
2011-07-21,124106748.32178904,-42229.177479516475,74854598.2421286,1444829.337715473,36499186.25033473,688699.6310857924,12795193.006805226,82640.26904014968
2011-07-22,125085794.86491841,-42229.177479516475,75628661.98830159,1444829.337715473,36597563.655065104,688699.6310857924,12901798.39903123,82640.26904014968
2011-07-25,124913614.89422894,-42229.177479516475,75476382.36423336,1444829.337715473,36476842.079335645,688699.6310857924,13002619.628139447,82640.26904014968
2011-07-26,125228901.71639688,-42229.177479516475,75666725.00483549,1444829.337715473,36566250.28949918,688699.6310857924,13038155.599541737,82640.26904014968
2011-07-27,123150768.53378811,-42229.177479516475,73712564.44486193,1444829.337715473,36490209.174226105,688699.6310857924,12990224.092179598,82640.26904014968
2011-07-28,123395737.86331242,-42229.177479516475,73839435.65505508,1444829.337715473,36597563.655065104,688699.6310857924,13000967.730671756,82640.26904014968
2011-07-29,123422635.48349625,-42229.177479516475,73598358.86050065,1444829.337715473,36785378.16894561,688699.6310857924,13081127.631529503,82640.26904014968
2011-08-01,123149947.18971695,-42229.177479516475,73255736.5958303,1444829.337715473,36902416.43747452,688699.6310857924,13034023.333891641,82640.26904014968
2011-08-02,121768275.07677145,-42229.177479516475,71403093.94804005,1444829.337715473,37059353.697768636,688699.6310857924,13348056.608442297,82640.26904014968
2011-08-03,122477952.82253122,-42229.177479516475,72088327.4542077,1444829.337715473,37086277.04455272,688699.6310857924,13345577.501250328,82640.26904014968
2011-08-04,119281896.1436985,-42229.177479516475,68738335.56071593,1444829.337715473,37310456.99229206,688699.6310857924,13275332.768170027,82640.26904014968
2011-08-05,118700036.0626805,-42229.177479516475,68306905.10238634,1444829.337715473,37068296.62052947,688699.6310857924,13367063.51724421,82640.26904014968
2011-08-08,115207345.48770088,-42229.177479516475,64195542.646486074,1444829.337715473,37243190.66022144,688699.6310857924,13810841.358472876,82640.26904014968
2011-08-09,118556696.35204463,-42229.177479516475,67291742.51531282,1444829.337715473,37373207.200912066,688699.6310857924,13933975.813299255,82640.26904014968
2011-08-10,116592426.86621284,-42229.177479516475,64538142.86481033,1444829.337715473,37669174.85853384,688699.6310857924,14427338.320348183,82640.26904014968
2011-08-11,118755139.28427225,-42229.177479516475,67380572.75531816,1444829.337715473,37305969.76782805,688699.6310857924,14110825.938605558,82640.26904014968
2011-08-12,119408135.84194748,-42229.177479516475,67976976.02148049,1444829.337715473,37427022.36831304,688699.6310857924,14046366.629633475,82640.26904014968
2011-08-15,120499054.83968098,-42229.177479516475,68979434.40161645,1444829.337715473,37364251.14224824,688699.6310857924,14197598.473295802,82640.26904014968
2011-08-16,120202631.98269,-42229.177479516475,68395702.27287254,1444829.337715473,37476363.447153,688699.6310857924,14372795.44014398,82640.26904014968
2011-08-17,119905136.80627571,-42229.177479516475,67989641.64731234,1444829.337715473,37543608.76177883,688699.6310857924,14414115.574664054,82640.26904014968
2011-08-18,116921275.27380712,-42229.177479516475,64652370.49551771,1444829.337715473,37624305.241074294,688699.6310857924,14686828.714694636,82640.26904014968
2011-08-19,115973994.14618365,-42229.177479516475,63484917.26120291,1444829.337715473,37660189.90088341,688699.6310857924,14871116.161576848,82640.26904014968
2011-08-22,116500637.9984803,-42229.177479516475,63713322.91833895,1444829.337715473,37574977.29813734,688699.6310857924,15254566.959483529,82640.26904014968
2011-08-23,118443436.42428322,-42229.177479516475,66340056.870234825,1444829.337715473,37462912.28248336,688699.6310857924,14682696.449044542,82640.26904014968
2011-08-24,118250948.79018104,-42229.177479516475,66860301.03381019,1444829.337715473,37247675.25750485,688699.6310857924,14185201.67634552,82640.26904014968
2011-08-25,117321466.31923026,-42229.177479516475,65769034.46001496,1444829.337715473,37350784.214494996,688699.6310857924,14243876.822199816,82640.26904014968
2011-08-26,119438226.7038064,-42229.177479516475,67418641.28343858,1444829.337715473,37395645.95041274,688699.6310857924,14666168.647434598,82640.26904014968
2011-08-29,120930738.2452314,-42229.177479516475,69296681.32193087,1444829.337715473,37305969.76782805,688699.6310857924,14370316.332952011,82640.26904014968
2011-08-30,121957099.53283769,-42229.177479516475,69753492.63620293,1444829.337715473,37444963.384627305,688699.6310857924,14800872.68948698,82640.26904014968
2011-08-31,121865259.39892179,-42667.77451068647,73144756.30405949,1512597.6310965219,36572378.152029745,673537.8598522373,12190792.717343248,68595.50210223107
2011-09-01,121366503.61950469,-42667.77451068647,72480531.00688055,1512597.6310965219,36727558.763149954,673537.8598522373,12201081.623984866,68595.50210223107
2011-09-02,120135550.11028971,-42667.77451068647,70780105.01393919,1512597.6310965219,36828672.68884203,673537.8598522373,12569440.18201917,68595.50210223107
2011-09-06,120178280.09271574,-42667.77451068647,70793376.24864805,1512597.6310965219,36881454.70275402,673537.8598522373,12546116.915824346,68595.50210223107
2011-09-07,121488914.79895622,-42667.77451068647,72586798.9762863,1512597.6310965219,36797891.9593154,673537.8598522373,12146891.637865193,68595.50210223107
2011-09-08,121529631.91921529,-42667.77451068647,72254689.21274786,1512597.6310965219,36846262.41124097,673537.8598522373,12471348.069737142,68595.50210223107
2011-09-09,119876834.63326752,-42667.77451068647,70647259.9545034,1512597.6310965219,36877035.43273851,673537.8598522373,12395207.020536294,68595.50210223107
2011-09-12,120393850.6638264,-42667.77451068647,71550627.13103412,1512597.6310965219,36767124.076503925,673537.8598522373,12118767.230799047,68595.50210223107
2011-09-13,121439028.03013697,-42667.77451068647,72507096.55670646,1512597.6310965219,36727558.763149954,673537.8598522373,12247040.484791243,68595.50210223107
2011-09-14,122463171.93472512,-42667.77451068647,73543297.2524689,1512597.6310965219,36806733.06868945,673537.8598522373,12155809.388077458,68595.50210223107
2011-09-15,123289355.93613018,-42667.77451068647,74632617.50767909,1512597.6310965219,36736351.05500639,673537.8598522373,11963055.147955379,68595.50210223107
2011-09-16,124072081.75676404,-42667.77451068647,75316743.88681929,1512597.6310965219,36723139.49313444,673537.8598522373,12074866.151320992,68595.50210223107
2011-09-19,124026424.36455445,-42667.77451068647,75343338.28715545,1512597.6310965219,36837467.550041504,673537.8598522373,11888286.30186818,68595.50210223107
2011-09-20,123911499.93246083,-42667.77451068647,75010599.58249384,1512597.6310965219,36885850.84868224,673537.8598522373,12057717.275795434,68595.50210223107
2011-09-21,122558053.42233033,-42667.77451068647,73706296.86520405,1512597.6310965219,36986931.37291491,673537.8598522373,11907492.95872206,68595.50210223107
2011-09-22,119938929.37417147,-42667.77451068647,71310637.04668137,1512597.6310965219,37074890.262281746,673537.8598522373,11596069.839719022,68595.50210223107
2011-09-23,119939950.44738688,-42667.77451068647,72069284.2937629,1512597.6310965219,36951772.48286127,673537.8598522373,10961561.445273384,68595.50210223107
2011-09-26,120511845.79517387,-42667.77451068647,72907766.67277135,1512597.6310965219,36837467.550041504,673537.8598522373,10809279.346871687,68595.50210223107
2011-09-27,121404965.44994727,-42667.77451068647,73666396.60954674,1512597.6310965219,36762740.777290866,673537.8598522373,11018495.837620351,68595.50210223107
2011-09-28,119931952.05829816,-42667.77451068647,72575027.96810974,1512597.6310965219,36683602.44255382,673537.8598522373,10715989.422145281,68595.50210223107
2011-09-29,119163986.07351792,-42667.77451068647,71709939.64856105,1512597.6310965219,36679203.727282576,673537.8598522373,10817510.47218498,68595.50210223107
2011-09-30,117433908.43503138,-41116.258642785964,70485014.8162045,1526131.009783913,35242507.40810225,644759.7244054257,11747502.46936742,74323.05865380362
2011-10-03,116036582.21072532,-41116.258642785964,68672181.17794606,1526131.009783913,35442477.271510676,644759.7244054257,11963040.019911375,74323.05865380362
2011-10-04,117060541.58652079,-41116.258642785964,70082122.14449699,1526131.009783913,35303248.77984419,644759.7244054257,11716286.920822406,74323.05865380362
2011-10-05,118843335.23313081,-41116.258642785964,71881542.52192725,1526131.009783913,35151353.537915684,644759.7244054257,11851555.431930669,74323.05865380362
2011-10-06,120107322.48022038,-41116.258642785964,73090092.45903842,1526131.009783913,35130238.188207045,644759.7244054257,11928108.091617698,74323.05865380362
2011-10-07,119450614.60078342,-41116.258642785964,72606685.2919951,1526131.009783913,35054301.635277,644759.7244054257,11830743.932154119,74323.05865380362
2011-10-10,122215027.66876885,-41116.258642785964,75117753.67447597,1526131.009783913,35003664.1489868,644759.7244054257,12134726.103948882,74323.05865380362
2011-10-11,122621446.81989323,-41116.258642785964,75628010.65008682,1526131.009783913,34986784.167035684,644759.7244054257,12047768.261413516,74323.05865380362
2011-10-12,123075206.59069906,-41116.258642785964,76003995.29594892,1526131.009783913,34978345.4058417,644759.7244054257,12133982.147551224,74323.05865380362
2011-10-13,123744330.40828782,-41116.258642785964,76702264.97053808,1526131.009783913,35020549.050064236,644759.7244054257,12062632.646328302,74323.05865380362
2011-10-14,125186240.28040512,-41116.258642785964,78125694.88037845,1526131.009783913,34957274.32826991,644759.7244054257,12144387.330399562,74323.05865380362
2011-10-17,124042043.67107458,-41116.258642785964,76917121.65635613,1526131.009783913,35079622.83798526,644759.7244054257,12086415.435375985,74323.05865380362
2011-10-18,124899546.22754046,-41116.258642785964,77870569.30343693,1526131.009783913,35041649.642393924,644759.7244054257,12028443.540352408,74323.05865380362
2011-10-19,123341949.44542097,-41116.258642785964,76366572.50271063,1526131.009783913,35134466.1772751,644759.7244054257,11882027.024078025,74323.05865380362
2011-10-20,122793015.60441488,-41116.258642785964,75990611.14375968,1526131.009783913,35117571.43794502,644759.7244054257,11725949.281352961,74323.05865380362
2011-10-21,123821612.29019317,-41116.258642785964,76944000.57356259,1526131.009783913,35062713.34127625,644759.7244054257,11856014.633997118,74323.05865380362
2011-10-24,125556433.4837316,-41116.258642785964,78541971.7042752,1526131.009783913,35088078.81612135,644759.7244054257,11967499.221977822,74323.05865380362
2011-10-25,124533222.83917464,-41116.258642785964,76997700.19069763,1526131.009783913,35269483.896815635,644759.7244054257,12307155.010304172,74323.05865380362
2011-10-26,124485160.57681447,-41116.258642785964,76903714.21725576,1526131.009783913,35180883.05318672,644759.7244054257,12441679.565014776,74323.05865380362
2011-10-27,126585166.86983362,-41116.258642785964,79025367.22786295,1526131.009783913,34999441.07904507,644759.7244054257,12601474.821568377,74323.05865380362
2011-10-28,126837814.0519332,-41116.258642785964,79146208.83160016,1526131.009783913,35126044.63302322,644759.7244054257,12606676.84595261,74323.05865380362
2011-10-31,125451194.42215617,-43923.29119968945,75297070.6280135,1476713.3667621112,37648535.31400675,688003.8609823128,12549511.771335585,74994.096127478
2011-11-01,123772005.89317262,-43923.29119968945,73335038.93740398,1476713.3667621112,37928378.070968956,688003.8609823128,12552512.175999377,74994.096127478
2011-11-02,124499105.83492662,-43923.29119968945,73958720.27438314,1476713.3667621112,37905807.14352279,688003.8609823128,12678501.708220376,74994.096127478
2011-11-03,126136982.62854566,-43923.29119968945,75491923.51557264,1476713.3667621112,37810996.125616655,688003.8609823128,12877986.278556049,74994.096127478
2011-11-04,125736166.47759348,-43923.29119968945,75102150.14188108,1476713.3667621112,37865197.845804825,688003.8609823128,12812741.781107254,74994.096127478
2011-11-07,126587631.39687654,-43923.29119968945,75634877.59847486,1476713.3667621112,37874210.46962461,688003.8609823128,13122466.619976753,74994.096127478
2011-11-08,127232094.45486863,-43923.29119968945,76505440.19160224,1476713.3667621112,37756852.14501033,688003.8609823128,13013725.40945573,74994.096127478
2011-11-09,124478093.01508972,-43923.29119968945,73815811.25719646,1476713.3667621112,37801970.379164636,688003.8609823128,12904234.669928305,74994.096127478
2011-11-10,124324219.666478,-43923.29119968945,73776801.24718353,1476713.3667621112,37756852.14501033,688003.8609823128,12834489.565483822,74994.096127478
2011-11-11,125898912.67789805,-43923.29119968945,75167095.47118632,1476713.3667621112,37729767.03207493,688003.8609823128,13045973.465836475,74994.096127478
2011-11-14,125378665.77448252,-43923.29119968945,74699335.87675557,1476713.3667621112,37734275.96851127,688003.8609823128,12988977.22041537,74994.096127478
2011-11-15,126199715.06245981,-43923.29119968945,75530927.89237112,1476713.3667621112,37711733.91085602,688003.8609823128,13000976.550432349,74994.096127478
2011-11-16,124885840.58908883,-43923.29119968945,74283576.48484166,1476713.3667621112,37783950.38057797,688003.8609823128,12862237.014868878,74994.096127478
2011-11-17,122795902.15151235,-43923.29119968945,72542423.1325147,1476713.3667621112,37765888.389568135,688003.8609823128,12531513.92062921,74994.096127478
2011-11-18,122253644.2617637,-43923.29119968945,71983732.19055633,1476713.3667621112,37743325.33570131,688003.8609823128,12570510.026705751,74994.096127478
2011-11-21,120558293.02035394,-43923.29119968945,70606405.6261997,1476713.3667621112,37734275.96851127,688003.8609823128,12261534.716842653,74994.096127478
2011-11-22,120968537.76166876,-43923.29119968945,70840296.68984398,1476713.3667621112,37774890.51528213,688003.8609823128,12397273.847742332,74994.096127478
2011-11-23,119374984.29475087,-43923.29119968945,69242086.15399036,1476713.3667621112,37815544.4299497,688003.8609823128,12361277.002010489,74994.096127478
2011-11-25,118680861.7435829,-43923.29119968945,68709381.23025432,1476713.3667621112,37761368.95502601,688003.8609823128,12254034.849502267,74994.096127478
2011-11-28,121313880.40622622,-43923.29119968945,71100168.13849613,1476713.3667621112,37761368.95502601,688003.8609823128,12496266.603903769,74994.096127478
2011-11-29,120836670.85306196,-43923.29119968945,70658377.66264436,1476713.3667621112,37707201.353681654,688003.8609823128,12515015.127935639,74994.096127478
2011-11-30,123567577.80091158,-43263.7945583996,74166504.95728199,1494780.671972027,37083252.478640996,678080.279358346,12361084.159547001,72656.69667182727
2011-12-01,124032129.12857535,-43263.7945583996,74679446.2800966,1494780.671972027,37071190.83182608,678080.279358346,12324755.811211087,72656.69667182727
2011-12-02,123955933.21753357,-43263.7945583996,74469020.3648066,1494780.671972027,37191615.88632212,678080.279358346,12338560.760963248,72656.69667182727
2011-12-05,124594197.2802918,-43263.7945583996,75284477.09514584,1494780.671972027,37196064.96042069,678080.279358346,12156919.01928368,72656.69667182727
2011-12-06,124397212.77819836,-43263.7945583996,75074034.0734486,1494780.671972027,37147039.78519379,678080.279358346,12219402.714114372,72656.69667182727
2011-12-07,124534879.21205714,-43263.7945583996,75074034.0734486,1494780.671972027,37196064.96042069,678080.279358346,12308043.972746257,72656.69667182727
2011-12-08,123108507.8090733,-43263.7945583996,73811398.75180818,1494780.671972027,37280814.64865653,678080.279358346,12059558.203166993,72656.69667182727
2011-12-09,124233565.29781565,-43263.7945583996,74995139.32332116,1494780.671972027,37191615.88632212,678080.279358346,12090073.882730775,72656.69667182727
2011-12-12,123111515.92378786,-43263.7945583996,74153372.93866798,1494780.671972027,37231748.08669384,678080.279358346,11769658.692984454,72656.69667182727
2011-12-13,122132485.65399787,-43263.7945583996,73337910.506193,1494780.671972027,37325385.576442875,678080.279358346,11512453.36592039,72656.69667182727
2011-12-14,120655608.40464976,-43263.7945583996,72193645.82042243,1494780.671972027,37396744.068976216,678080.279358346,11108482.309809543,72656.69667182727
2011-12-15,120399789.25209197,-43263.7945583996,71996351.92374642,1494780.671972027,37378906.38584612,678080.279358346,11067794.737057833,72656.69667182727
2011-12-16,121083743.81850444,-43263.7945583996,72367030.66193186,1494780.671972027,37481478.237186134,678080.279358346,11278498.713944849,72656.69667182727
2011-12-19,120331861.0331268,-43263.7945583996,71654708.46075965,1494780.671972027,37468074.10812868,678080.279358346,11252342.258796863,72656.69667182727
2011-12-20,122533195.19750683,-43263.7945583996,73778503.1307121,1494780.671972027,37392307.92823258,678080.279358346,11405647.933120547,72656.69667182727
2011-12-21,121388383.52865411,-43263.7945583996,72723197.46465373,1494780.671972027,37289723.14353763,678080.279358346,11418726.715021145,72656.69667182727
2011-12-22,121998349.63987297,-43263.7945583996,73343173.57748294,1494780.671972027,37361089.39608393,678080.279358346,11337350.460864516,72656.69667182727
2011-12-23,122698772.24566089,-43263.7945583996,73976378.6452338,1494780.671972027,37408689.315596685,678080.279358346,11356968.079388808,72656.69667182727
2011-12-27,122783116.12556268,-43263.7945583996,74252304.99379309,1494780.671972027,37318825.77881847,678080.279358346,11255249.147509534,72656.69667182727
2011-12-28,121786779.72317876,-43263.7945583996,73394127.86247417,1494780.671972027,37462574.84560917,678080.279358346,10973340.809653817,72656.69667182727
2011-12-29,122296193.82816184,-43263.7945583996,73922236.86636274,1494780.671972027,37494013.24479176,678080.279358346,10923207.511565743,72656.69667182727
2011-12-30,122231801.23812282,-43263.7945583996,73711006.9499331,1494780.671972027,37520966.356481954,678080.279358346,11043091.726266183,72656.69667182727
2012-01-03,123813231.00610104,-43263.7945583996,75123676.86721915,1494780.671972027,37404185.92140737,678080.279358346,11328632.012032924,72656.69667182727
2012-01-04,124205513.26364358,-43263.7945583996,75440561.65681382,1494780.671972027,37422183.97813869,678080.279358346,11386031.423249464,72656.69667182727
2012-01-05,124890261.39935824,-43263.7945583996,76061062.3661313,1494780.671972027,37408689.315596685,678080.279358346,11463773.51218865,72656.69667182727
2012-01-06,125134623.60140564,-43263.7945583996,76325133.97448279,1494780.671972027,37431120.926400654,678080.279358346,11421632.495080605,72656.69667182727
2012-01-09,124864363.99697316,-43263.7945583996,76074279.91678143,1494780.671972027,37462574.84560917,678080.279358346,11370773.029140968,72656.69667182727
2012-01-10,125556392.68799344,-43263.7945583996,76628795.51129158,1494780.671972027,37444602.655587725,678080.279358346,11526258.31567255,72656.69667182727
2012-01-11,125879521.20190313,-43263.7945583996,76787229.35288529,1494780.671972027,37534461.01902397,678080.279358346,11601094.624552276,72656.69667182727
2012-01-12,126180830.68864062,-43263.7945583996,77090902.29396555,1494780.671972027,37480510.82223679,678080.279358346,11652681.366996685,72656.69667182727
2012-01-13,125934512.74257588,-43263.7945583996,76813647.34777835,1494780.671972027,37592824.07651588,678080.279358346,11571305.112840056,72656.69667182727
2012-01-17,126692914.9227777,-43263.7945583996,77513390.63750353,1494780.671972027,37561388.26400428,678080.279358346,11661399.815828277,72656.69667182727
2012-01-18,127793656.29499952,-43263.7945583996,78543184.94825184,1494780.671972027,37552412.51567751,678080.279358346,11741322.62562857,72656.69667182727
2012-01-19,128218603.98447639,-43263.7945583996,79031686.91727592,1494780.671972027,37516468.135634616,678080.279358346,11713712.72612425,72656.69667182727
2012-01-20,128089693.14187557,-43263.7945583996,78912882.91908965,1494780.671972027,37444602.655587725,678080.279358346,11775471.361756586,72656.69667182727
2012-01-23,128150400.47533908,-43263.7945583996,78939283.80757548,1494780.671972027,37399713.567269914,678080.279358346,11854666.895052109,72656.69667182727
2012-01-24,127930604.06635778,-43263.7945583996,78794067.51663192,1494780.671972027,37408689.315596685,678080.279358346,11771111.028687581,72656.69667182727
2012-01-25,129349020.67349349,-43263.7945583996,79784289.00533018,1494780.671972027,37516468.135634616,678080.279358346,12091527.32708711,72656.69667182727
2012-01-26,129232264.76845448,-43263.7945583996,79506999.84632853,1494780.671972027,37615242.753964916,678080.279358346,12153285.962719446,72656.69667182727
2012-01-27,129660861.29715668,-43263.7945583996,79744653.45978698,1494780.671972027,37682669.50659719,678080.279358346,12276802.125330912,72656.69667182727
2012-01-30,129703503.28089212,-43263.7945583996,79810672.78740878,1494780.671972027,37727589.63496686,678080.279358346,12208504.653074881,72656.69667182727
2012-01-31,129888053.99007954,-45476.73575402685,77960118.43550013,1458191.9383915039,38980059.217750065,700008.0591427367,12993353.072583357,76742.97596092457
2012-02-01,130498384.08900926,-45476.73575402685,78591218.77107985,1458191.9383915039,38940103.23710983,700008.0591427367,13012538.816573588,76742.97596092457
2012-02-02,130917864.58163054,-45476.73575402685,78835949.19604275,1458191.9383915039,39000505.84902469,700008.0591427367,13126886.272317123,76742.97596092457
2012-02-03,131686910.39244416,-45476.73575402685,79917822.77118327,1458191.9383915039,38949371.91376573,700008.0591427367,12865192.4432492,76742.97596092457
2012-02-06,131605814.45315932,-45476.73575402685,79853425.00480007,1458191.9383915039,38967976.02504826,700008.0591427367,12829890.159065025,76742.97596092457
2012-02-07,131915492.20792386,-45476.73575402685,80020841.39720184,1458191.9383915039,38916844.760108136,700008.0591427367,13023282.786367923,76742.97596092457
2012-02-08,132201981.27080943,-45476.73575402685,80445893.35562283,1458191.9383915039,38870373.20152484,700008.0591427367,12931191.44941579,76742.97596092457
2012-02-09,132749366.10372654,-45476.73575402685,81025478.81563245,1458191.9383915039,38875008.875012204,700008.0591427367,12894355.148835912,76742.97596092457
2012-02-10,132143009.47408834,-45476.73575402685,80458759.55875354,1458191.9383915039,38902905.69582009,700008.0591427367,12826820.955268737,76742.97596092457
2012-02-13,132913765.50452814,-45476.73575402685,81205778.09884734,1458191.9383915039,38898248.6597821,700008.0591427367,12855215.481652716,76742.97596092457
2012-02-14,133141029.67212912,-45476.73575402685,81411848.72624928,1458191.9383915039,38949371.91376573,700008.0591427367,12825285.767868152,76742.97596092457
2012-02-15,132599174.25415125,-45476.73575402685,80845140.59449196,1458191.9383915039,38898248.6597821,700008.0591427367,12901261.735631224,76742.97596092457
2012-02-16,133703045.56044254,-45476.73575402685,81952796.63894114,1458191.9383915039,38902905.69582009,700008.0591427367,12892819.961435327,76742.97596092457
2012-02-17,133307259.24462017,-45476.73575402685,81695205.57340832,1458191.9383915039,38814592.911503196,700008.0591427367,12842937.495462678,76742.97596092457
2012-02-21,133797499.33596933,-45476.73575402685,81927030.85731488,1458191.9383915039,38791361.13768979,700008.0591427367,13124584.076718686,76742.97596092457
2012-02-22,133701471.97898865,-45476.73575402685,81553527.14982879,1458191.9383915039,38921491.11487082,700008.0591427367,13271930.450043075,76742.97596092457
2012-02-23,134267154.9048346,-45476.73575402685,82094458.37483826,1458191.9383915039,38940103.23710983,700008.0591427367,13278070.028640535,76742.97596092457
2012-02-24,134517779.18340343,-45476.73575402685,82377837.47224052,1458191.9383915039,38967976.02504826,700008.0591427367,13217442.42186867,76742.97596092457
2012-02-27,134662734.3819224,-45476.73575402685,82493738.9890722,1458191.9383915039,39037703.39031444,700008.0591427367,13176768.738289772,76742.97596092457
2012-02-28,135632643.5902377,-45476.73575402685,83330926.63973625,1458191.9383915039,39033054.36523293,700008.0591427367,13314139.32102256,76742.97596092457
2012-02-29,134468794.9862547,-47080.55643994312,80709525.32561678,1418679.781492216,40354762.66280839,724401.598628217,13451587.554269461,81877.09601303433
2012-03-01,135232718.4848343,-47080.55643994312,81348576.31788716,1418679.781492216,40289679.70668164,724401.598628217,13641543.016705463,81877.09601303433
2012-03-02,135229952.97114,-47080.55643994312,81285939.75252235,1418679.781492216,40371657.924092315,724401.598628217,13619435.85096525,81877.09601303433
2012-03-05,134251936.1554417,-47080.55643994312,80446396.550379,1418679.781492216,40289679.70668164,724401.598628217,13562940.454821002,81877.09601303433
2012-03-06,133288494.55480906,-47080.55643994312,79656993.98916398,1418679.781492216,40357177.850633405,724401.598628217,13321403.271451619,81877.09601303433
2012-03-07,133988244.04183888,-47080.55643994312,80270955.71955161,1418679.781492216,40366819.258323886,724401.598628217,13397549.620403316,81877.09601303433
2012-03-08,134925264.34038982,-47080.55643994312,81135571.94807608,1418679.781492216,40304126.61966697,724401.598628217,13532646.329086687,81877.09601303433
2012-03-09,135315065.5814942,-47080.55643994312,81473887.33145393,1418679.781492216,40265547.17204106,724401.598628217,13622711.63443916,81877.09601303433
2012-03-12,135274376.41464603,-47080.55643994312,81511499.57694256,1418679.781492216,40294504.55558607,724401.598628217,13515452.838557338,81877.09601303433
2012-03-13,136443252.57273185,-47080.55643994312,83027722.25234659,1418679.781492216,40173957.94404067,724401.598628217,13288652.932784539,81877.09601303433
2012-03-14,136271685.0190533,-47080.55643994312,83315875.34746055,1418679.781492216,39937761.41754703,724401.598628217,13065128.81048565,81877.09601303433
2012-03-15,136643040.43661243,-47080.55643994312,83553958.15548663,1418679.781492216,39947400.06186472,724401.598628217,13188762.77570101,81877.09601303433
2012-03-16,136597264.07015932,-47080.55643994312,83494990.81349467,1418679.781492216,39942577.976333074,724401.598628217,13206775.836771505,81877.09601303433
2012-03-19,137104888.11519116,-47080.55643994312,84084934.82510838,1418679.781492216,39836514.20161937,724401.598628217,13230519.644903336,81877.09601303433
2012-03-20,137145603.76267982,-47080.55643994312,84235546.1620794,1418679.781492216,39846158.37268265,724401.598628217,13110979.784357695,81877.09601303433
2012-03-21,137280436.7093663,-47080.55643994312,84248107.02852243,1418679.781492216,39961880.13532363,724401.598628217,13117530.101960178,81877.09601303433
2012-03-22,137110147.68606964,-47080.55643994312,84072390.19416699,1418679.781492216,40019709.23785693,724401.598628217,13065128.81048565,81877.09601303433
2012-03-23,137292748.6865535,-47080.55643994312,84022200.84673367,1418679.781492216,40092021.177221954,724401.598628217,13225607.219037808,81877.09601303433
2012-03-26,138991446.7172784,-47080.55643994312,85490750.6774601,1418679.781492216,40087182.511453524,724401.598628217,13460594.084804708,81877.09601303433
2012-03-27,139089463.3952763,-47080.55643994312,85616245.69337891,1418679.781492216,40154680.6554053,724401.598628217,13365617.602932045,81877.09601303433
2012-03-28,138599282.3704592,-47080.55643994312,85277335.0082739,1418679.781492216,40145058.5913244,724401.598628217,13223969.327300854,81877.09601303433
2012-03-29,138340906.07992518,-47080.55643994312,84951028.484283,1418679.781492216,40231820.20704755,724401.598628217,13205137.94503455,81877.09601303433
2012-03-30,138164549.38961557,-47080.55643994312,84787823.80986565,1418679.781492216,40149891.73034723,724401.598628217,13273914.405842617,81877.09601303433
2012-04-02,139108414.32487845,-47080.55643994312,85666505.39465271,1418679.781492216,40147935.262406595,724401.598628217,13341054.224259067,81877.09601303433
2012-04-03,138683594.1202878,-47080.55643994312,85641351.19076334,1418679.781492216,39997994.65441417,724401.598628217,13091328.831550246,81877.09601303433
2012-04-04,137408093.21298617,-47080.55643994312,84474018.62214507,1418679.781492216,40109256.33335997,724401.598628217,12871898.813921075,81877.09601303433
2012-04-05,138102720.09322685,-47080.55643994312,85001207.00804855,1418679.781492216,40186630.77169001,724401.598628217,12961962.869928211,81877.09601303433
2012-04-09,137689667.39606532,-47080.55643994312,84361062.82533374,1418679.781492216,40326932.73536475,724401.598628217,13048752.391806774,81877.09601303433
2012-04-10,136591748.0609004,-47080.55643994312,83005436.32041535,1418679.781492216,40442991.629487015,724401.598628217,13190400.667437965,81877.09601303433
2012-04-11,136932973.5029909,-47080.55643994312,83407140.51406777,1418679.781492216,40384969.09085788,724401.598628217,13187944.454505201,81877.09601303433
2012-04-12,138025190.53359893,-47080.55643994312,84361062.82533374,1418679.781492216,40389804.99325351,724401.598628217,13321403.271451619,81877.09601303433
2012-04-13,136694970.42359662,-47080.55643994312,83080774.45990415,1418679.781492216,40491345.1266977,724401.598628217,13169931.393434707,81877.09601303433
2012-04-16,135734183.7094066,-47080.55643994312,82151919.76318541,1418679.781492216,40491345.1266977,724401.598628217,13137999.375963436,81877.09601303433
2012-04-17,137381612.50841498,-47080.55643994312,83821346.04399054,1418679.781492216,40486542.38477564,724401.598628217,13120804.636088751,81877.09601303433
2012-04-18,137120299.1682445,-47080.55643994312,83607973.66947539,1418679.781492216,40515566.0892678,724401.598628217,13043839.965941245,81877.09601303433
2012-04-19,136179066.70438817,-47080.55643994312,82666574.34181528,1418679.781492216,40505908.101340525,724401.598628217,13053664.817672301,81877.09601303433
2012-04-20,135957281.86967552,-47080.55643994312,82440646.51269099,1418679.781492216,40501044.56521693,724401.598628217,13062671.348207548,81877.09601303433
2012-04-23,135214063.16630864,-47080.55643994312,81687519.47399546,1418679.781492216,40549433.986273974,724401.598628217,13024190.262479132,81877.09601303433
2012-04-24,134745199.5120446,-47080.55643994312,81248213.85852218,1418679.781492216,40501044.56521693,724401.598628217,13043021.644745436,81877.09601303433
2012-04-25,136920626.75013554,-47080.55643994312,83407140.51406777,1418679.781492216,40491345.1266977,724401.598628217,13069221.665810032,81877.09601303433
2012-04-26,137578829.85065076,-47080.55643994312,83896640.88880827,1418679.781492216,40544600.84725114,724401.598628217,13184668.67103129,81877.09601303433
2012-04-27,138133708.85845727,-47080.55643994312,84398696.7181579,1418679.781492216,40568766.5423653,724401.598628217,13213326.154373989,81877.09601303433
2012-04-30,137548228.4766909,-48158.73552427531,82557832.32732911,1397713.300721076,41278916.16366456,736642.8806643266,13759638.72122152,84999.0011501565
2012-05-01,137577476.56774852,-48158.73552427531,82693837.23636687,1397713.300721076,41219758.57881139,736642.8806643266,13712039.488094525,84999.0011501565
2012-05-02,137814463.1506135,-48158.73552427531,82928796.00720608,1397713.300721076,41283836.5955037,736642.8806643266,13649989.283427993,84999.0011501565
2012-05-03,136853004.14055806,-48158.73552427531,82050783.7606178,1397713.300721076,41338087.79886562,736642.8806643266,13512291.316598926,84999.0011501565
2012-05-04,134899430.00805628,-48158.73552427531,80010347.55904023,1397713.300721076,41382450.36736632,736642.8806643266,13554790.817174004,84999.0011501565
2012-05-07,134925684.07753515,-48158.73552427531,80084534.96316253,1397713.300721076,41367666.591292195,736642.8806643266,13521641.258604717,84999.0011501565
2012-05-08,134406519.71499884,-48158.73552427531,79787748.02370162,1397713.300721076,41407086.24739708,736642.8806643266,13259844.179424414,84999.0011501565
2012-05-09,134004512.12877397,-48158.73552427531,79540424.6855087,1397713.300721076,41382450.36736632,736642.8806643266,13129795.811423222,84999.0011501565
2012-05-10,133844609.59704867,-48158.73552427531,79379669.31435108,1397713.300721076,41357803.24705723,736642.8806643266,13155295.771164633,84999.0011501565
2012-05-11,133758968.5516326,-48158.73552427531,79367310.07885048,1397713.300721076,41387370.799205475,736642.8806643266,13052446.40910094,84999.0011501565
2012-05-14,132901356.82252476,-48158.73552427531,78625324.06871237,1397713.300721076,41461292.48964567,736642.8806643266,12862898.999691002,84999.0011501565
2012-05-15,132516391.5105155,-48158.73552427531,78365604.17204708,1397713.300721076,41471195.1748548,736642.8806643266,12727750.899137894,84999.0011501565
2012-05-16,131936192.57834545,-48158.73552427531,77833874.45730628,1397713.300721076,41446525.57398905,736642.8806643266,12703951.282574395,84999.0011501565
2012-05-17,130609876.75930254,-48158.73552427531,76189163.06143177,1397713.300721076,41481024.79825478,736642.8806643266,12987847.63514028,84999.0011501565
2012-05-18,129744656.22204362,-48158.73552427531,75199821.72198208,1397713.300721076,41456397.348432764,736642.8806643266,13136595.887153054,84999.0011501565
2012-05-21,131860336.18279412,-48158.73552427531,77302107.41959375,1397713.300721076,41461292.48964567,736642.8806643266,13145095.009078972,84999.0011501565
2012-05-22,131486328.34055509,-48158.73552427531,77215544.78441153,1397713.300721076,41392294.04111421,736642.8806643266,12926648.250553621,84999.0011501565
2012-05-23,131625243.86705104,-48158.73552427531,77363967.57933407,1397713.300721076,41421886.88388871,736642.8806643266,12887548.139352543,84999.0011501565
2012-05-24,131055961.18735066,-48158.73552427531,76856919.01262276,1397713.300721076,41377501.83483134,736642.8806643266,12869699.075420834,84999.0011501565
2012-05-25,131114286.97505894,-48158.73552427531,76757997.14193992,1397713.300721076,41426801.69558869,736642.8806643266,12977646.873054616,84999.0011501565
2012-05-29,131950134.3998332,-48158.73552427531,77734941.92291725,1397713.300721076,41426801.69558869,736642.8806643266,12836549.516851546,84999.0011501565
2012-05-30,131528125.53231221,-48158.73552427531,77079523.87981446,1397713.300721076,41584561.81202613,736642.8806643266,12912198.575995913,84999.0011501565
2012-05-31,131202534.48539773,-45936.965007641884,78749082.87024322,1434200.90692784,39374541.43512161,696172.9902685997,13124847.145040538,86564.09159554655
2012-06-01,129756020.50371033,-45936.965007641884,76655364.22982755,1434200.90692784,39512748.81259185,696172.9902685997,13633844.426298581,86564.09159554655
2012-06-04,130226121.43672144,-45936.965007641884,77239086.14359577,1434200.90692784,39414708.7343076,696172.9902685997,13618263.523825726,86564.09159554655
2012-06-05,130448366.86201876,-45936.965007641884,77556313.58800189,1434200.90692784,39335308.938534856,696172.9902685997,13602681.300489657,86564.09159554655
2012-06-06,132156178.63824013,-45936.965007641884,79332788.37088458,1434200.90692784,39260585.8114475,696172.9902685997,13608741.420915687,86564.09159554655
2012-06-07,131618397.24186485,-45936.965007641884,79015560.92647848,1434200.90692784,39274621.12888208,696172.9902685997,13374152.151511941,86564.09159554655
2012-06-08,132423000.52425142,-45936.965007641884,79776916.64092925,1434200.90692784,39297959.32559259,696172.9902685997,13394061.522737218,86564.09159554655
2012-06-11,131165166.48395811,-45936.965007641884,78431849.95479482,1434200.90692784,39330656.17105229,696172.9902685997,13448597.32311864,86564.09159554655
2012-06-12,132151415.0225416,-45936.965007641884,79383570.58530912,1434200.90692784,39269963.050021105,696172.9902685997,13543818.352219027,86564.09159554655
2012-06-13,131746917.6045764,-45936.965007641884,78837905.24162678,1434200.90692784,39353999.67914121,696172.9902685997,13600949.648816045,86564.09159554655
2012-06-14,132069984.53135869,-45936.965007641884,79129779.87611657,1434200.90692784,39330656.17105229,696172.9902685997,13655485.449197467,86564.09159554655
2012-06-15,133149561.59684038,-45936.965007641884,80112882.40513757,1434200.90692784,39419340.256276555,696172.9902685997,13663275.900433896,86564.09159554655
2012-06-18,133912452.80974987,-45936.965007641884,80863290.56399004,1434200.90692784,39424032.85909716,696172.9902685997,13671066.351670323,86564.09159554655
2012-06-19,134633835.6982624,-45936.965007641884,81702685.22549441,1434200.90692784,39372674.48561235,696172.9902685997,13604412.952163266,86564.09159554655
2012-06-20,134519698.98230317,-45936.965007641884,81766275.14989178,1434200.90692784,39297959.32559259,696172.9902685997,13501401.471826453,86564.09159554655
2012-06-21,132208186.85874633,-45936.965007641884,79731326.44562654,1434200.90692784,39363323.80393076,696172.9902685997,13159473.574196685,86564.09159554655
2012-06-22,133021896.66429907,-45936.965007641884,80570737.52025777,1434200.90692784,39283953.220739245,696172.9902685997,13213142.888309697,86564.09159554655
2012-06-25,131669952.00262074,-45936.965007641884,79019106.16187462,1434200.90692784,39386688.557533294,696172.9902685997,13310094.24822048,86564.09159554655
2012-06-26,132025247.72166125,-45936.965007641884,79515121.79688399,1434200.90692784,39344651.65314883,696172.9902685997,13211411.236636085,86564.09159554655
2012-06-27,132568748.18608901,-45936.965007641884,79998406.31651239,1434200.90692784,39386688.557533294,696172.9902685997,13229590.277050965,86564.09159554655
2012-06-28,131566428.73342949,-45936.965007641884,79108141.90390703,1434200.90692784,39428717.49485016,696172.9902685997,13075506.299679948,86564.09159554655
2012-06-29,134389565.77824253,-45936.965007641884,81600923.83912335,1434200.90692784,39400697.31807585,696172.9902685997,13433881.586050984,86564.09159554655
2012-07-02,134705369.0078239,-45936.965007641884,81842574.30550097,1434200.90692784,39483507.01878445,696172.9902685997,13425224.648546143,86564.09159554655
2012-07-03,135541160.47846255,-45936.965007641884,82529365.18474469,1434200.90692784,39427349.81491093,696172.9902685997,13630382.443814574,86564.09159554655
2012-07-05,135550286.05563223,-45936.965007641884,82580240.40688795,1434200.90692784,39539685.46817159,696172.9902685997,13476297.145580344,86564.09159554655
2012-07-06,134386999.45412755,-45936.965007641884,81550070.5011492,1434200.90692784,39577098.817654714,696172.9902685997,13305767.100331273,86564.09159554655
2012-07-09,134337824.05935726,-45936.965007641884,81397450.30576171,1434200.90692784,39651978.63040501,696172.9902685997,13334332.088198176,86564.09159554655
2012-07-10,133410371.8487664,-45936.965007641884,80596166.92476597,1434200.90692784,39689415.881090954,696172.9902685997,13170726.007917121,86564.09159554655
2012-07-11,132981824.55476597,-45936.965007641884,80151059.33815356,1434200.90692784,39633261.33290663,696172.9902685997,13243440.848713424,86564.09159554655
2012-07-12,132271683.05795366,-45936.965007641884,79400651.17930108,1434200.90692784,39708154.42410295,696172.9902685997,13208814.419557275,86564.09159554655
2012-07-13,133618757.2924278,-45936.965007641884,80608898.04014692,1434200.90692784,39712807.19158551,696172.9902685997,13342989.025703017,86564.09159554655
2012-07-16,133419299.83544463,-45936.965007641884,80379973.21810795,1434200.90692784,39736214.43621529,696172.9902685997,13349049.146129047,86564.09159554655
2012-07-17,133760917.94240424,-45936.965007641884,80799695.1685504,1434200.90692784,39722168.4960239,696172.9902685997,13284991.242837586,86564.09159554655
2012-07-18,134883874.36417308,-45936.965007641884,81893465.94077106,1434200.90692784,39787710.905538626,696172.9902685997,13248634.482871043,86564.09159554655
2012-07-19,135806104.42836007,-45936.965007641884,82796472.41084191,1434200.90692784,39778368.19092466,696172.9902685997,13277200.791601157,86564.09159554655
2012-07-20,134812278.81563216,-45936.965007641884,81702685.22549441,1434200.90692784,39853226.758161336,696172.9902685997,13302303.796984052,86564.09159554655
2012-07-23,133783569.18870361,-45936.965007641884,80710653.95547572,1434200.90692784,39871949.36703811,696172.9902685997,13246902.831197431,86564.09159554655
2012-07-24,133236868.96712005,-45936.965007641884,80074738.29837525,1434200.90692784,39918747.92216244,696172.9902685997,13289319.711590005,86564.09159554655
2012-07-25,132916870.5639613,-45936.965007641884,79540567.61451901,1434200.90692784,39946807.934274785,696172.9902685997,13475431.980175145,86564.09159554655
2012-07-26,134039630.8911963,-45936.965007641884,80596166.92476597,1434200.90692784,39918747.92216244,696172.9902685997,13570653.009275531,86564.09159554655
2012-07-27,135864315.24517852,-45936.965007641884,82503952.19336331,1434200.90692784,39768993.608040266,696172.9902685997,13637306.408782588,86564.09159554655
2012-07-30,135866004.41899583,-45936.965007641884,82440307.55854318,1434200.90692784,39843849.51958773,696172.9902685997,13627784.30587255,86564.09159554655
2012-07-31,135753819.01653597,-47530.47232109997,81480809.69331424,1417945.7702774133,40740404.84665712,711086.2463717512,13580134.948885707,86779.56720679473
2012-08-01,135348447.86242196,-47530.47232109997,81241914.3041767,1417945.7702774133,40691082.02707026,711086.2463717512,13462982.00349609,86779.56720679473
2012-08-02,135048202.180606,-47530.47232109997,80952682.4460061,1417945.7702774133,40767715.089609355,711086.2463717512,13375335.117311627,86779.56720679473
2012-08-03,136557025.54971886,-47530.47232109997,82486776.40020216,1417945.7702774133,40619217.67799065,711086.2463717512,13498561.943847142,86779.56720679473
2012-08-06,137289133.64802653,-47530.47232109997,83115479.22296706,1417945.7702774133,40657538.27812833,711086.2463717512,13563646.619252238,86779.56720679473
2012-08-07,137873575.2062743,-47530.47232109997,83807040.42813398,1417945.7702774133,40552154.59331562,711086.2463717512,13561910.65714579,86779.56720679473
2012-08-08,137843613.76498196,-47530.47232109997,83769350.28024851,1417945.7702774133,40542527.6512976,711086.2463717512,13579266.305756928,86779.56720679473
2012-08-09,138115426.74538788,-47530.47232109997,84020832.49116123,1417945.7702774133,40518599.99405865,711086.2463717512,13623524.732489105,86779.56720679473
2012-08-10,138230149.03238335,-47530.47232109997,84071136.50599118,1417945.7702774133,40566531.260741815,711086.2463717512,13640011.737971462,86779.56720679473
2012-08-13,138332786.04859465,-47530.47232109997,84272287.6569047,1417945.7702774133,40571283.69872873,711086.2463717512,13536745.16528231,86779.56720679473
2012-08-14,138195306.56757897,-47530.47232109997,84310021.07706101,1417945.7702774133,40470701.27832062,711086.2463717512,13462114.684518423,86779.56720679473
2012-08-15,138308713.69895348,-47530.47232109997,84523780.68588515,1417945.7702774133,40326959.01726759,711086.2463717512,13505504.46812182,86779.56720679473
2012-08-16,139352246.77284932,-47530.47232109997,85529698.71146837,1417945.7702774133,40283869.70367043,711086.2463717512,13586208.830031605,86779.56720679473
2012-08-17,139810412.7569761,-47530.47232109997,85906935.5504221,1417945.7702774133,40350913.80029412,711086.2463717512,13600093.87858096,86779.56720679473
2012-08-20,139963868.8249028,-47530.47232109997,86032690.1784631,1417945.7702774133,40331754.85651466,711086.2463717512,13646954.26224614,86779.56720679473
2012-08-21,139832474.34353954,-47530.47232109997,85693175.94159797,1417945.7702774133,40403630.05590932,711086.2463717512,13783198.81835334,86779.56720679473
2012-08-22,140495863.5163775,-47530.47232109997,86045271.59120443,1417945.7702774133,40566531.260741815,711086.2463717512,13931591.136752337,86779.56720679473
2012-08-23,139927989.43474916,-47530.47232109997,85341112.74619462,1417945.7702774133,40585663.078733675,711086.2463717512,14048744.082141954,86779.56720679473
2012-08-24,140463026.75212887,-47530.47232109997,85869207.53929965,1417945.7702774133,40585663.078733675,711086.2463717512,14055686.606416631,86779.56720679473
2012-08-27,140610745.90775505,-47530.47232109997,86007570.62525125,1417945.7702774133,40647954.73737046,711086.2463717512,14002751.017454442,86779.56720679473
2012-08-28,140649415.32290953,-47530.47232109997,86007570.62525125,1417945.7702774133,40662325.97963913,711086.2463717512,14027049.190340256,86779.56720679473
2012-08-29,140524736.4880977,-47530.47232109997,86007570.62525125,1417945.7702774133,40628765.95522465,711086.2463717512,13935930.3799429,86779.56720679473
2012-08-30,139684570.32912531,-47530.47232109997,85139918.32301027,1417945.7702774133,40662325.97963913,711086.2463717512,13929856.498797001,86779.56720679473
2012-08-31,140665990.7493785,-49250.33437931524,84429144.65025468,1396824.5180681627,42214572.32512734,735631.3172438418,14071524.108375782,85687.02961744828
2012-09-04,140573720.12002364,-49250.33437931524,84342402.60645573,1396824.5180681627,42186765.58256383,735631.3172438418,14093802.265383406,85687.02961744828
2012-09-05,140472427.42347538,-49250.33437931524,84255676.5480448,1396824.5180681627,42186765.58256383,735631.3172438418,14079235.627246076,85687.02961744828
2012-09-06,142293260.56712005,-49250.33437931524,86126148.1128166,1396824.5180681627,42087428.52736091,735631.3172438418,14128934.261321835,85687.02961744828
2012-09-07,142473541.7128384,-49250.33437931524,86002240.04189697,1396824.5180681627,42087428.52736091,735631.3172438418,14433123.477959838,85687.02961744828
2012-09-10,141282532.56283978,-49250.33437931524,84899823.74325134,1396824.5180681627,42097376.54455615,735631.3172438418,14334582.609411586,85687.02961744828
2012-09-11,141143919.07913524,-49250.33437931524,84763569.62432617,1396824.5180681627,42042748.03941094,735631.3172438418,14386851.749777442,85687.02961744828
2012-09-12,141333757.34919962,-49250.33437931524,85011300.51076272,1396824.5180681627,41983141.31635195,735631.3172438418,14388565.856464278,85687.02961744828
2012-09-13,142860652.92585745,-49250.33437931524,86163303.48301195,1396824.5180681627,42067554.94265662,735631.3172438418,14679044.834568216,85687.02961744828
2012-09-14,143462005.61332658,-49250.33437931524,86931257.5083474,1396824.5180681627,41858966.489584826,735631.3172438418,14721031.949773677,85687.02961744828
2012-09-17,143438807.60288024,-49250.33437931524,86968418.20700543,1396824.5180681627,41918570.40643305,735631.3172438418,14601069.323821062,85687.02961744828
2012-09-18,143675919.04884815,-49250.33437931524,87042766.2466348,1396824.5180681627,41968226.306086026,735631.3172438418,14714176.830506643,85687.02961744828
2012-09-19,143893299.31135848,-49250.33437931524,87203787.06004843,1396824.5180681627,42022871.648495875,735631.3172438418,14715890.93719348,85687.02961744828
2012-09-20,143793353.40189755,-49250.33437931524,87117082.31548817,1396824.5180681627,42032766.34768641,735631.3172438418,14692755.07310228,85687.02961744828
2012-09-21,143904898.77875885,-49250.33437931524,87141923.60845399,1396824.5180681627,42077483.31637644,735631.3172438418,14734742.188307744,85687.02961744828
2012-09-24,143362288.2641064,-49250.33437931524,86632602.50417717,1396824.5180681627,42122169.41674796,735631.3172438418,14656766.67756059,85687.02961744828
2012-09-25,142205375.79346943,-49250.33437931524,85415240.60882223,1396824.5180681627,42206611.10516038,735631.3172438418,14632774.413866129,85687.02961744828
2012-09-26,141496988.27818647,-49250.33437931524,84719572.508063,1396824.5180681627,42276151.81436074,735631.3172438418,14550514.290142043,85687.02961744828
2012-09-27,142856619.0322148,-49250.33437931524,85887230.50363562,1396824.5180681627,42251336.49248274,735631.3172438418,14767302.370475762,85687.02961744828
2012-09-28,142149700.86340815,-49250.33437931524,85179157.74178149,1396824.5180681627,42291049.98736201,735631.3172438418,14728743.468643973,85687.02961744828
2012-10-01,142091655.0591676,-49250.33437931524,85055015.21850438,1396824.5180681627,42322872.417543694,735631.3172438418,14763017.757498827,85687.02961744828
2012-10-02,142323767.23763132,-49250.33437931524,85303406.83431198,1396824.5180681627,42322872.417543694,735631.3172438418,14746738.320154972,85687.02961744828
2012-10-03,142882011.50421166,-49250.33437931524,85850000.53496289,1396824.5180681627,42307960.21348854,735631.3172438418,14773301.090139532,85687.02961744828
2012-10-04,143213304.87852845,-49250.33437931524,86148122.69286616,1396824.5180681627,42238307.2558572,735631.3172438418,14876125.264184408,85687.02961744828
2012-10-05,142624046.90245643,-49250.33437931524,85688516.145297,1396824.5180681627,42193486.457368515,735631.3172438418,14791294.634170223,85687.02961744828
2012-10-08,141847383.47885922,-49250.33437931524,84905924.83300807,1396824.5180681627,42248255.27305245,735631.3172438418,14742453.707178038,85687.02961744828
2012-10-09,140327870.17706192,-49250.33437931524,83551893.19863972,1396824.5180681627,42173601.64782113,735631.3172438418,14651625.664980393,85687.02961744828
2012-10-10,139957350.69573343,-49250.33437931524,83129521.94820596,1396824.5180681627,42238307.2558572,735631.3172438418,14638771.826049589,85687.02961744828
2012-10-11,139772490.600046,-49250.33437931524,82868672.38667676,1396824.5180681627,42273166.00609678,735631.3172438418,14679902.541651787,85687.02961744828
2012-10-12,139657080.14368203,-49250.33437931524,82831373.14798933,1396824.5180681627,42303021.2825256,735631.3172438418,14571936.047546405,85687.02961744828
2012-10-15,140104313.00608662,-49250.33437931524,83440064.75259215,1396824.5180681627,42288086.62878425,735631.3172438418,14425411.959089542,85687.02961744828
2012-10-16,141291510.32696077,-49250.33437931524,84620207.3361997,1396824.5180681627,42203456.924249955,735631.3172438418,14517096.40089045,85687.02961744828
2012-10-17,141147584.8791414,-49250.33437931524,84570508.76488003,1396824.5180681627,42098948.02258982,735631.3172438418,14527378.426050846,85687.02961744828
2012-10-18,140082078.36437857,-49250.33437931524,83589155.13808846,1396824.5180681627,42079060.40683165,735631.3172438418,14463113.153837759,85687.02961744828
2012-10-19,137990861.69124025,-49250.33437931524,81589196.60198194,1396824.5180681627,42143751.98381385,735631.3172438418,14307163.439823763,85687.02961744828
2012-10-22,138405707.37623698,-49250.33437931524,82011514.56778897,1396824.5180681627,42084010.562637694,735631.3172438418,14359432.58018962,85687.02961744828
2012-10-23,137533462.51338336,-49250.33437931524,81228933.9124254,1396824.5180681627,42178574.25331336,735631.3172438418,14175204.68202392,85687.02961744828
2012-10-24,137179024.89245698,-49250.33437931524,80943216.41561702,1396824.5180681627,42158695.056187525,735631.3172438418,14126363.755031737,85687.02961744828
2012-10-25,137208710.27255088,-49250.33437931524,80943216.41561702,1396824.5180681627,42088983.16812992,735631.3172438418,14225761.02318325,85687.02961744828
2012-10-26,137526612.7853351,-49250.33437931524,81179240.6695684,1396824.5180681627,42178574.25331336,735631.3172438418,14218048.196832644,85687.02961744828
2012-10-31,137128516.6588568,-48011.78495533425,82305917.0662873,1424932.6415224122,41152958.53314365,716559.8886524244,13717652.844381217,82225.33533430517
2012-11-01,138168860.23068196,-48011.78495533425,83471763.13926141,1424932.6415224122,41089946.83517148,716559.8886524244,13655162.041204402,82225.33533430517
2012-11-02,137010984.2952536,-48011.78495533425,82584669.94914004,1424932.6415224122,41104486.103847265,716559.8886524244,13369840.02722164,82225.33533430517
2012-11-05,137670727.3903402,-48011.78495533425,83129602.97162107,1424932.6415224122,41167495.06836038,716559.8886524244,13421641.1353141,82225.33533430517
2012-11-06,137944361.39396995,-48011.78495533425,83281682.61275156,1424932.6415224122,41036617.04914697,716559.8886524244,13674073.51702676,82225.33533430517
2012-11-07,136092719.4505947,-48011.78495533425,81317470.0628655,1424932.6415224122,41133564.64119881,716559.8886524244,13689696.531485725,82225.33533430517
2012-11-08,134999206.91131815,-48011.78495533425,80037594.1553201,1424932.6415224122,41196590.00646621,716559.8886524244,13813034.534487182,82225.33533430517
2012-11-09,135288622.94383058,-48011.78495533425,80379765.19433375,1424932.6415224122,41157813.15641272,716559.8886524244,13799056.378039436,82225.33533430517
2012-11-12,135308526.25537574,-48011.78495533425,80367078.30168957,1424932.6415224122,41220827.58784393,716559.8886524244,13768632.15079759,82225.33533430517
2012-11-13,134717336.3158108,-48011.78495533425,79809485.56499764,1424932.6415224122,41216008.49954249,716559.8886524244,13739854.036226014,82225.33533430517
2012-11-14,133773205.2576491,-48011.78495533425,78871769.82509258,1424932.6415224122,41206304.719922446,716559.8886524244,13743142.497589404,82225.33533430517
2012-11-15,133415847.09039405,-48011.78495533425,78605627.73527086,1424932.6415224122,41201425.49552195,716559.8886524244,13656805.644556575,82225.33533430517
2012-11-16,133721352.21519652,-48011.78495533425,78947787.90291122,1424932.6415224122,41182037.070495196,716559.8886524244,13639539.026745437,82225.33533430517
2012-11-19,135760471.10189328,-48011.78495533425,80823279.1752745,1424932.6415224122,41182037.070495196,716559.8886524244,13803166.641078914,82225.33533430517
2012-11-20,135683319.19183272,-48011.78495533425,80848604.039383,1424932.6415224122,41119028.10598208,716559.8886524244,13763698.83142298,82225.33533430517
2012-11-21,135818399.7633812,-48011.78495533425,81013343.39472441,1424932.6415224122,41075391.16574142,716559.8886524244,13777676.987870727,82225.33533430517
2012-11-23,137225875.541174,-48011.78495533425,82242564.13836621,1424932.6415224122,41085084.01152527,716559.8886524244,13946239.176237863,82225.33533430517
2012-11-26,137556195.92877188,-48011.78495533425,82597378.58453082,1424932.6415224122,41075391.16574142,716559.8886524244,13931437.963454982,82225.33533430517
2012-11-27,137300642.20668948,-48011.78495533425,82318603.95893148,1424932.6415224122,41157813.15641272,716559.8886524244,13872236.876300607,82225.33533430517
2012-11-28,137856887.98766086,-48011.78495533425,83028232.85126068,1424932.6415224122,41182037.070495196,716559.8886524244,13694629.850860335,82225.33533430517
2012-11-29,138427191.11826476,-48011.78495533425,83522467.22434488,1424932.6415224122,41206304.719922446,716559.8886524244,13746430.958952796,82225.33533430517
2012-11-30,138117428.99069265,-48358.02545565191,82899472.20968898,1416668.6436162398,41449736.10484449,721302.113161308,13816578.70161483,83207.33783611073
2012-12-03,137993034.2215779,-48358.02545565191,82735688.27192166,1416668.6436162398,41482468.534113005,721302.113161308,13823235.440998904,83207.33783611073
2012-12-04,137834543.99592435,-48358.02545565191,82685256.6321274,1416668.6436162398,41516695.054596454,721302.113161308,13680950.33465614,83207.33783611073
2012-12-05,136919281.99683297,-48358.02545565191,81765592.55526628,1416668.6436162398,41546059.58764568,721302.113161308,13655987.879376665,83207.33783611073
2012-12-06,137480055.1179962,-48358.02545565191,82294746.48176594,1416668.6436162398,41546059.58764568,721302.113161308,13687607.074040215,83207.33783611073
2012-12-07,136965341.72816113,-48358.02545565191,81803389.26430197,1416668.6436162398,41467786.267588384,721302.113161308,13742524.221726421,83207.33783611073
2012-12-10,137282433.00180623,-48358.02545565191,82042766.62014067,1416668.6436162398,41492247.53996541,721302.113161308,13795776.867155803,83207.33783611073
2012-12-11,138306597.34638613,-48358.02545565191,83113628.34146856,1416668.6436162398,41458032.02567876,721302.113161308,13783295.004694456,83207.33783611073
2012-12-12,138076676.14411247,-48358.02545565191,82937295.93953468,1416668.6436162398,41394457.481441274,721302.113161308,13793280.748592177,83207.33783611073
2012-12-13,137221887.22785798,-48358.02545565191,82282122.35933138,1416668.6436162398,41311333.18014655,721302.113161308,13676789.713835692,83207.33783611073
2012-12-14,136445245.3678555,-48358.02545565191,81501010.18785445,1416668.6436162398,41335772.440129995,721302.113161308,13656820.765326684,83207.33783611073
2012-12-17,137481177.33514908,-48358.02545565191,82584490.62745489,1416668.6436162398,41262429.89623689,721302.113161308,13682614.836912964,83207.33783611073
2012-12-18,138451790.30923975,-48358.02545565191,83844384.53141923,1416668.6436162398,41169518.33444216,721302.113161308,13486245.468834013,83207.33783611073
2012-12-19,138141991.66734198,-48358.02545565191,83479009.13852489,1416668.6436162398,41257545.89640908,721302.113161308,13453794.657863658,83207.33783611073
2012-12-20,137988700.2416878,-48358.02545565191,83479009.13852489,1416668.6436162398,41267341.41155668,721302.113161308,13290707.717061866,83207.33783611073
2012-12-21,137219298.2501066,-48358.02545565191,82601021.95901626,1416668.6436162398,41326001.68892518,721302.113161308,13340632.62762082,83207.33783611073
2012-12-24,136800055.83337036,-48358.02545565191,82436357.14284275,1416668.6436162398,41047294.51903297,721302.113161308,13364762.196950277,83207.33783611073
2012-12-26,136125454.07477382,-48358.02545565191,81714204.37879783,1416668.6436162398,41081532.045713216,721302.113161308,13378075.675718427,83207.33783611073
2012-12-27,136064617.97796744,-48358.02545565191,81587530.82149205,1416668.6436162398,41115750.31154907,721302.113161308,13409694.870381977,83207.33783611073
2012-12-28,135237380.5224467,-48358.02545565191,80802084.51209025,1416668.6436162398,41125548.57824588,721302.113161308,13358105.457566202,83207.33783611073
2012-12-31,136983716.94480553,-47961.087311240866,82219006.81927006,1411631.991463537,41109503.40963503,721707.332075107,13703167.803211678,84577.0117384255
2013-01-02,139630524.63575152,-47961.087311240866,84832123.17926142,1411631.991463537,41045931.69330758,721707.332075107,13800430.850493755,84577.0117384255
2013-01-03,138899763.41713738,-47961.087311240866,84390304.29344442,1411631.991463537,40923606.17687858,721707.332075107,13633814.034125634,84577.0117384255
2013-01-04,138621355.74975324,-47961.087311240866,84112580.94929868,1411631.991463537,40987199.91796594,721707.332075107,13569535.969799832,84577.0117384255
2013-01-07,138531836.92693606,-47961.087311240866,84137830.97374314,1411631.991463537,40957854.678507514,721707.332075107,13484112.361996641,84577.0117384255
2013-01-08,138502438.29683506,-47961.087311240866,83973724.66217451,1411631.991463537,40996989.923737034,721707.332075107,13579684.798234753,84577.0117384255
2013-01-09,138797440.14791575,-47961.087311240866,84289325.73546131,1411631.991463537,40982310.42127036,721707.332075107,13573765.07849531,84577.0117384255
2013-01-10,139428384.16906634,-47961.087311240866,84794250.83506905,1411631.991463537,40982310.42127036,721707.332075107,13699784.000038184,84577.0117384255
2013-01-11,139493584.69467103,-47961.087311240866,84907894.79238963,1411631.991463537,41011677.68548867,721707.332075107,13621973.304103965,84577.0117384255
2013-01-14,139155490.16672203,-47961.087311240866,84529203.66015817,1411631.991463537,41011677.68548867,721707.332075107,13662569.908386432,84577.0117384255
2013-01-15,138878898.80807918,-47961.087311240866,84112580.94929868,1411631.991463537,41065440.12438013,721707.332075107,13748838.821711604,84577.0117384255
2013-01-16,139222488.67025226,-47961.087311240866,84453426.66208126,1411631.991463537,41060572.65244444,721707.332075107,13756450.443037795,84577.0117384255
2013-01-17,139617170.19525492,-47961.087311240866,84857394.74350068,1411631.991463537,40992081.15537655,721707.332075107,13815655.383688917,84577.0117384255
2013-01-18,139469433.14865842,-47961.087311240866,84668043.79243626,1411631.991463537,41055685.908843845,721707.332075107,13793664.534689547,84577.0117384255
2013-01-22,139618265.7360497,-47961.087311240866,84806948.5440987,1411631.991463537,41016558.92289928,721707.332075107,13842719.356362967,84577.0117384255
2013-01-23,140160496.687607,-47961.087311240866,85324495.96345432,1411631.991463537,41080147.157796666,721707.332075107,13803814.653667249,84577.0117384255
2013-01-24,138776353.08271742,-47961.087311240866,84150469.44833714,1411631.991463537,41021423.64173999,721707.332075107,13652421.07995151,84577.0117384255
2013-01-25,139008336.6334219,-47961.087311240866,84579682.16925234,1411631.991463537,40889319.131919846,721707.332075107,13587296.419560945,84577.0117384255
2013-01-28,139118358.72839922,-47961.087311240866,84769027.73536806,1411631.991463537,40840443.436628975,721707.332075107,13556848.6437134,84577.0117384255
2013-01-29,139146166.75306308,-47961.087311240866,84781650.05511595,1411631.991463537,40796424.20089385,721707.332075107,13616053.584364522,84577.0117384255
2013-01-30,139026875.1305129,-47961.087311240866,84604926.80874811,1411631.991463537,40752363.66873393,721707.332075107,13717545.740342077,84577.0117384255
2013-01-31,138778583.8350832,-48589.51067101397,83296304.00745252,1392914.978215054,41648152.00372626,736245.7432402418,13882717.334575422,86121.07690692364
2013-02-01,139667140.27318904,-48589.51067101397,84280362.64749567,1392914.978215054,41531119.53256223,736245.7432402418,13904247.603802152,86121.07690692364
2013-02-04,138389696.95615175,-48589.51067101397,82810507.48035942,1392914.978215054,41676164.52754171,736245.7432402418,13951614.45892163,86121.07690692364
2013-02-05,139536925.14888853,-48589.51067101397,84031194.39617792,1392914.978215054,41606150.06933082,736245.7432402418,13948170.194050826,86121.07690692364
2013-02-06,139399919.8116771,-48589.51067101397,83757153.42218477,1392914.978215054,41706154.273812145,736245.7432402418,13985201.626351196,86121.07690692364
2013-02-07,139432352.83384013,-48589.51067101397,83831920.36958185,1392914.978215054,41711187.20369758,736245.7432402418,13937834.771231718,86121.07690692364
2013-02-08,140258635.74997276,-48589.51067101397,84691450.6762302,1392914.978215054,41701191.55779231,736245.7432402418,13914583.02662126,86121.07690692364
2013-02-11,140072440.20027566,-48589.51067101397,84716334.02600354,1392914.978215054,41651159.9657281,736245.7432402418,13753535.719215035,86121.07690692364
2013-02-12,139750045.79295054,-48589.51067101397,84367552.67235808,1392914.978215054,41661183.6971796,736245.7432402418,13769898.934083886,86121.07690692364
2013-02-13,139921589.7861023,-48589.51067101397,84666471.68257561,1392914.978215054,41606150.06933082,736245.7432402418,13697557.544866875,86121.07690692364
2013-02-14,139896443.566175,-48589.51067101397,84641588.33280228,1392914.978215054,41666171.69019106,736245.7432402418,13637273.053852698,86121.07690692364
2013-02-15,139389256.49983245,-48589.51067101397,84392478.53052308,1392914.978215054,41631149.01403518,736245.7432402418,13414218.465945221,86121.07690692364
2013-02-19,139947561.58267486,-48589.51067101397,85002787.45036408,1392914.978215054,41616176.60933695,736245.7432402418,13377187.033644851,86121.07690692364
2013-02-20,138334635.66967466,-48589.51067101397,83694905.19613424,1392914.978215054,41646143.887170404,736245.7432402418,13042176.097041052,86121.07690692364
2013-02-21,137579394.95365316,-48589.51067101397,82798025.95385557,1392914.978215054,41686160.17344698,736245.7432402418,13143798.337021615,86121.07690692364
2013-02-22,138464125.7779625,-48589.51067101397,83632619.77524099,1392914.978215054,41706154.273812145,736245.7432402418,13173941.239580378,86121.07690692364
2013-02-25,137683273.68114284,-48589.51067101397,82598741.30016159,1392914.978215054,41841195.19722248,736245.7432402418,13291926.694429792,86121.07690692364
2013-02-26,138176563.53479552,-48589.51067101397,82910120.58268715,1392914.978215054,41861197.72325152,736245.7432402418,13453834.73952788,86121.07690692364
2013-02-27,138871507.09424204,-48589.51067101397,83757153.42218477,1392914.978215054,41851207.6944555,736245.7432402418,13311735.488272794,86121.07690692364
2013-02-28,138533360.2398192,-48503.65236226351,83149118.33530886,1385688.42756877,41574559.16765443,731030.1443581737,13858186.389218146,90576.38162887677
2013-03-01,138852555.6606156,-48503.65236226351,83496121.90020518,1385688.42756877,41597473.576132946,731030.1443581737,13807463.83663972,90576.38162887677
2013-03-04,139201685.6948402,-48503.65236226351,83867879.71813151,1385688.42756877,41587526.430575825,731030.1443581737,13794783.198495112,90576.38162887677
2013-03-05,140423247.07344374,-48503.65236226351,85107072.44455267,1385688.42756877,41562648.806377605,731030.1443581737,13802029.474875731,90576.38162887677
2013-03-06,140219902.66757417,-48503.65236226351,84896399.63769555,1385688.42756877,41492988.11223215,731030.1443581737,13879018.570008734,90576.38162887677
2013-03-07,140334334.42871687,-48503.65236226351,85119441.64209491,1385688.42756877,41433288.50693727,731030.1443581737,13830107.932046939,90576.38162887677
2013-03-08,140320880.2101653,-48503.65236226351,85218580.23179771,1385688.42756877,41318883.784066275,731030.1443581737,13831919.846663568,90576.38162887677
2013-03-11,140574194.98060718,-48503.65236226351,85466402.91913638,1385688.42756877,41299014.59088027,731030.1443581737,13857281.122952782,90576.38162887677
2013-03-12,140452715.2704884,-48503.65236226351,85156660.24034058,1385688.42756877,41378586.178019844,731030.1443581737,13965972.504490253,90576.38162887677
2013-03-13,140243385.9286914,-48503.65236226351,85045094.30729511,1385688.42756877,41328828.1409647,731030.1443581737,13917967.132793821,90576.38162887677
2013-03-14,140545164.1048078,-48503.65236226351,85330109.16297017,1385688.42756877,41343780.92887535,731030.1443581737,13919777.66532455,90576.38162887677
2013-03-15,140386671.21636152,-48503.65236226351,85092895.44121581,1385688.42756877,41393516.656660944,731030.1443581737,13948762.770847023,90576.38162887677
2013-03-18,140404949.91322052,-48503.65236226351,84906559.29482211,1385688.42756877,41473135.650998294,731030.1443581737,14073758.619762361,90576.38162887677
2013-03-19,140331719.34249774,-48503.65236226351,84745114.8369867,1385688.42756877,41497946.347387895,731030.1443581737,14137161.810485395,90576.38162887677
2013-03-20,140823782.02951625,-48503.65236226351,85341273.1566493,1385688.42756877,41458160.55381811,731030.1443581737,14072851.971411096,90576.38162887677
2013-03-21,139944702.24240428,-48503.65236226351,84372521.83392717,1385688.42756877,41468124.43132739,731030.1443581737,14152559.629511995,90576.38162887677
2013-03-22,140740814.64150515,-48503.65236226351,85192234.89822912,1385688.42756877,41507926.95684933,731030.1443581737,14089156.438788962,90576.38162887677
2013-03-25,140397275.1296407,-48503.65236226351,84881762.75393724,1385688.42756877,41502938.046447955,731030.1443581737,14061077.981617754,90576.38162887677
2013-03-26,140824649.3694671,-48503.65236226351,85341273.1566493,1385688.42756877,41517901.98899338,731030.1443581737,14013977.876186686,90576.38162887677
2013-03-27,141078916.73572955,-48503.65236226351,85453055.81495084,1385688.42756877,41602417.86799523,731030.1443581737,14071946.705145732,90576.38162887677
2013-03-28,141212634.638354,-48503.65236226351,85664209.64615683,1385688.42756877,41607406.77839661,731030.1443581737,13989521.866162837,90576.38162887677
2013-04-01,140686770.27807444,-48503.65236226351,85080478.66983688,1385688.42756877,41645346.479911774,731030.1443581737,14009448.780688062,90576.38162887677
2013-04-02,141159559.88322014,-48503.65236226351,85751190.47759163,1385688.42756877,41650315.869702294,731030.1443581737,13806557.188288454,90576.38162887677
2013-04-03,140248045.79678988,-48503.65236226351,84968669.58162606,1385688.42756877,41675302.25158954,731030.1443581737,13652577.615936544,90576.38162887677
2013-04-04,140352883.68442923,-48503.65236226351,84993524.26831135,1385688.42756877,41795139.281594045,731030.1443581737,13612723.786886094,90576.38162887677
2013-04-05,139987970.7316566,-48503.65236226351,84285541.00249237,1385688.42756877,41909956.72595158,731030.1443581737,13840976.655574916,90576.38162887677
2013-04-08,140356298.93194872,-48503.65236226351,84732682.20766221,1385688.42756877,41890017.816298254,731030.1443581737,13782102.560350506,90576.38162887677
2013-04-09,140989549.1236402,-48503.65236226351,85304022.8425125,1385688.42756877,41845047.9062186,731030.1443581737,13888982.027271347,90576.38162887677
2013-04-10,142339423.40840432,-48503.65236226351,86968351.23163842,1385688.42756877,41765186.298574984,731030.1443581737,13654389.530553173,90576.38162887677
2013-04-11,142349316.45274335,-48503.65236226351,86931090.3455379,1385688.42756877,41785167.0381087,731030.1443581737,13681562.721459016,90576.38162887677
2013-04-12,141744011.2991946,-48503.65236226351,86869032.91855252,1385688.42756877,41885012.17394473,731030.1443581737,13038469.85905963,90576.38162887677
2013-04-15,138929971.42321384,-48503.65236226351,85154947.58221933,1385688.42756877,41929943.042802684,731030.1443581737,11893584.450554065,90576.38162887677
2013-04-16,140185263.81540528,-48503.65236226351,86285280.79830514,1385688.42756877,41919942.912730396,731030.1443581737,12028543.756732015,90576.38162887677
2013-04-17,138522412.844463,-48503.65236226351,84596087.15053022,1385688.42756877,41939945.96153366,731030.1443581737,12034883.384761369,90576.38162887677
2013-04-18,137509358.41313928,-48503.65236226351,83428535.33619878,1385688.42756877,41964918.40012743,731030.1443581737,12164408.32917533,90576.38162887677
2013-04-19,138723038.5261706,-48503.65236226351,84571216.60589938,1385688.42756877,41929943.042802684,731030.1443581737,12270382.529830808,90576.38162887677
2013-04-22,139867543.43456784,-48503.65236226351,85440665.4734812,1385688.42756877,41984899.13966115,731030.1443581737,12490482.473787745,90576.38162887677
2013-04-23,140584878.2785884,-48503.65236226351,86260420.825638,1385688.42756877,41974865.54568455,731030.1443581737,12398095.55962814,90576.38162887677
2013-04-24,140672601.74111357,-48503.65236226351,86223133.5096282,1385688.42756877,41964918.40012743,731030.1443581737,12533053.48372019,90576.38162887677
2013-04-25,141402498.8836048,-48503.65236226351,86682723.2020681,1385688.42756877,41939945.96153366,731030.1443581737,12828333.372365305,90576.38162887677
2013-04-26,141118952.28250203,-48503.65236226351,86409480.2279856,1385688.42756877,41994857.43985304,731030.1443581737,12763118.267025642,90576.38162887677
2013-04-29,142074664.24068356,-48503.65236226351,87204349.17756598,1385688.42756877,42029799.33327348,731030.1443581737,12889019.382206345,90576.38162887677
2013-04-30,142700744.56863698,-49962.74756066918,85650424.38971859,1351181.0768239626,42825212.194859296,744864.8708677789,14275070.731619768,99986.48388619053
2013-05-01,142207466.34636632,-49962.74756066918,85250735.72462903,1351181.0768239626,42897600.56709069,744864.8708677789,14109092.802207252,99986.48388619053
2013-05-02,143376575.38712937,-49962.74756066918,86328669.41671152,1351181.0768239626,42907787.10793107,744864.8708677789,14190081.61004744,99986.48388619053
2013-05-03,144207026.5877783,-49962.74756066918,87345993.14525346,1351181.0768239626,42703917.060858116,744864.8708677789,14207079.129227372,99986.48388619053
2013-05-06,144547030.6890239,-49962.74756066918,87685087.30984275,1351181.0768239626,42698828.05258891,744864.8708677789,14213078.074152917,99986.48388619053
2013-05-07,144280882.54460925,-49962.74756066918,87636708.6111616,1351181.0768239626,42658033.58484962,744864.8708677789,14036103.09615868,99986.48388619053
2013-05-08,144953501.32460886,-49962.74756066918,88060560.85385795,1351181.0768239626,42698828.05258891,744864.8708677789,14244075.165722676,99986.48388619053
2013-05-09,144601105.96409893,-49962.74756066918,87939423.39632499,1351181.0768239626,42632548.76342775,744864.8708677789,14079096.551906861,99986.48388619053
2013-05-10,144905980.0589707,-49962.74756066918,88472331.3077509,1351181.0768239626,42525497.73799919,744864.8708677789,13958113.760781264,99986.48388619053
2013-05-13,144852092.77770674,-49962.74756066918,88581304.5069323,1351181.0768239626,42479622.78629265,744864.8708677789,13841128.232042475,99986.48388619053
2013-05-14,145168816.095755,-49962.74756066918,89041556.74644157,1351181.0768239626,42398084.99662582,744864.8708677789,13779137.10024829,99986.48388619053
2013-05-15,145083523.01685667,-49962.74756066918,89223247.46970072,1351181.0768239626,42449057.480903536,744864.8708677789,13461180.813813085,99986.48388619053
2013-05-16,144993785.71018556,-49962.74756066918,89126356.0593227,1351181.0768239626,42510205.140285686,744864.8708677789,13407187.258137848,99986.48388619053
2013-05-17,145459984.13365567,-49962.74756066918,89986245.42045394,1351181.0768239626,42418472.28547651,744864.8708677789,13105229.175285872,99986.48388619053
2013-05-20,145721468.72812742,-49962.74756066918,89852995.24803704,1351181.0768239626,42408263.013164245,744864.8708677789,13510173.214486811,99986.48388619053
2013-05-21,145635196.16746372,-49962.74756066918,89949896.96710859,1351181.0768239626,42449057.480903536,744864.8708677789,13286204.46701225,99986.48388619053
2013-05-22,144611262.86029118,-49962.74756066918,89162673.58658749,1351181.0768239626,42306335.09321273,744864.8708677789,13192216.928051606,99986.48388619053
2013-05-23,144667227.83810744,-49962.74756066918,88956778.0509475,1351181.0768239626,42301231.87777359,744864.8708677789,13459180.656947013,99986.48388619053
2013-05-24,144538901.381132,-49962.74756066918,88908337.50010525,1351181.0768239626,42306335.09321273,744864.8708677789,13374191.535374686,99986.48388619053
2013-05-28,144858778.7313482,-49962.74756066918,89489665.34498635,1351181.0768239626,42071879.85071276,744864.8708677789,13347196.283209734,99986.48388619053
2013-05-29,144604523.93121615,-49962.74756066918,89065771.86751595,1351181.0768239626,42107537.005805075,744864.8708677789,13481177.805455789,99986.48388619053
2013-05-30,145228185.34978193,-49962.74756066918,89538116.20452212,1351181.0768239626,42071879.85071276,744864.8708677789,13668152.042107712,99986.48388619053
2013-05-31,144004869.9742885,-50419.351263943354,86433173.59533146,1316433.9878980801,43216586.79766573,766431.8133930139,14405528.932555243,107568.16852985695
2013-06-03,144397412.30600604,-50419.351263943354,86586529.23620988,1316433.9878980801,43177172.325938925,766431.8133930139,14684130.095121175,107568.16852985695
2013-06-04,143795574.71863538,-50419.351263943354,86138122.92651981,1316433.9878980801,43161428.17266774,766431.8133930139,14546442.970711756,107568.16852985695
2013-06-05,142690038.20123222,-50419.351263943354,85017187.50104876,1316433.9878980801,43145631.39270039,766431.8133930139,14577638.658747012,107568.16852985695
2013-06-06,143269474.43900847,-50419.351263943354,85430170.05375552,1316433.9878980801,43203441.81844433,766431.8133930139,14686281.91807257,107568.16852985695
2013-06-07,143977730.71185517,-50419.351263943354,86598360.59025761,1316433.9878980801,43093104.10251095,766431.8133930139,14336685.370350534,107568.16852985695
2013-06-10,143973761.16259214,-50419.351263943354,86633774.30364665,1316433.9878980801,42982725.45470278,766431.8133930139,14407680.755506638,107568.16852985695
2013-06-11,143059196.1048281,-50419.351263943354,85772395.48484409,1316433.9878980801,43003761.514644496,766431.8133930139,14333458.456603438,107568.16852985695
2013-06-12,142091460.29838195,-50419.351263943354,84781183.1229388,1316433.9878980801,42919669.901573785,766431.8133930139,14441026.625133295,107568.16852985695
2013-06-13,143299597.47858408,-50419.351263943354,85855004.04769856,1316433.9878980801,43108845.3320768,766431.8133930139,14386167.450072667,107568.16852985695
2013-06-14,142854741.50317746,-50419.351263943354,85288595.5489535,1316433.9878980801,43156177.197872005,766431.8133930139,14460388.107615873,107568.16852985695
2013-06-17,143578169.00785097,-50419.351263943354,86114560.65436703,1316433.9878980801,43124633.34092812,766431.8133930139,14389394.363819763,107568.16852985695
2013-06-18,144072936.67780784,-50419.351263943354,86822543.65791412,1316433.9878980801,43087829.73807247,766431.8133930139,14212982.633085197,107568.16852985695
2013-06-19,142687469.25338793,-50419.351263943354,85855004.04769856,1316433.9878980801,42835557.82256567,766431.8133930139,14047326.734387621,107568.16852985695
2013-06-20,139505304.04286158,-50419.351263943354,83813613.38194044,1316433.9878980801,42446684.54603077,766431.8133930139,13295425.46615432,107568.16852985695
2013-06-21,139042788.61206144,-50419.351263943354,83368531.50195308,1316433.9878980801,42273276.658441685,766431.8133930139,13451399.802930608,107568.16852985695
2013-06-24,137888798.84879842,-50419.351263943354,82539970.12742126,1316433.9878980801,42068324.91390871,766431.8133930139,13330923.158732371,107568.16852985695
2013-06-25,138542788.43699765,-50419.351263943354,83143605.20832074,1316433.9878980801,42168160.680250615,766431.8133930139,13281441.899690237,107568.16852985695
2013-06-26,138877417.70368248,-50419.351263943354,83889372.21350412,1316433.9878980801,42315301.99903964,766431.8133930139,12723162.84240268,107568.16852985695
2013-06-27,139148995.22642243,-50419.351263943354,84244478.55424142,1316433.9878980801,42483482.301475726,766431.8133930139,12471453.721969211,107568.16852985695
2013-06-28,139629365.02928713,-50419.351263943354,84362827.24729864,1316433.9878980801,42504512.51400676,766431.8133930139,12812444.619245661,107568.16852985695
2013-07-01,140439668.56399196,-50419.351263943354,84883698.0896325,1316433.9878980801,42576657.86704665,766431.8133930139,13029731.958576772,107568.16852985695
2013-07-02,140369562.64008877,-50419.351263943354,84919222.28255849,1316433.9878980801,42587200.748512916,766431.8133930139,12913558.960281324,107568.16852985695
2013-07-03,140755451.75215366,-50419.351263943354,85262492.24745092,1316433.9878980801,42555598.41746218,766431.8133930139,12987780.438504528,107568.16852985695
2013-07-05,140647445.23021245,-50419.351263943354,85913518.02790405,1316433.9878980801,42081621.925807945,766431.8133930139,12702724.62776441,107568.16852985695
2013-07-08,141072632.85902026,-50419.351263943354,85996367.63702096,1316433.9878980801,42271212.52246964,766431.8133930139,12855472.050793605,107568.16852985695
2013-07-09,141760219.8938864,-50419.351263943354,86517178.2177892,1316433.9878980801,42318588.24384499,766431.8133930139,12974872.783516146,107568.16852985695
2013-07-10,142187643.54310545,-50419.351263943354,87014396.39562185,1316433.9878980801,42213296.84333335,766431.8133930139,13010369.655414201,107568.16852985695
2013-07-11,144554124.22933057,-50419.351263943354,88742597.66132027,1316433.9878980801,42497676.89091521,766431.8133930139,13364269.028359028,107568.16852985695
2013-07-12,144874947.59869334,-50419.351263943354,89133213.12959215,1316433.9878980801,42439717.35619878,766431.8133930139,13352436.464166343,107568.16852985695
2013-07-15,145197400.67703223,-50419.351263943354,89334406.40996915,1316433.9878980801,42555598.41746218,766431.8133930139,13357815.200864837,107568.16852985695
2013-07-16,145218596.96087876,-50419.351263943354,89216062.73870906,1316433.9878980801,42618765.071394205,766431.8133930139,13434188.502039434,107568.16852985695
2013-07-17,145369413.5501834,-50419.351263943354,89440968.94515286,1316433.9878980801,42713557.44601971,766431.8133930139,13265306.510274759,107568.16852985695
2013-07-18,145150274.00574556,-50419.351263943354,89216062.73870906,1316433.9878980801,42645101.80912249,766431.8133930139,13339528.809177961,107568.16852985695
2013-07-19,144455865.74199936,-50419.351263943354,88292755.11764987,1316433.9878980801,42755676.34518863,766431.8133930139,13457853.630424803,107568.16852985695
2013-07-22,145143883.80529752,-50419.351263943354,88553175.47342539,1316433.9878980801,42782045.243675694,766431.8133930139,13859082.43946037,107568.16852985695
2013-07-23,144575875.9040029,-50419.351263943354,87902139.64937799,1316433.9878980801,42771487.74368271,766431.8133930139,13952667.862206142,107568.16852985695
2013-07-24,144483158.62233728,-50419.351263943354,88186222.71324897,1316433.9878980801,42634564.7750669,766431.8133930139,13712790.485285362,107568.16852985695
2013-07-25,145151739.429224,-50419.351263943354,88742597.66132027,1316433.9878980801,42618765.071394205,766431.8133930139,13840796.047773495,107568.16852985695
2013-07-26,145668613.08850816,-50419.351263943354,89216062.73870906,1316433.9878980801,42650341.08909686,766431.8133930139,13852628.611966178,107568.16852985695
2013-07-29,145464328.72067332,-50419.351263943354,89050363.52047524,1316433.9878980801,42645101.80912249,766431.8133930139,13819282.742339522,107568.16852985695
2013-07-30,145873807.54480436,-50419.351263943354,89523828.59786403,1316433.9878980801,42618765.071394205,766431.8133930139,13781633.226810075,107568.16852985695
2013-07-31,146018634.16361335,-51124.415502690616,87641855.14746962,1286378.0440006566,43820927.57373481,787175.3021865853,14606975.857911605,114152.67241654813
2013-08-01,146541623.390463,-51124.415502690616,88532481.9383706,1286378.0440006566,43607395.943262674,787175.3021865853,14452869.924332421,114152.67241654813
2013-08-02,147151313.37761927,-51124.415502690616,89029811.04757538,1286378.0440006566,43748294.989318274,787175.3021865853,14424331.756228283,114152.67241654813
2013-08-05,147150078.1695604,-51124.415502690616,89087695.70412686,1286378.0440006566,43764516.30654244,787175.3021865853,14348990.574393792,114152.67241654813
2013-08-06,146393455.0744809,-51124.415502690616,88555584.76670599,1286378.0440006566,43737487.7844516,787175.3021865853,14151506.938825995,114152.67241654813
2013-08-07,146317125.72557738,-51124.415502690616,88393678.49693152,1286378.0440006566,43802517.189450964,787175.3021865853,14172054.454697605,114152.67241654813
2013-08-08,147087678.40825576,-51124.415502690616,88833221.09244098,1286378.0440006566,43824173.63888093,787175.3021865853,14481408.092436558,114152.67241654813
2013-08-09,146783292.83800447,-51124.415502690616,88474646.35324718,1286378.0440006566,43878362.80782342,787175.3021865853,14481408.092436558,114152.67241654813
2013-08-12,147169293.3279478,-51124.415502690616,88682797.53683491,1286378.0440006566,43797085.06008063,787175.3021865853,14740535.146534955,114152.67241654813
2013-08-13,147356290.2649819,-51124.415502690616,89180224.78889583,1286378.0440006566,43645327.76095532,787175.3021865853,14581862.13063344,114152.67241654813
2013-08-14,147142981.11317584,-51124.415502690616,88844772.50660866,1286378.0440006566,43623638.28033515,787175.3021865853,14725694.741734708,114152.67241654813
2013-08-15,145789171.27593443,-51124.415502690616,87341057.10768557,1286378.0440006566,43466472.8745233,787175.3021865853,15032765.709228272,114152.67241654813
2013-08-16,145742263.92359024,-51124.415502690616,87306373.42232563,1286378.0440006566,43352653.39876157,787175.3021865853,15134361.518005736,114152.67241654813
2013-08-19,145402156.44806403,-51124.415502690616,87155969.49529079,1286378.0440006566,43228017.709626764,787175.3021865853,15069293.658649161,114152.67241654813
2013-08-20,145958765.85928363,-51124.415502690616,87537715.76281928,1286378.0440006566,43352653.39876157,787175.3021865853,15119521.11320549,114152.67241654813
2013-08-21,145446620.79508582,-51124.415502690616,87236947.16589206,1286378.0440006566,43184653.76256379,787175.3021865853,15076144.282132655,114152.67241654813
2013-08-22,146430438.96764833,-51124.415502690616,88092929.52857554,1286378.0440006566,43228017.709626764,787175.3021865853,15160616.14494871,114152.67241654813
2013-08-23,147383521.3323535,-51124.415502690616,88682797.53683491,1286378.0440006566,43352653.39876157,787175.3021865853,15399194.812259723,114152.67241654813
2013-08-26,147568433.8283187,-51124.415502690616,88729062.07921939,1286378.0440006566,43428517.03414687,787175.3021865853,15461979.130455134,114152.67241654813
2013-08-27,146009260.68414724,-51124.415502690616,86913075.74062945,1286378.0440006566,43536931.406057514,787175.3021865853,15610377.952962957,114152.67241654813
2013-08-28,146264288.60495216,-51124.415502690616,87248547.65148783,1286378.0440006566,43461052.75649486,787175.3021865853,15605812.612472177,114152.67241654813
2013-08-29,146824773.8829097,-51124.415502690616,87861567.55951066,1286378.0440006566,43504407.69505141,787175.3021865853,15509923.043850299,114152.67241654813
2013-08-30,146055694.95259383,-51124.415502690616,87294782.75101547,1286378.0440006566,43444804.41375143,787175.3021865853,15367232.203329613,114152.67241654813
2013-09-03,146661318.0908913,-51124.415502690616,87792180.56021956,1286378.0440006566,43347554.58412873,787175.3021865853,15572707.362045709,114152.67241654813
2013-09-04,147343009.27665523,-51124.415502690616,88729062.07921939,1286378.0440006566,43293272.327286586,787175.3021865853,15371799.285651943,114152.67241654813
2013-09-05,146913863.5847408,-51124.415502690616,88879475.82053985,1286378.0440006566,42994529.23460227,787175.3021865853,15090982.945101352,114152.67241654813
2013-09-06,147403482.69622657,-51124.415502690616,88983536.69090529,1286378.0440006566,43157490.11287666,787175.3021865853,15313580.307947312,114152.67241654813
2013-09-09,148525711.6238144,-51124.415502690616,90024557.59455547,1286378.0440006566,43266093.6634221,787175.3021865853,15286184.781339532,114152.67241654813
2013-09-10,148625236.77254447,-51124.415502690616,90464110.00435053,1286378.0440006566,43173777.49248124,787175.3021865853,15038473.691215409,114152.67241654813
2013-09-11,148566667.58394286,-51124.415502690616,90290613.0632659,1286378.0440006566,43293272.327286586,787175.3021865853,15033906.608893078,114152.67241654813
2013-09-12,148037894.96400255,-51124.415502690616,90232757.84957126,1286378.0440006566,43282390.05153309,787175.3021865853,14573871.478400916,114152.67241654813
2013-09-13,148183472.9175443,-51124.415502690616,90290613.0632659,1286378.0440006566,43352989.71633453,787175.3021865853,14590994.55344655,114152.67241654813
2013-09-16,147838461.9104178,-51124.415502690616,90047670.23717648,1286378.0440006566,43407311.010037825,787175.3021865853,14434605.078706203,114152.67241654813
2013-09-17,148483737.99752262,-51124.415502690616,90649207.43103091,1286378.0440006566,43445341.92130107,787175.3021865853,14440313.060693339,114152.67241654813
2013-09-18,150547555.00169134,-51124.415502690616,91736453.61992313,1286378.0440006566,43792932.138621725,787175.3021865853,15069293.658649161,114152.67241654813
2013-09-19,150688831.74695387,-51124.415502690616,91956244.54624908,1286378.0440006566,43744097.02532727,787175.3021865853,15039614.590880215,114152.67241654813
2013-09-20,149935142.10255796,-51124.415502690616,91640685.82090154,1286378.0440006566,43738604.83924749,787175.3021865853,14606975.857911605,114152.67241654813
2013-09-23,149735313.54058897,-51124.415502690616,91455048.60851237,1286378.0440006566,43771215.6324823,787175.3021865853,14560173.715097021,114152.67241654813
2013-09-24,149840210.59785274,-51124.415502690616,91455048.60851237,1286378.0440006566,43863555.82610695,787175.3021865853,14572730.578736106,114152.67241654813
2013-09-25,149748262.73311514,-51124.415502690616,91141796.24028413,1286378.0440006566,43955868.99421234,787175.3021865853,14701721.914121352,114152.67241654813
2013-09-26,150276646.91741627,-51124.415502690616,91849484.74733979,1286378.0440006566,43890716.472958595,787175.3021865853,14587570.11262058,114152.67241654813
2013-09-27,150306162.05145317,-51124.415502690616,91733450.44852525,1286378.0440006566,43901565.71752188,787175.3021865853,14722270.300908737,114152.67241654813
2013-09-30,149970245.7471791,-52507.96379884228,90013652.22658676,1265301.3376028696,45006826.11329338,806493.9548952805,15002275.371097796,117040.69455710286
2013-10-01,150408373.9556744,-52507.96379884228,90926601.43083923,1265301.3376028696,44952180.78238041,806493.9548952805,14582099.706253622,117040.69455710286
2013-10-02,150713404.57110515,-52507.96379884228,90892350.87278095,1265301.3376028696,45002371.297441445,806493.9548952805,14871190.364681609,117040.69455710286
2013-10-03,149688492.80221367,-52507.96379884228,89831095.20757882,1265301.3376028696,45024669.98894338,806493.9548952805,14885235.569490327,117040.69455710286
2013-10-04,150338137.9395023,-52507.96379884228,90607022.87263195,1265301.3376028696,44974464.091230914,806493.9548952805,14809158.939438283,117040.69455710286
2013-10-07,149748387.38731274,-52507.96379884228,89853896.73467399,1265301.3376028696,45007924.43460494,806493.9548952805,14939074.18183264,117040.69455710286
2013-10-08,147969029.43067113,-52507.96379884228,88119349.23679633,1265301.3376028696,44991203.492508784,806493.9548952805,14910984.665164832,117040.69455710286
2013-10-09,147516304.57135057,-52507.96379884228,87845489.57457666,1265301.3376028696,44963320.89854052,806493.9548952805,14760002.062032213,117040.69455710286
2013-10-10,149172144.85345423,-52507.96379884228,89705542.00630882,1265301.3376028696,44974464.091230914,806493.9548952805,14544646.719713334,117040.69455710286
2013-10-11,149700949.59289727,-52507.96379884228,90413065.09007643,1265301.3376028696,44991203.492508784,806493.9548952805,14349188.974110885,117040.69455710286
2013-10-14,150277671.51105207,-52507.96379884228,91052077.4042444,1265301.3376028696,44901993.34384965,806493.9548952805,14376108.726756856,117040.69455710286
2013-10-15,150018060.93263745,-52507.96379884228,90698325.51584369,1265301.3376028696,44890797.85014442,806493.9548952805,14481445.530448176,117040.69455710286
2013-10-16,151212488.58008802,-52507.96379884228,91725369.23691994,1265301.3376028696,45080419.79422848,806493.9548952805,14459207.512738444,117040.69455710286
2013-10-17,152347713.24033445,-52507.96379884228,92250287.0342641,1265301.3376028696,45236609.083711065,806493.9548952805,14913325.086158136,117040.69455710286
2013-10-18,153826072.33971035,-52507.96379884228,93745196.46753107,1265301.3376028696,45286771.90999955,806493.9548952805,14846611.925978571,117040.69455710286
2013-10-21,153990885.4839719,-52507.96379884228,93950574.32060038,1265301.3376028696,45230991.3394116,806493.9548952805,14861827.78775876,117040.69455710286
2013-10-22,154549076.57487276,-52507.96379884228,94087537.93890108,1265301.3376028696,45376003.59437066,806493.9548952805,15138043.005399859,117040.69455710286
2013-10-23,153924749.71728846,-52507.96379884228,93516988.12691726,1265301.3376028696,45398302.28587259,806493.9548952805,15061967.26829745,117040.69455710286
2013-10-24,154477133.31722072,-52507.96379884228,93927753.48653899,1265301.3376028696,45398302.28587259,806493.9548952805,15203585.508607954,117040.69455710286
2013-10-25,155266175.76060835,-52507.96379884228,94601054.97269766,1265301.3376028696,45448498.95399421,806493.9548952805,15269129.797715317,117040.69455710286
2013-10-28,155261649.6175772,-52507.96379884228,94623885.46024214,1265301.3376028696,45409439.32550242,806493.9548952805,15280832.795631466,117040.69455710286
2013-10-29,155362426.0495638,-52507.96379884228,94783650.60563801,1265301.3376028696,45442911.97499758,806493.9548952805,15188371.432727033,117040.69455710286
2013-10-30,155201059.41880524,-52507.96379884228,94692386.5763587,1265301.3376028696,45392706.077285126,806493.9548952805,15168474.728960238,117040.69455710286
2013-10-31,154712377.24105787,-54168.29093619793,92859927.31919645,1243663.2143132593,46429963.65959823,824922.9502581154,15476654.55319941,121157.4668233888
2013-11-01,154513921.79310003,-54168.29093619793,92882357.89047511,1243663.2143132593,46304792.15007515,824922.9502581154,15380940.043485964,121157.4668233888
2013-11-04,154660078.52418616,-54168.29093619793,93016903.36455777,1243663.2143132593,46333365.37848528,824922.9502581154,15363978.072079338,121157.4668233888
2013-11-05,154593547.10199723,-54168.29093619793,93117878.88890104,1243663.2143132593,46196147.7986589,824922.9502581154,15333688.70537349,121157.4668233888
2013-11-06,154728725.25961503,-54168.29093619793,93095457.80601971,1243663.2143132593,46276206.33433974,824922.9502581154,15411229.41019181,121157.4668233888
2013-11-07,152944420.07276013,-54168.29093619793,91345683.4783377,1243663.2143132593,46367678.427228004,824922.9502581154,15285226.458130626,121157.4668233888
2013-11-08,153647452.41229692,-54168.29093619793,92579488.24782924,1243663.2143132593,46064682.62649042,824922.9502581154,15057449.828913461,121157.4668233888
2013-11-11,153411945.53436014,-54168.29093619793,92433670.5577233,1243663.2143132593,46024667.519390956,824922.9502581154,15007775.748182094,121157.4668233888
2013-11-12,153362841.45534867,-54168.29093619793,92579488.24782924,1243663.2143132593,46001790.055674925,824922.9502581154,14835731.442780713,121157.4668233888
2013-11-13,154658684.84710166,-54168.29093619793,93701102.20733818,1243663.2143132593,46127556.31631799,824922.9502581154,14884194.61438169,121157.4668233888
2013-11-14,155253850.85624793,-54168.29093619793,93992747.0759474,1243663.2143132593,46259034.07581176,824922.9502581154,15056237.995424954,121157.4668233888
2013-11-15,155456506.95129493,-54168.29093619793,94172172.66938204,1243663.2143132593,46276206.33433974,824922.9502581154,15062296.23850937,121157.4668233888
2013-11-18,154450561.2055635,-54168.29093619793,93252500.27016231,1243663.2143132593,46361976.36887127,824922.9502581154,14890252.857466105,121157.4668233888
2013-11-19,154095875.39530045,-54168.29093619793,92983266.99603711,1243663.2143132593,46270466.51400713,824922.9502581154,14896310.176192408,121157.4668233888
2013-11-20,153402909.372768,-54168.29093619793,92758913.84126388,1243663.2143132593,46144728.57484596,824922.9502581154,14553435.247594384,121157.4668233888
2013-11-21,154323289.3578398,-54168.29093619793,93701102.20733818,1243663.2143132593,46144728.57484596,824922.9502581154,14531626.866591847,121157.4668233888
2013-11-22,154928540.42026758,-54168.29093619793,94205894.43347862,1243663.2143132593,46247611.07811035,824922.9502581154,14529203.199614838,121157.4668233888
2013-11-25,155252549.61385328,-54168.29093619793,94430181.16947058,1243663.2143132593,46281908.39269647,824922.9502581154,14594628.34262244,121157.4668233888
2013-11-26,155674262.49372545,-54168.29093619793,94923710.66798505,1243663.2143132593,46287632.47887246,824922.9502581154,14517087.63780412,121157.4668233888
2013-11-27,156275229.06156215,-54168.29093619793,95585459.96269216,1243663.2143132593,46270466.51400713,824922.9502581154,14473470.87579905,121157.4668233888
2013-11-29,157020374.92438072,-54168.29093619793,96157505.94907928,1243663.2143132593,46293331.39039787,824922.9502581154,14623705.875839783,121157.4668233888
2013-12-02,156187241.490366,-54168.29093619793,95877085.85450672,1243663.2143132593,46118628.755855486,824922.9502581154,14245695.17094,121157.4668233888
2013-12-03,156200550.80705592,-54168.29093619793,95798550.38983944,1243663.2143132593,46164434.03258872,824922.9502581154,14291734.675563969,121157.4668233888
2013-12-04,156463889.69492152,-54168.29093619793,95888301.14014605,1243663.2143132593,46095707.236500934,824922.9502581154,14534049.609210746,121157.4668233888
2013-12-05,156059197.30080324,-54168.29093619793,95764923.5097161,1243663.2143132593,46015513.38707322,824922.9502581154,14332928.69495014,121157.4668233888
2013-12-06,156853615.00469136,-54168.29093619793,96460337.63813584,1243663.2143132593,46084227.595835716,824922.9502581154,14363218.061655985,121157.4668233888
2013-12-09,157433778.76294446,-54168.29093619793,96852920.07749903,1243663.2143132593,46130054.90038821,824922.9502581154,14504972.075993404,121157.4668233888
2013-12-10,157718283.60461828,-54168.29093619793,96785618.87526572,1243663.2143132593,46227430.44883787,824922.9502581154,14759402.571450898,121157.4668233888
2013-12-11,156276818.52843407,-54168.29093619793,95540617.7969295,1243663.2143132593,46147277.50821736,824922.9502581154,14643091.51422342,121157.4668233888
2013-12-12,155598296.80674496,-54168.29093619793,95293796.11728829,1243663.2143132593,46026952.11893124,824922.9502581154,14331716.861461634,121157.4668233888
2013-12-13,155658579.108369,-54168.29093619793,95170446.95205031,1243663.2143132593,46078522.390647665,824922.9502581154,14463778.056607231,121157.4668233888
2013-12-16,156240517.7297282,-54168.29093619793,95697641.28427744,1243663.2143132593,46095707.236500934,824922.9502581154,14501337.499886,121157.4668233888
2013-12-17,156009765.49567124,-54168.29093619793,95506952.96321686,1243663.2143132593,46181647.199923895,824922.9502581154,14375333.623466704,121157.4668233888
2013-12-18,156976994.567773,-54168.29093619793,96617399.07907309,1243663.2143132593,46164434.03258872,824922.9502581154,14249329.747047406,121157.4668233888
2013-12-19,156283858.16193584,-54168.29093619793,96348203.75853719,1243663.2143132593,46078522.390647665,824922.9502581154,13911300.303687176,121157.4668233888
2013-12-20,157486614.2249829,-54168.29093619793,97329351.48403205,1243663.2143132593,46164434.03258872,824922.9502581154,14046996.999298291,121157.4668233888
2013-12-23,158408453.69685125,-54168.29093619793,98353291.88146716,1243663.2143132593,46107161.702515565,824922.9502581154,14002168.403804718,121157.4668233888
2013-12-24,158420527.6482457,-54168.29093619793,98398266.8847924,1243663.2143132593,46010047.34106569,824922.9502581154,14066381.713323817,121157.4668233888
2013-12-26,158755417.96604085,-54168.29093619793,98724601.33402547,1243663.2143132593,45941062.50480944,824922.9502581154,14143922.418142134,121157.4668233888
2013-12-27,158553877.64359564,-54168.29093619793,98477020.5825982,1243663.2143132593,45941062.50480944,824922.9502581154,14189962.847124219,121157.4668233888
2013-12-30,158272773.68886477,-54168.29093619793,98330775.91461258,1243663.2143132593,46015806.04238623,824922.9502581154,13980360.022802183,121157.4668233888
2013-12-31,158929697.80593267,-55644.869936524425,95391205.60552153,1198665.7765957112,47695602.802760765,855357.3035791693,15898534.267586924,136914.69076420506
2014-01-02,158480507.12639832,-55644.869936524425,94642899.13399656,1198665.7765957112,47737319.352162085,855357.3035791693,16155933.510176197,136914.69076420506
2014-01-03,157979846.82832998,-55644.869936524425,93959650.86204664,1198665.7765957112,47743287.2496087,855357.3035791693,16332553.586611165,136914.69076420506
2014-01-06,157703272.1117389,-55644.869936524425,93612640.26563457,1198665.7765957112,47784971.169718355,855357.3035791693,16361305.546322506,136914.69076420506
2014-01-07,158537328.5995686,-55644.869936524425,94480207.9095883,1198665.7765957112,47844562.04509702,855357.3035791693,16268203.514819799,136914.69076420506
2014-01-08,158492627.99990425,-55644.869936524425,94686274.3154113,1198665.7765957112,47689634.90531415,855357.3035791693,16172363.649115333,136914.69076420506
2014-01-09,158314075.79618144,-55644.869936524425,94371783.67369263,1198665.7765957112,47779022.849846736,855357.3035791693,16218914.142578589,136914.69076420506
2014-01-10,159096526.28563276,-55644.869936524425,94675437.3788782,1198665.7765957112,48011372.77290646,855357.3035791693,16465361.003784638,136914.69076420506
2014-01-13,157867087.08052993,-55644.869936524425,93276420.88028498,1198665.7765957112,48076895.65351091,855357.3035791693,16569415.416670572,136914.69076420506
2014-01-14,159419492.81147128,-55644.869936524425,95055004.51036018,1198665.7765957112,48005430.97889318,855357.3035791693,16414702.19215445,136914.69076420506
2014-01-15,160139019.32290596,-55644.869936524425,95835830.93657856,1198665.7765957112,47975620.85802259,855357.3035791693,16383212.39824135,136914.69076420506
2014-01-16,160274909.20599356,-55644.869936524425,95846640.43782929,1198665.7765957112,48082902.706107534,855357.3035791693,16401010.931993268,136914.69076420506
2014-01-17,159942392.4286236,-55644.869936524425,95304427.80740967,1198665.7765957112,48136515.895252086,855357.3035791693,16557093.595898366,136914.69076420506
2014-01-21,160500537.1919818,-55644.869936524425,96030978.10002136,1198665.7765957112,48136515.895252086,855357.3035791693,16388688.066644872,136914.69076420506
2014-01-22,160596750.63843355,-55644.869936524425,96280447.12254146,1198665.7765957112,48053086.05937862,855357.3035791693,16318862.326449981,136914.69076420506
2014-01-23,160758436.33151922,-55644.869936524425,95955082.9639132,1198665.7765957112,48184157.92402086,855357.3035791693,16674840.313521678,136914.69076420506
2014-01-24,159065018.5007952,-55644.869936524425,94068084.24303645,1198665.7765957112,48309281.46879148,855357.3035791693,16743297.658903781,136914.69076420506
2014-01-27,157882630.78478506,-55644.869936524425,93157177.99804443,1198665.7765957112,48219896.78718805,855357.3035791693,16561200.869489102,136914.69076420506
2014-01-28,157868742.24818975,-55644.869936524425,93102929.29972011,1198665.7765957112,48261626.38830605,855357.3035791693,16559831.430100128,136914.69076420506
2014-01-29,157186373.2570262,-55644.869936524425,92105190.38605154,1198665.7765957112,48368885.395886816,855357.3035791693,16767942.345024385,136914.69076420506
2014-01-30,158519354.87880772,-55644.869936524425,93807842.2996421,1198665.7765957112,48368885.395886816,855357.3035791693,16398272.053215316,136914.69076420506
2014-01-31,158323839.57032302,-55432.74531047171,95027563.38938008,1217488.7378881455,47513781.69469004,839098.3654023538,15837927.23156335,131883.81809090113
2014-02-03,156457944.55278188,-55432.74531047171,92846594.75627263,1217488.7378881455,47666637.771279335,839098.3654023538,16000144.770540377,131883.81809090113
2014-02-04,157021235.13119853,-55432.74531047171,93529527.98744138,1217488.7378881455,47590517.01998374,839098.3654023538,15956622.869083894,131883.81809090113
2014-02-05,156718893.6294127,-55432.74531047171,93287204.33178627,1217488.7378881455,47490933.62594827,839098.3654023538,15996188.41698864,131883.81809090113
2014-02-06,157884308.3371907,-55432.74531047171,94476789.80911063,1217488.7378881455,47473357.449783936,839098.3654023538,15989593.82360662,131883.81809090113
2014-02-07,159750884.7623649,-55432.74531047171,96162150.46264382,1217488.7378881455,47531921.23035263,839098.3654023538,16112245.81467891,131883.81809090113
2014-02-10,160429843.49376816,-55432.74531047171,96712924.04291326,1217488.7378881455,47561193.51791827,839098.3654023538,16211158.678247085,131883.81809090113
2014-02-11,161621696.55715534,-55432.74531047171,97814415.47124065,1217488.7378881455,47461642.1329452,839098.3654023538,16401071.698279958,131883.81809090113
2014-02-12,161736159.9326906,-55432.74531047171,98001647.83581594,1217488.7378881455,47379641.31688656,839098.3654023538,16410303.525298575,131883.81809090113
2014-02-13,162720158.417776,-55432.74531047171,98728683.82369469,1217488.7378881455,47496807.28889883,839098.3654023538,16550100.05049295,131883.81809090113
2014-02-14,163119664.1705632,-55432.74531047171,98926886.14523596,1217488.7378881455,47479183.0991409,839098.3654023538,16769027.671496814,131883.81809090113
2014-02-18,163701785.84287924,-55432.74531047171,99411570.61135384,1217488.7378881455,47543649.350816324,839098.3654023538,16801998.62601954,131883.81809090113
2014-02-19,162828859.68606538,-55432.74531047171,98728683.82369469,1217488.7378881455,47502639.34006828,839098.3654023538,16652969.267612865,131883.81809090113
2014-02-20,163461085.01961002,-55432.74531047171,99191335.48886141,1217488.7378881455,47496807.28889883,839098.3654023538,16828374.987160247,131883.81809090113
2014-02-21,163361327.76691258,-55432.74531047171,99059101.52834676,1217488.7378881455,47531921.23035263,839098.3654023538,16825737.753523648,131883.81809090113
2014-02-24,164064328.4732771,-55432.74531047171,99587860.8850689,1217488.7378881455,47520205.9135139,839098.3654023538,17011694.420004785,131883.81809090113
2014-02-25,164076861.56250504,-55432.74531047171,99477650.43680349,1217488.7378881455,47613934.85003625,839098.3654023538,17040709.020975772,131883.81809090113
2014-02-26,163943321.77332556,-55432.74531047171,99389584.25391227,1217488.7378881455,47713534.248602904,839098.3654023538,16895636.016120836,131883.81809090113
2014-02-27,164658606.42670736,-55432.74531047171,100034461.6733201,1217488.7378881455,47772072.421921685,839098.3654023538,16907505.076776054,131883.81809090113
2014-02-28,164378753.52547103,-57552.70718139855,98661783.73959146,1202112.1622356041,49330891.86979573,867116.3188736626,16443630.623265246,128848.38010791881
2014-03-03,164095400.0013654,-57552.70718139855,97930072.06564523,1202112.1622356041,49435226.06371172,867116.3188736626,16787654.57918983,128848.38010791881
2014-03-04,164963118.4296636,-57552.70718139855,99175087.98074138,1202112.1622356041,49265374.54753037,867116.3188736626,16580208.608573271,128848.38010791881
2014-03-05,165329909.3799209,-57552.70718139855,99448101.85743076,1202112.1622356041,49332092.59620469,867116.3188736626,16607267.633466845,128848.38010791881
2014-03-06,165286185.2168357,-57552.70718139855,99360735.21575704,1202112.1622356041,49210809.3055407,867116.3188736626,16772193.402719362,128848.38010791881
2014-03-07,164510015.20908546,-57552.70718139855,98869313.90627135,1202112.1622356041,49065217.09372115,867116.3188736626,16633036.916274378,128848.38010791881
2014-03-10,164632809.44682518,-57552.70718139855,98956643.86239325,1202112.1622356041,49095526.339135274,867116.3188736626,16638191.952478038,128848.38010791881
2014-03-11,164294945.62496224,-57552.70718139855,98530761.29124478,1202112.1622356041,49089486.3214417,867116.3188736626,16732250.719457148,128848.38010791881
2014-03-12,165014176.57876343,-57552.70718139855,98902074.104052,1202112.1622356041,49192593.326658726,867116.3188736626,16977061.85523409,128848.38010791881
2014-03-13,163819848.43018577,-57552.70718139855,97504180.32310879,1202112.1622356041,49338175.615119524,867116.3188736626,17035045.199138857,128848.38010791881
2014-03-14,163238016.27046746,-57552.70718139855,96837989.04472387,1202112.1622356041,49307859.7541329,867116.3188736626,17149720.178792097,128848.38010791881
2014-03-17,163834924.31724718,-57552.70718139855,97689790.87257263,1202112.1622356041,49241085.473092325,867116.3188736626,16961600.67876362,128848.38010791881
2014-03-18,164937629.69594708,-57552.70718139855,98869313.90627135,1202112.1622356041,49295693.716303244,867116.3188736626,16830174.780553874,128848.38010791881
2014-03-19,163846025.51310322,-57552.70718139855,98334172.59039699,1202112.1622356041,49065217.09372115,867116.3188736626,16504188.53616646,128848.38010791881
2014-03-20,164046952.6841274,-57552.70718139855,98607186.46708636,1202112.1622356041,49022764.964981124,867116.3188736626,16474553.95924131,128848.38010791881
2014-03-21,163078516.26229826,-57552.70718139855,97420656.49298887,1202112.1622356041,49162260.92674085,867116.3188736626,16553151.54974995,128848.38010791881
2014-03-24,161935656.24757618,-57552.70718139855,96566809.4456258,1202112.1622356041,49168310.86779317,867116.3188736626,16258088.641338602,128848.38010791881
2014-03-25,162270629.7494701,-57552.70718139855,96884277.03974037,1202112.1622356041,49156181.21561227,867116.3188736626,16287724.201298878,128848.38010791881
2014-03-26,161027427.88485944,-57552.70718139855,95636417.9943777,1202112.1622356041,49289686.77647218,867116.3188736626,16158875.821190959,128848.38010791881
2014-03-27,160433862.31208014,-57552.70718139855,95100020.19835329,1202112.1622356041,49338175.615119524,867116.3188736626,16053219.205788745,128848.38010791881
2014-03-28,160525071.49288604,-57552.70718139855,95286098.4886029,1202112.1622356041,49247171.79979339,867116.3188736626,16049353.911671128,128848.38010791881
2014-03-31,161024988.4981134,-56378.47844179431,96648820.1859331,1210680.6117237872,48324410.09296655,850868.8531780868,16108136.697655518,130314.18670106019
2014-04-01,162640330.08824787,-56378.47844179431,98346545.91770986,1210680.6117237872,48270695.23147346,850868.8531780868,16079467.417506348,130314.18670106019
2014-04-02,162919607.20861903,-56378.47844179431,98600067.27047768,1210680.6117237872,48175258.76567605,850868.8531780868,16200659.65090707,130314.18670106019
2014-04-03,162126553.54600477,-56378.47844179431,97817362.69836272,1210680.6117237872,48217035.54870086,850868.8531780868,16148533.777382977,130314.18670106019
2014-04-04,159883020.0119731,-56378.47844179431,95215644.49840973,1210680.6117237872,48360201.607721776,850868.8531780868,16363552.384283394,130314.18670106019
2014-04-07,158982557.02858078,-56378.47844179431,94311698.2140337,1210680.6117237872,48449691.75493466,850868.8531780868,16277545.538054233,130314.18670106019
2014-04-08,160043019.73328266,-56378.47844179431,95182576.89747307,1210680.6117237872,48485505.9903395,850868.8531780868,16431315.323911874,130314.18670106019
2014-04-09,161692629.65740213,-56378.47844179431,96814148.95385641,1210680.6117237872,48473571.157678306,850868.8531780868,16461288.024309188,130314.18670106019
2014-04-10,158933156.69856727,-56378.47844179431,93815601.06914331,1210680.6117237872,48622728.976582974,850868.8531780868,16551205.131282791,130314.18670106019
2014-04-11,157861184.91889045,-56378.47844179431,92724222.4500726,1210680.6117237872,48652561.18952533,850868.8531780868,16540779.757734302,130314.18670106019
2014-04-14,158702696.2629219,-56378.47844179431,93451820.51179978,1210680.6117237872,48646585.65867701,850868.8531780868,16660668.570886876,130314.18670106019
2014-04-15,158727697.91438684,-56378.47844179431,93760503.79551558,1210680.6117237872,48670445.58657814,850868.8531780868,16353127.010734905,130314.18670106019
2014-04-16,159950074.73036584,-56378.47844179431,95006219.43806417,1210680.6117237872,48640590.65298617,850868.8531780868,16359643.117757296,130314.18670106019
2014-04-17,159743874.91494998,-56378.47844179431,95028239.87399518,1210680.6117237872,48515318.72843932,850868.8531780868,16256694.790957259,130314.18670106019
2014-04-21,160394914.87790278,-56378.47844179431,95733799.02627128,1210680.6117237872,48527260.0527147,850868.8531780868,16190234.277358579,130314.18670106019
2014-04-22,161095645.37075037,-56378.47844179431,96494473.92569518,1210680.6117237872,48527260.0527147,850868.8531780868,16130289.870782295,130314.18670106019
2014-04-23,160321749.57474408,-56378.47844179431,95645615.67818682,1210680.6117237872,48604828.35049473,850868.8531780868,16127684.024504347,130314.18670106019
2014-04-24,161352902.64316013,-56378.47844179431,96560609.12756853,1210680.6117237872,48616737.21669922,850868.8531780868,16231934.777334189,130314.18670106019
2014-04-25,159940810.4812864,-56378.47844179431,95017229.65602967,1210680.6117237872,48634650.82601582,850868.8531780868,16345308.477682713,130314.18670106019
2014-04-28,160124146.39664465,-56378.47844179431,95325940.65002559,1210680.6117237872,48580948.94775108,850868.8531780868,16273635.27730979,130314.18670106019
2014-04-29,160906104.0892943,-56378.47844179431,96086624.78620952,1210680.6117237872,48604828.35049473,850868.8531780868,16271029.431031842,130314.18670106019
2014-04-30,161127178.73787525,-56414.25754839827,96710155.79725419,1215330.5397454516,48355077.898627095,844630.8007117198,16118359.299542366,129756.55402630924
2014-05-01,161477902.6171202,-56414.25754839827,96997864.01348467,1215330.5397454516,48472591.07674125,844630.8007117198,16063861.78444266,129756.55402630924
2014-05-02,161517781.2963193,-56414.25754839827,96820829.20822221,1215330.5397454516,48526012.0159037,844630.8007117198,16227354.329741774,129756.55402630924
2014-05-05,162123952.01764894,-56414.25754839827,97329902.7908611,1215330.5397454516,48472591.07674125,844630.8007117198,16377872.407594983,129756.55402630924
2014-05-06,160878732.37340513,-56414.25754839827,96068322.33708176,1215330.5397454516,48520093.182053186,844630.8007117198,16346731.111818573,129756.55402630924
2014-05-07,160390914.51620814,-56414.25754839827,95791666.6263702,1215330.5397454516,48543791.071530856,844630.8007117198,16111871.075855473,129756.55402630924
2014-05-08,160326145.9287127,-56414.25754839827,95703126.04314855,1215330.5397454516,48567563.06725708,844630.8007117198,16111871.075855473,129756.55402630924
2014-05-09,160611813.03833953,-56414.25754839827,96057251.2870905,1215330.5397454516,48508187.85212525,844630.8007117198,16102788.156672187,129756.55402630924
2014-05-12,162255809.16697085,-56414.25754839827,97639743.83483796,1215330.5397454516,48460695.41284574,844630.8007117198,16211784.176835537,129756.55402630924
2014-05-13,162367171.27422982,-56414.25754839827,97706160.86254942,1215330.5397454516,48549758.23554346,844630.8007117198,16167666.433685342,129756.55402630924
2014-05-14,162139758.59164554,-56414.25754839827,97197105.82438287,1215330.5397454516,48674395.27954954,844630.8007117198,16324671.745261505,129756.55402630924
2014-05-15,161330223.6333687,-56414.25754839827,96433500.08654264,1215330.5397454516,48763412.99409599,844630.8007117198,16189724.810278468,129756.55402630924
2014-05-16,161925980.0262554,-56414.25754839827,97064290.3134323,1215330.5397454516,48763412.99409599,844630.8007117198,16154690.9762755,129756.55402630924
2014-05-19,162593630.77710626,-56414.25754839827,97739355.4680509,1215330.5397454516,48745617.82841479,844630.8007117198,16165071.73818895,129756.55402630924
2014-05-20,162277436.8056227,-56414.25754839827,97385183.86292808,1215330.5397454516,48769322.16191408,844630.8007117198,16179345.038328959,129756.55402630924
2014-05-21,163126625.01094857,-56414.25754839827,98314818.26169272,1215330.5397454516,48727803.33066877,844630.8007117198,16140417.676135492,129756.55402630924
2014-05-22,163564877.1391276,-56414.25754839827,98746403.76662888,1215330.5397454516,48698138.2771785,844630.8007117198,16176749.352868628,129756.55402630924
2014-05-23,164310908.4221399,-56414.25754839827,99465716.03226785,1215330.5397454516,48745617.82841479,844630.8007117198,16155988.81900567,129756.55402630924
2014-05-27,165252702.4163776,-56414.25754839827,100705154.38606466,1215330.5397454516,48793126.37774835,844630.8007117198,15810835.910112992,129756.55402630924
2014-05-28,165018721.01357287,-56414.25754839827,100395313.3420878,1215330.5397454516,48953327.977030374,844630.8007117198,15726493.952003105,129756.55402630924
2014-05-29,165585314.57989252,-56414.25754839827,101037174.61896876,1215330.5397454516,48911796.25774184,844630.8007117198,15692757.9607303,129756.55402630924
2014-05-30,165482720.2928717,-56414.25754839827,101048245.66896002,1215330.5397454516,48864307.04047312,844630.8007117198,15626581.84098698,129756.55402630924
2014-06-02,165168798.1803585,-56414.25754839827,100948624.76351091,1215330.5397454516,48744728.55343235,844630.8007117198,15531859.12096364,129756.55402630924
2014-06-03,165045855.47122163,-56414.25754839827,100904368.38025434,1215330.5397454516,48625817.02262842,844630.8007117198,15572084.325887278,129756.55402630924
2014-06-04,165395625.45836195,-56414.25754839827,101280626.45194267,1215330.5397454516,48631768.07658699,844630.8007117198,15539645.187380701,129756.55402630924
2014-06-05,166418035.82100058,-56414.25754839827,102132754.22853222,1215330.5397454516,48685269.56601958,844630.8007117198,15656426.283997165,129756.55402630924
2014-06-06,166992108.62050506,-56414.25754839827,102719269.52769297,1215330.5397454516,48679315.29005021,844630.8007117198,15649938.060310272,129756.55402630924
2014-06-09,166878178.9283393,-56414.25754839827,102641790.72222641,1215330.5397454516,48637674.02239428,844630.8007117198,15655128.441266999,129756.55402630924
2014-06-10,167056153.02053767,-56414.25754839827,102818871.88866973,1215330.5397454516,48542547.375359766,844630.8007117198,15751148.014056563,129756.55402630924
2014-06-11,167054426.7601906,-56414.25754839827,102796748.33315954,1215330.5397454516,48560348.98506258,844630.8007117198,15753743.699516898,129756.55402630924
2014-06-12,166409368.58287257,-56414.25754839827,101867169.56781194,1215330.5397454516,48685269.56601958,844630.8007117198,15913343.70658945,129756.55402630924
2014-06-13,166737780.68691027,-56414.25754839827,102165948.8340337,1215330.5397454516,48673380.346145675,844630.8007117198,15954865.764279312,129756.55402630924
2014-06-16,166744338.79759046,-56414.25754839827,102254461.60054684,1215330.5397454516,48661494.34828257,844630.8007117198,15884797.106309433,129756.55402630924
2014-06-17,166668470.21277735,-56414.25754839827,102309761.21708615,1215330.5397454516,48548491.985296726,844630.8007117198,15866631.267942863,129756.55402630924
2014-06-18,167419454.1608498,-56414.25754839827,102885251.8274365,1215330.5397454516,48673380.346145675,844630.8007117198,15917236.24481601,129756.55402630924
2014-06-19,167865522.99259648,-56414.25754839827,102818871.88866973,1215330.5397454516,48631768.07658699,844630.8007117198,16471297.284888156,129756.55402630924
2014-06-20,167959093.84014422,-56414.25754839827,102939809.66508193,1215330.5397454516,48661494.34828257,844630.8007117198,16414204.084328119,129756.55402630924
2014-06-23,168008894.49992877,-56414.25754839827,102962016.6707177,1215330.5397454516,48643673.40651493,844630.8007117198,16459618.680244539,129756.55402630924
2014-06-24,168015102.8711019,-56414.25754839827,102862154.68712808,1215330.5397454516,48732874.77567731,844630.8007117198,16476487.665844882,129756.55402630924
2014-06-25,168736502.1701588,-56414.25754839827,103516811.64992858,1215330.5397454516,48798320.259167515,844630.8007117198,16477784.518611105,129756.55402630924
2014-06-26,168823639.515037,-56414.25754839827,103572278.16671903,1215330.5397454516,48863727.078528054,844630.8007117198,16444048.527338305,129756.55402630924
2014-06-27,169269517.4081835,-56414.25754839827,104027238.97904882,1215330.5397454516,48863727.078528054,844630.8007117198,16434965.608155021,129756.55402630924
2014-06-30,169608444.88351345,-59383.74001823609,101800697.17411901,1187291.3770159506,50900348.5870595,879085.2512787059,16966782.86235317,132511.58819133375
2014-07-01,170581806.8452615,-59383.74001823609,102917170.64963417,1187291.3770159506,50802290.52800554,879085.2512787059,16921729.407640047,132511.58819133375
2014-07-02,170618776.980064,-59383.74001823609,103090619.25259362,1187291.3770159506,50665812.05984857,879085.2512787059,16921729.407640047,132511.58819133375
2014-07-03,171135593.68720144,-59383.74001823609,103741033.3970629,1187291.3770159506,50603769.990474835,879085.2512787059,16850174.03968193,132511.58819133375
2014-07-07,170864750.63825294,-59383.74001823609,103426700.831192,1187291.3770159506,50665812.05984857,879085.2512787059,16831621.48723061,132511.58819133375
2014-07-08,169717801.2996828,-59383.74001823609,102180077.49525687,1187291.3770159506,50758860.073410705,879085.2512787059,16838247.471033454,132511.58819133375
2014-07-09,170628261.27662614,-59383.74001823609,102938856.25416127,1187291.3770159506,50808507.81337492,879085.2512787059,16940280.949108176,132511.58819133375
2014-07-10,170408275.1805172,-59383.74001823609,102613708.06096984,1187291.3770159506,50820912.20311674,879085.2512787059,17033038.656448837,132511.58819133375
2014-07-11,171175764.63343847,-59383.74001823609,103274910.65781663,1187291.3770159506,50895395.55011744,879085.2512787059,17064842.16552265,132511.58819133375
2014-07-14,171313700.00439423,-59383.74001823609,103892814.51212393,1187291.3770159506,50820912.20311674,879085.2512787059,16659357.029171789,132511.58819133375
2014-07-15,170761072.47670856,-59383.74001823609,103535092.62057014,1187291.3770159506,50783695.68044717,879085.2512787059,16501667.915709483,132511.58819133375
2014-07-16,171249890.5328286,-59383.74001823609,103947010.406813,1187291.3770159506,50802290.52800554,879085.2512787059,16559973.33802829,132511.58819133375
2014-07-17,170290641.83811533,-59383.74001823609,102570345.91022998,1187291.3770159506,50938782.40993892,879085.2512787059,16840897.257964678,132511.58819133375
2014-07-18,171789407.31689963,-59383.74001823609,104196322.39235996,1187291.3770159506,50938782.40993892,879085.2512787059,16713686.254618976,132511.58819133375
2014-07-21,171687130.06025356,-59383.74001823609,104066217.82351169,1187291.3770159506,50938782.40993892,879085.2512787059,16741513.566821177,132511.58819133375
2014-07-22,172337174.8422507,-59383.74001823609,104727520.0618162,1187291.3770159506,51007031.70434972,879085.2512787059,16662006.816103011,132511.58819133375
2014-07-23,172968575.128542,-59383.74001823609,105399619.81081258,1187291.3770159506,50982232.98519839,879085.2512787059,16646106.072549295,132511.58819133375
2014-07-24,172581731.95433736,-59383.74001823609,105280348.98591352,1187291.3770159506,50882950.919046365,879085.2512787059,16477815.789395714,132511.58819133375
2014-07-25,172453665.77839038,-59383.74001823609,104868431.19967066,1187291.3770159506,50975985.51883207,879085.2512787059,16668632.799905855,132511.58819133375
2014-07-28,172445949.72408837,-59383.74001823609,104900923.37320396,1187291.3770159506,50963604.60319898,879085.2512787059,16640805.487703655,132511.58819133375
2014-07-29,172254757.54441717,-59383.74001823609,104716659.14292397,1187291.3770159506,51007031.70434972,879085.2512787059,16590450.437161714,132511.58819133375
2014-07-30,172425377.31972837,-59383.74001823609,105128604.10410984,1187291.3770159506,50814735.15907661,879085.2512787059,16541421.796560155,132511.58819133375
2014-07-31,169994520.56493917,-59518.913817594665,102032423.68725407,1176092.8293389254,51016211.84362703,883542.2888335376,17005403.947875675,137818.33237696174
2014-08-01,169925040.2993892,-59518.913817594665,101656531.95746687,1176092.8293389254,51186183.4532228,883542.2888335376,17141843.802517146,137818.33237696174
2014-08-04,170638047.240653,-59518.913817594665,102354540.96997225,1176092.8293389254,51254930.447490595,883542.2888335376,17088094.737007763,137818.33237696174
2014-08-05,169768865.33594546,-59518.913817594665,101570643.58647664,1176092.8293389254,51186183.4532228,883542.2888335376,17071557.210063607,137818.33237696174
2014-08-06,169997991.00952584,-59518.913817594665,101495450.88391729,1176092.8293389254,51242429.46196629,883542.2888335376,17319629.57745988,137818.33237696174
2014-08-07,169858591.62666363,-59518.913817594665,101173315.6554467,1176092.8293389254,51354877.663650684,883542.2888335376,17389917.22138385,137818.33237696174
2014-08-08,170552734.83367708,-59518.913817594665,101903546.26638772,1176092.8293389254,51317411.781987645,883542.2888335376,17391295.699119337,137818.33237696174
2014-08-11,171147302.63552308,-59518.913817594665,102504854.59208137,1176092.8293389254,51342369.93723367,883542.2888335376,17359597.02002565,137818.33237696174
2014-08-12,171064818.542976,-59518.913817594665,102461937.32521485,1176092.8293389254,51298668.72981708,883542.2888335376,17363731.40176169,137818.33237696174
2014-08-13,172271966.49564412,-59518.913817594665,103546435.03430009,1176092.8293389254,51392377.24977725,883542.2888335376,17392673.1253844,137818.33237696174
2014-08-14,172874058.47737622,-59518.913817594665,104083362.97325586,1176092.8293389254,51442381.19187447,883542.2888335376,17407833.2260635,137818.33237696174
2014-08-15,173358110.79115137,-59518.913817594665,104588051.3680236,1176092.8293389254,51536133.527637236,883542.2888335376,17293444.80930815,137818.33237696174
2014-08-18,173985484.5325292,-59518.913817594665,105393358.03413337,1176092.8293389254,51429866.72456475,883542.2888335376,17221778.687648688,137818.33237696174
2014-08-19,174531239.23968682,-59518.913817594665,105983943.77276754,1176092.8293389254,51423624.65791848,883542.2888335376,17183189.72281841,137818.33237696174
2014-08-20,174392890.9469657,-59518.913817594665,105983943.77276754,1176092.8293389254,51348672.6719143,883542.2888335376,17119793.416101456,137818.33237696174
2014-08-21,174479241.30424273,-59518.913817594665,106198745.45612895,1176092.8293389254,51404898.45797967,883542.2888335376,16935116.303951703,137818.33237696174
2014-08-22,174683019.85720047,-59518.913817594665,106359799.61104994,1176092.8293389254,51404898.45797967,883542.2888335376,16977840.701988455,137818.33237696174
2014-08-25,175015574.0420936,-59518.913817594665,106735646.47645614,1176092.8293389254,51423624.65791848,883542.2888335376,16915821.82153656,137818.33237696174
2014-08-26,175231937.24129984,-59518.913817594665,106842988.9944415,1176092.8293389254,51448576.0722718,883542.2888335376,16999891.088404145,137818.33237696174
2014-08-27,175330588.06410483,-59518.913817594665,106864479.03294148,1176092.8293389254,51529871.23831284,883542.2888335376,16995756.706668105,137818.33237696174
2014-08-28,175374912.35652536,-59518.913817594665,106746387.009268,1176092.8293389254,51598571.046331696,883542.2888335376,17089473.214743257,137818.33237696174
2014-08-29,175752891.96788296,-59518.913817594665,107143661.10304075,1176092.8293389254,51598571.046331696,883542.2888335376,17070178.732328117,137818.33237696174
2014-09-02,175583755.26175505,-59518.913817594665,107455046.82582325,1176092.8293389254,51422627.005797915,883542.2888335376,16765600.343951482,137818.33237696174
2014-09-03,175106769.4794458,-59518.913817594665,106821516.90169394,1176092.8293389254,51510261.98142947,883542.2888335376,16834509.510139965,137818.33237696174
2014-09-04,174830149.62392005,-59518.913817594665,106724870.05213943,1176092.8293389254,51422627.005797915,883542.2888335376,16742171.479800303,137818.33237696174
2014-09-05,175428204.3508279,-59518.913817594665,107261771.07246663,1176092.8293389254,51403846.87871745,883542.2888335376,16822105.313461415,137818.33237696174
2014-09-08,175411372.82134622,-59518.913817594665,107465841.1958923,1176092.8293389254,51366242.80875394,883542.2888335376,16638807.730517581,137818.33237696174
2014-09-09,174451743.05335864,-59518.913817594665,106574565.40290654,1176092.8293389254,51278594.351336956,883542.2888335376,16658102.212932723,137818.33237696174
2014-09-10,175154210.75820285,-59518.913817594665,107455046.82582325,1176092.8293389254,51184649.90013206,883542.2888335376,16574032.94606514,137818.33237696174
2014-09-11,174921902.33158696,-59518.913817594665,107369185.3734616,1176092.8293389254,51147079.53463207,883542.2888335376,16465156.337310888,137818.33237696174
2014-09-12,174142615.05133215,-59518.913817594665,106821516.90169394,1176092.8293389254,51065683.25520043,883542.2888335376,16314933.808255374,137818.33237696174
2014-09-15,173172668.60985452,-59518.913817594665,105790668.01941091,1176092.8293389254,51090752.63517611,883542.2888335376,16350766.869085107,137818.33237696174
2014-09-16,174103483.01363406,-59518.913817594665,106714120.54645136,1176092.8293389254,51071928.69229305,883542.2888335376,16376952.688707266,137818.33237696174
2014-09-17,174024192.49390692,-59518.913817594665,106875201.62000094,1176092.8293389254,51009342.87395904,883542.2888335376,16199166.913764535,137818.33237696174
2014-09-18,174868888.0215107,-59518.913817594665,107680562.12336792,1176092.8293389254,51015601.792837076,883542.2888335376,16232243.019123284,137818.33237696174
2014-09-19,174813507.19212687,-59518.913817594665,107613830.84306553,1176092.8293389254,51122047.22956628,883542.2888335376,16137148.033312643,137818.33237696174
2014-09-22,173842037.63416958,-59518.913817594665,106612834.71990122,1176092.8293389254,51184649.90013206,883542.2888335376,16104071.927953893,137818.33237696174
2014-09-23,173679779.8186677,-59518.913817594665,106322167.36826545,1176092.8293389254,51209695.68698326,883542.2888335376,16207435.677236615,137818.33237696174
2014-09-24,174713668.8755821,-59518.913817594665,107463140.360156,1176092.8293389254,51178411.203932144,883542.2888335376,16131636.225311542,137818.33237696174
2014-09-25,172625403.89692736,-59518.913817594665,105202792.08938925,1176092.8293389254,51303636.7677418,883542.2888335376,16178493.953613905,137818.33237696174
2014-09-26,173649227.52274197,-59518.913817594665,106322167.36826545,1176092.8293389254,51253565.41671752,883542.2888335376,16133013.651576605,137818.33237696174
2014-09-29,173567779.47605315,-59518.913817594665,106182271.255425,1176092.8293389254,51316147.864605166,883542.2888335376,16128879.269840563,137818.33237696174
2014-09-30,173532235.18853244,-60757.5474575667,104155795.641594,1152011.8569189492,52077897.820797004,896876.477715079,17359299.273599003,149378.70588038285
2014-10-01,172173605.80927718,-60757.5474575667,102489952.32426248,1152011.8569189492,52301460.04827434,896876.477715079,17442950.98419791,149378.70588038285
2014-10-02,172130915.4152717,-60757.5474575667,102489952.32426248,1152011.8569189492,52263250.83309823,896876.477715079,17438469.80536855,149378.70588038285
2014-10-03,172793095.9366528,-60757.5474575667,103502137.5467231,1152011.8569189492,52231422.36526307,896876.477715079,17120293.572124206,149378.70588038285
2014-10-06,172904730.2676355,-60757.5474575667,103280659.68125603,1152011.8569189492,52352417.07288328,896876.477715079,17332411.06095377,149378.70588038285
2014-10-07,171622309.08392328,-60757.5474575667,101815217.84059083,1152011.8569189492,52486142.48337512,896876.477715079,17381706.307414874,149378.70588038285
2014-10-08,173910286.63380697,-60757.5474575667,103797268.51400429,1152011.8569189492,52626258.90514461,896876.477715079,17547516.762115628,149378.70588038285
2014-10-09,172176548.8927219,-60757.5474575667,102120922.15888426,1152011.8569189492,52543473.41270049,896876.477715079,17572910.868594714,149378.70588038285
2014-10-10,169662250.61921844,-60757.5474575667,99569510.15664992,1152011.8569189492,52588056.53259301,896876.477715079,17565441.47743306,149378.70588038285
2014-10-13,168393638.18670863,-60757.5474575667,98009145.46400471,1152011.8569189492,52740886.550672896,896876.477715079,17704363.71948858,149378.70588038285
2014-10-14,168484661.26704746,-60757.5474575667,98019657.2909462,1152011.8569189492,52810941.340245396,896876.477715079,17714820.183313444,149378.70588038285
2014-10-15,168032828.9284511,-60757.5474575667,97387058.00657013,1152011.8569189492,52931956.57573909,896876.477715079,17774571.89359941,149378.70588038285
2014-10-16,167366542.3457015,-60757.5474575667,96775552.68930072,1152011.8569189492,52842817.70645203,896876.477715079,17808929.497406296,149378.70588038285
2014-10-17,168569708.8685588,-60757.5474575667,98051289.45245326,1152011.8569189492,52804605.069963686,896876.477715079,17774571.89359941,149378.70588038285
2014-10-20,170200775.30161938,-60757.5474575667,99516775.23888324,1152011.8569189492,52849188.18985621,896876.477715079,17895569.4203375,149378.70588038285
2014-10-21,172771925.3432584,-60757.5474575667,102131477.93159054,1152011.8569189492,52772773.18081627,896876.477715079,17928431.778309155,149378.70588038285
2014-10-22,172130400.6779184,-60757.5474575667,101604295.74783005,1152011.8569189492,52760008.26482218,896876.477715079,17826854.212723732,149378.70588038285
2014-10-23,173377472.47485316,-60757.5474575667,103133072.22473301,1152011.8569189492,52600794.078089125,896876.477715079,17704363.71948858,149378.70588038285
2014-10-24,174240143.81573465,-60757.5474575667,103976540.8669521,1152011.8569189492,52645390.883230634,896876.477715079,17678969.613009494,149378.70588038285
2014-10-27,174251494.3935975,-60757.5474575667,104050343.38436659,1152011.8569189492,52626258.90514461,896876.477715079,17635649.651543897,149378.70588038285
2014-10-28,175796557.78305244,-60757.5474575667,105621246.27141215,1152011.8569189492,52594444.12255843,896876.477715079,17641624.9365394,149378.70588038285
2014-10-29,175064793.2205948,-60757.5474575667,105231148.50638613,1152011.8569189492,52505226.563089676,896876.477715079,17389175.69857653,149378.70588038285
2014-10-30,175142214.2080808,-60757.5474575667,105452564.84778248,1152011.8569189492,52543473.41270049,896876.477715079,17206933.495055404,149378.70588038285
2014-10-31,176068461.12913057,-61645.537333262335,105678063.99987829,1138763.0290253402,52839031.99993914,903454.8319123307,17613010.666646384,156337.74271365587
2014-11-03,176277522.85660356,-61645.537333262335,105990669.53383948,1138763.0290253402,52815220.77620836,903454.8319123307,17533278.08388897,156337.74271365587
2014-11-04,175921313.411592,-61645.537333262335,105636361.25223333,1138763.0290253402,52802376.018523514,903454.8319123307,17544221.67816843,156337.74271365587
2014-11-05,175616134.49896303,-61645.537333262335,105646786.93914457,1138763.0290253402,52866672.18148798,903454.8319123307,17164320.915663756,156337.74271365587
2014-11-06,175841591.59005082,-61645.537333262335,105980287.28729036,1138763.0290253402,52744559.10011164,903454.8319123307,17178390.73998207,156337.74271365587
2014-11-07,176410876.53802362,-61645.537333262335,105886482.16930647,1138763.0290253402,52924564.92084674,903454.8319123307,17661474.985203676,156337.74271365587
2014-11-10,176284292.6687016,-61645.537333262335,106261650.51280755,1138763.0290253402,52815220.77620836,903454.8319123307,17269066.91701895,156337.74271365587
2014-11-11,176890523.7349981,-61645.537333262335,106595116.10866363,1138763.0290253402,52840972.32689825,903454.8319123307,17516080.83676948,156337.74271365587
2014-11-12,176987292.58638903,-61645.537333262335,106782735.03270386,1138763.0290253402,52834544.7784458,903454.8319123307,17431658.31257263,156337.74271365587
2014-11-13,177511036.41714644,-61645.537333262335,107241308.87149486,1138763.0290253402,52873137.640413865,903454.8319123307,17458235.442570996,156337.74271365587
2014-11-14,178295110.4476469,-61645.537333262335,107574809.21964067,1138763.0290253402,52885965.16606533,903454.8319123307,17895981.59927416,156337.74271365587
2014-11-17,177906382.908808,-61645.537333262335,107251743.24647856,1138763.0290253402,52885965.16606533,903454.8319123307,17830320.033597376,156337.74271365587
2014-11-18,178942340.47935605,-61645.537333262335,108054208.36803691,1138763.0290253402,52963119.87234135,903454.8319123307,17986657.776311032,156337.74271365587
2014-11-19,178103326.5624932,-61645.537333262335,107564400.90887427,1138763.0290253402,52828096.5515533,903454.8319123307,17772474.63939889,156337.74271365587
2014-11-20,178831562.63739815,-61645.537333262335,108043817.43341537,1138763.0290253402,52892437.51780456,903454.8319123307,17956953.2235115,156337.74271365587
2014-11-21,179238528.45484167,-61645.537333262335,108252218.22669867,1138763.0290253402,53008143.72916852,903454.8319123307,18039812.036307767,156337.74271365587
2014-11-24,180045330.61219862,-61645.537333262335,109096394.78397444,1138763.0290253402,53014543.706367545,903454.8319123307,17996037.659189913,156337.74271365587
2014-11-25,180350758.45835757,-61645.537333262335,109263188.39840947,1138763.0290253402,53110967.272374175,903454.8319123307,18038248.324907176,156337.74271365587
2014-11-26,181102171.03454745,-61645.537333262335,109971822.33776662,1138763.0290253402,53188139.210683584,903454.8319123307,18003855.023430523,156337.74271365587
2014-11-28,181226009.22244334,-61645.537333262335,110482498.54689658,1138763.0290253402,53278131.7818311,903454.8319123307,17527024.431048945,156337.74271365587
2014-12-01,180594381.43925712,-61645.537333262335,109231911.33767574,1138763.0290253402,53198261.30709368,903454.8319123307,18225854.331820957,156337.74271365587
2014-12-02,180691043.4988294,-61645.537333262335,109669633.80264427,1138763.0290253402,53082327.63288905,903454.8319123307,18000727.600629352,156337.74271365587
2014-12-03,181062144.05671254,-61645.537333262335,109867643.66130605,1138763.0290253402,53069376.036597215,903454.8319123307,18186769.896142542,156337.74271365587
2014-12-04,181029893.43959746,-61645.537333262335,109815532.60289468,1138763.0290253402,53159589.17777205,903454.8319123307,18116417.196264006,156337.74271365587
2014-12-05,180659041.16107452,-61645.537333262335,109825940.91366109,1138763.0290253402,53005017.83831257,903454.8319123307,17889727.946434133,156337.74271365587
2014-12-08,180197966.49127975,-61645.537333262335,109044283.72556308,1138763.0290253402,53114544.64250482,903454.8319123307,18100783.660545107,156337.74271365587
2014-12-09,180937973.82900667,-61645.537333262335,109388209.76062012,1138763.0290253402,53133851.41270888,903454.8319123307,18477558.193010926,156337.74271365587
2014-12-10,179324101.83474794,-61645.537333262335,107668596.96147974,1138763.0290253402,53275550.4232301,903454.8319123307,18441599.987371366,156337.74271365587
2014-12-11,179741040.15193412,-61645.537333262335,108179273.17060968,1138763.0290253402,53224023.19700359,903454.8319123307,18399389.3216541,156337.74271365587
2014-12-12,178699966.90205088,-61645.537333262335,107001596.26518811,1138763.0290253402,53404401.229659796,903454.8319123307,18355614.94453625,156337.74271365587
2014-12-15,177026460.6049623,-61645.537333262335,105896864.41585557,1138763.0290253402,53307767.43284587,903454.8319123307,17883474.29359411,156337.74271365587
2014-12-16,175537666.09430307,-61645.537333262335,104198111.67861012,1138763.0290253402,53430176.90519641,903454.8319123307,17971023.047829818,156337.74271365587
2014-12-17,177199296.0305012,-61645.537333262335,106094909.02680705,1138763.0290253402,53301319.20595337,903454.8319123307,17864713.335074037,156337.74271365587
2014-12-18,179806505.43148735,-61645.537333262335,108648264.00823952,1138763.0290253402,53217595.64855115,903454.8319123307,18002291.312029935,156337.74271365587
2014-12-19,180341080.702004,-61645.537333262335,109126307.81733726,1138763.0290253402,53333536.215569146,903454.8319123307,17942882.206430864,156337.74271365587
2014-12-22,180240231.92774627,-61645.537333262335,109398296.61270675,1138763.0290253402,53307767.43284587,903454.8319123307,17595813.419526894,156337.74271365587
2014-12-23,179650564.48466724,-61645.537333262335,109011234.29805443,1138763.0290253402,53075458.94438196,903454.8319123307,17625516.779564112,156337.74271365587
2014-12-24,179768815.43413296,-61645.537333262335,109105378.25086297,1138763.0290253402,53094875.99959968,903454.8319123307,17630206.72100355,156337.74271365587
2014-12-26,180910272.06902066,-61645.537333262335,109879502.88016759,1138763.0290253402,53140151.44411427,903454.8319123307,17952263.282072056,156337.74271365587
2014-12-29,180798563.22297794,-61645.537333262335,109858547.24947599,1138763.0290253402,53230750.582836926,903454.8319123307,17770910.927998308,156337.74271365587
2014-12-30,180344368.2424113,-61645.537333262335,109126307.81733726,1138763.0290253402,53269598.47889907,903454.8319123307,18010107.48350823,156337.74271365587
2014-12-31,178948015.1003137,-62653.734092042,107406401.30064343,1132430.4196032267,53703200.650321715,910144.9447371229,17901066.883440573,157607.55938415666
2015-01-02,178886852.25721294,-62653.734092042,107083905.03696752,1132430.4196032267,53885730.29120483,910144.9447371229,17979870.66313265,157607.55938415666
2015-01-05,177743631.296888,-62653.734092042,105513136.47238618,1132430.4196032267,54042192.70092841,910144.9447371229,18250955.85766544,157607.55938415666
2015-01-06,176693390.77427047,-62653.734092042,104098384.66590114,1132430.4196032267,54198662.05450686,910144.9447371229,18458997.78795452,157607.55938415666
2015-01-07,177959245.99664775,-62653.734092042,105440363.78695896,1132430.4196032267,54231287.756585464,910144.9447371229,18350248.187195368,157607.55938415666
2015-01-08,179815312.49222445,-62653.734092042,107458421.28627293,1132430.4196032267,54146524.12026035,910144.9447371229,18273020.8197832,157607.55938415666
2015-01-09,179407247.77977216,-62653.734092042,106751023.78363429,1132430.4196032267,54237814.98015765,910144.9447371229,18481062.75007228,157607.55938415666
2015-01-12,178570785.9935246,-62653.734092042,105637963.70247672,1132430.4196032267,54309524.169338405,910144.9447371229,18685951.855801534,157607.55938415666
2015-01-13,178528647.4432761,-62653.734092042,105606722.33592029,1132430.4196032267,54361669.047439784,910144.9447371229,18622909.794008072,157607.55938415666
2015-01-14,178040061.55898577,-62653.734092042,105024203.90192287,1132430.4196032267,54485547.41821393,910144.9447371229,18592963.972941,157607.55938415666
2015-01-15,177386652.12384552,-62653.734092042,103661480.72082579,1132430.4196032267,54726766.52040777,910144.9447371229,19061058.616703983,157607.55938415666
2015-01-16,178689831.79569846,-62653.734092042,104878606.69251771,1132430.4196032267,54563801.19060404,910144.9447371229,19310077.646668762,157607.55938415666
2015-01-20,179728090.72847837,-62653.734092042,105710788.22645466,1132430.4196032267,54505097.841583595,910144.9447371229,19574858.39453216,157607.55938415666
2015-01-21,180169415.1828036,-62653.734092042,106251714.86327212,1132430.4196032267,54400766.42225165,910144.9447371229,19579587.631371893,157607.55938415666
2015-01-22,182306180.42927706,-62653.734092042,108217804.2155073,1132430.4196032267,54413834.757105745,910144.9447371229,19737195.19075605,157607.55938415666
2015-01-23,182563846.6138717,-62653.734092042,108457047.76675572,1132430.4196032267,54589864.94983614,910144.9447371229,19579587.631371893,157607.55938415666
2015-01-26,182178385.73901463,-62653.734092042,108332237.81618208,1132430.4196032267,54524648.26495325,910144.9447371229,19384153.391971353,157607.55938415666
2015-01-27,179624551.71406525,-62653.734092042,105523547.38131885,1132430.4196032267,54557277.438959286,910144.9447371229,19606380.62787914,157607.55938415666
2015-01-28,179124701.38944998,-62653.734092042,104982568.90595068,1132430.4196032267,54752861.52698677,910144.9447371229,19451924.690604556,157607.55938415666
2015-01-29,179655877.78510353,-62653.734092042,105991666.77367528,1132430.4196032267,54694175.53760348,910144.9447371229,19032689.20791683,157607.55938415666
2015-01-30,179557934.42610547,-62653.734092042,105169827.03060341,1132430.4196032267,54994108.40460006,910144.9447371229,19456652.72499404,157607.55938415666
2015-02-02,180245699.964064,-62653.734092042,106085287.19624318,1132430.4196032267,54928749.370692454,910144.9447371229,19294317.1312204,157607.55938415666
2015-02-03,180879414.62480402,-62653.734092042,107104752.77410817,1132430.4196032267,54758920.04035563,910144.9447371229,19078395.544432264,157607.55938415666
2015-02-04,180888893.87944478,-62653.734092042,107011115.07202338,1132430.4196032267,54778505.1829996,910144.9447371229,19161927.358513825,157607.55938415666
2015-02-05,181730211.28881016,-62653.734092042,107936908.38876978,1132430.4196032267,54660931.83244198,910144.9447371229,19195024.80169047,157607.55938415666
2015-02-06,180225564.5652958,-62653.734092042,107281539.51151907,1132430.4196032267,54308118.03872844,910144.9447371229,18698560.749140326,157607.55938415666
2015-02-09,179946251.8574775,-62653.734092042,106938290.54804546,1132430.4196032267,54288522.48030217,910144.9447371229,18782092.56322189,157607.55938415666
2015-02-10,181402391.85648113,-62653.734092042,108602722.73398696,1132430.4196032267,54190555.103953116,910144.9447371229,18671767.75263308,157607.55938415666
2015-02-11,181577009.98195636,-62653.734092042,108997991.68309008,1132430.4196032267,54190555.103953116,910144.9447371229,18451116.92900521,157607.55938415666
2015-02-12,182914835.7051593,-62653.734092042,110267137.64041153,1132430.4196032267,54216681.357879,910144.9447371229,18493670.44096082,157607.55938415666
2015-02-13,183838161.18713495,-62653.734092042,111213752.77502324,1132430.4196032267,54092521.76098285,910144.9447371229,18594540.385220915,157607.55938415666
2015-02-17,183416143.8757854,-62653.734092042,111317784.10652381,1132430.4196032267,53876960.20251157,910144.9447371229,18284053.300842088,157607.55938415666
2015-02-18,183774381.45905864,-62653.734092042,111473792.22486164,1132430.4196032267,54027180.0867124,910144.9447371229,18336062.881576665,157607.55938415666
2015-02-19,184216956.82656676,-62653.734092042,112025138.41037022,1132430.4196032267,53981451.33050538,910144.9447371229,18273020.8197832,157607.55938415666
2015-02-20,184875043.19775742,-62653.734092042,112774136.34994727,1132430.4196032267,53994561.328488655,910144.9447371229,18168999.25341354,157607.55938415666
2015-02-23,185124157.516201,-62653.734092042,112888535.39158826,1132430.4196032267,54105635.23089355,910144.9447371229,18192640.627811212,157607.55938415666
2015-02-24,185402706.1744052,-62653.734092042,112971753.54498194,1132430.4196032267,54327758.73221133,910144.9447371229,18165847.63130397,157607.55938415666
2015-02-25,185243447.31482327,-62653.734092042,112690909.55679512,1132430.4196032267,54379997.352353364,910144.9447371229,18235194.139766827,157607.55938415666
2015-02-26,185723624.10602552,-62653.734092042,113263025.72161831,1132430.4196032267,54229742.74887822,910144.9447371229,18293509.369621053,157607.55938415666
2015-02-27,185284229.32760936,-62653.734092042,112763699.52173924,1132430.4196032267,54275488.8647224,910144.9447371229,18307694.675239757,157607.55938415666
2015-03-02,186052561.27993625,-62653.734092042,113783130.54057045,1132430.4196032267,54100041.955800585,910144.9447371229,18232042.517657254,157607.55938415666
2015-03-03,185423578.41882408,-62653.734092042,113252666.65123634,1132430.4196032267,54034620.4271992,910144.9447371229,18198945.074480608,157607.55938415666
2015-03-04,184929935.65617448,-62653.734092042,112815762.70616102,1132430.4196032267,54034620.4271992,910144.9447371229,18142206.256906293,157607.55938415666
2015-03-05,185142912.84013194,-62653.734092042,113013371.26143722,1132430.4196032267,54067325.983608745,910144.9447371229,18124869.329178017,157607.55938415666
2015-03-06,183054326.32317463,-62653.734092042,111733874.87349229,1132430.4196032267,53753123.494866595,910144.9447371229,17629981.688907783,157607.55938415666
2015-03-09,183459588.14727557,-62653.734092042,112056336.57813437,1132430.4196032267,53818586.68659717,910144.9447371229,17647318.61663606,157607.55938415666
2015-03-10,181501890.38444102,-62653.734092042,109975848.18425824,1132430.4196032267,54028061.95628013,910144.9447371229,17560633.977994677,157607.55938415666
2015-03-11,180820564.6317225,-62653.734092042,109341266.56583907,1132430.4196032267,54086914.598180145,910144.9447371229,17455037.20179535,157607.55938415666
2015-03-12,181572910.97249734,-62653.734092042,110059031.77861813,1132430.4196032267,54126223.76056538,910144.9447371229,17450309.167405866,157607.55938415666
2015-03-13,181067323.67565843,-62653.734092042,109580553.31587975,1132430.4196032267,54073898.34223754,910144.9447371229,17475525.751633197,157607.55938415666
2015-03-16,182575720.07749668,-62653.734092042,110995261.92357254,1132430.4196032267,54178618.617441855,910144.9447371229,17464493.27057432,157607.55938415666
2015-03-17,182703844.47174448,-62653.734092042,111172135.05856796,1132430.4196032267,54224434.17183468,910144.9447371229,17369928.975433875,157607.55938415666
2015-03-18,184470337.83090252,-62653.734092042,112264407.88089398,1132430.4196032267,54558221.803220786,910144.9447371229,17710361.88087978,157607.55938415666
2015-03-19,184460526.36062557,-62653.734092042,112430844.18768138,1132430.4196032267,54394582.91949525,910144.9447371229,17697752.987540983,157607.55938415666
2015-03-20,185534059.94309217,-62653.734092042,113158596.96122903,1132430.4196032267,54538626.24479453,910144.9447371229,17899490.47116066,157607.55938415666
2015-03-23,185454730.7372517,-62653.734092042,112939639.56282201,1132430.4196032267,54564776.802212425,910144.9447371229,18012968.106309295,157607.55938415666
2015-03-24,185183859.8429039,-62653.734092042,112533000.6915982,1132430.4196032267,54656414.85485293,910144.9447371229,18057098.030544817,157607.55938415666
2015-03-25,182548690.09632903,-62653.734092042,109957661.49272028,1132430.4196032267,54571366.52047839,910144.9447371229,18082315.817222405,157607.55938415666
2015-03-26,182114749.21925044,-62653.734092042,109582298.54708672,1132430.4196032267,54394582.91949525,910144.9447371229,18200521.486760523,157607.55938415666
2015-03-27,182538861.0081136,-62653.734092042,110020221.9836592,1132430.4196032267,54446967.36058943,910144.9447371229,18134325.397956986,157607.55938415666
2015-03-30,183659467.2978603,-62653.734092042,111281834.07161196,1132430.4196032267,54512427.08039257,910144.9447371229,17927859.87994782,157607.55938415666
2015-03-31,182462151.94180235,-63884.11261904749,109515621.63265283,1126382.4967144954,54757810.81632642,913254.4753235977,18252603.60544214,160589.5039358245
2015-04-01,182421176.1438236,-63884.11261904749,108945254.71455106,1126382.4967144954,54975659.13195041,913254.4753235977,18564146.409941174,160589.5039358245
2015-04-02,182369958.67456144,-63884.11261904749,109017836.39917669,1126382.4967144954,54903248.57031405,913254.4753235977,18512757.81768974,160589.5039358245
2015-04-06,183534355.77721807,-63884.11261904749,109909707.6962998,1126382.4967144954,54949342.58720174,913254.4753235977,18739189.606335577,160589.5039358245
2015-04-07,183287449.51400614,-63884.11261904749,109723011.37869482,1126382.4967144954,54982274.84792575,913254.4753235977,18646047.400004636,160589.5039358245
2015-04-08,184016347.51075163,-63884.11261904749,110594189.24738096,1126382.4967144954,54942772.16048795,913254.4753235977,18543270.215501763,160589.5039358245
2015-04-09,184464176.57552445,-63884.11261904749,111289008.91906413,1126382.4967144954,54824253.6468065,913254.4753235977,18414798.122272834,160589.5039358245
2015-04-10,185102918.64538795,-63884.11261904749,111745304.17226885,1126382.4967144954,54797933.61826848,913254.4753235977,18623564.967469677,160589.5039358245
2015-04-13,184702847.25888398,-63884.11261904749,111465332.74160127,1126382.4967144954,54811123.24474697,913254.4753235977,18490275.385154776,160589.5039358245
2015-04-14,184367611.13998738,-63884.11261904749,111143802.58173057,1126382.4967144954,54909829.44839589,913254.4753235977,18377863.222479973,160589.5039358245
2015-04-15,185274175.37207264,-63884.11261904749,111838673.8151125,1126382.4967144954,54962539.18125892,913254.4753235977,18536846.48832025,160589.5039358245
2015-04-16,185041198.27346542,-63884.11261904749,111683129.35717693,1126382.4967144954,54949342.58720174,913254.4753235977,18472610.441705782,160589.5039358245
2015-04-17,183482562.59088686,-63884.11261904749,109940807.99427047,1126382.4967144954,55041492.29929427,913254.4753235977,18564146.409941174,160589.5039358245
2015-04-20,184930987.13080636,-63884.11261904749,111589768.30794974,1126382.4967144954,54982274.84792575,913254.4753235977,18422828.087549895,160589.5039358245
2015-04-21,185448237.91949815,-63884.11261904749,112066842.92575602,1126382.4967144954,54916462.58331798,913254.4753235977,18528816.52304318,160589.5039358245
2015-04-22,185607118.86072457,-63884.11261904749,112678699.82412925,1126382.4967144954,54712399.62215129,913254.4753235977,18279903.527063064,160589.5039358245
2015-04-23,186270891.87432826,-63884.11261904749,113103920.5602127,1126382.4967144954,54817662.31735661,913254.4753235977,18413193.109377965,160589.5039358245
2015-04-24,187632783.20224935,-63884.11261904749,114638774.83452909,1126382.4967144954,54903248.57031405,913254.4753235977,18154643.91002523,160589.5039358245
2015-04-27,187669093.0028511,-63884.11261904749,114348405.12794425,1126382.4967144954,54863784.204559095,913254.4753235977,18520787.7829668,160589.5039358245
2015-04-28,187430351.3415966,-63884.11261904749,114120236.01730074,1126382.4967144954,54692622.15001227,913254.4753235977,18681377.286902625,160589.5039358245
2015-04-29,186411930.82964346,-63884.11261904749,113404671.35548182,1126382.4967144954,54521449.644097395,913254.4753235977,18549693.94268328,160589.5039358245
2015-04-30,184295249.62338477,-64525.921440688915,110615865.32689527,1116240.6039447647,55307932.66344764,925423.1079566148,18435977.554482546,162474.4633484574
2015-05-01,185523554.89893627,-64525.921440688915,112075259.3037599,1116240.6039447647,55140208.9036739,925423.1079566148,18372612.612943187,162474.4633484574
2015-05-04,185794032.8618266,-64525.921440688915,112260266.10063565,1116240.6039447647,55059956.66248899,925423.1079566148,18538336.02014263,162474.4633484574
2015-05-05,183929773.30994672,-64525.921440688915,110430875.56249948,1116240.6039447647,54973095.870057076,925423.1079566148,18590327.79883087,162474.4633484574
2015-05-06,183005769.45042717,-64525.921440688915,109670349.78541452,1116240.6039447647,54819365.85875723,925423.1079566148,18580579.72769613,162474.4633484574
2015-05-07,183624389.07939765,-64525.921440688915,110328076.02995081,1116240.6039447647,54932985.635405116,925423.1079566148,18427853.33548241,162474.4633484574
2015-05-08,185237961.93119746,-64525.921440688915,111705254.2262484,1116240.6039447647,55080018.84023297,925423.1079566148,18517214.786156774,162474.4633484574
2015-05-11,184447445.4986884,-64525.921440688915,111273600.08767155,1116240.6039447647,54792645.706840254,925423.1079566148,18445725.62561728,162474.4633484574
2015-05-12,184034622.02943543,-64525.921440688915,110770034.81887843,1116240.6039447647,54725787.07859932,925423.1079566148,18603326.05339837,162474.4633484574
2015-05-13,184567042.36183578,-64525.921440688915,110996140.9897977,1116240.6039447647,54699028.09438335,925423.1079566148,18936399.19909542,162474.4633484574
2015-05-14,186400253.16755337,-64525.921440688915,112619975.04403633,1116240.6039447647,54806046.380202234,925423.1079566148,19038757.66475551,162474.4633484574
2015-05-15,186677668.78905076,-64525.921440688915,112619975.04403633,1116240.6039447647,55026596.18744402,925423.1079566148,19095623.47901111,162474.4633484574
2015-05-18,186968757.50998288,-64525.921440688915,113113261.21119861,1116240.6039447647,54826023.83293022,925423.1079566148,19093998.38729473,162474.4633484574
2015-05-19,186460303.43387088,-64525.921440688915,112989946.05658802,1116240.6039447647,54705717.840437345,925423.1079566148,18829165.458286185,162474.4633484574
2015-05-20,186563119.17374936,-64525.921440688915,113061891.25176415,1116240.6039447647,54705717.840437345,925423.1079566148,18860036.00298856,162474.4633484574
2015-05-21,187259343.04727194,-64525.921440688915,113647680.81736428,1116240.6039447647,54879517.08989917,925423.1079566148,18796671.061449204,162474.4633484574
2015-05-22,187098275.20585933,-64525.921440688915,113534653.28062451,1116240.6039447647,54846100.1315102,925423.1079566148,18782047.715165317,162474.4633484574
2015-05-26,185652162.88441852,-64525.921440688915,112229411.76326312,1116240.6039447647,54979810.32757406,925423.1079566148,18507466.715022035,162474.4633484574
2015-05-27,187484463.73195517,-64525.921440688915,114038235.58189757,1116240.6039447647,55006537.539909035,925423.1079566148,18504216.53158927,162474.4633484574
2015-05-28,187255327.70597416,-64525.921440688915,113781292.10608567,1116240.6039447647,55013223.75575403,925423.1079566148,18525337.765575126,162474.4633484574
2015-05-29,186610007.5375877,-64525.921440688915,113102982.10956775,1116240.6039447647,55033215.32931802,925423.1079566148,18538336.02014263,162474.4633484574
2015-06-01,186790577.48222223,-64525.921440688915,113483274.8049501,1116240.6039447647,54849739.776988655,925423.1079566148,18522088.821724143,162474.4633484574
2015-06-02,186351545.41083124,-64525.921440688915,113123548.82906947,1116240.6039447647,54695695.57708786,925423.1079566148,18596826.92611462,162474.4633484574
2015-06-03,186316380.033229,-64525.921440688915,113462708.08544838,1116240.6039447647,54454599.953469165,925423.1079566148,18463597.915752154,162474.4633484574
2015-06-04,185457091.36276567,-64525.921440688915,112599399.80829471,1116240.6039447647,54588599.62667099,925423.1079566148,18333617.849240676,162474.4633484574
2015-06-05,184878025.91600838,-64525.921440688915,112332194.26333183,1116240.6039447647,54374224.154969275,925423.1079566148,18236133.419147957,162474.4633484574
2015-06-08,183857841.80159163,-64525.921440688915,111191375.79086456,1116240.6039447647,54441241.642615184,925423.1079566148,18289750.289552577,162474.4633484574
2015-06-09,183552738.1629001,-64525.921440688915,111006394.5427087,1116240.6039447647,54280500.63624239,925423.1079566148,18330368.905389693,162474.4633484574
2015-06-10,185115923.7105767,-64525.921440688915,112527471.64559847,1116240.6039447647,54166633.74496454,925423.1079566148,18486344.241454396,162474.4633484574
2015-06-11,185450399.2394343,-64525.921440688915,112691894.6904926,1116240.6039447647,54421172.40445321,925423.1079566148,18401858.065929186,162474.4633484574
2015-06-12,184480381.4222199,-64525.921440688915,111766945.86851354,1116240.6039447647,54380977.44478526,925423.1079566148,18396984.030361813,162474.4633484574
2015-06-15,184013254.16305292,-64525.921440688915,111211933.99412629,1116240.6039447647,54387624.828331254,925423.1079566148,18478221.262036044,162474.4633484574
2015-06-16,184693657.9565884,-64525.921440688915,111818298.79546809,1116240.6039447647,54528278.94549707,925423.1079566148,18411606.13706392,162474.4633484574
2015-06-17,185108221.26428816,-64525.921440688915,112126646.2956743,1116240.6039447647,54548383.48574904,925423.1079566148,18497717.404305518,162474.4633484574
2015-06-18,186940965.6920612,-64525.921440688915,113760733.90282393,1116240.6039447647,54508202.6469171,925423.1079566148,18736555.063760836,162474.4633484574
2015-06-19,186500074.7665411,-64525.921440688915,113198321.41591205,1116240.6039447647,54662218.605145894,925423.1079566148,18704060.66692386,162474.4633484574
2015-06-22,186832818.70318273,-64525.921440688915,114032700.02592403,1116240.6039447647,54401046.68294723,925423.1079566148,18463597.915752154,162474.4633484574
2015-06-23,186676456.8696203,-64525.921440688915,114125433.36284077,1116240.6039447647,54273807.3599794,925423.1079566148,18341742.06824081,162474.4633484574
2015-06-24,186140961.6332994,-64525.921440688915,113538264.16636725,1116240.6039447647,54374224.154969275,925423.1079566148,18292999.233403563,162474.4633484574
2015-06-25,185816327.08999884,-64525.921440688915,113311647.02105042,1116240.6039447647,54300576.934822366,925423.1079566148,18268629.055566717,162474.4633484574
2015-06-26,184983348.9330487,-64525.921440688915,112559646.0001647,1116240.6039447647,54200103.6564885,925423.1079566148,18288125.197836194,162474.4633484574
2015-06-29,182683100.28521374,-64525.921440688915,109901965.96358748,1116240.6039447647,54474672.72184014,925423.1079566148,18370987.521226805,162474.4633484574
2015-06-30,182843257.18169004,-64017.54615474568,109744364.83670686,1110684.2911083524,54872182.41835344,933092.4592466094,18290727.472784482,162772.33270193927
2015-07-01,183517709.7930097,-64017.54615474568,110615629.0078737,1110684.2911083524,54738851.96891168,933092.4592466094,18227246.36237907,162772.33270193927
2015-07-02,183647980.79188883,-64017.54615474568,110646372.13079959,1110684.2911083524,54874189.95675605,933092.4592466094,18191436.250487953,162772.33270193927
2015-07-06,183630064.58947083,-64017.54615474568,110390165.31666946,1110684.2911083524,55063649.61377021,933092.4592466094,18240267.205185927,162772.33270193927
2015-07-07,183749280.05671152,-64017.54615474568,110666887.31839705,1110684.2911083524,55117746.36668322,933092.4592466094,18028663.917786013,162772.33270193927
2015-07-08,182031668.08232498,-64017.54615474568,108739891.76465943,1110684.2911083524,55273416.02005195,933092.4592466094,18082377.843768347,162772.33270193927
2015-07-09,181831410.82736883,-64017.54615474568,108678413.99265632,1110684.2911083524,55090687.31183096,933092.4592466094,18126327.069036305,162772.33270193927
2015-07-10,183255972.09567666,-64017.54615474568,110338915.47999479,1110684.2911083524,54833587.13661664,933092.4592466094,18147487.02521999,162772.33270193927
2015-07-13,184983204.0785984,-64017.54615474568,112276105.07366619,1110684.2911083524,54705015.69221795,933092.4592466094,18066100.85886902,162772.33270193927
2015-07-14,185782002.39061767,-64017.54615474568,113014084.07931451,1110684.2911083524,54806528.08176437,933092.4592466094,18025407.775693536,162772.33270193927
2015-07-15,185966242.09657574,-64017.54615474568,113137107.41410998,1110684.2911083524,54962151.4620848,933092.4592466094,17931000.766535714,162772.33270193927
2015-07-16,187500080.36582157,-64017.54615474568,114736054.86480744,1110684.2911083524,54962151.4620848,933092.4592466094,17865891.585084073,162772.33270193927
2015-07-17,189017347.69501305,-64017.54615474568,116427240.15813121,1110684.2911083524,54968910.8866,933092.4592466094,17685214.196436573,162772.33270193927
2015-07-20,188862537.17923623,-64017.54615474568,116827019.39004883,1110684.2911083524,54894500.26548889,933092.4592466094,17205035.069853246,162772.33270193927
2015-07-21,188838487.9011984,-64017.54615474568,116755271.313474,1110684.2911083524,54995912.99000822,933092.4592466094,17151321.14387091,162772.33270193927
2015-07-22,187443812.58286875,-64017.54615474568,115433037.39065546,1110684.2911083524,55016251.77446308,933092.4592466094,17058540.963904973,162772.33270193927
2015-07-23,187065398.6420535,-64017.54615474568,115002565.87890388,1110684.2911083524,55144812.540465996,933092.4592466094,16982037.768838365,162772.33270193927
2015-07-24,186137759.980832,-64017.54615474568,113875077.94590963,1110684.2911083524,55178634.579298705,933092.4592466094,17148065.001778435,162772.33270193927
2015-07-27,185223273.99045032,-64017.54615474568,112932099.5935626,1110684.2911083524,55286885.03656878,933092.4592466094,17068306.9064737,162772.33270193927
2015-07-28,186128388.6526524,-64017.54615474568,113905821.06883551,1110684.2911083524,55192235.29602989,933092.4592466094,17094349.83394175,162772.33270193927
2015-07-29,186535870.45481357,-64017.54615474568,114336309.52828442,1110684.2911083524,55144812.540465996,933092.4592466094,17118765.932217915,162772.33270193927
2015-07-30,186952960.2955219,-64017.54615474568,114879559.49180573,1110684.2911083524,55165147.7654556,933092.4592466094,16972270.584415298,162772.33270193927
2015-07-31,187051029.42248917,-65490.782071596266,112269912.12273645,1086714.311922712,56134956.06136823,946247.424776477,18711652.020456076,178325.0925954024
2015-08-03,186682040.06685618,-65490.782071596266,111918938.68636324,1086714.311922712,56264950.29548564,946247.424776477,18563641.867078893,178325.0925954024
2015-08-04,186316356.739359,-65490.782071596266,111708331.40981705,1086714.311922712,56072426.1383511,946247.424776477,18601089.973262433,178325.0925954024
2015-08-05,187021657.25995487,-65490.782071596266,112570791.50490564,1086714.311922712,55983029.60926016,946247.424776477,18533326.927860674,178325.0925954024
2015-08-06,185332894.94506463,-65490.782071596266,110765639.57647413,1086714.311922712,56017389.843469016,946247.424776477,18615356.30719306,178325.0925954024
2015-08-07,185355755.3498379,-65490.782071596266,110625240.25275816,1086714.311922712,56134284.666939944,946247.424776477,18661721.21221136,178325.0925954024
2015-08-10,186693270.52543947,-65490.782071596266,111888842.45717409,1086714.311922712,56017389.843469016,946247.424776477,18852529.00686794,178325.0925954024
2015-08-11,185568606.263505,-65490.782071596266,110454736.40888081,1086714.311922712,56230535.91656482,946247.424776477,18948824.720130958,178325.0925954024
2015-08-12,186194840.9298521,-65490.782071596266,110835888.9841655,1086714.311922712,56209914.000603564,946247.424776477,19214528.72715461,178325.0925954024
2015-08-13,185738695.60415202,-65490.782071596266,110655311.60903062,1086714.311922712,56093055.273607284,946247.424776477,19055819.5035857,178325.0925954024
2015-08-14,185886770.09895927,-65490.782071596266,110825798.8709635,1086714.311922712,56072426.1383511,946247.424776477,19054035.87171625,178325.0925954024
2015-08-17,186962471.33144933,-65490.782071596266,111748459.71540256,1086714.311922712,56175535.71815738,946247.424776477,19103966.679960962,178325.0925954024
2015-08-18,186284141.60423973,-65490.782071596266,111176805.47122565,1086714.311922712,56072426.1383511,946247.424776477,19100400.77673455,178325.0925954024
2015-08-19,186008164.59609878,-65490.782071596266,110444704.33248445,1086714.311922712,56271761.700250015,946247.424776477,19357189.345435925,178325.0925954024
2015-08-20,183334722.61458343,-65490.782071596266,107386032.02186677,1086714.311922712,56319957.71318801,946247.424776477,19694223.661600236,178325.0925954024
2015-08-21,178853684.89121872,-65490.782071596266,102692612.13502821,1086714.311922712,56409296.487919524,946247.424776477,19817267.05034257,178325.0925954024
2015-08-24,174781683.84311447,-65490.782071596266,98741358.62721616,1086714.311922712,56395543.73108206,946247.424776477,19710272.266887832,178325.0925954024
2015-08-25,173980720.30831447,-65490.782071596266,98370329.32902238,1086714.311922712,56209914.000603564,946247.424776477,19465967.76076012,178325.0925954024
2015-08-26,178428493.25718424,-65490.782071596266,103324433.96466675,1086714.311922712,55969287.681365095,946247.424776477,19200262.393223982,178325.0925954024
2015-08-27,181132285.49203262,-65490.782071596266,105941885.6062049,1086714.311922712,56044927.84397111,946247.424776477,19210962.823928196,178325.0925954024
2015-08-28,181312693.83060688,-65490.782071596266,105921821.45341213,1086714.311922712,56072426.1383511,946247.424776477,19383937.02091525,178325.0925954024
2015-08-31,179881733.33922663,-62980.64989619298,107966828.39347368,1121606.2357224133,53983414.19673684,912225.2686160994,17994471.39891228,165359.96553368992
2015-09-01,176701789.1619068,-62980.64989619298,104592536.89194193,1121606.2357224133,54114925.18822068,912225.2686160994,18057307.731640376,165359.96553368992
2015-09-02,179515933.6431422,-62980.64989619298,107542426.6687202,1121606.2357224133,54075087.71387407,912225.2686160994,17961399.91044411,165359.96553368992
2015-09-03,178898922.7390458,-62980.64989619298,107014560.1231345,1121606.2357224133,54114925.18822068,912225.2686160994,17832418.07758684,165359.96553368992
2015-09-04,177700786.69693956,-62980.64989619298,105741449.07781534,1121606.2357224133,54247775.92705108,912225.2686160994,17774542.34196933,165359.96553368992
2015-09-08,180553865.99697712,-62980.64989619298,108722418.51957272,1121606.2357224133,54114925.18822068,912225.2686160994,17779502.939079918,165359.96553368992
2015-09-09,179089355.2716562,-62980.64989619298,107501044.1632579,1121606.2357224133,54101639.07037867,912225.2686160994,17549652.6879158,165359.96553368992
2015-09-10,180187362.93516058,-62980.64989619298,108670664.71621542,1121606.2357224133,53988686.189542145,912225.2686160994,17590992.67929922,165359.96553368992
2015-09-11,180864283.51370078,-62980.64989619298,109271010.54659548,1121606.2357224133,54101639.07037867,912225.2686160994,17554614.5466228,165359.96553368992
2015-09-14,180556259.638536,-62980.64989619298,108939779.35936753,1121606.2357224133,54114925.18822068,912225.2686160994,17564535.74084397,165359.96553368992
2015-09-15,181561016.92029086,-62980.64989619298,110223253.14540523,1121606.2357224133,53889123.82244477,912225.2686160994,17511620.602337044,165359.96553368992
2015-09-16,182381988.64444295,-62980.64989619298,110844290.22851644,1121606.2357224133,53855901.56811327,912225.2686160994,17744777.497709412,165359.96553368992
2015-09-17,182910755.16029146,-62980.64989619298,110885655.61962578,1121606.2357224133,54161405.72148829,912225.2686160994,17926674.469073605,165359.96553368992
2015-09-18,181618749.8978387,-62980.64989619298,109308593.6657002,1121606.2357224133,54314175.197491996,912225.2686160994,18058961.684542704,165359.96553368992
2015-09-21,181649427.6925469,-62980.64989619298,109650966.29670648,1121606.2357224133,54114925.18822068,912225.2686160994,17946516.85751594,165359.96553368992
2015-09-22,179987357.913583,-62980.64989619298,108011616.65517542,1121606.2357224133,54214571.072035775,912225.2686160994,17824150.836268008,165359.96553368992
2015-09-23,180141450.24673945,-62980.64989619298,108094604.15268852,1121606.2357224133,54214571.072035775,912225.2686160994,17895255.671911348,165359.96553368992
2015-09-24,180142489.3157375,-62980.64989619298,107700357.91785422,1121606.2357224133,54234489.80920907,912225.2686160994,18270622.2385704,165359.96553368992
2015-09-25,179017344.96443224,-62980.64989619298,106787272.95862167,1121606.2357224133,54134875.244163126,912225.2686160994,18158177.411543638,165359.96553368992
2015-09-28,175886857.37604582,-62980.64989619298,103747190.5417333,1121606.2357224133,54274320.323829204,912225.2686160994,17928327.16037952,165359.96553368992
2015-09-29,175314390.5169241,-62980.64989619298,103207626.33589803,1121606.2357224133,54314175.197491996,912225.2686160994,17855569.63343026,165359.96553368992
2015-09-30,177549399.077313,-62164.04709354229,106566937.87464392,1132051.385776351,53283468.93732196,893165.6544083727,17761156.312440656,166209.58460597394
2015-10-01,178038170.01061198,-62164.04709354229,107048702.29647775,1132051.385776351,53312082.23827763,893165.6544083727,17739549.522950135,166209.58460597394
2015-10-02,180490403.14148948,-62164.04709354229,108923265.10830386,1132051.385776351,53514119.80913604,893165.6544083727,18115182.27114312,166209.58460597394
2015-10-05,181805686.07897303,-62164.04709354229,110483618.71133982,1132051.385776351,53305615.4550895,893165.6544083727,18078615.959637247,166209.58460597394
2015-10-06,181534905.8086681,-62164.04709354229,109959982.75997834,1132051.385776351,53377302.02952474,893165.6544083727,18259785.066258576,166209.58460597394
2015-10-07,182168073.27311295,-62164.04709354229,110619744.36663781,1132051.385776351,53377302.02952474,893165.6544083727,18233190.924043946,166209.58460597394
2015-10-08,182430096.40673023,-62164.04709354229,111059594.0746108,1132051.385776351,53292552.41676323,893165.6544083727,18140113.962449715,166209.58460597394
2015-10-09,183213794.3469109,-62164.04709354229,111562276.98747513,1132051.385776351,53286024.304756686,893165.6544083727,18427657.10177259,166209.58460597394
2015-10-12,183650463.37407485,-62164.04709354229,111834536.93493779,1132051.385776351,53377302.02952474,893165.6544083727,18500788.456705842,166209.58460597394
2015-10-13,183051841.30701005,-62164.04709354229,111111933.48652029,1132051.385776351,53409867.63211277,893165.6544083727,18592204.235470526,166209.58460597394
2015-10-14,183393456.53407648,-62164.04709354229,110933927.66482802,1132051.385776351,53605380.49812121,893165.6544083727,18916312.418220777,166209.58460597394
2015-10-15,185024983.8797494,-62164.04709354229,112756142.42787795,1132051.385776351,53501121.50678478,893165.6544083727,18829883.992180206,166209.58460597394
2015-10-16,185343698.35255855,-62164.04709354229,113227395.78299664,1132051.385776351,53481550.79939143,893165.6544083727,18696915.817264028,166209.58460597394
2015-10-19,185914847.4585788,-62164.04709354229,113876663.59667423,1132051.385776351,53481550.79939143,893165.6544083727,18618797.10960666,166209.58460597394
2015-10-20,185361670.85955605,-62164.04709354229,113290185.80355474,1132051.385776351,53396842.07250888,893165.6544083727,18736807.030585982,166209.58460597394
2015-10-21,184602054.15772742,-62164.04709354229,112599020.54974957,1132051.385776351,53494600.20909139,893165.6544083727,18570597.445980005,166209.58460597394
2015-10-22,186980069.69335255,-62164.04709354229,114892488.66791819,1132051.385776351,53585796.162101544,893165.6544083727,18563948.910426345,166209.58460597394
2015-10-23,190026654.17551395,-62164.04709354229,118107501.82096036,1132051.385776351,53448947.718081035,893165.6544083727,18532368.683566093,166209.58460597394
2015-10-26,190147009.15262234,-62164.04709354229,118180820.18196695,1132051.385776351,53507618.95438212,893165.6544083727,18520734.063366815,166209.58460597394
2015-10-27,190442481.12536746,-62164.04709354229,118421693.75601721,1132051.385776351,53520664.95692549,893165.6544083727,18562286.45951831,166209.58460597394
2015-10-28,191127345.37439826,-62164.04709354229,119406071.99578218,1132051.385776351,53370739.84595239,893165.6544083727,18412697.579757232,166209.58460597394
2015-10-29,190573691.29584825,-62164.04709354229,119217581.01797469,1132051.385776351,53181758.49910709,893165.6544083727,18236515.82586002,166209.58460597394
2015-10-30,190087125.8586184,-62164.04709354229,118683494.45796464,1132051.385776351,53299087.34308295,893165.6544083727,18166708.104664348,166209.58460597394
2015-11-02,191204429.82572427,-62164.04709354229,120023936.16231407,1132051.385776351,53193959.526818715,893165.6544083727,18048698.18368503,166209.58460597394
2015-11-03,191264296.0145964,-62164.04709354229,120442850.10552323,1132051.385776351,53102508.03706509,893165.6544083727,17781101.91910163,166209.58460597394
2015-11-04,191139580.3596396,-62164.04709354229,120453335.26163845,1132051.385776351,53135179.26150709,893165.6544083727,17613229.883587617,166209.58460597394
2015-11-05,190662134.1816143,-62164.04709354229,120128684.08106634,1132051.385776351,53037233.7313127,893165.6544083727,17558380.416328806,166209.58460597394
2015-11-06,190281013.63529488,-62164.04709354229,120212470.32445483,1132051.385776351,52828289.85406739,893165.6544083727,17302417.50386619,166209.58460597394
2015-11-09,189007446.54036254,-62164.04709354229,118934801.3669302,1132051.385776351,52782528.3340465,893165.6544083727,17352280.886479378,166209.58460597394
2015-11-10,188725998.24621257,-62164.04709354229,118631111.86172187,1132051.385776351,52841335.85661076,893165.6544083727,17315714.574973505,166209.58460597394
2015-11-11,188527711.78140032,-62164.04709354229,118484501.05030864,1132051.385776351,52847833.3042081,893165.6544083727,17257541.47397711,166209.58460597394
2015-11-12,187385650.27932486,-62164.04709354229,117332550.3237667,1132051.385776351,52854398.89493703,893165.6544083727,17260865.107714694,166209.58460597394
2015-11-13,185131453.88550395,-62164.04709354229,115028622.96008284,1132051.385776351,52952330.7965051,893165.6544083727,17212664.176009543,166209.58460597394
2015-11-16,186811027.85308346,-62164.04709354229,116683265.23635578,1132051.385776351,52952330.7965051,893165.6544083727,17237595.867316138,166209.58460597394
2015-11-17,186715405.26335692,-62164.04709354229,116756583.59736237,1132051.385776351,53011097.43319042,893165.6544083727,17009888.279897694,166209.58460597394
2015-11-18,188945365.11652455,-62164.04709354229,118997669.11928819,1132051.385776351,52985012.24241684,893165.6544083727,17024847.80191305,166209.58460597394
2015-11-19,189288721.97567552,-62164.04709354229,119081420.81521007,1132051.385776351,53056801.03154946,893165.6544083727,17212664.176009543,166209.58460597394
2015-11-20,190003940.14296764,-62164.04709354229,119887810.50701608,1132051.385776351,53043748.214692935,893165.6544083727,17134545.468352176,166209.58460597394
2015-11-23,189540013.3840238,-62164.04709354229,119542214.9248135,1132051.385776351,53063370.02943497,893165.6544083727,16996592.476868875,166209.58460597394
2015-11-24,189567924.19074634,-62164.04709354229,119437518.82726115,1132051.385776351,53082954.365454644,893165.6544083727,17109615.045124073,166209.58460597394
2015-11-25,189599353.61311352,-62164.04709354229,119542214.9248135,1132051.385776351,53089468.84883489,893165.6544083727,17029833.88655867,166209.58460597394
2015-11-27,189591902.83721995,-62164.04709354229,119709778.77472383,1132051.385776351,53115567.66823478,893165.6544083727,16828720.441354863,166209.58460597394
2015-11-30,189307176.64615086,-66280.71007467894,113624074.41373533,1077234.086572816,56812037.206867665,955793.3332244741,18937345.735622555,185805.98583048934
2015-12-01,190725098.2358203,-66280.71007467894,114760137.55297913,1077234.086572816,57027005.38898734,955793.3332244741,19004236.0039285,185805.98583048934
2015-12-02,189652117.2357673,-66280.71007467894,114052602.72266471,1077234.086572816,56956990.05627742,955793.3332244741,18708805.166899864,185805.98583048934
2015-12-03,187476511.83879724,-66280.71007467894,112119347.56735809,1077234.086572816,56515827.46647884,955793.3332244741,18907617.515035007,185805.98583048934
2015-12-04,190741361.80032578,-66280.71007467894,114740215.5602892,1077234.086572816,56739888.927762106,955793.3332244741,19327538.022349145,185805.98583048934
2015-12-07,190070391.13291615,-66280.71007467894,114222021.84696749,1077234.086572816,56837949.771027915,955793.3332244741,19076700.224995423,185805.98583048934
2015-12-08,190125900.44535562,-66280.71007467894,114231958.18738091,1077234.086572816,56851936.065683715,955793.3332244741,19108286.90236568,185805.98583048934
2015-12-09,188333811.90385333,-66280.71007467894,112498013.36405577,1077234.086572816,56830952.977637805,955793.3332244741,19071126.27223445,185805.98583048934
2015-12-10,188818313.17793158,-66280.71007467894,113006229.6437448,1077234.086572816,56823959.830309905,955793.3332244741,19054404.41395155,185805.98583048934
2015-12-11,186475476.9959264,-66280.71007467894,110405300.08079132,1077234.086572816,56978002.312821046,955793.3332244741,19158455.31238873,185805.98583048934
2015-12-14,186801175.10312733,-66280.71007467894,111242377.17545325,1077234.086572816,56711887.169952795,955793.3332244741,18913191.46779597,185805.98583048934
2015-12-15,187365653.65279344,-66280.71007467894,111920020.79808891,1077234.086572816,56648890.50700628,955793.3332244741,18863023.057772923,185805.98583048934
2015-12-16,189195346.62336573,-66280.71007467894,113584230.4283555,1077234.086572816,56585831.86100211,955793.3332244741,19091565.04408278,185805.98583048934
2015-12-17,187242097.6094677,-66280.71007467894,111929990.0130777,1077234.086572816,56704886.73050047,955793.3332244741,18673501.57596418,185805.98583048934
2015-12-18,185507217.4139252,-66280.71007467894,109782902.18210848,1077234.086572816,56830952.977637805,955793.3332244741,18959642.964253593,185805.98583048934
2015-12-21,186869884.04687184,-66280.71007467894,111002368.11913162,1077234.086572816,56767908.91588249,955793.3332244741,19165887.72193241,185805.98583048934
2015-12-22,187422214.16817978,-66280.71007467894,111732027.53868747,1077234.086572816,56690915.02009353,955793.3332244741,19065552.319473486,185805.98583048934
2015-12-23,188203169.86383763,-66280.71007467894,112561699.63524146,1077234.086572816,56697940.98198136,955793.3332244741,19009809.956689473,185805.98583048934
2015-12-24,188362781.5790874,-66280.71007467894,112541720.11204459,1077234.086572816,56740034.7702507,955793.3332244741,19147307.406866793,185805.98583048934
2015-12-28,188157888.49384427,-66280.71007467894,112481756.88652247,1077234.086572816,56740034.7702507,955793.3332244741,19002377.547145788,185805.98583048934
2015-12-29,189738597.30305347,-66280.71007467894,114251000.78517897,1077234.086572816,56564506.043108016,955793.3332244741,18989371.184841145,185805.98583048934
2015-12-30,188599221.77992338,-66280.71007467894,113221434.83293024,1077234.086572816,56599624.91436052,955793.3332244741,18844442.742707312,185805.98583048934
2015-12-31,187244009.41831946,-65558.34871843347,112385740.66022274,1082761.4259986482,56192870.33011137,947045.1129151884,18730956.77670379,184614.20210647685
2016-01-04,185109121.6390837,-65558.34871843347,110014672.23173544,1082761.4259986482,56165052.61401088,947045.1129151884,18994955.142055836,184614.20210647685
2016-01-05,185041324.6691541,-65558.34871843347,109823756.55702035,1082761.4259986482,56234633.031166136,947045.1129151884,19048493.429686066,184614.20210647685
2016-01-06,184511991.23764116,-65558.34871843347,108768858.8569883,1082761.4259986482,56485122.53292504,947045.1129151884,19323568.196446232,184614.20210647685
2016-01-07,181386192.08631524,-65558.34871843347,105362875.63778207,1082761.4259986482,56492076.961950175,947045.1129151884,19596797.835301433,184614.20210647685
2016-01-08,180505010.21069035,-65558.34871843347,104498860.5692087,1082761.4259986482,56561679.055247836,947045.1129151884,19510028.934952255,184614.20210647685
2016-01-11,180416384.58768746,-65558.34871843347,104820371.45406486,1082761.4259986482,56325080.348087154,947045.1129151884,19336491.1342539,184614.20210647685
2016-01-12,181680363.4465581,-65558.34871843347,106036065.90059552,1082761.4259986482,56471210.06218439,947045.1129151884,19238645.832496602,184614.20210647685
2016-01-13,178256571.1049236,-65558.34871843347,102378937.41105533,1082761.4259986482,56610392.57263731,947045.1129151884,19332799.46994939,184614.20210647685
2016-01-14,180053309.81997678,-65558.34871843347,104559123.20808394,1082761.4259986482,56540790.479339644,947045.1129151884,19018954.48127163,184614.20210647685
2016-01-15,177101228.97872898,-65558.34871843347,101313944.99619043,1082761.4259986482,56638195.837976195,947045.1129151884,19214646.49328081,184614.20210647685
2016-01-19,177234215.8360461,-65558.34871843347,101534987.85993612,1082761.4259986482,56568600.97005933,947045.1129151884,19196185.35476908,184614.20210647685
2016-01-20,177242056.81681055,-65558.34871843347,101223538.64665636,1082761.4259986482,56631277.5358551,947045.1129151884,19452798.98301752,184614.20210647685
2016-01-21,177329863.17876014,-65558.34871843347,101324014.92858097,1082761.4259986482,56596454.81306385,947045.1129151884,19474951.785833757,184614.20210647685
2016-01-22,180152240.96594548,-65558.34871843347,104257727.40556656,1082761.4259986482,56575580.68791728,947045.1129151884,19384491.22118007,184614.20210647685
2016-01-25,178804390.6825523,-65558.34871843347,102710493.44585973,1082761.4259986482,56575580.68791728,947045.1129151884,19583874.89749376,184614.20210647685
2016-01-26,180035547.39972627,-65558.34871843347,103634795.9357507,1082761.4259986482,56659051.89967076,947045.1129151884,19807257.913023252,184614.20210647685
2016-01-27,177527335.48079714,-65558.34871843347,101052738.05428006,1082761.4259986482,56659051.89967076,947045.1129151884,19881103.875564758,184614.20210647685
2016-01-28,178783471.32551134,-65558.34871843347,102479388.91053763,1082761.4259986482,56700843.50224874,947045.1129151884,19668797.261443395,184614.20210647685
2016-01-29,181166137.39639992,-65558.34871843347,104619410.62940155,1082761.4259986482,56867796.76382692,947045.1129151884,19744488.351889867,184614.20210647685
2016-02-01,181534838.2177928,-65558.34871843347,104900749.1752789,1082761.4259986482,56752082.290229686,947045.1129151884,19947565.101002656,184614.20210647685
2016-02-02,179466814.27243805,-65558.34871843347,102630115.7246457,1082761.4259986482,56947308.46689909,947045.1129151884,19954948.429611683,184614.20210647685
2016-02-03,179230475.41439438,-65558.34871843347,102137795.9865991,1082761.4259986482,56989136.1963811,947045.1129151884,20169101.580132596,184614.20210647685
2016-02-04,179505976.04406834,-65558.34871843347,102127767.3582791,1082761.4259986482,57030974.763934314,947045.1129151884,20412792.270573363,184614.20210647685
2016-02-05,176226658.74575603,-65558.34871843347,98581176.82223994,1082761.4259986482,56975173.14797481,947045.1129151884,20735867.124259695,184614.20210647685
2016-02-08,175242451.23712885,-65558.34871843347,97074131.72314012,1082761.4259986482,57219242.89888819,947045.1129151884,21014634.963818956,184614.20210647685
2016-02-09,174887941.7715027,-65558.34871843347,96772719.39899452,1082761.4259986482,57212299.30793428,947045.1129151884,20968481.413292337,184614.20210647685
2016-02-10,175540718.76941553,-65558.34871843347,97144464.29440594,1082761.4259986482,57330871.41964002,947045.1129151884,21130941.40408799,184614.20210647685
2016-02-11,176284089.52416152,-65558.34871843347,97003790.8910602,1082761.4259986482,57365690.52974086,947045.1129151884,21980166.452078868,184614.20210647685
2016-02-12,177443473.26525337,-65558.34871843347,98480675.75787304,1082761.4259986482,57177418.78209659,947045.1129151884,21850937.074002165,184614.20210647685
2016-02-16,178917408.70514578,-65558.34871843347,100701108.24120739,1082761.4259986482,57093687.45663411,947045.1129151884,21188171.35602273,184614.20210647685
2016-02-17,181315269.18597615,-65558.34871843347,102981778.58097474,1082761.4259986482,57079800.27472628,947045.1129151884,21319248.678993564,184614.20210647685
2016-02-18,180853701.54995733,-65558.34871843347,101806248.21260881,1082761.4259986482,57274997.54987246,947045.1129151884,21838014.136194497,184614.20210647685
2016-02-19,180947348.8031923,-65558.34871843347,102107668.79756851,1082761.4259986482,57198300.13262396,947045.1129151884,21706938.221718244,184614.20210647685
2016-02-22,182233283.73770487,-65558.34871843347,103765448.97159049,1082761.4259986482,57212299.30793428,947045.1129151884,21321093.806898527,184614.20210647685
2016-02-23,180879504.3668239,-65558.34871843347,102057434.78701326,1082761.4259986482,57247150.93224874,947045.1129151884,21640476.99628035,184614.20210647685
2016-02-24,181967897.45346013,-65558.34871843347,103032004.3307159,1082761.4259986482,57288975.04904036,947045.1129151884,21712476.42242231,184614.20210647685
2016-02-25,183123575.324706,-65558.34871843347,104046746.21339735,1082761.4259986482,57372681.08567002,947045.1129151884,21769706.374357052,184614.20210647685
2016-02-26,182787596.02246597,-65558.34871843347,103916134.48162805,1082761.4259986482,57316850.56818729,947045.1129151884,21620169.32136907,184614.20210647685
2016-02-29,182106809.61418322,-63759.69925970502,109302341.58806574,1149216.5009543693,54651170.79403287,902451.1206393869,18217056.931344293,153549.030892306
2016-03-01,185298444.0083285,-63759.69925970502,112810664.44745506,1149216.5009543693,54468070.40740015,902451.1206393869,18083468.85273298,153549.030892306
2016-03-02,185447529.28463224,-63759.69925970502,112853302.38571909,1149216.5009543693,54434787.56501451,902451.1206393869,18223199.03315832,153549.030892306
2016-03-03,185575694.1047862,-63759.69925970502,112640025.01613812,1149216.5009543693,54461453.77282576,902451.1206393869,18537975.015082005,153549.030892306
2016-03-04,185562543.75145036,-63759.69925970502,112682715.56135868,1149216.5009543693,54434787.56501451,902451.1206393869,18508800.3243369,153549.030892306
2016-03-07,184948247.5365169,-63759.69925970502,111989575.07000317,1149216.5009543693,54421502.65719839,902451.1206393869,18600929.50857506,153549.030892306
2016-03-08,184114208.94650337,-63759.69925970502,111061790.01689121,1149216.5009543693,54601236.20272095,902451.1206393869,18514942.42615093,153549.030892306
2016-03-09,184581930.05854824,-63759.69925970502,111776271.39694396,1149216.5009543693,54508024.96560534,902451.1206393869,18361393.395258624,153549.030892306
2016-03-10,184679500.8895035,-63759.69925970502,111605667.03693137,1149216.5009543693,54481386.298416674,902451.1206393869,18656207.25341518,153549.030892306
2016-03-11,186236800.9834529,-63759.69925970502,113557087.01794492,1149216.5009543693,54408183.32360406,902451.1206393869,18335290.341163605,153549.030892306
2016-03-14,186312122.36601454,-63759.69925970502,113749058.570133,1149216.5009543693,54527998.80213012,902451.1206393869,18098824.69301112,153549.030892306
2016-03-15,186230032.82899576,-63759.69925970502,113706420.63186899,1149216.5009543693,54474728.35290841,902451.1206393869,18112643.54347808,153549.030892306
2016-03-16,187859952.12111872,-63759.69925970502,114719472.79368289,1149216.5009543693,54687761.95370571,902451.1206393869,18516477.072989836,153549.030892306
2016-03-17,187845224.8878448,-63759.69925970502,114655476.43106948,1149216.5009543693,54807663.49667732,902451.1206393869,18445844.659357708,153549.030892306
2016-03-18,188020787.31512046,-63759.69925970502,114835137.95543055,1149216.5009543693,54854234.6894569,902451.1206393869,18395174.369492713,153549.030892306
2016-03-21,188241150.58172438,-63759.69925970502,115284348.75720283,1149216.5009543693,54754368.94941086,902451.1206393869,18266192.574370388,153549.030892306
2016-03-22,188634584.3029655,-63759.69925970502,115637315.1320115,1149216.5009543693,54741094.369328216,902451.1206393869,18319934.500885468,153549.030892306
2016-03-23,187387923.49725738,-63759.69925970502,114685444.86063689,1149216.5009543693,54860885.74980951,902451.1206393869,17905352.586070694,153549.030892306
2016-03-24,187310492.06034768,-63759.69925970502,114717517.56846535,1149216.5009543693,54794375.14628338,902451.1206393869,17862359.044858627,153549.030892306
2016-03-28,187218047.40323377,-63759.69925970502,114557048.81541003,1149216.5009543693,54820941.51933779,902451.1206393869,17903816.76774565,153549.030892306
2016-03-29,189615738.3159966,-63759.69925970502,116396679.01380663,1149216.5009543693,55047335.764663294,902451.1206393869,18235483.23678638,153549.030892306
2016-03-30,189907700.27203694,-63759.69925970502,116963510.20254414,1149216.5009543693,55027358.48556069,902451.1206393869,17980591.283191808,153549.030892306
2016-03-31,189859539.80574572,-66474.10486874485,113955608.34636867,1121303.000073588,56977804.17318433,932633.3290067523,18992601.391061444,161446.79946957456
2016-04-01,191019578.532547,-66474.10486874485,115166121.45756263,1121303.000073588,57041956.86860613,932633.3290067523,18877974.311247006,161446.79946957456
2016-04-04,190455358.93115738,-66474.10486874485,114727830.16268064,1121303.000073588,57041956.86860613,932633.3290067523,18752046.00473935,161446.79946957456
2016-04-05,189696381.565942,-66474.10486874485,113621652.16034976,1121303.000073588,57145372.493635,932633.3290067523,18995831.01682598,161446.79946957456
2016-04-06,191420474.7112944,-66474.10486874485,115489580.8267092,1121303.000073588,57117778.86532468,932633.3290067523,18879589.124129273,161446.79946957456
2016-04-07,190217023.03787404,-66474.10486874485,113830373.70725371,1121303.000073588,57303918.45186352,932633.3290067523,19149204.983625546,161446.79946957456
2016-04-08,190056262.95879316,-66474.10486874485,113746895.35432766,1121303.000073588,57255697.19888288,932633.3290067523,19120144.51045137,161446.79946957456
2016-04-11,189890186.28271744,-66474.10486874485,113329452.26051977,1121303.000073588,57248748.98381196,932633.3290067523,19378459.14325442,161446.79946957456
2016-04-12,190753460.24231857,-66474.10486874485,114279076.27037822,1121303.000073588,57159169.30779015,932633.3290067523,19381688.769018956,161446.79946957456
2016-04-13,192042315.94859853,-66474.10486874485,115740092.87925404,1121303.000073588,57193661.34317803,932633.3290067523,19175035.831035186,161446.79946957456
2016-04-14,191736428.76582107,-66474.10486874485,115750495.59263363,1121303.000073588,57145372.493635,932633.3290067523,18907034.784421183,161446.79946957456
2016-04-15,191705956.94587937,-66474.10486874485,115458278.58307771,1121303.000073588,57276346.169836074,932633.3290067523,19037806.297834314,161446.79946957456
2016-04-18,192271958.09990638,-66474.10486874485,116073989.18123211,1121303.000073588,57255697.19888288,932633.3290067523,19008745.824660134,161446.79946957456
2016-04-19,191893862.09891516,-66474.10486874485,115364363.29732017,1121303.000073588,57290164.33027408,932633.3290067523,19305808.57618964,161446.79946957456
2016-04-20,191730695.41452128,-66474.10486874485,115458278.58307771,1121303.000073588,57131565.00633842,932633.3290067523,19207325.929973897,161446.79946957456
2016-04-21,191744838.73908597,-66474.10486874485,115468741.18049814,1121303.000073588,57062595.1664179,932633.3290067523,19279976.497038677,161446.79946957456
2016-04-22,189734458.78846794,-66474.10486874485,113726012.93380173,1121303.000073588,57041956.86860613,932633.3290067523,19032963.090928838,161446.79946957456
2016-04-25,189720370.82773113,-66474.10486874485,113726012.93380173,1121303.000073588,56972976.35554418,932633.3290067523,19087855.643253986,161446.79946957456
2016-04-26,189160441.8232929,-66474.10486874485,113172932.48749925,1121303.000073588,56890248.836320415,932633.3290067523,19163734.604341973,161446.79946957456
2016-04-27,188479821.53690898,-66474.10486874485,112265073.31869273,1121303.000073588,57062595.1664179,932633.3290067523,19218627.156667113,161446.79946957456
2016-04-28,187589854.41388965,-66474.10486874485,110908417.4832689,1121303.000073588,57166028.580015816,932633.3290067523,19581882.455473658,161446.79946957456
2016-04-29,187427893.06084228,-66474.10486874485,110324026.23847194,1121303.000073588,57207443.92647794,932633.3290067523,19962897.00076116,161446.79946957456
2016-05-02,188304386.70638186,-66474.10486874485,111367599.75353983,1121303.000073588,57106557.83596797,932633.3290067523,19896703.221742794,161446.79946957456
2016-05-03,187384897.13898876,-66474.10486874485,110334463.17130344,1121303.000073588,57265409.757584155,932633.3290067523,19851498.314969927,161446.79946957456
2016-05-04,186575010.97558907,-66474.10486874485,109624888.61656937,1121303.000073588,57286183.2485207,932633.3290067523,19730413.215367746,161446.79946957456
2016-05-05,186624741.04242086,-66474.10486874485,109593577.81807488,1121303.000073588,57389826.56723341,932633.3290067523,19707810.761981312,161446.79946957456
2016-05-06,187360681.34485257,-66474.10486874485,110177951.95314589,1121303.000073588,57362186.68864358,932633.3290067523,19887016.807931848,161446.79946957456
2016-05-09,187306687.46551004,-66474.10486874485,110491017.16377588,1121303.000073588,57403587.804250464,932633.3290067523,19478556.602352437,161446.79946957456
2016-05-10,188873106.59394535,-66474.10486874485,112004158.5527683,1121303.000073588,57403587.804250464,932633.3290067523,19531834.341795314,161446.79946957456
2016-05-11,188058726.96095657,-66474.10486874485,110991904.3910579,1121303.000073588,57417413.0801161,932633.3290067523,19715883.594651327,161446.79946957456
2016-05-12,187420187.65158796,-66474.10486874485,110501419.87715547,1121303.000073588,57424347.06433177,932633.3290067523,19560894.81496949,161446.79946957456
2016-05-13,187164207.34239635,-66474.10486874485,110094430.82590501,1121303.000073588,57486560.80572712,932633.3290067523,19649689.81563296,161446.79946957456
2016-05-16,188431885.22399437,-66474.10486874485,111471951.97212882,1121303.000073588,57362186.68864358,932633.3290067523,19664220.668090712,161446.79946957456
2016-05-17,187059856.64296496,-66474.10486874485,110073574.06996796,1121303.000073588,57320728.649615735,932633.3290067523,19732028.028250016,161446.79946957456
2016-05-18,186844673.42252818,-66474.10486874485,110470109.07866098,1121303.000073588,57051278.07878831,932633.3290067523,19389760.36994764,161446.79946957456
2016-05-19,186295773.076737,-66474.10486874485,109896180.43128444,1121303.000073588,57113438.454476506,932633.3290067523,19352628.295844782,161446.79946957456
2016-05-20,187480462.66364294,-66474.10486874485,111106702.09734137,1121303.000073588,57113438.454476506,932633.3290067523,19326796.21669381,161446.79946957456
2016-05-23,187293298.1084451,-66474.10486874485,110960610.70228934,1121303.000073588,57127256.614914514,932633.3290067523,19271904.896109995,161446.79946957456
2016-05-24,189154260.57827312,-66474.10486874485,113183386.53005669,1121303.000073588,57099638.08260754,932633.3290067523,18937710.070477623,161446.79946957456
2016-05-25,189895833.5221089,-66474.10486874485,113997338.96796869,1121303.000073588,57078921.515091956,932633.3290067523,18886047.143917017,161446.79946957456
2016-05-26,190261931.42847332,-66474.10486874485,114331278.04426166,1121303.000073588,57175659.311299466,932633.3290067523,18821468.17778092,161446.79946957456
2016-05-27,190681003.69031873,-66474.10486874485,114926080.55730118,1121303.000073588,57154917.83978721,932633.3290067523,18666479.39809909,161446.79946957456
2016-05-31,190952686.85690665,-66856.84029405004,114611726.21832043,1116107.565775069,57305863.10916021,934306.0956261209,19101954.369720068,164586.89274119883
2016-06-01,190963455.8159159,-66856.84029405004,114622114.79276994,1116107.565775069,57325993.11720196,934306.0956261209,19082204.746238057,164586.89274119883
2016-06-02,191268868.69058195,-66856.84029405004,114861009.42898378,1116107.565775069,57436950.51988534,934306.0956261209,19037765.582006868,164586.89274119883
2016-06-03,191617685.48225346,-66856.84029405004,114320880.19463412,1116107.565775069,57797572.770891055,934306.0956261209,19566089.35702231,164586.89274119883
2016-06-06,191949623.64801276,-66856.84029405004,114736363.56603962,1116107.565775069,57707443.93885144,934306.0956261209,19572672.983415764,164586.89274119883
2016-06-07,191649229.1761945,-66856.84029405004,114445534.57280323,1116107.565775069,57714336.89840398,934306.0956261209,19556214.54528131,164586.89274119883
2016-06-08,192205664.04503894,-66856.84029405004,114642917.48734383,1116107.565775069,57783715.56988781,934306.0956261209,19845887.82810135,164586.89274119883
2016-06-09,192184404.88961914,-66856.84029405004,114455931.66247769,1116107.565775069,57839169.322565146,934306.0956261209,19956160.744870357,164586.89274119883
2016-06-10,191022152.87674865,-66856.84029405004,113157521.6455637,1116107.565775069,57894680.10076101,934306.0956261209,20036807.970718008,164586.89274119883
2016-06-13,190238962.8183325,-66856.84029405004,112212331.67515789,1116107.565775069,57908551.558143884,934306.0956261209,20184936.425324757,164586.89274119883
2016-06-14,190253426.49774092,-66856.84029405004,112212331.67515789,1116107.565775069,57901619.393547356,934306.0956261209,20206332.26932971,164586.89274119883
2016-06-15,190212861.54113993,-66856.84029405004,111890277.35199824,1116107.565775069,58033334.084976345,934306.0956261209,20356106.944459405,164586.89274119883
2016-06-16,190393712.8298145,-66856.84029405004,112222677.67348258,1116107.565775069,58095748.51500947,934306.0956261209,20142143.48161651,164586.89274119883
2016-06-17,189253529.5453009,-66856.84029405004,110907296.81322612,1116107.565775069,58012544.719376564,934306.0956261209,20400544.852992263,164586.89274119883
2016-06-20,189697729.13516366,-66856.84029405004,111605051.37678462,1116107.565775069,57880783.694713786,934306.0956261209,20278750.903959308,164586.89274119883
2016-06-21,189585524.42004776,-66856.84029405004,111959182.55236332,1116107.565775069,57804519.19186722,934306.0956261209,19888679.516111262,164586.89274119883
2016-06-22,189345432.03510258,-66856.84029405004,111688406.91390449,1116107.565775069,57825326.377941534,934306.0956261209,19898555.583550606,164586.89274119883
2016-06-23,190704765.9586872,-66856.84029405004,113281818.38428456,1116107.565775069,57721272.627095416,934306.0956261209,19768531.78760126,164586.89274119883
2016-06-24,187334332.91223404,-66856.84029405004,108616028.59658802,1116107.565775069,58047212.670549035,934306.0956261209,20737948.48539105,164586.89274119883
2016-06-27,185581648.00201094,-66856.84029405004,106460152.4567918,1116107.565775069,58338484.76283018,934306.0956261209,20849867.622683,164586.89274119883
2016-06-28,187760141.6088058,-66856.84029405004,108793077.15392746,1116107.565775069,58407891.94707328,934306.0956261209,20626029.348099105,164586.89274119883
2016-06-29,189751653.2646799,-66856.84029405004,110719825.62053734,1116107.565775069,58387070.50461933,934306.0956261209,20711613.979817256,164586.89274119883
2016-06-30,191145742.83558884,-66924.43354419657,114727600.36147983,1143280.0361301186,57363800.18073992,916733.9159096277,19121266.726913307,151192.11308889557
2016-07-01,192174666.41145986,-66924.43354419657,115303688.87211712,1143280.0361301186,57523322.17745979,916733.9159096277,19414579.795427136,151192.11308889557
2016-07-05,191828514.73443168,-66924.43354419657,114599571.00074437,1143280.0361301186,57721025.10105153,916733.9159096277,19574843.066179994,151192.11308889557
2016-07-06,192984513.59872967,-66924.43354419657,115538386.1067069,1143280.0361301186,57823303.68396249,916733.9159096277,19689748.241604473,151192.11308889557
2016-07-07,193156369.89866936,-66924.43354419657,115879777.3827544,1143280.0361301186,57727851.36678279,916733.9159096277,19615665.582676392,151192.11308889557
2016-07-08,195216593.29899722,-66924.43354419657,117672040.14996506,1143280.0361301186,57877882.33625131,916733.9159096277,19733595.246325046,151192.11308889557
2016-07-11,195532303.8224693,-66924.43354419657,118344189.93255897,1143280.0361301186,57707411.037274994,916733.9159096277,19547627.286179543,151192.11308889557
2016-07-12,195574284.1945792,-66924.43354419657,118941561.42726728,1143280.0361301186,57475569.79090222,916733.9159096277,19224077.409953926,151192.11308889557
2016-07-13,195565424.62209302,-66924.43354419657,118653534.61701757,1143280.0361301186,57577841.37968845,916733.9159096277,19400973.05893119,151192.11308889557
2016-07-14,196137918.96980682,-66924.43354419657,119464346.529848,1143280.0361301186,57489204.837052934,916733.9159096277,19251292.0364501,151192.11308889557
2016-07-15,195687737.80198514,-66924.43354419657,119272311.21127927,1143280.0361301186,57305143.95373662,916733.9159096277,19177207.070513457,151192.11308889557
2016-07-18,196527902.5623004,-66924.43354419657,120061796.52736641,1143280.0361301186,57325584.283244416,916733.9159096277,19207446.185233805,151192.11308889557
2016-07-19,196204825.63834924,-66924.43354419657,119624352.70189673,1143280.0361301186,57414248.80237883,916733.9159096277,19233148.56761789,151192.11308889557
2016-07-20,197265876.8449188,-66924.43354419657,121021946.9526067,1143280.0361301186,57352875.357920006,916733.9159096277,18957978.967936274,151192.11308889557
2016-07-21,197345426.80207103,-66924.43354419657,120744544.18932356,1143280.0361301186,57421050.588673554,916733.9159096277,19246756.457618117,151192.11308889557
2016-07-22,197710055.7035617,-66924.43354419657,121245976.5275576,1143280.0361301186,57427880.35146718,916733.9159096277,19103123.258081097,151192.11308889557
2016-07-25,197553525.94521868,-66924.43354419657,121256626.74212757,1143280.0361301186,57393749.02281088,916733.9159096277,18970074.613824412,151192.11308889557
2016-07-26,197765561.53720915,-66924.43354419657,121395332.48503636,1143280.0361301186,57386947.236516155,916733.9159096277,19050206.249200843,151192.11308889557
2016-07-27,199085753.58493578,-66924.43354419657,122238129.93171453,1143280.0361301186,57557422.032554835,916733.9159096277,19357126.054210614,151192.11308889557
2016-07-28,199422445.93939906,-66924.43354419657,122664862.48487304,1143280.0361301186,57523322.17745979,916733.9159096277,19301185.710610464,151192.11308889557
2016-07-29,200072833.569957,-66924.43354419657,122931588.86598285,1143280.0361301186,57707411.037274994,916733.9159096277,19500758.100243352,151192.11308889557
2016-08-01,200578803.05844277,-66924.43354419657,123582324.82648891,1143280.0361301186,57526357.627590284,916733.9159096277,19537045.03790777,151192.11308889557
2016-08-02,199744121.24399784,-66924.43354419657,122643518.44306083,1143280.0361301186,57471730.01642839,916733.9159096277,19695797.218052823,151192.11308889557
2016-08-03,200055786.52153212,-66924.43354419657,123048924.39947605,1143280.0361301186,57471730.01642839,916733.9159096277,19602056.539171886,151192.11308889557
2016-08-04,200543554.4290489,-66924.43354419657,123400948.44502461,1143280.0361301186,57574211.42895636,916733.9159096277,19635318.988612127,151192.11308889557
2016-08-05,201185736.48781103,-66924.43354419657,124585163.33535363,1143280.0361301186,57382943.10011129,916733.9159096277,19284554.48589034,151192.11308889557
2016-08-08,201037241.46232966,-66924.43354419657,124446483.7600482,1143280.0361301186,57389758.87465546,916733.9159096277,19267923.26117022,151192.11308889557
2016-08-09,201567815.91889724,-66924.43354419657,124734528.01536685,1143280.0361301186,57553669.68464005,916733.9159096277,19346542.65243456,151192.11308889557
2016-08-10,201413646.12341085,-66924.43354419657,124414463.33606265,1143280.0361301186,57628849.53130534,916733.9159096277,19437257.689587045,151192.11308889557
2016-08-11,201662183.65013188,-66924.43354419657,124947872.48560998,1143280.0361301186,57478538.796847835,916733.9159096277,19302696.80121827,151192.11308889557
2016-08-12,201836559.94070816,-66924.43354419657,125033231.20778991,1143280.0361301186,57608377.72823628,916733.9159096277,19261875.438226152,151192.11308889557
2016-08-15,202340813.24964133,-66924.43354419657,125566622.91226833,1143280.0361301186,57512715.58731486,916733.9159096277,19328399.183602355,151192.11308889557
2016-08-16,201715320.1551724,-66924.43354419657,124873207.59067225,1143280.0361301186,57485386.04495327,916733.9159096277,19423650.9530911,151192.11308889557
2016-08-17,202032736.86056182,-66924.43354419657,125097263.33322656,1143280.0361301186,57574211.42895636,916733.9159096277,19428186.53192308,151192.11308889557
2016-08-18,202218464.69079423,-66924.43354419657,125129275.03467764,1143280.0361301186,57635700.276473135,916733.9159096277,19520413.813187648,151192.11308889557
2016-08-19,201897942.64339986,-66924.43354419657,125097263.33322656,1143280.0361301186,57519548.847170845,916733.9159096277,19348054.89654665,151192.11308889557
2016-08-22,202047176.63759285,-66924.43354419657,125193263.54744199,1143280.0361301186,57601509.497756675,916733.9159096277,19319328.02593839,151192.11308889557
2016-08-23,202295522.91137254,-66924.43354419657,125417293.12239292,1143280.0361301186,57628849.53130534,916733.9159096277,19316304.6912185,151192.11308889557
2016-08-24,201263192.7437282,-66924.43354419657,124606507.37716585,1143280.0361301186,57621998.78613754,916733.9159096277,19101611.01396901,151192.11308889557
2016-08-25,200982388.29185686,-66924.43354419657,124403821.84402715,1143280.0361301186,57560509.93862076,916733.9159096277,19084980.94275317,151192.11308889557
2016-08-26,200993069.15564692,-66924.43354419657,124585163.33535363,1143280.0361301186,57417063.9375805,916733.9159096277,19057766.316256996,151192.11308889557
2016-08-29,201399693.25134772,-66924.43354419657,124755863.3346446,1143280.0361301186,57615190.0057181,916733.9159096277,19095564.34452922,151192.11308889557
2016-08-30,200754457.29142419,-66924.43354419657,124350474.82329828,1143280.0361301186,57567357.1867262,916733.9159096277,18903549.714943927,151192.11308889557
2016-08-31,200477412.51421574,-70191.66146148703,120328562.50540633,1107442.956508643,60164281.25270317,958771.5861959248,20054760.417567726,160720.95378875057
2016-09-01,200952522.42451966,-70191.66146148703,120638611.38489275,1107442.956508643,60247374.25375139,958771.5861959248,20136728.447336987,160720.95378875057
2016-09-02,201464948.99560001,-70191.66146148703,121031275.75226934,1107442.956508643,60161413.83279816,958771.5861959248,20342451.071994018,160720.95378875057
2016-09-06,202742265.74019608,-70191.66146148703,121785646.91414157,1107442.956508643,60340415.44630677,958771.5861959248,20686395.041209225,160720.95378875057
2016-09-07,202751049.33308053,-70191.66146148703,121858005.17127916,1107442.956508643,60347558.394105844,958771.5861959248,20615677.429157034,160720.95378875057
2016-09-08,201699673.34689504,-70191.66146148703,121144992.44806744,1107442.956508643,60118486.654960096,958771.5861959248,20506385.905328974,160720.95378875057
2016-09-09,198251220.07452866,-70191.66146148703,118096440.3891475,1107442.956508643,59853590.45411853,958771.5861959248,20371380.892724134,160720.95378875057
2016-09-12,200365458.58296177,-70191.66146148703,120214896.50432366,1107442.956508643,59875088.78855937,958771.5861959248,20345664.951540224,160720.95378875057
2016-09-13,198983900.98890346,-70191.66146148703,119140176.98661627,1107442.956508643,59703255.724813275,958771.5861959248,20210659.938935384,160720.95378875057
2016-09-14,199700118.04038578,-70191.66146148703,119708532.33938745,1107442.956508643,59782007.36434715,958771.5861959248,20279769.99811269,160720.95378875057
2016-09-15,201480188.53341895,-70191.66146148703,121568665.08304034,1107442.956508643,59832128.69391117,958771.5861959248,20149586.417928945,160720.95378875057
2016-09-16,201422483.7188128,-70191.66146148703,121510644.98124635,1107442.956508643,59882268.31059193,958771.5861959248,20099762.088436007,160720.95378875057
2016-09-19,200892961.50802568,-70191.66146148703,120982287.75893866,1107442.956508643,59839315.530790426,958771.5861959248,20141549.87975808,160720.95378875057
2016-09-20,201154438.3786344,-70191.66146148703,121210202.75033134,1107442.956508643,59853590.45411853,958771.5861959248,20160836.83564601,160720.95378875057
2016-09-21,202811762.7054755,-70191.66146148703,122401579.257331,1107442.956508643,60025419.860441275,958771.5861959248,20454955.249164715,160720.95378875057
2016-09-22,203955520.93545777,-70191.66146148703,123375416.29135983,1107442.956508643,60147124.27977666,958771.5861959248,20503172.025782768,160720.95378875057
2016-09-23,203166687.8063057,-70191.66146148703,122588051.31887078,1107442.956508643,60132798.152521685,958771.5861959248,20516029.996374723,160720.95378875057
2016-09-26,202225179.79957363,-70191.66146148703,121562412.73480566,1107442.956508643,60233000.57999289,958771.5861959248,20499958.14623656,160720.95378875057
2016-09-27,203349133.036522,-70191.66146148703,122764198.55670413,1107442.956508643,60304638.53111448,958771.5861959248,20350487.610164884,160720.95378875057
2016-09-28,203492008.3643147,-70191.66146148703,122971362.51125304,1107442.956508643,60304638.53111448,958771.5861959248,20286198.983408667,160720.95378875057
2016-09-29,202584140.17565197,-70191.66146148703,122080445.13340688,1107442.956508643,60311796.10860694,958771.5861959248,20262090.595099643,160720.95378875057
2016-09-30,203276714.34417558,-71171.76013647942,122008731.66258724,1098588.5613198946,61004365.83129363,971049.9564979961,20334788.61043121,161849.63951939184
2016-10-03,202985608.398325,-71171.76013647942,121834034.69158207,1098588.5613198946,60939748.69170182,971049.9564979961,20282996.775177594,161849.63951939184
2016-10-04,201893147.21785867,-71171.76013647942,121649053.53963251,1098588.5613198946,60736314.348131455,971049.9564979961,19578951.09023119,161849.63951939184
2016-10-05,202192351.76260865,-71171.76013647942,122080662.25823884,1098588.5613198946,60634662.000924505,971049.9564979961,19548199.263581786,161849.63951939184
2016-10-06,201927622.87649652,-71171.76013647942,122019007.46196605,1098588.5613198946,60612858.71706545,971049.9564979961,19366928.45760151,161849.63951939184
2016-10-07,201724213.99826095,-71171.76013647942,121751803.15185498,1098588.5613198946,60663707.11623861,971049.9564979961,19379875.490303844,161849.63951939184
2016-10-10,202497551.67584917,-71171.76013647942,122522580.30248621,1098588.5613198946,60598289.85613823,971049.9564979961,19447853.277361207,161849.63951939184
2016-10-11,200557317.34767008,-71171.76013647942,120775484.86895102,1098588.5613198946,60503879.34038633,971049.9564979961,19349124.898469195,161849.63951939184
2016-10-12,200521587.53787798,-71171.76013647942,120672710.11203189,1098588.5613198946,60540173.69567872,971049.9564979961,19379875.490303844,161849.63951939184
2016-10-13,200209583.62116566,-71171.76013647942,120241084.63029446,1098588.5613198946,60612858.71706545,971049.9564979961,19426812.03394224,161849.63951939184
2016-10-14,200121544.75684187,-71171.76013647942,120384962.58472879,1098588.5613198946,60489380.86042977,971049.9564979961,19318373.07181979,161849.63951939184
2016-10-17,199975185.08797517,-71171.76013647942,120056095.09677935,1098588.5613198946,60620096.84425889,971049.9564979961,19370164.907073405,161849.63951939184
2016-10-18,201243680.02049172,-71171.76013647942,121124920.71878919,1098588.5613198946,60699997.76726938,971049.9564979961,19489933.294569626,161849.63951939184
2016-10-19,201388664.2366281,-71171.76013647942,121114636.53784482,1098588.5613198946,60743589.51794103,971049.9564979961,19601609.94097873,161849.63951939184
2016-10-20,201148598.7341803,-71171.76013647942,120970750.20184492,1098588.5613198946,60707295.16264864,971049.9564979961,19541725.129823238,161849.63951939184
2016-10-21,201666155.25393516,-71171.76013647942,121422935.66390556,1098588.5613198946,60758099.11068244,971049.9564979961,19556292.239483654,161849.63951939184
2016-10-24,202994669.4782354,-71171.76013647942,122882266.80700652,1098588.5613198946,60670982.28604819,971049.9564979961,19512592.14531716,161849.63951939184
2016-10-25,202751422.57712126,-71171.76013647942,122491736.14121868,1098588.5613198946,60670982.28604819,971049.9564979961,19659875.909990888,161849.63951939184
2016-10-26,201699943.30952984,-71171.76013647942,121659312.5758802,1098588.5613198946,60561984.388061,971049.9564979961,19549818.10572511,161849.63951939184
2016-10-27,201013537.3646385,-71171.76013647942,121104369.12003158,1098588.5613198946,60394914.78075367,971049.9564979961,19585425.22398974,161849.63951939184
2016-10-28,200316206.1545046,-71171.76013647942,120343851.005648,1098588.5613198946,60365847.43986988,971049.9564979961,19677679.4691232,161849.63951939184
2016-10-31,200256687.40407845,-70114.38062464609,120196081.07082187,1098271.3188831422,60098040.53541093,965696.0798217996,20032680.17847031,164283.08821870227
2016-11-01,199462846.47591165,-70114.38062464609,119291988.06266715,1098271.3188831422,60078508.8253004,965696.0798217996,20162463.968568746,164283.08821870227
2016-11-02,198714731.19244152,-70114.38062464609,118336480.61960135,1098271.3188831422,60136404.02637493,965696.0798217996,20311960.927089907,164283.08821870227
2016-11-03,197626049.0907295,-70114.38062464609,117175550.05295661,1098271.3188831422,60100225.05146064,965696.0798217996,20420388.36693689,164283.08821870227
2016-11-04,197338457.89886475,-70114.38062464609,116764578.11862083,1098271.3188831422,60208820.91761462,965696.0798217996,20435173.243253935,164283.08821870227
2016-11-07,199664781.14649904,-70114.38062464609,119538536.03085881,1098271.3188831422,60129180.01967429,965696.0798217996,20067179.47659058,164283.08821870227
2016-11-08,200253269.4913,-70114.38062464609,120319371.81320807,1098271.3188831422,60020617.30806407,965696.0798217996,19983394.750652503,164283.08821870227
2016-11-09,200201392.20180193,-70114.38062464609,120874188.53309128,1098271.3188831422,59427066.246551596,965696.0798217996,19970251.80278369,164283.08821870227
2016-11-10,197698590.09015822,-70114.38062464609,118922090.69807291,1098271.3188831422,59173713.958520345,965696.0798217996,19672899.814189598,164283.08821870227
2016-11-11,197206054.1785844,-70114.38062464609,118973471.6164032,1098271.3188831422,59065147.56307194,965696.0798217996,19237549.379733935,164283.08821870227
2016-11-14,195616965.22495764,-70114.38062464609,117771416.20514579,1098271.3188831422,58840753.92709253,965696.0798217996,19074909.47334396,164283.08821870227
2016-11-15,197496097.0234094,-70114.38062464609,119404980.83560981,1098271.3188831422,58920394.825032845,965696.0798217996,19240835.74339139,164283.08821870227
2016-11-16,198270554.71469364,-70114.38062464609,120113898.41475795,1098271.3188831422,59043435.0207499,965696.0798217996,19183335.659810446,164283.08821870227
2016-11-17,198806384.17121306,-70114.38062464609,120987198.06432429,1098271.3188831422,58804534.4299581,965696.0798217996,19084766.057555325,164283.08821870227
2016-11-18,198042044.1783689,-70114.38062464609,120535134.80195653,1098271.3188831422,58659825.89797736,965696.0798217996,18917197.859059665,164283.08821870227
2016-11-21,199358822.57962382,-70114.38062464609,121788554.37325394,1098271.3188831422,58652542.9498656,965696.0798217996,18987839.637128923,164283.08821870227
2016-11-22,199772782.46423855,-70114.38062464609,122158418.22126742,1098271.3188831422,58703210.4604013,965696.0798217996,18981268.16319452,164283.08821870227
2016-11-23,198751421.6151123,-70114.38062464609,121665272.01001294,1098271.3188831422,58551204.24495602,965696.0798217996,18605059.74076803,164283.08821870227
2016-11-25,199058454.529046,-70114.38062464609,122055715.03862312,1098271.3188831422,58572935.20646904,965696.0798217996,18499918.6645785,164283.08821870227
2016-11-28,199114067.4811979,-70114.38062464609,121778298.29953635,1098271.3188831422,58710467.62164568,965696.0798217996,18695415.940640513,164283.08821870227
2016-11-29,199491657.863445,-70114.38062464609,122199534.68673493,1098271.3188831422,58753892.70628977,965696.0798217996,18608344.851044986,164283.08821870227
2016-11-30,197490649.95974636,-69145.92856087773,118535877.53298433,1078400.249153328,59267938.76649217,977517.3177731958,19755979.588830724,176787.28938550985
2016-12-01,195185417.17598915,-69145.92856087773,116487993.22195101,1078400.249153328,59047715.46268568,977517.3177731958,19718854.419913366,176787.28938550985
2016-12-02,195736385.43112057,-69145.92856087773,116719993.42203665,1078400.249153328,59260611.41385612,977517.3177731958,19824926.523788676,176787.28938550985
2016-12-05,196611651.9638567,-69145.92856087773,117627935.47751048,1078400.249153328,59334007.99499371,977517.3177731958,19718854.419913366,176787.28938550985
2016-12-06,196867329.38275895,-69145.92856087773,117910386.95878363,1078400.249153328,59326680.642357655,977517.3177731958,19699407.71017856,176787.28938550985
2016-12-07,198570623.43880808,-69145.92856087773,119403455.27249177,1078400.249153328,59466191.19918845,977517.3177731958,19770122.895688757,176787.28938550985
2016-12-08,198618997.92456496,-69145.92856087773,119615289.76967613,1078400.249153328,59348696.26065956,977517.3177731958,19724157.822790135,176787.28938550985
2016-12-09,199174170.96288255,-69145.92856087773,120553484.49327236,1078400.249153328,59172515.380254775,977517.3177731958,19517317.017916285,176787.28938550985
2016-12-12,198637616.3519221,-69145.92856087773,120008763.68870927,1078400.249153328,59106431.23602269,977517.3177731958,19591567.355751004,176787.28938550985
2016-12-13,200151498.04750723,-69145.92856087773,121521973.02269575,1078400.249153328,59172515.380254775,977517.3177731958,19526155.573117573,176787.28938550985
2016-12-14,199311904.47645837,-69145.92856087773,121269765.98200405,1078400.249153328,58871523.395482995,977517.3177731958,19239761.02753223,176787.28938550985
2016-12-15,199152055.74696887,-69145.92856087773,121461434.77628715,1078400.249153328,58783419.90401636,977517.3177731958,18976346.995226238,176787.28938550985
2016-12-16,198878696.4654322,-69145.92856087773,121011174.36952473,1078400.249153328,58834800.86685204,977517.3177731958,19101867.15761633,176787.28938550985
2016-12-19,199624125.52287167,-69145.92856087773,121506974.21551952,1078400.249153328,58988966.12895492,977517.3177731958,19197331.106958125,176787.28938550985
2016-12-20,199955508.05062318,-69145.92856087773,121972406.20781843,1078400.249153328,58996345.68664792,977517.3177731958,19055902.084717706,176787.28938550985
2016-12-21,199963099.99047098,-69145.92856087773,121881343.78443564,1078400.249153328,59084393.24412496,977517.3177731958,19066508.890471242,176787.28938550985
2016-12-22,199532633.1455118,-69145.92856087773,121537300.93151055,1078400.249153328,59043934.32498952,977517.3177731958,19020543.817572616,176787.28938550985
2016-12-23,199703165.1341577,-69145.92856087773,121618284.6172132,1078400.249153328,59073374.24817609,977517.3177731958,19080652.19732928,176787.28938550985
2016-12-27,200397654.96169916,-69145.92856087773,122245601.70550779,1078400.249153328,59029171.48067089,977517.3177731958,19192027.70408136,176787.28938550985
2016-12-28,199646762.88596892,-69145.92856087773,121294473.2875171,1078400.249153328,59176371.09660372,977517.3177731958,19245064.430409,176787.28938550985
2016-12-29,199889542.70769417,-69145.92856087773,121122484.7712184,1078400.249153328,59338333.556855194,977517.3177731958,19497870.30818148,176787.28938550985
2016-12-30,198649929.87260014,-69145.92856087773,119877970.47001427,1078400.249153328,59463450.433698624,977517.3177731958,19377654.897448134,176787.28938550985
2017-01-03,199881858.24591765,-69145.92856087773,120950504.48246068,1078400.249153328,59470807.61779578,977517.3177731958,19529692.07422207,176787.28938550985
2017-01-04,200652635.2975845,-69145.92856087773,121608131.83166438,1078400.249153328,59515010.38530099,977517.3177731958,19598639.00918002,176787.28938550985
2017-01-05,201946530.0495794,-69145.92856087773,122296184.62735069,1078400.249153328,59816777.98806173,977517.3177731958,19902713.36272789,176787.28938550985
2017-01-06,202636751.1202681,-69145.92856087773,123368677.5020923,1078400.249153328,59581239.95790599,977517.3177731958,19755979.588830724,176787.28938550985
2017-01-09,203351350.78600365,-69145.92856087773,123773414.9247043,1078400.249153328,59728458.21850203,977517.3177731958,19918623.571358204,176787.28938550985
2017-01-10,203694614.28986272,-69145.92856087773,124046593.9673117,1078400.249153328,59713684.18738548,977517.3177731958,20003482.063726436,176787.28938550985
2017-01-11,204119856.85128087,-69145.92856087773,124380484.03468795,1078400.249153328,59743161.39989844,977517.3177731958,20065357.345255367,176787.28938550985
2017-01-12,204014847.9923892,-69145.92856087773,124188247.54007837,1078400.249153328,59757905.599553876,977517.3177731958,20137840.78131782,176787.28938550985
2017-01-13,204397151.44917378,-69145.92856087773,124613200.03083743,1078400.249153328,59662221.18803173,977517.3177731958,20190876.15886548,176787.28938550985
2017-01-17,204496665.67264804,-69145.92856087773,124238838.68946224,1078400.249153328,59846165.70619135,977517.3177731958,20480807.20555532,176787.28938550985
2017-01-18,204267251.76294243,-69145.92856087773,124491777.98129971,1078400.249153328,59537063.292929284,977517.3177731958,20307556.41727431,176787.28938550985
2017-01-19,204085853.0144313,-69145.92856087773,124431108.09423569,1078400.249153328,59434014.239444695,977517.3177731958,20289876.609311774,176787.28938550985
2017-01-20,204452651.28332618,-69145.92856087773,124704254.22667922,1078400.249153328,59478164.80189294,977517.3177731958,20339378.183314897,176787.28938550985
2017-01-23,204846590.61695248,-69145.92856087773,124805420.07036507,1078400.249153328,59640116.0753465,977517.3177731958,20470200.399801783,176787.28938550985
2017-01-24,205506181.86116403,-69145.92856087773,125645246.31420301,1078400.249153328,59551811.221517354,977517.3177731958,20378270.25400453,176787.28938550985
2017-01-25,206426283.2877325,-69145.92856087773,126909975.6835542,1078400.249153328,59375130.66413893,977517.3177731958,20210322.868600287,176787.28938550985
2017-01-26,206392544.45774236,-69145.92856087773,127041525.83601783,1078400.249153328,59397235.77682416,977517.3177731958,20022928.77346124,176787.28938550985
2017-01-27,206742247.07985213,-69145.92856087773,127284353.48001128,1078400.249153328,59463450.433698624,977517.3177731958,20063589.094703116,176787.28938550985
2017-01-30,205820824.42220035,-69145.92856087773,126292786.69818558,1078400.249153328,59448736.0655043,977517.3177731958,20148447.587071355,176787.28938550985
2017-01-31,205900250.0750595,-72090.31913793931,123583404.23651847,1057382.9258129275,61791702.118259236,1013908.5059506906,20597234.039419748,178253.85976142052
2017-02-01,206582416.23976344,-72090.31913793931,124436582.3435974,1057382.9258129275,61683080.114775956,1013908.5059506906,20534844.10052804,178253.85976142052
2017-02-02,206625570.97682413,-72090.31913793931,124327441.30963649,1057382.9258129275,61721293.52434777,1013908.5059506906,20648926.46197782,178253.85976142052
2017-02-03,207049774.64479262,-72090.31913793931,124684600.07943107,1057382.9258129275,61736644.63999458,1013908.5059506906,20700620.244504914,178253.85976142052
2017-02-06,207669686.1927532,-72090.31913793931,124833423.62843771,1057382.9258129275,61927874.13352185,1013908.5059506906,20980478.74993159,178253.85976142052
2017-02-07,208182706.29480627,-72090.31913793931,125289776.58505934,1057382.9258129275,62027321.824504696,1013908.5059506906,20937698.204380173,178253.85976142052
2017-02-08,208689468.87939063,-72090.31913793931,125498111.8058473,1057382.9258129275,62195623.27228888,1013908.5059506906,21067824.120392375,178253.85976142052
2017-02-09,208817099.7096405,-72090.31913793931,125954472.82966046,1057382.9258129275,62027321.824504696,1013908.5059506906,20907395.374613296,178253.85976142052
2017-02-10,209273758.85142314,-72090.31913793931,126371151.33842786,1057382.9258129275,62012044.19618397,1013908.5059506906,20962653.63594925,178253.85976142052
2017-02-13,209776604.2280002,-72090.31913793931,127085452.743634,1057382.9258129275,61943190.43938262,1013908.5059506906,20820051.364121523,178253.85976142052
2017-02-14,210096269.8541577,-72090.31913793931,127512037.76357773,1057382.9258129275,61813098.53341624,1013908.5059506906,20843223.87630166,178253.85976142052
2017-02-15,210843493.2926788,-72090.31913793931,128266013.61663811,1057382.9258129275,61713654.710187405,1013908.5059506906,20935915.284991235,178253.85976142052
2017-02-16,211030860.76885754,-72090.31913793931,128226347.2359754,1057382.9258129275,61828387.764998965,1013908.5059506906,21048216.087021098,178253.85976142052
2017-02-17,211660503.70002347,-72090.31913793931,128781918.58099861,1057382.9258129275,61973761.16704007,1013908.5059506906,20976914.271122728,178253.85976142052
2017-02-21,212300242.8402423,-72090.31913793931,129416822.68734726,1057382.9258129275,61966118.48512571,1013908.5059506906,20989391.986907266,178253.85976142052
2017-02-22,212416613.95448163,-72090.31913793931,129466435.9151438,1057382.9258129275,62004355.10122155,1013908.5059506906,21017913.257254224,178253.85976142052
2017-02-23,212228885.05857942,-72090.31913793931,128980306.95465273,1057382.9258129275,62119153.9078512,1013908.5059506906,21201514.51521344,178253.85976142052
2017-02-24,212841839.8632267,-72090.31913793931,129228300.48891187,1057382.9258129275,62348643.223998345,1013908.5059506906,21336986.46945443,178253.85976142052
2017-02-27,212767179.22473067,-72090.31913793931,129387087.01943536,1057382.9258129275,62218582.260064006,1013908.5059506906,21233600.264369264,178253.85976142052
2017-02-28,212269730.78631395,-74320.4179214824,127406430.72254126,1044399.7816855981,63703215.36127063,1038868.2638258408,21234405.120423544,178096.1546805886
2017-03-01,213370094.38276947,-74320.4179214824,128797842.91337913,1044399.7816855981,63442444.145846024,1038868.2638258408,21204127.741465818,178096.1546805886
2017-03-02,212342035.428557,-74320.4179214824,128151156.80283056,1044399.7816855981,63324652.85020053,1038868.2638258408,20940546.193447404,178096.1546805886
2017-03-03,212611875.87480736,-74320.4179214824,128386320.45911784,1044399.7816855981,63371796.316640615,1038868.2638258408,20928079.5169704,178096.1546805886
2017-03-06,212147711.33396244,-74320.4179214824,128102160.72237414,1044399.7816855981,63332487.63778896,1038868.2638258408,20787383.391720835,178096.1546805886
2017-03-07,211646931.28718877,-74320.4179214824,127886590.71738663,1044399.7816855981,63214688.416207604,1038868.2638258408,20619972.571516015,178096.1546805886
2017-03-08,211594870.95810494,-74320.4179214824,128111977.46836899,1044399.7816855981,63065470.78491398,1038868.2638258408,20491743.12274346,178096.1546805886
2017-03-09,211391429.82079384,-74320.4179214824,128209953.69300589,1044399.7816855981,62869129.5020199,1038868.2638258408,20386667.04368951,178096.1546805886
2017-03-10,212100580.33596152,-74320.4179214824,128748894.6417506,1044399.7816855981,62994815.02977272,1038868.2638258408,20431191.082359657,178096.1546805886
2017-03-13,212193986.29774287,-74320.4179214824,128964424.80604817,1044399.7816855981,62869129.5020199,1038868.2638258408,20434752.4075963,178096.1546805886
2017-03-14,211762194.54457837,-74320.4179214824,128650894.51269977,1044399.7816855981,62861286.78849561,1038868.2638258408,20324333.661304474,178096.1546805886
2017-03-15,213327915.7662465,-74320.4179214824,129444600.73716953,1044399.7816855981,63253957.465380006,1038868.2638258408,20703677.981618427,178096.1546805886
2017-03-16,213230991.81574136,-74320.4179214824,129356449.22666548,1044399.7816855981,63159698.27327529,1038868.2638258408,20789164.733722072,178096.1546805886
2017-03-17,213357758.34598565,-74320.4179214824,129311253.94802687,1044399.7816855981,63285356.06025264,1038868.2638258408,20835468.755627625,178096.1546805886
2017-03-20,213693867.6025296,-74320.4179214824,129429078.80437899,1044399.7816855981,63411029.69910169,1038868.2638258408,20928079.5169704,178096.1546805886
2017-03-21,212062688.67374885,-74320.4179214824,127465219.64457858,1044399.7816855981,63560271.10820286,1038868.2638258408,21111518.338888872,178096.1546805886
2017-03-22,213064794.38969338,-74320.4179214824,128329300.46371269,1044399.7816855981,63646647.95710403,1038868.2638258408,21163166.38679814,178096.1546805886
2017-03-23,212680867.45865446,-74320.4179214824,128005268.16450292,1044399.7816855981,63615249.36223139,1038868.2638258408,21134670.349841654,178096.1546805886
2017-03-24,212964057.15239584,-74320.4179214824,128270344.21077774,1044399.7816855981,63599524.30550356,1038868.2638258408,21168509.05403603,178096.1546805886
2017-03-27,213423176.58959237,-74320.4179214824,128476591.49432532,1044399.7816855981,63733072.3616203,1038868.2638258408,21287833.151568223,178096.1546805886
2017-03-28,214003681.51486763,-74320.4179214824,129262186.15432858,1044399.7816855981,63615249.36223139,1038868.2638258408,21200566.416229166,178096.1546805886
2017-03-29,214779940.35081774,-74320.4179214824,129861143.11836,1044399.7816855981,63740903.186240815,1038868.2638258408,21252214.464138433,178096.1546805886
2017-03-30,214740679.97527295,-74320.4179214824,130077159.33907454,1044399.7816855981,63638789.39170804,1038868.2638258408,21099051.662411865,178096.1546805886
2017-03-31,214660948.86001617,-75157.63727402178,128841663.89837413,1035183.0059119903,64420831.94918707,1050986.4172995149,21473610.649729025,180876.09862645727
2017-04-03,214931128.95156035,-75157.63727402178,128763775.60183248,1035183.0059119903,64654948.89192924,1050986.4172995149,21587562.095072653,180876.09862645727
2017-04-04,215112685.2117252,-75157.63727402178,128968186.96779175,1035183.0059119903,64583256.46671962,1050986.4172995149,21636399.414487865,180876.09862645727
2017-04-05,214642877.15695164,-75157.63727402178,128442594.97361729,1035183.0059119903,64639040.40612051,1050986.4172995149,21636399.414487865,180876.09862645727
2017-04-06,214655348.46741167,-75157.63727402178,128510737.36081675,1035183.0059119903,64662955.25436877,1050986.4172995149,21556813.489500184,180876.09862645727
2017-04-07,214494482.35339242,-75157.63727402178,128442594.97361729,1035183.0059119903,64519586.44072958,1050986.4172995149,21607458.57631957,180876.09862645727
2017-04-10,214606858.23263454,-75157.63727402178,128491300.82686938,1035183.0059119903,64583256.46671962,1050986.4172995149,21607458.57631957,180876.09862645727
2017-04-11,214572003.17156887,-75157.63727402178,127936502.69594668,1035183.0059119903,64790283.27876381,1050986.4172995149,21920374.834132392,180876.09862645727
2017-04-12,214357590.3401494,-75157.63727402178,127420648.71329482,1035183.0059119903,64941598.31691734,1050986.4172995149,22070500.947211266,180876.09862645727
2017-04-13,214051965.81456435,-75157.63727402178,126914548.53780465,1035183.0059119903,65037165.498425096,1050986.4172995149,22175409.415608637,180876.09862645727
2017-04-17,214998179.13053358,-75157.63727402178,127965716.73051445,1035183.0059119903,64997326.12758805,1050986.4172995149,22110293.909705102,180876.09862645727
2017-04-18,215139299.89662704,-75157.63727402178,127771035.47825822,1035183.0059119903,65228219.677540354,1050986.4172995149,22215202.378102478,180876.09862645727
2017-04-19,215027071.54137278,-75157.63727402178,127975407.35511968,1035183.0059119903,65108773.73053945,1050986.4172995149,22018048.092987694,180876.09862645727
2017-04-20,216051739.99288893,-75157.63727402178,129046027.87741598,1035183.0059119903,65021220.929861255,1050986.4172995149,22059648.822885714,180876.09862645727
2017-04-21,216101768.9875897,-75157.63727402178,129016805.94502866,1035183.0059119903,65037165.498425096,1050986.4172995149,22122955.181409955,180876.09862645727
2017-04-24,217421298.30410743,-75157.63727402178,130574074.31322865,1035183.0059119903,64949552.5598217,1050986.4172995149,21972829.06833108,180876.09862645727
2017-04-25,217943877.05290672,-75157.63727402178,131518171.7661073,1035183.0059119903,64750512.064241976,1050986.4172995149,21750350.859831486,180876.09862645727
2017-04-26,217929343.88799384,-75157.63727402178,131333244.3210128,1035183.0059119903,64814190.108622044,1050986.4172995149,21857067.09563304,180876.09862645727
2017-04-27,218684107.92629075,-75157.63727402178,132121620.46554516,1035183.0059119903,64861971.69477842,1050986.4172995149,21775673.40324118,180876.09862645727
2017-04-28,219058023.54807043,-75157.63727402178,132355135.2965983,1035183.0059119903,64933640.06481796,1050986.4172995149,21844405.823928192,180876.09862645727
2017-05-01,219915429.85085994,-75157.63727402178,133532779.1718084,1035183.0059119903,64812365.924891464,1050986.4172995149,21645442.391434114,180876.09862645727
2017-05-02,220247340.85167477,-75157.63727402178,133756634.96953462,1035183.0059119903,64924038.04276355,1050986.4172995149,21641825.476650637,180876.09862645727
2017-05-03,219445321.071617,-75157.63727402178,133328462.5796839,1035183.0059119903,64852253.406068645,1050986.4172995149,21339762.72313848,180876.09862645727
2017-05-04,219206896.61756235,-75157.63727402178,133377065.76128167,1035183.0059119903,64780468.76937374,1050986.4172995149,21124519.72418096,180876.09862645727
2017-05-05,219773196.3604901,-75157.63727402178,133863745.19846359,1035183.0059119903,64820296.11262575,1050986.4172995149,21164312.6866748,180876.09862645727
2017-05-08,219906419.5276481,-75157.63727402178,134155648.6095545,1035183.0059119903,64708644.040728725,1050986.4172995149,21117284.514638886,180876.09862645727
2017-05-09,220215108.8188827,-75157.63727402178,134622867.81933036,1035183.0059119903,64676726.839235954,1050986.4172995149,20990671.797590412,180876.09862645727
2017-05-10,220283170.0603023,-75157.63727402178,134700724.5245937,1035183.0059119903,64668740.522771485,1050986.4172995149,20988862.650211114,180876.09862645727
2017-05-11,220307123.95891926,-75157.63727402178,134593645.886943,1035183.0059119903,64716570.219268,1050986.4172995149,21072065.489982273,180876.09862645727
2017-05-12,220860088.77024955,-75157.63727402178,134895389.98121083,1035183.0059119903,64908101.49258973,1050986.4172995149,21131754.93372303,180876.09862645727
2017-05-15,221328399.52696273,-75157.63727402178,135323578.1667007,1035183.0059119903,64892152.91483087,1050986.4172995149,21187826.082705196,180876.09862645727
2017-05-16,222048985.6778078,-75157.63727402178,135888082.7178677,1035183.0059119903,64955987.317816414,1050986.4172995149,21280073.279397722,180876.09862645727
2017-05-17,219332101.81432542,-75157.63727402178,132433070.98005733,1035183.0059119903,65307040.451481804,1050986.4172995149,21667148.02006033,180876.09862645727
2017-05-18,220257075.3995406,-75157.63727402178,133591159.85402659,1035183.0059119903,65251184.3465707,1050986.4172995149,21489888.836217355,180876.09862645727
2017-05-19,220968197.31638747,-75157.63727402178,134155648.6095545,1035183.0059119903,65291099.89211298,1050986.4172995149,21596606.45199402,180876.09862645727
2017-05-22,222131827.731651,-75157.63727402178,135284705.09880593,1035183.0059119903,65235235.768811844,1050986.4172995149,21687044.50130725,180876.09862645727
2017-05-23,221995003.1898503,-75157.63727402178,135420989.8732049,1035183.0059119903,65099592.67396133,1050986.4172995149,21549578.27995811,180876.09862645727
2017-05-24,222838559.3008756,-75157.63727402178,136043890.90222922,1035183.0059119903,65235235.768811844,1050986.4172995149,21634590.267108563,180876.09862645727
2017-05-25,223973182.16573185,-75157.63727402178,137202027.16311586,1035183.0059119903,65235235.768811844,1050986.4172995149,21611076.871078167,180876.09862645727
2017-05-26,224440159.65208894,-75157.63727402178,137445343.18824813,1035183.0059119903,65267169.00708467,1050986.4172995149,21802805.094030175,180876.09862645727
2017-05-30,224580309.39569113,-75157.63727402178,137562136.14396274,1035183.0059119903,65362876.51041785,1050986.4172995149,21730454.378584567,180876.09862645727
2017-05-31,224571801.34546927,-78627.6501484662,134790257.39737064,1014682.7942641479,67395128.69868532,1083134.3515895645,22465042.899561774,186246.4134307803
2017-06-01,225133203.24117485,-78627.6501484662,135314908.59925103,1014682.7942641479,67413255.03535686,1083134.3515895645,22483667.256715376,186246.4134307803
2017-06-02,227066964.8440117,-78627.6501484662,136860420.2448541,1014682.7942641479,67635745.79831308,1083134.3515895645,22649426.45099298,186246.4134307803
2017-06-05,226953541.6091795,-78627.6501484662,136831777.0080165,1014682.7942641479,67528615.7191657,1083134.3515895645,22671776.532145727,186246.4134307803
2017-06-06,226788537.73596847,-78627.6501484662,136288004.51019314,1014682.7942641479,67652227.66678418,1083134.3515895645,22926933.20913958,186246.4134307803
2017-06-07,227111064.14647067,-78627.6501484662,136822239.58429113,1014682.7942641479,67561579.4561079,1083134.3515895645,22805872.756220102,186246.4134307803
2017-06-08,227055753.81374407,-78627.6501484662,136965362.87149477,1014682.7942641479,67512142.11435387,1083134.3515895645,22656876.478043895,186246.4134307803
2017-06-09,223366461.31365687,-78627.6501484662,133540467.81857735,1014682.7942641479,67454478.29976806,1083134.3515895645,22450142.84545994,186246.4134307803
2017-06-12,222600979.98624253,-78627.6501484662,132825021.69369711,1014682.7942641479,67437967.5084894,1083134.3515895645,22416618.434204504,186246.4134307803
2017-06-13,223717817.4649338,-78627.6501484662,133902998.29995698,1014682.7942641479,67454478.29976806,1083134.3515895645,22438968.515357252,186246.4134307803
2017-06-14,223260145.22608322,-78627.6501484662,133321091.59006281,1014682.7942641479,67701636.08573067,1083134.3515895645,22316045.200438198,186246.4134307803
2017-06-15,222501442.5553264,-78627.6501484662,132729616.49078183,1014682.7942641479,67627531.72097024,1083134.3515895645,22222921.993722808,186246.4134307803
2017-06-16,222003356.36873427,-78627.6501484662,132153701.63637747,1014682.7942641479,67701636.08573067,1083134.3515895645,22226646.296774585,186246.4134307803
2017-06-19,223944843.04845566,-78627.6501484662,134363488.65132117,1014682.7942641479,67602819.2478377,1083134.3515895645,22057162.799445204,186246.4134307803
2017-06-20,222944838.65856197,-78627.6501484662,133311229.02689224,1014682.7942641479,67701636.08573067,1083134.3515895645,22010601.19608751,186246.4134307803
2017-06-21,224361262.88093108,-78627.6501484662,134631341.6228295,1014682.7942641479,67734624.6136508,1083134.3515895645,22073924.29459924,186246.4134307803
2017-06-22,224422213.04156706,-78627.6501484662,134593068.0652822,1014682.7942641479,67759349.48227228,1083134.3515895645,22148423.144161027,186246.4134307803
2017-06-23,225050195.43084463,-78627.6501484662,135109590.781033,1014682.7942641479,67775823.0870841,1083134.3515895645,22243409.212875985,186246.4134307803
2017-06-26,224293738.91095364,-78627.6501484662,134478247.39264023,1014682.7942641479,67849993.56111893,1083134.3515895645,22044125.607342944,186246.4134307803
2017-06-27,221707522.3189312,-78627.6501484662,132038958.37788914,1014682.7942641479,67619255.66618267,1083134.3515895645,22127935.92500785,186246.4134307803
2017-06-28,223627899.27242848,-78627.6501484662,133942572.41528502,1014682.7942641479,67619255.66618267,1083134.3515895645,22144698.84110925,186246.4134307803
2017-06-29,221055273.62572572,-78627.6501484662,131618026.65902227,1014682.7942641479,67479199.0365599,1083134.3515895645,22036675.580292027,186246.4134307803
2017-06-30,220920407.0308317,-77349.21468593118,132598653.74731058,1021871.5417096852,66299326.87365528,1064976.2689411214,22099775.624551766,187254.50138241562
2017-07-03,219169441.97432107,-77349.21468593118,131201797.63671392,1021871.5417096852,66306619.17255493,1064976.2689411214,21738374.379738163,187254.50138241562
2017-07-05,220581639.69310594,-77349.21468593118,132492764.92834467,1021871.5417096852,66347330.106969066,1064976.2689411214,21818893.872478142,187254.50138241562
2017-07-06,219223043.7419843,-77349.21468593118,131298143.83202985,1021871.5417096852,66192717.12004829,1064976.2689411214,21809532.004592102,187254.50138241562
2017-07-07,220400080.52297077,-77349.21468593118,132714272.30019414,1021871.5417096852,66176458.74667982,1064976.2689411214,21586698.69078272,187254.50138241562
2017-07-10,221335237.5950128,-77349.21468593118,133581325.68794821,1021871.5417096852,66208983.61854087,1064976.2689411214,21622277.503209688,187254.50138241562
2017-07-11,221804194.78115675,-77349.21468593118,133957043.10538346,1021871.5417096852,66274134.9263145,1064976.2689411214,21650365.964144744,187254.50138241562
2017-07-12,223625100.1185945,-77349.21468593118,135546622.79165655,1021871.5417096852,66428686.97480436,1064976.2689411214,21727139.56681953,187254.50138241562
2017-07-13,223860013.20929074,-77349.21468593118,135845250.77882123,1021871.5417096852,66404295.3521896,1064976.2689411214,21687816.292965837,187254.50138241562
2017-07-14,225131646.80888852,-77349.21468593118,136914601.55094635,1021871.5417096852,66428686.97480436,1064976.2689411214,21865707.497823745,187254.50138241562
2017-07-17,225385909.0732482,-77349.21468593118,136981992.4323439,1021871.5417096852,66518185.21701007,1064976.2689411214,21963080.638580143,187254.50138241562
2017-07-18,226609276.53789577,-77349.21468593118,137897226.71401706,1021871.5417096852,66672769.76599642,1064976.2689411214,22116629.272568185,187254.50138241562
2017-07-19,227421087.003261,-77349.21468593118,138706525.3991574,1021871.5417096852,66680898.952680655,1064976.2689411214,22111011.866108865,187254.50138241562
2017-07-20,227674667.75841174,-77349.21468593118,138889488.0558716,1021871.5417096852,66721557.073787995,1064976.2689411214,22140971.843438048,187254.50138241562
2017-07-21,227881114.00591412,-77349.21468593118,138831702.16821328,1021871.5417096852,66794788.81750111,1064976.2689411214,22331972.23488566,187254.50138241562
2017-07-24,228493814.06149298,-77349.21468593118,139467565.22776714,1021871.5417096852,66762263.94564007,1064976.2689411214,22341334.1027717,187254.50138241562
2017-07-25,227812123.81993896,-77349.21468593118,139111120.16789952,1021871.5417096852,66510047.90520171,1064976.2689411214,22268304.961523637,187254.50138241562
2017-07-26,228607369.9007631,-77349.21468593118,139563880.23803845,1021871.5417096852,66672769.76599642,1064976.2689411214,22448069.111414135,187254.50138241562
2017-07-27,227632526.80742896,-77349.21468593118,138687221.85654518,1021871.5417096852,66591437.27353349,1064976.2689411214,22431216.892036185,187254.50138241562
2017-07-28,227807432.9253755,-77349.21468593118,138571587.7111393,1021871.5417096852,66713448.199914075,1064976.2689411214,22599746.22900805,187254.50138241562
2017-07-31,227143350.78059384,-79528.0075758594,136333727.27290183,1009650.4247769241,68166863.63645092,1088310.7929451377,22722287.878816973,188176.29713305982
2017-08-01,227715864.59543675,-79528.0075758594,136647841.0807445,1009650.4247769241,68444080.98603024,1088310.7929451377,22703470.53623791,188176.29713305982
2017-08-02,227998254.76378316,-79528.0075758594,137019065.08946374,1009650.4247769241,68402291.21994065,1088310.7929451377,22656426.461954646,188176.29713305982
2017-08-03,227642879.28288844,-79528.0075758594,136485969.78842986,1009650.4247769241,68544258.51988097,1088310.7929451377,22692178.9821535,188176.29713305982
2017-08-04,227604953.8100326,-79528.0075758594,136733467.86695224,1009650.4247769241,68435719.71155135,1088310.7929451377,22515294.239104852,188176.29713305982
2017-08-07,228469852.15910712,-79528.0075758594,137599672.62667334,1009650.4247769241,68460757.86764972,1088310.7929451377,22488949.67235992,188176.29713305982
2017-08-08,228205859.09918067,-79528.0075758594,137361680.07659468,1009650.4247769241,68368895.9409396,1088310.7929451377,22554811.08922225,188176.29713305982
2017-08-09,228348042.07076907,-79528.0075758594,137180890.1636498,1009650.4247769241,68419013.76889841,1088310.7929451377,22827666.1457967,188176.29713305982
2017-08-10,225676314.32921758,-79528.0075758594,134239630.0852698,1009650.4247769241,68519187.15117294,1088310.7929451377,22997025.100350697,188176.29713305982
2017-08-11,226862383.85459298,-79528.0075758594,135258123.57864752,1009650.4247769241,68577620.58627236,1088310.7929451377,23106167.69724896,188176.29713305982
2017-08-14,228390523.5501873,-79528.0075758594,137000007.81444773,1009650.4247769241,68527589.94141388,1088310.7929451377,22942453.801901564,188176.29713305982
2017-08-15,228191921.4086864,-79528.0075758594,137095186.34722775,1009650.4247769241,68410694.01018159,1088310.7929451377,22765569.05885291,188176.29713305982
2017-08-16,228697495.95436272,-79528.0075758594,137333148.0852207,1009650.4247769241,68510830.02827026,1088310.7929451377,22933045.84844764,188176.29713305982
2017-08-17,226131488.3132988,-79528.0075758594,134525227.3077813,1009650.4247769241,68636074.77925281,1088310.7929451377,23049714.233840555,188176.29713305982
2017-08-18,225967182.73919994,-79528.0075758594,134430048.7750013,1009650.4247769241,68602700.2581328,1088310.7929451377,23013961.7136417,188176.29713305982
2017-08-21,225915802.9881337,-79528.0075758594,134258733.57841438,1009650.4247769241,68636074.77925281,1088310.7929451377,23100522.638042364,188176.29713305982
2017-08-22,227775250.54449108,-79528.0075758594,136305133.65735638,1009650.4247769241,68552619.79435985,1088310.7929451377,22997025.100350697,188176.29713305982
2017-08-23,227576720.9258588,-79528.0075758594,135819704.65292683,1009650.4247769241,68752958.25575648,1088310.7929451377,23083586.02475136,188176.29713305982
2017-08-24,227005279.7155839,-79528.0075758594,135419964.05887643,1009650.4247769241,68652764.11560093,1088310.7929451377,23012079.548682433,188176.29713305982
2017-08-25,226887915.22576404,-79528.0075758594,135134428.46053633,1009650.4247769241,68736256.46467975,1088310.7929451377,23096758.30812382,188176.29713305982
2017-08-28,227707041.76017705,-79528.0075758594,135553210.9235599,1009650.4247769241,68769655.895257,1088310.7929451377,23463702.948936015,188176.29713305982
2017-08-29,228264445.52582815,-79528.0075758594,136086275.41250804,1009650.4247769241,68844803.57616177,1088310.7929451377,23412894.544734214,188176.29713305982
2017-08-30,229843900.5153616,-79528.0075758594,137685361.0370525,1009650.4247769241,68836463.05956392,1088310.7929451377,23401604.426321015,188176.29713305982
2017-08-31,231571389.86664745,-81078.36388068485,138991480.93831688,1008422.5421669639,69495740.46915844,1097801.538952848,23165246.823052816,184114.18597393107
2017-09-01,231310612.53663635,-81078.36388068485,138801324.6001806,1008422.5421669639,69380932.46596023,1097801.538952848,23209433.83437623,184114.18597393107
2017-09-05,230609936.51979098,-81078.36388068485,137555937.53241897,1008422.5421669639,69667883.37557703,1097801.538952848,23467193.975675683,184114.18597393107
2017-09-06,230790312.67578107,-81078.36388068485,137974179.92009354,1008422.5421669639,69549691.64571153,1097801.538952848,23347519.473856676,184114.18597393107
2017-09-07,231576073.1303471,-81078.36388068485,138297451.84984797,1008422.5421669639,69769148.09654498,1097801.538952848,23590551.547834836,184114.18597393107
2017-09-08,230272803.37019712,-81078.36388068485,137099611.56027386,1008422.5421669639,69693177.56997125,1097801.538952848,23561092.60383272,184114.18597393107
2017-09-11,231312206.76479533,-81078.36388068485,138677718.36419997,1008422.5421669639,69482197.18692817,1097801.538952848,23233369.577547885,184114.18597393107
2017-09-12,231611860.06634146,-81078.36388068485,139010515.03689873,1008422.5421669639,69380932.46596023,1097801.538952848,23301490.927363195,184114.18597393107
2017-09-13,231542709.32471135,-81078.36388068485,139200655.98772815,1008422.5421669639,69296548.68830405,1097801.538952848,23126583.012559865,184114.18597393107
2017-09-14,230868511.1383101,-81078.36388068485,138383036.05058545,1008422.5421669639,69338707.07488792,1097801.538952848,23227846.37671743,184114.18597393107
2017-09-15,231236357.26463413,-81078.36388068485,138858411.5086193,1008422.5421669639,69347170.5793367,1097801.538952848,23111853.540558804,184114.18597393107
2017-09-18,230788305.6603261,-81078.36388068485,138676395.05581027,1008422.5421669639,69296548.68830405,1097801.538952848,22896440.280092448,184114.18597393107
2017-09-19,231023715.85885593,-81078.36388068485,138914590.56595346,1008422.5421669639,69245893.29502718,1097801.538952848,22944310.361756008,184114.18597393107
2017-09-20,230351803.50931764,-81078.36388068485,138485869.42230943,1008422.5421669639,69186816.2751068,1097801.538952848,22760196.175782077,184114.18597393107
2017-09-21,229313861.7609648,-81078.36388068485,137637905.7160451,1008422.5421669639,69169906.01733133,1097801.538952848,22587128.391469054,184114.18597393107
2017-09-22,229351127.14399716,-81078.36388068485,137504497.76559672,1008422.5421669639,69237475.85616422,1097801.538952848,22690231.88611693,184114.18597393107
2017-09-25,228292355.9428299,-81078.36388068485,136056290.60615566,1008422.5421669639,69389404.34597006,1097801.538952848,22927739.354584873,184114.18597393107
2017-09-26,228355123.2701167,-81078.36388068485,136408813.80624485,1008422.5421669639,69355567.07929704,1097801.538952848,22671820.74845549,184114.18597393107
2017-09-27,229159688.19826075,-81078.36388068485,137637905.7160451,1008422.5421669639,69144611.82293713,1097801.538952848,22458249.02315921,184114.18597393107
2017-09-28,229171239.18948773,-81078.36388068485,137590251.22670963,1008422.5421669639,69161471.82734625,1097801.538952848,22500594.499312546,184114.18597393107
2017-09-29,230054532.18573046,-81078.36388068485,138581101.46444613,1008422.5421669639,69169906.01733133,1097801.538952848,22384603.06783368,184114.18597393107
2017-10-02,230002241.3522039,-81078.36388068485,138704938.5100296,1008422.5421669639,69142911.58404243,1097801.538952848,22235469.62201256,184114.18597393107
2017-10-03,230342505.45175597,-81078.36388068485,139000359.41437325,1008422.5421669639,69176706.97291018,1097801.538952848,22246517.42835323,184114.18597393107
2017-10-04,230538450.00196183,-81078.36388068485,139133705.81559423,1008422.5421669639,69176706.97291018,1097801.538952848,22309115.57733809,184114.18597393107
2017-10-05,231730587.9250204,-81078.36388068485,140496236.45045665,1008422.5421669639,69125988.76292537,1097801.538952848,22189441.075519077,184114.18597393107
2017-10-06,231949919.186729,-81078.36388068485,140686777.47126433,1008422.5421669639,69049833.97400837,1097801.538952848,22294386.105337027,184114.18597393107
2017-10-09,232037900.9835841,-81078.36388068485,140524810.6792897,1008422.5421669639,69117508.50735447,1097801.538952848,22476660.160820648,184114.18597393107
2017-10-10,232235394.76754063,-81078.36388068485,140629567.4643708,1008422.5421669639,69151329.0229054,1097801.538952848,22535576.644145116,184114.18597393107
2017-10-11,232760238.5029993,-81078.36388068485,141048794.63968417,1008422.5421669639,69185141.16289526,1097801.538952848,22607381.064300567,184114.18597393107
2017-10-12,232580661.83544672,-81078.36388068485,140791595.80557284,1008422.5421669639,69244352.19179256,1097801.538952848,22625792.20196201,184114.18597393107
2017-10-13,233438671.28530586,-81078.36388068485,141334629.251856,1008422.5421669639,69388101.94622561,1097801.538952848,22797018.451104954,184114.18597393107
2017-10-16,233700492.5782482,-81078.36388068485,141820575.78970048,1008422.5421669639,69320473.47846533,1097801.538952848,22640521.673963066,184114.18597393107
2017-10-17,233735311.5261282,-81078.36388068485,142001592.06756383,1008422.5421669639,69328932.79513359,1097801.538952848,22485865.027311485,184114.18597393107
2017-10-18,233369155.05738539,-81078.36388068485,141830069.75803113,1008422.5421669639,69218990.9929099,1097801.538952848,22401172.670325052,184114.18597393107
2017-10-19,233011499.5137102,-81078.36388068485,141306039.63571608,1008422.5421669639,69252803.13289978,1097801.538952848,22533735.10897504,184114.18597393107
2017-10-20,233079955.54569015,-81078.36388068485,141687244.77578634,1008422.5421669639,69083662.86512035,1097801.538952848,22390126.26866414,184114.18597393107
2017-10-23,232249947.82309136,-81078.36388068485,140763006.18943292,1008422.5421669639,69142911.58404243,1097801.538952848,22425108.413496707,184114.18597393107
2017-10-24,232283193.03121394,-81078.36388068485,141001232.47418982,1008422.5421669639,69024464.39956464,1097801.538952848,22338574.5213402,184114.18597393107
2017-10-25,231694084.94351497,-81078.36388068485,140467616.059703,1008422.5421669639,68965291.0606921,1097801.538952848,22342256.187000584,184114.18597393107
2017-10-26,230973838.6197547,-81078.36388068485,140019783.88094282,1008422.5421669639,68880672.76732631,1097801.538952848,22154460.335366268,184114.18597393107
2017-10-27,235308998.23675463,-81078.36388068485,144097743.33143768,1008422.5421669639,69032927.90401343,1097801.538952848,22259405.36518422,184114.18597393107
2017-10-30,235835924.6493894,-81078.36388068485,144421630.75346637,1008422.5421669639,69193621.41846617,1097801.538952848,22301750.841337554,184114.18597393107
2017-10-31,236169346.6801405,-82688.21221229367,141751220.93541166,986068.3406422929,70875610.46770583,1125175.1100820848,23625203.489235282,195783.57377745677
2017-11-01,236254981.3688417,-82688.21221229367,141704637.87293258,986068.3406422929,70921682.9684368,1125175.1100820848,23711348.7396846,195783.57377745677
2017-11-02,236069877.38428366,-82688.21221229367,141434423.0088946,986068.3406422929,70991130.80352412,1125175.1100820848,23727011.784077223,195783.57377745677
2017-11-03,237379319.4381552,-82688.21221229367,142794645.42404175,986068.3406422929,71051947.01955329,1125175.1100820848,23615415.206772484,195783.57377745677
2017-11-06,238117573.710798,-82688.21221229367,143279148.39396703,986068.3406422929,71104041.4802736,1125175.1100820848,23817072.04876964,195783.57377745677
2017-11-07,238141319.557507,-82688.21221229367,143362955.77704468,986068.3406422929,71130125.1943543,1125175.1100820848,23730926.79832032,195783.57377745677
2017-11-08,238749092.8887493,-82688.21221229367,143940624.8719281,986068.3406422929,71078000.68821707,1125175.1100820848,23813155.54081642,195783.57377745677
2017-11-09,238022864.2392153,-82688.21221229367,143186012.3614265,986068.3406422929,71008492.76229595,1125175.1100820848,23911047.327705145,195783.57377745677
2017-11-10,237531054.26161155,-82688.21221229367,143176623.5271284,986068.3406422929,70721855.19276777,1125175.1100820848,23715263.75392769,195783.57377745677
2017-11-13,237752001.4759924,-82688.21221229367,143353672.26620826,986068.3406422929,70730512.56504041,1125175.1100820848,23750504.856956042,195783.57377745677
2017-11-14,237366124.30122522,-82688.21221229367,142831944.9756844,986068.3406422929,70817416.7873527,1125175.1100820848,23799450.750400405,195783.57377745677
2017-11-15,236830983.72338703,-82688.21221229367,142161139.84826046,986068.3406422929,70982447.67803699,1125175.1100820848,23770084.40930189,195783.57377745677
2017-11-16,238550173.21909177,-82688.21221229367,143977849.1925267,986068.3406422929,70886886.08345208,1125175.1100820848,23768126.15532528,195783.57377745677
2017-11-17,238355874.05200642,-82688.21221229367,143428181.0922407,986068.3406422929,70956411.17818287,1125175.1100820848,24053969.99379515,195783.57377745677
2017-11-20,237897163.49604526,-82688.21221229367,143316402.80698323,986068.3406422929,70912944.04431827,1125175.1100820848,23750504.856956042,195783.57377745677
2017-11-21,239553018.46798077,-82688.21221229367,144872271.07530075,986068.3406422929,70973773.13695471,1125175.1100820848,23789662.46793761,195783.57377745677
2017-11-22,240096965.52440208,-82688.21221229367,145049289.721963,986068.3406422929,71121424.90005751,1125175.1100820848,24008939.114593875,195783.57377745677
2017-11-24,240549900.47609472,-82688.21221229367,145580300.5233233,986068.3406422929,71104041.4802736,1125175.1100820848,23948246.684710108,195783.57377745677
2017-11-27,240558514.50212514,-82688.21221229367,145515105.30054492,986068.3406422929,71078000.68821707,1125175.1100820848,24048096.725575443,195783.57377745677
2017-11-28,240927247.4477957,-82688.21221229367,145887754.7541687,986068.3406422929,71078000.68821707,1125175.1100820848,24044180.217622228,195783.57377745677
2017-11-29,238059337.43160704,-82688.21221229367,143344358.6629542,986068.3406422929,70904239.45781907,1125175.1100820848,23893427.52304604,195783.57377745677
2017-11-30,238889239.63233617,-83640.50804913485,143383728.08423117,978138.5405806372,71691864.04211558,1139348.3474335156,23897288.014038533,197335.16362632616
2017-12-01,238568199.3847254,-83640.50804913485,142773854.16691542,978138.5405806372,71884003.90319705,1139348.3474335156,23993981.822662044,197335.16362632616
2017-12-04,236851106.30290616,-83640.50804913485,141128827.40810016,978138.5405806372,71892844.21439502,1139348.3474335156,23913075.188460115,197335.16362632616
2017-12-05,236861866.47763947,-83640.50804913485,141221214.45592415,978138.5405806372,71980925.7024668,1139348.3474335156,23743366.82729765,197335.16362632616
2017-12-06,237529551.52431267,-83640.50804913485,141858879.11363545,978138.5405806372,72060279.88233528,1139348.3474335156,23694033.03639107,197335.16362632616
2017-12-07,237601435.90265167,-83640.50804913485,142339470.86483625,978138.5405806372,71963362.42933454,1139348.3474335156,23382243.116529994,197335.16362632616
2017-12-08,238201420.8095731,-83640.50804913485,142967896.81776515,978138.5405806372,71936893.65096895,1139348.3474335156,23380270.848888163,197335.16362632616
2017-12-11,239164771.1477196,-83640.50804913485,144076884.67147553,978138.5405806372,71884003.90319705,1139348.3474335156,23287523.081096143,197335.16362632616
2017-12-12,238989534.83307827,-83640.50804913485,143882827.0954161,978138.5405806372,71875198.3621513,1139348.3474335156,23315149.883559998,197335.16362632616
2017-12-13,239670787.29855835,-83640.50804913485,144160092.71535578,978138.5405806372,72077904.00323386,1139348.3474335156,23516431.088017814,197335.16362632616
2017-12-14,239548190.76081938,-83640.50804913485,144058422.18712038,978138.5405806372,72104338.01144727,1139348.3474335156,23469071.070300885,197335.16362632616
2017-12-15,241242108.14132783,-83640.50804913485,145694165.46552426,978138.5405806372,72113178.32264523,1139348.3474335156,23518404.861207463,197335.16362632616
2017-12-18,242457577.63526446,-83640.50804913485,146915689.40010586,978138.5405806372,71998588.93978663,1139348.3474335156,23626939.803421073,197335.16362632616
2017-12-19,241384453.4588338,-83640.50804913485,146045161.62120715,978138.5405806372,71778233.1001913,1139348.3474335156,23644699.245484486,197335.16362632616
2017-12-20,241149193.38385335,-83640.50804913485,145887760.36008406,978138.5405806372,71637227.09419541,1139348.3474335156,23707846.437622998,197335.16362632616
2017-12-21,241245247.57499835,-83640.50804913485,145906222.84443918,978138.5405806372,71681272.18450032,1139348.3474335156,23741393.054108,197335.16362632616
2017-12-22,241238178.54098913,-83640.50804913485,145739553.02811435,978138.5405806372,71716550.8501807,1139348.3474335156,23865715.170743186,197335.16362632616
2017-12-26,240686281.2196543,-83640.50804913485,144952337.76956356,978138.5405806372,71788081.74580318,1139348.3474335156,24029502.212336697,197335.16362632616
2017-12-27,241016588.57135007,-83640.50804913485,144970874.87996703,978138.5405806372,72009076.48694527,1139348.3474335156,24120277.712486885,197335.16362632616
2017-12-28,241270675.99758968,-83640.50804913485,145146843.10191292,978138.5405806372,71964848.8533413,1139348.3474335156,24242624.550384603,197335.16362632616
2017-12-29,240645121.7195086,-83640.50804913485,144248539.50782833,978138.5405806372,72079729.4362246,1139348.3474335156,24400493.28350479,197335.16362632616
2018-01-02,243266157.50899005,-83640.50804913485,146776795.3989669,978138.5405806372,71876506.58912799,1139348.3474335156,24696496.028944284,197335.16362632616
2018-01-03,244689075.4002054,-83640.50804913485,148202973.8084698,978138.5405806372,71938367.03616862,1139348.3474335156,24631375.06361612,197335.16362632616
2018-01-04,245039304.20719403,-83640.50804913485,148462269.47597328,978138.5405806372,71903005.79137675,1139348.3474335156,24757669.447893143,197335.16362632616
2018-01-05,246407439.2335682,-83640.50804913485,149953253.14584,978138.5405806372,71805810.1771584,1139348.3474335156,24732016.418618932,197335.16362632616
2018-01-08,246995747.29177243,-83640.50804913485,150536694.5168397,978138.5405806372,71814624.41074222,1139348.3474335156,24728068.87223963,197335.16362632616
2018-01-09,246678460.3215714,-83640.50804913485,150545963.07204142,978138.5405806372,71602522.1360264,1139348.3474335156,24613615.621552702,197335.16362632616
2018-01-10,246394628.45520833,-83640.50804913485,150194056.47856897,978138.5405806372,71611397.21737657,1139348.3474335156,24672815.26731191,197335.16362632616
2018-01-11,247503495.4853992,-83640.50804913485,151222015.36901012,978138.5405806372,71611397.21737657,1139348.3474335156,24753723.40706165,197335.16362632616
2018-01-12,248905855.52631876,-83640.50804913485,152333301.70500886,978138.5405806372,71602522.1360264,1139348.3474335156,25053672.19333263,197335.16362632616
2018-01-16,248565116.59697938,-83640.50804913485,151898067.66597882,978138.5405806372,71655577.04202127,1139348.3474335156,25095112.397028424,197335.16362632616
2018-01-17,249921485.47411758,-83640.50804913485,153537258.6678152,978138.5405806372,71576009.89497055,1139348.3474335156,24891857.419380955,197335.16362632616
2018-01-18,249752667.01566488,-83640.50804913485,153565034.48300108,978138.5405806372,71434669.2262597,1139348.3474335156,24836603.814453237,197335.16362632616
2018-01-19,250194560.7946483,-83640.50804913485,154046641.14845908,978138.5405806372,71284449.12992965,1139348.3474335156,24947111.02430868,197335.16362632616
2018-01-22,251835308.42013764,-83640.50804913485,155695055.92986822,978138.5405806372,71231394.22393477,1139348.3474335156,24992498.774383772,197335.16362632616
2018-01-23,253432467.39015794,-83640.50804913485,156982295.56260315,978138.5405806372,71416992.95013279,1139348.3474335156,25116819.385471143,197335.16362632616
2018-01-24,252640110.4375909,-83640.50804913485,155963605.22736374,978138.5405806372,71337456.22696523,1139348.3474335156,25422689.491311077,197335.16362632616
2018-01-25,252609224.8628812,-83640.50804913485,155908023.7465727,978138.5405806372,71531860.49420902,1139348.3474335156,25252981.13014861,197335.16362632616
2018-01-26,254885771.4208069,-83640.50804913485,158297370.71136263,978138.5405806372,71399325.36654393,1139348.3474335156,25272715.850949496,197335.16362632616
2018-01-29,253877825.17313546,-83640.50804913485,157528707.48842496,978138.5405806372,71302125.40605655,1139348.3474335156,25130632.786703072,197335.16362632616
2018-01-30,252340224.8031202,-83640.50804913485,156232184.37527862,978138.5405806372,71169581.58585341,1139348.3474335156,25022099.35003728,197335.16362632616
2018-01-31,253085301.27975062,-88610.86925212115,151904347.28940162,947112.8256111416,75952173.64470081,1215610.5758962014,25317391.214900274,198334.43722887535
2018-02-01,251666640.36753255,-88610.86925212115,150613093.87363732,947112.8256111416,75741464.53460047,1215610.5758962014,25400692.82854687,198334.43722887535
2018-02-02,248102653.17961612,-88610.86925212115,147609114.89785022,947112.8256111416,75514659.7507142,1215610.5758962014,25067489.400303822,198334.43722887535
2018-02-05,242677073.49244517,-88610.86925212115,141789362.67027402,947112.8256111416,75845365.33173306,1215610.5758962014,25130956.359690197,198334.43722887535
2018-02-06,245924887.89601654,-88610.86925212115,145546612.54769275,947112.8256111416,75599715.0225613,1215610.5758962014,24867171.19501459,198334.43722887535
2018-02-07,243754653.17686364,-88610.86925212115,143663500.3266904,947112.8256111416,75429609.11605342,1215610.5758962014,24750154.603371955,198334.43722887535
2018-02-08,237673794.8097215,-88610.86925212115,137601666.0840109,947112.8256111416,75372900.96430233,1215610.5758962014,24787838.630660377,198334.43722887535
2018-02-09,239819579.80989683,-88610.86925212115,139977989.15877998,947112.8256111416,75184014.45311773,1215610.5758962014,24746187.067251243,198334.43722887535
2018-02-12,242441344.43552944,-88610.86925212115,142461920.29781145,947112.8256111416,75202846.06684421,1215610.5758962014,24865188.94012591,198334.43722887535
2018-02-13,243383584.94740945,-88610.86925212115,143197198.7148867,947112.8256111416,75268990.89279705,1215610.5758962014,25006006.208977804,198334.43722887535
2018-02-14,246245560.42073527,-88610.86925212115,145878411.3050659,947112.8256111416,75023335.94643894,1215610.5758962014,25432424.03848255,198334.43722887535
2018-02-15,249058924.38646713,-88610.86925212115,148586446.42643914,947112.8256111416,75098912.80940722,1215610.5758962014,25462176.019872885,198334.43722887535
2018-02-16,248472767.2895903,-88610.86925212115,147922935.62246183,947112.8256111416,75259568.1301543,1215610.5758962014,25378874.40622629,198334.43722887535
2018-02-20,248351920.83026263,-88610.86925212115,148218778.31431186,947112.8256111416,75184014.45311773,1215610.5758962014,25037738.932085153,198334.43722887535
2018-02-21,247532007.64606303,-88610.86925212115,147797378.42902753,947112.8256111416,74900533.97778475,1215610.5758962014,24922706.10850288,198334.43722887535
2018-02-22,247735509.1883519,-88610.86925212115,147779472.65524012,947112.8256111416,74995007.37508827,1215610.5758962014,25049640.027275622,198334.43722887535
2018-02-23,250924090.6227912,-88610.86925212115,150801386.30840427,947112.8256111416,75193409.39264244,1215610.5758962014,25017905.790996604,198334.43722887535
2018-02-26,253023066.3698247,-88610.86925212115,152801081.15825495,947112.8256111416,75231207.09849925,1215610.5758962014,25079388.982322622,198334.43722887535
2018-02-27,250708550.68999213,-88610.86925212115,150908994.37266666,947112.8256111416,75070579.6008702,1215610.5758962014,24817587.58570737,198334.43722887535
2018-02-28,249721428.7591474,-87433.10165127953,149885317.11647922,946764.0290335637,74942658.55823961,1212012.6195587907,24980886.18607987,199847.08948863897
2018-03-01,247345678.12386423,-87433.10165127953,147438142.44206867,946764.0290335637,75070039.53846982,1212012.6195587907,24924929.24497702,199847.08948863897
2018-03-02,248691601.8450293,-87433.10165127953,148791762.47924542,946764.0290335637,74928446.0384317,1212012.6195587907,25058826.42900346,199847.08948863897
2018-03-05,250251767.93161106,-87433.10165127953,150441101.81076905,946764.0290335637,74881240.49931696,1212012.6195587907,25016858.72317632,199847.08948863897
2018-03-06,251186275.90894502,-87433.10165127953,151077497.8222282,946764.0290335637,74909559.19932458,1212012.6195587907,25286651.989043523,199847.08948863897
2018-03-07,251355170.63878617,-87433.10165127953,151427145.79883188,946764.0290335637,74890681.60713992,1212012.6195587907,25124776.334465656,199847.08948863897
2018-03-08,252213714.9778865,-87433.10165127953,152260707.26848575,946764.0290335637,74975619.21331787,1212012.6195587907,25064821.597734153,199847.08948863897
2018-03-09,255101450.42770916,-87433.10165127953,155218839.23267427,946764.0290335637,74881240.49931696,1212012.6195587907,25088803.797369212,199847.08948863897
2018-03-12,256001604.16903952,-87433.10165127953,156043487.22872716,946764.0290335637,74956746.24459442,1212012.6195587907,25088803.797369212,199847.08948863897
2018-03-13,253943985.08956707,-87433.10165127953,153919032.30597344,946764.0290335637,74975619.21331787,1212012.6195587907,25136766.671927042,199847.08948863897
2018-03-14,254061643.26816672,-87433.10165127953,153892147.4204444,946764.0290335637,75136150.41053657,1212012.6195587907,25120778.538837004,199847.08948863897
2018-03-15,253776774.5207474,-87433.10165127953,153757737.43927178,946764.0290335637,75145568.40105341,1212012.6195587907,24960901.782073464,199847.08948863897
2018-03-16,253193578.60303074,-87433.10165127953,153300593.25996974,946764.0290335637,75079471.39937031,1212012.6195587907,24900947.045341957,199847.08948863897
2018-03-19,249920040.81466764,-87433.10165127953,150029724.05669862,946764.0290335637,75022843.24627751,1212012.6195587907,24954906.613342777,199847.08948863897
2018-03-20,250207523.08021992,-87433.10165127953,150523518.93701473,946764.0290335637,74928446.0384317,1212012.6195587907,24842991.20642478,199847.08948863897
2018-03-21,249985784.8537764,-87433.10165127953,149868111.36759952,946764.0290335637,74928446.0384317,1212012.6195587907,25276660.549396466,199847.08948863897
2018-03-22,246309509.36587462,-87433.10165127953,146169034.26966617,946764.0290335637,75051171.19320759,1212012.6195587907,25176737.004652146,199847.08948863897
2018-03-23,242802293.818785,-87433.10165127953,142317200.17034426,946764.0290335637,75070039.53846982,1212012.6195587907,25502487.2116222,199847.08948863897
2018-03-26,248177313.8140144,-87433.10165127953,147605519.27373955,946764.0290335637,75022843.24627751,1212012.6195587907,25636384.39564864,199847.08948863897
2018-03-27,243497831.97464484,-87433.10165127953,142829053.1414241,946764.0290335637,75277706.92288487,1212012.6195587907,25478505.01198714,199847.08948863897
2018-03-28,241493553.38483658,-87433.10165127953,141185954.68606842,946764.0290335637,75268256.56813948,1212012.6195587907,25126775.232279986,199847.08948863897
2018-03-29,244280209.9394046,-87433.10165127953,143771743.26518136,946764.0290335637,75457134.20613314,1212012.6195587907,25138765.569741372,199847.08948863897
2018-04-02,240416458.1121953,-87433.10165127953,139623698.6914438,946764.0290335637,75447651.48715918,1212012.6195587907,25432541.03524364,199847.08948863897
2018-04-03,241710640.44682235,-87433.10165127953,141194925.94555983,946764.0290335637,75362459.5906138,1212012.6195587907,25240688.012300014,199847.08948863897
2018-04-04,243967308.8998975,-87433.10165127953,143421618.5549815,946764.0290335637,75362459.5906138,1212012.6195587907,25270663.855953485,199847.08948863897
2018-04-05,244550361.43346187,-87433.10165127953,144238667.70644104,946764.0290335637,75258362.36111641,1212012.6195587907,25140764.467555698,199847.08948863897
2018-04-06,241248195.10742188,-87433.10165127953,140629303.2034219,946764.0290335637,75447651.48715918,1212012.6195587907,25258673.518492095,199847.08948863897
2018-04-09,242397452.6245781,-87433.10165127953,141616921.85699934,946764.0290335637,75523356.04126935,1212012.6195587907,25344607.827960704,199847.08948863897
2018-04-10,245449424.822213,-87433.10165127953,144741433.84624857,946764.0290335637,75390861.51292348,1212012.6195587907,25404562.564692214,199847.08948863897
2018-04-11,244869013.53179017,-87433.10165127953,143906384.38991576,946764.0290335637,75447651.48715918,1212012.6195587907,25602410.75636652,199847.08948863897
2018-04-12,246162171.52407974,-87433.10165127953,145639282.11902133,946764.0290335637,75305683.4867618,1212012.6195587907,25304639.019947894,199847.08948863897
2018-04-13,245630598.11135158,-87433.10165127953,144885060.67694697,946764.0290335637,75362459.5906138,1212012.6195587907,25470510.94544212,199847.08948863897
2018-04-16,246780409.91879654,-87433.10165127953,145989435.7221664,946764.0290335637,75371923.81574288,1212012.6195587907,25506483.482538566,199847.08948863897
2018-04-17,249975216.76083377,-87433.10165127953,149131904.6768711,946764.0290335637,75400279.5034403,1212012.6195587907,25530465.68217363,199847.08948863897
2018-04-18,250054429.2080108,-87433.10165127953,149437100.85725078,946764.0290335637,75154311.36623126,1212012.6195587907,25550450.086180035,199847.08948863897
2018-04-19,248450933.22978538,-87433.10165127953,148063414.66961735,946764.0290335637,74974463.34801143,1212012.6195587907,25500488.313807875,199847.08948863897
2018-04-20,245724469.1528022,-87433.10165127953,145720110.1332798,946764.0290335637,74785155.72812377,1212012.6195587907,25306636.393049926,199847.08948863897
2018-04-23,245116642.77462208,-87433.10165127953,145351985.11820665,946764.0290335637,74747298.82760745,1212012.6195587907,25104791.930459257,199847.08948863897
2018-04-24,242026405.17668822,-87433.10165127953,142272358.31935975,946764.0290335637,74614781.18195547,1212012.6195587907,25226698.777024306,199847.08948863897
2018-04-25,241928950.8866652,-87433.10165127953,142442898.92853245,946764.0290335637,74510660.83515193,1212012.6195587907,25062824.224632114,199847.08948863897
2018-04-26,244991282.20590365,-87433.10165127953,145441726.6060661,946764.0290335637,74662097.68413962,1212012.6195587907,24974891.01734918,199847.08948863897
2018-04-27,245300576.0942276,-87433.10165127953,145531540.32628858,946764.0290335637,74775659.13876611,1212012.6195587907,25080809.73082419,199847.08948863897
2018-04-30,244038669.2104745,-85443.4394274657,146474467.58994117,959707.3322474961,73237233.79497059,1186474.9648250507,24412411.2649902,195941.9855730892
2018-05-01,245427565.33879772,-85443.4394274657,148149078.97878337,959707.3322474961,73123946.9435852,1186474.9648250507,24239982.855856616,195941.9855730892
2018-05-02,244551403.56960812,-85443.4394274657,147275390.33656305,959707.3322474961,73133229.8573763,1186474.9648250507,24228226.815096222,195941.9855730892
2018-05-03,244721597.52842042,-85443.4394274657,147257129.30379766,959707.3322474961,73198241.93621369,1186474.9648250507,24351669.72783653,195941.9855730892
2018-05-04,247613047.47691053,-85443.4394274657,150051228.4005916,959707.3322474961,73244647.45308362,1186474.9648250507,24402615.062662773,195941.9855730892
2018-05-07,248828609.55588365,-85443.4394274657,151298089.374777,959707.3322474961,73207470.53749114,1186474.9648250507,24408493.08304297,195941.9855730892
2018-05-08,248622078.3535745,-85443.4394274657,151143346.52535287,959707.3322474961,73151764.00265889,1186474.9648250507,24412411.2649902,195941.9855730892
2018-05-09,250134876.1588006,-85443.4394274657,152790661.5508633,959707.3322474961,73068190.62228209,1186474.9648250507,24361467.42508267,195941.9855730892
2018-05-10,252033617.76894778,-85443.4394274657,154374289.94325694,959707.3322474961,73216753.45128225,1186474.9648250507,24528017.813836053,195941.9855730892
2018-05-11,251927009.91122067,-85443.4394274657,154228670.28822964,959707.3322474961,73291034.86578234,1186474.9648250507,24492748.196636148,195941.9855730892
2018-05-14,251998199.80921185,-85443.4394274657,154492583.947009,959707.3322474961,73198241.93621369,1186474.9648250507,24392817.36541663,195941.9855730892
2018-05-15,249549767.9541841,-85443.4394274657,152781611.5763252,959707.3322474961,72854624.76653017,1186474.9648250507,23998975.050756197,195941.9855730892
2018-05-16,250467021.59261256,-85443.4394274657,153791796.679176,959707.3322474961,72798922.7577407,1186474.9648250507,23961745.59512332,195941.9855730892
2018-05-17,249824189.07474846,-85443.4394274657,153200224.15261346,959707.3322474961,72733946.88724577,1186474.9648250507,23975461.47431669,195941.9855730892
2018-05-18,249237189.3796259,-85443.4394274657,152408453.8883319,959707.3322474961,72928919.75915866,1186474.9648250507,23985259.171562828,195941.9855730892
2018-05-21,250106435.37607637,-85443.4394274657,153263984.005589,959707.3322474961,72928919.75915866,1186474.9648250507,23998975.050756197,195941.9855730892
2018-05-22,249910990.6708301,-85443.4394274657,153063698.4040395,959707.3322474961,72947476.53465526,1186474.9648250507,23985259.171562828,195941.9855730892
2018-05-23,251451725.4672361,-85443.4394274657,154356058.19843504,959707.3322474961,73170379.61671194,1186474.9648250507,24010731.091516595,195941.9855730892
2018-05-24,251760512.7572854,-85443.4394274657,154310603.3101401,959707.3322474961,73318883.60715565,1186474.9648250507,24216469.27941711,195941.9855730892
2018-05-25,251998609.05332413,-85443.4394274657,154465302.227649,959707.3322474961,73476738.40203252,1186474.9648250507,24142011.863070074,195941.9855730892
2018-05-29,251822825.79627472,-85443.4394274657,153782732.06066614,959707.3322474961,73987443.49391319,1186474.9648250507,24138093.681122843,195941.9855730892
2018-05-30,252736533.22351772,-85443.4394274657,154883973.37982422,959707.3322474961,73764639.9847982,1186474.9648250507,24173363.298322752,195941.9855730892
2018-05-31,252467274.1079898,-88394.48400719893,151533401.1551982,939553.4483673882,75766700.5775991,1219137.6571271976,25255566.8591997,205163.0152092089
2018-06-01,254768062.54220968,-88394.48400719893,153912376.9802201,939553.4483673882,75813662.75129627,1219137.6571271976,25130417.29470051,205163.0152092089
2018-06-04,255970414.21091726,-88394.48400719893,155302324.2752353,939553.4483673882,75650685.6850412,1219137.6571271976,25105798.73464795,205163.0152092089
2018-06-05,256617070.68060017,-88394.48400719893,155783441.1296933,939553.4483673882,75717747.92951666,1219137.6571271976,25204276.105397396,205163.0152092089
2018-06-06,257329416.35464695,-88394.48400719893,156692271.57025045,939553.4483673882,75506901.81455246,1219137.6571271976,25218637.45385126,205163.0152092089
2018-06-07,256234706.620855,-88394.48400719893,155418148.4376706,939553.4483673882,75698624.49336666,1219137.6571271976,25206328.173824973,205163.0152092089
2018-06-08,256178525.69076288,-88394.48400719893,155427065.70825294,939553.4483673882,75602751.52735685,1219137.6571271976,25237102.939160276,205163.0152092089
2018-06-11,256575400.1417098,-88394.48400719893,155845847.68732184,939553.4483673882,75535707.88544573,1219137.6571271976,25282239.052949432,205163.0152092089
2018-06-12,257301375.84278533,-88394.48400719893,156665577.10429496,939553.4483673882,75526071.75711334,1219137.6571271976,25198121.465384256,205163.0152092089
2018-06-13,257320472.88329643,-88394.48400719893,156656674.1701605,939553.4483673882,75478160.85263442,1219137.6571271976,25274032.34450871,205163.0152092089
2018-06-14,259108352.89854708,-88394.48400719893,158242643.71706057,939553.4483673882,75641091.4124786,1219137.6571271976,25313012.253015142,205163.0152092089
2018-06-15,258146988.08602956,-88394.48400719893,157690217.37083954,939553.4483673882,75650685.6850412,1219137.6571271976,24894479.514156006,205163.0152092089
2018-06-18,258008736.35213858,-88394.48400719893,157599152.25389573,939553.4483673882,75650685.6850412,1219137.6571271976,24847292.89720886,205163.0152092089
2018-06-19,257623331.4772451,-88394.48400719893,157152700.93041536,939553.4483673882,75775332.16745669,1219137.6571271976,24783692.86338027,205163.0152092089
2018-06-20,258456112.4344727,-88394.48400719893,158268850.7437881,939553.4483673882,75602751.52735685,1219137.6571271976,24672904.647334952,205163.0152092089
2018-06-21,257076330.8850145,-88394.48400719893,156893813.35456976,939553.4483673882,75641091.4124786,1219137.6571271976,24629820.601973362,205163.0152092089
2018-06-22,256835438.3358249,-88394.48400719893,156545509.3532867,939553.4483673882,75689006.96759862,1219137.6571271976,24689316.4989468,205163.0152092089
2018-06-25,253206557.55592898,-88394.48400719893,153018485.11835554,939553.4483673882,75679473.15337013,1219137.6571271976,24596993.76821049,205163.0152092089
2018-06-26,253826913.29610243,-88394.48400719893,153643525.57309678,939553.4483673882,75804040.57488713,1219137.6571271976,24467741.632125743,205163.0152092089
2018-06-27,251780188.80124035,-88394.48400719893,151554160.33173072,939553.4483673882,75986192.23434415,1219137.6571271976,24328230.71917269,205163.0152092089
2018-06-28,252952400.0451963,-88394.48400719893,152857744.86470726,939553.4483673882,75928677.75602043,1219137.6571271976,24254371.908475813,205163.0152092089
2018-06-29,253432227.46777144,-88394.48400719893,153268512.76941034,939553.4483673882,75909517.11474173,1219137.6571271976,24342592.067626555,205163.0152092089
2018-07-02,254167786.74055573,-88394.48400719893,154295332.17603293,939553.4483673882,75862401.46988869,1219137.6571271976,24098447.57864133,205163.0152092089
2018-07-03,252779876.5144825,-88394.48400719893,152509541.21855938,939553.4483673882,76016137.71230376,1219137.6571271976,24342592.067626555,205163.0152092089
2018-07-05,254860574.0719052,-88394.48400719893,154402482.78749987,939553.4483673882,76121828.18164836,1219137.6571271976,24424657.586764153,205163.0152092089
2018-07-06,257310048.17625743,-88394.48400719893,156804482.94781962,939553.4483673882,76208283.59945688,1219137.6571271976,24385676.112988137,205163.0152092089
2018-07-09,258713061.57024536,-88394.48400719893,158215261.10160673,939553.4483673882,76141021.37741467,1219137.6571271976,24445173.57523116,205163.0152092089
2018-07-10,258736022.74474165,-88394.48400719893,158331357.65655178,939553.4483673882,76093022.11075509,1219137.6571271976,24400037.461442,205163.0152092089
2018-07-11,257706109.38701317,-88394.48400719893,157527713.7341018,939553.4483673882,76131413.1529288,1219137.6571271976,24135376.983989768,205163.0152092089
2018-07-12,260578718.27599204,-88394.48400719893,160242162.43955275,939553.4483673882,76189043.8972797,1219137.6571271976,24235906.423166797,205163.0152092089
2018-07-13,260673250.7681592,-88394.48400719893,160376093.53566247,939553.4483673882,76256329.37252732,1219137.6571271976,24129222.343976628,205163.0152092089
2018-07-16,260171316.67840305,-88394.48400719893,159992177.79784158,939553.4483673882,76150620.30061837,1219137.6571271976,24116913.063950337,205163.0152092089
2018-07-17,260855225.0909034,-88394.48400719893,160965436.2351786,939553.4483673882,76121828.18164836,1219137.6571271976,23856355.158083677,205163.0152092089
2018-07-18,260519362.47874916,-88394.48400719893,160661833.27839032,939553.4483673882,76083413.88626921,1219137.6571271976,23862509.798096824,205163.0152092089
2018-07-19,259757229.0150689,-88394.48400719893,159858232.36528397,939553.4483673882,76227462.84329993,1219137.6571271976,23759928.290492218,205163.0152092089
2018-07-20,259702477.96466112,-88394.48400719893,159822505.93716305,939553.4483673882,76054565.95960616,1219137.6571271976,23913800.551899128,205163.0152092089
2018-07-23,259856372.74013966,-88394.48400719893,160331478.509855,939553.4483673882,75814378.95002367,1219137.6571271976,23798909.764268234,205163.0152092089
2018-07-24,260640555.5095185,-88394.48400719893,160992202.3833735,939553.4483673882,75929631.13744327,1219137.6571271976,23807116.47270895,205163.0152092089
2018-07-25,263021993.88194096,-88394.48400719893,163242336.55128363,939553.4483673882,75929631.13744327,1219137.6571271976,23938420.67722128,205163.0152092089
2018-07-26,260361927.78889692,-88394.48400719893,160768969.55340937,939553.4483673882,75929631.13744327,1219137.6571271976,23751721.582051497,205163.0152092089
2018-07-27,258185333.32344174,-88394.48400719893,158599234.18521917,939553.4483673882,75910461.19488241,1219137.6571271976,23764032.427347366,205163.0152092089
2018-07-30,255820656.03912574,-88394.48400719893,156357974.27854773,939553.4483673882,75823973.22258627,1219137.6571271976,23727103.021998927,205163.0152092089
2018-07-31,257054574.7480662,-90000.60137230347,154286745.2096631,920066.6995754495,77143372.60483155,1239409.400059312,25714457.53494385,221695.47382133355
2018-08-01,257409859.7929026,-90000.60137230347,154872568.9285334,920066.6995754495,77101274.74526532,1239409.400059312,25526016.720476165,221695.47382133355
2018-08-02,259418839.38841882,-90000.60137230347,156979824.35363677,920066.6995754495,77140450.71835221,1239409.400059312,25388564.917802136,221695.47382133355
2018-08-03,260154931.52191514,-90000.60137230347,157460818.08523703,920066.6995754495,77306870.5924393,1239409.400059312,25477243.44561112,221695.47382133355
2018-08-06,261019521.14070502,-90000.60137230347,158387651.63279215,920066.6995754495,77375426.18135555,1239409.400059312,25346443.9279296,221695.47382133355
2018-08-07,261517174.06043175,-90000.60137230347,158964743.0291659,920066.6995754495,77238348.09932461,1239409.400059312,25404083.53331354,221695.47382133355
2018-08-08,261760903.35918054,-90000.60137230347,159157120.8670608,920066.6995754495,77218755.38480951,1239409.400059312,25475027.70868251,221695.47382133355
2018-08-09,261773887.760794,-90000.60137230347,159060910.88945782,920066.6995754495,77365639.2800413,1239409.400059312,25437338.192667183,221695.47382133355
2018-08-10,260704100.13590872,-90000.60137230347,157845545.68281952,920066.6995754495,77522300.62064405,1239409.400059312,25426254.433817457,221695.47382133355
2018-08-13,260155430.32963875,-90000.60137230347,157670646.52902144,920066.6995754495,77532063.88210005,1239409.400059312,25042720.51988957,221695.47382133355
2018-08-14,261118902.57067263,-90000.60137230347,158658718.64688218,920066.6995754495,77483077.36784065,1239409.400059312,25067107.157322094,221695.47382133355
2018-08-15,258849096.03658348,-90000.60137230347,156717531.77935442,920066.6995754495,77571244.5831586,1239409.400059312,24650320.27544279,221695.47382133355
2018-08-16,259384255.45337635,-90000.60137230347,157233482.8791484,920066.6995754495,77610406.37233055,1239409.400059312,24630366.80326971,221695.47382133355
2018-08-17,259735692.71887556,-90000.60137230347,157268468.32554948,920066.6995754495,77698512.12401704,1239409.400059312,24858712.870681323,221695.47382133355
2018-08-20,259817780.30747294,-90000.60137230347,157128498.46173772,920066.6995754495,77796418.96093273,1239409.400059312,24982863.48617479,221695.47382133355
2018-08-21,260428938.62071106,-90000.60137230347,157705631.97542253,920066.6995754495,77757285.53959069,1239409.400059312,25056021.707070135,221695.47382133355
2018-08-22,261145331.43157887,-90000.60137230347,158317694.77909365,920066.6995754495,77806191.67833205,1239409.400059312,25111445.575525466,221695.47382133355
2018-08-23,260680796.17526117,-90000.60137230347,158090373.6121087,920066.6995754495,77806191.67833205,1239409.400059312,24874231.486192733,221695.47382133355
2018-08-24,262623459.7580466,-90000.60137230347,159559327.14874014,920066.6995754495,77845377.10736224,1239409.400059312,25308756.103316512,221695.47382133355
2018-08-27,264247263.81340387,-90000.60137230347,161185701.1550728,920066.6995754495,77747479.72638984,1239409.400059312,25404083.53331354,221695.47382133355
2018-08-28,264164146.09013608,-90000.60137230347,161421810.80096912,920066.6995754495,77629994.35887398,1239409.400059312,25202341.531665288,221695.47382133355
2018-08-29,266092914.8191437,-90000.60137230347,163284280.4140944,920066.6995754495,77581012.57258625,1239409.400059312,25317622.433835402,221695.47382133355
2018-08-30,265738941.74956238,-90000.60137230347,162995720.67680383,920066.6995754495,77639748.16438669,1239409.400059312,25193473.509744167,221695.47382133355
2018-08-31,265846534.7255543,-93078.86475660882,159563768.15418655,899536.0295190231,79781884.07709327,1273283.8038567156,26593961.359031092,234287.38312518052
2018-09-04,264903671.37112352,-93078.86475660882,158879810.0189489,899536.0295190231,79658865.96910577,1273283.8038567156,26458074.247825474,234287.38312518052
2018-09-05,262963523.26846796,-93078.86475660882,156828127.77486345,899536.0295190231,79679028.1741145,1273283.8038567156,26549446.184246622,234287.38312518052
2018-09-06,261734040.18117198,-93078.86475660882,155426089.08969423,899536.0295190231,79800040.26170485,1273283.8038567156,26600989.694529504,234287.38312518052
2018-09-07,260810933.77065134,-93078.86475660882,154827670.33031052,899536.0295190231,79547981.12734608,1273283.8038567156,26528361.177751377,234287.38312518052
2018-09-10,261364064.3426285,-93078.86475660882,155349155.8095817,899536.0295190231,79598369.63969508,1273283.8038567156,26509617.75810835,234287.38312518052
2018-09-11,262405935.30712223,-93078.86475660882,156545993.3283491,899536.0295190231,79427003.04010145,1273283.8038567156,26526017.80342828,234287.38312518052
2018-09-12,262227374.2659387,-93078.86475660882,156084407.37350452,899536.0295190231,79487455.65478194,1273283.8038567156,26748590.102408852,234287.38312518052
2018-09-13,263848687.09540713,-93078.86475660882,157751354.58787474,899536.0295190231,79537878.16747662,1273283.8038567156,26652533.204812385,234287.38312518052
2018-09-14,263082680.14330247,-93078.86475660882,157289768.63303015,899536.0295190231,79406831.12070823,1273283.8038567156,26479159.254320715,234287.38312518052
2018-09-17,260945396.50627017,-93078.86475660882,155024347.75595412,899536.0295190231,79396737.87522325,1273283.8038567156,26617389.73984943,234287.38312518052
2018-09-18,262006373.63153803,-93078.86475660882,156306642.29559228,899536.0295190231,79215248.8869912,1273283.8038567156,26577561.313711155,234287.38312518052
2018-09-19,261868752.67764133,-93078.86475660882,156186953.05338332,899536.0295190231,79094231.94220859,1273283.8038567156,26680646.546806037,234287.38312518052
2018-09-20,263787849.53284818,-93078.86475660882,157913813.51801065,899536.0295190231,79195096.39636695,1273283.8038567156,26772018.48322719,234287.38312518052
2018-09-21,262792113.67194045,-93078.86475660882,157050403.8744428,899536.0295190231,79245514.05186939,1273283.8038567156,26589274.61038489,234287.38312518052
2018-09-24,263123321.02977145,-93078.86475660882,157487146.0760307,899536.0295190231,79144664.16928777,1273283.8038567156,26584589.649209574,234287.38312518052
2018-09-25,263319252.92121175,-93078.86475660882,157701310.20976767,899536.0295190231,79084260.12652974,1273283.8038567156,26626761.44967094,234287.38312518052
2018-09-26,263491614.5273124,-93078.86475660882,157812626.6953542,899536.0295190231,79285877.31942482,1273283.8038567156,26486189.377290007,234287.38312518052
2018-09-27,264653768.90178734,-93078.86475660882,159148630.40985057,899536.0295190231,79346315.36252856,1273283.8038567156,26251901.994164824,234287.38312518052
2018-09-28,264785839.33047992,-93078.86475660882,159114357.01102078,899536.0295190231,79346315.36252856,1273283.8038567156,26418245.821687207,234287.38312518052
2018-10-01,264918221.79003894,-93078.86475660882,159439782.72702217,899536.0295190231,79197787.28087065,1273283.8038567156,26373730.646902736,234287.38312518052
2018-10-02,265004557.85520038,-93078.86475660882,159080083.612191,899536.0295190231,79339248.14781219,1273283.8038567156,26678304.959953826,234287.38312518052
2018-10-03,264666223.16676852,-93078.86475660882,159251409.42884836,899536.0295190231,78935018.03761181,1273283.8038567156,26572874.565064967,234287.38312518052
2018-10-04,261420749.96288222,-93078.86475660882,156193980.67861393,899536.0295190231,78732915.12549224,1273283.8038567156,26586933.023532674,234287.38312518052
2018-10-05,259444423.7955921,-93078.86475660882,154284182.34470206,899536.0295190231,78591415.40101273,1273283.8038567156,26661904.914633892,234287.38312518052
2018-10-08,258176755.88795152,-93078.86475660882,153342055.06305295,899536.0295190231,78561077.37825087,1273283.8038567156,26366702.31140432,234287.38312518052
2018-10-09,258839232.23940888,-93078.86475660882,153838847.77320328,899536.0295190231,78712704.34856105,1273283.8038567156,26380758.98240115,234287.38312518052
2018-10-10,252078407.95669407,-93078.86475660882,147073070.21157905,899536.0295190231,78652057.44619077,1273283.8038567156,26446359.16368086,234287.38312518052
2018-10-11,251155987.67986557,-93078.86475660882,145248907.33433482,899536.0295190231,78874366.27804928,1273283.8038567156,27125792.93223806,234287.38312518052
2018-10-12,255049261.89757767,-93078.86475660882,149291205.60248426,899536.0295190231,78854199.2158483,1273283.8038567156,26996935.944001738,234287.38312518052
2018-10-15,253402388.58952144,-93078.86475660882,147484186.28757018,899536.0295190231,78833944.72418693,1273283.8038567156,27177336.442520943,234287.38312518052
2018-10-16,257706873.3534796,-93078.86475660882,151774880.91079476,899536.0295190231,78894591.6265572,1273283.8038567156,27130479.680884253,234287.38312518052
2018-10-17,257622986.37391812,-93078.86475660882,151834807.8868824,899536.0295190231,78753121.04523118,1273283.8038567156,27128136.306561157,234287.38312518052
2018-10-18,254083035.13265473,-93078.86475660882,148314914.7286496,899536.0295190231,78702606.24588382,1273283.8038567156,27158593.02287792,234287.38312518052
2018-10-19,253926674.56084573,-93078.86475660882,148177903.4883136,899536.0295190231,78662170.12044473,1273283.8038567156,27179679.816844042,234287.38312518052
2018-10-22,254588276.44051543,-93078.86475660882,148940140.03505555,899536.0295190231,78631822.38329837,1273283.8038567156,27109392.88691813,234287.38312518052
2018-10-23,254310571.4146078,-93078.86475660882,148391957.81540632,899536.0295190231,78742984.085016,1273283.8038567156,27268708.37894209,234287.38312518052
2018-10-24,247794633.88529575,-93078.86475660882,141600526.67652425,899536.0295190231,78955219.1001585,1273283.8038567156,27331966.973369583,234287.38312518052
2018-10-25,252541540.09625918,-93078.86475660882,146499289.3179941,899536.0295190231,78864277.88975653,1273283.8038567156,27271051.753265187,234287.38312518052
2018-10-26,249001486.3870818,-93078.86475660882,142731040.9821777,899536.0295190231,79005787.32862054,1273283.8038567156,27357736.941040143,234287.38312518052
2018-10-29,245885411.49376443,-93078.86475660882,139793507.36161017,899536.0295190231,78935018.03761181,1273283.8038567156,27249964.95929907,234287.38312518052
2018-10-30,247958517.62392822,-93078.86475660882,142097250.75752193,899536.0295190231,78823866.05027866,1273283.8038567156,27130479.680884253,234287.38312518052
2018-10-31,250896774.69911703,-87844.61676052735,150590771.58952653,931410.2479859835,75295385.79476327,1218786.5538265556,25098461.93158776,217963.19234913003
2018-11-01,253345307.18606102,-87844.61676052735,152577110.2505566,931410.2479859835,75434995.02723971,1218786.5538265556,25421046.525025245,217963.19234913003
2018-11-02,250691952.50461677,-87844.61676052735,150200575.84431085,931410.2479859835,75153814.55695496,1218786.5538265556,25425406.720111456,217963.19234913003
2018-11-05,250316687.88205028,-87844.61676052735,149828145.339726,931410.2479859835,75212009.86676274,1218786.5538265556,25364377.29232205,217963.19234913003
2018-11-06,251370103.99253505,-87844.61676052735,150963202.09411138,931410.2479859835,75202297.47543986,1218786.5538265556,25292449.03974431,217963.19234913003
2018-11-07,256171107.00788546,-87844.61676052735,155698491.4537795,931410.2479859835,75270191.2286653,1218786.5538265556,25290268.94220121,217963.19234913003
2018-11-08,254997365.45092085,-87844.61676052735,154705357.65374574,931410.2479859835,75144074.26982169,1218786.5538265556,25235778.144113924,217963.19234913003
2018-11-09,252291204.77980432,-87844.61676052735,152098273.06068927,931410.2479859835,75328349.34405918,1218786.5538265556,24952426.991816368,217963.19234913003
2018-11-12,247626550.47520524,-87844.61676052735,147495967.18628734,931410.2479859835,75444730.66507125,1218786.5538265556,24773697.24060717,217963.19234913003
2018-11-13,247720569.98150164,-87844.61676052735,147620068.05123812,931410.2479859835,75405932.24209884,1218786.5538265556,24782414.30492521,217963.19234913003
2018-11-14,246857448.66579932,-87844.61676052735,146493865.49278313,931410.2479859835,75464127.5519066,1218786.5538265556,24987300.23787009,217963.19234913003
2018-11-15,249458267.1788753,-87844.61676052735,149056664.89399505,931410.2479859835,75473812.04741907,1218786.5538265556,25015634.85422169,217963.19234913003
2018-11-16,249285241.35751045,-87844.61676052735,148533514.0878982,931410.2479859835,75638666.98831256,1218786.5538265556,25200904.898060203,217963.19234913003
2018-11-19,244472065.5931268,-87844.61676052735,143709441.1616534,931410.2479859835,75638666.98831256,1218786.5538265556,25211802.059921347,217963.19234913003
2018-11-20,241852013.5577927,-87844.61676052735,141137830.20108858,931410.2479859835,75590225.91354327,1218786.5538265556,25211802.059921347,217963.19234913003
2018-11-21,243043959.73194265,-87844.61676052735,142210793.88642108,931410.2479859835,75667794.86367771,1218786.5538265556,25253215.59860438,217963.19234913003
2018-11-23,241986032.18323883,-87844.61676052735,141182214.87828067,931410.2479859835,75658063.8751479,1218786.5538265556,25233598.04657082,217963.19234913003
2018-11-26,245162777.72598174,-87844.61676052735,144445476.3992777,931410.2479859835,75599882.51324534,1218786.5538265556,25205263.43021922,217963.19234913003
2018-11-27,245548594.35410792,-87844.61676052735,144933181.99726793,931410.2479859835,75648388.6782389,1218786.5538265556,25054868.295361623,217963.19234913003
2018-11-28,250345492.4489664,-87844.61676052735,149597566.72853026,931410.2479859835,75687177.80260785,1218786.5538265556,25148592.534588832,217963.19234913003
2018-11-29,249994383.68855226,-87844.61676052735,149109846.91834754,931410.2479859835,75745321.97009654,1218786.5538265556,25227059.416868694,217963.19234913003
2018-11-30,250973927.8687032,-87871.62982445488,150637079.6991166,934171.9481293953,75318539.8495583,1211453.88678876,25106179.94985277,217294.26822670872
2018-12-03,253913487.28669256,-87871.62982445488,153269683.8976658,934171.9481293953,75436448.45882468,1211453.88678876,25295226.560026538,217294.26822670872
2018-12-04,248372368.03865615,-87871.62982445488,147390726.69730493,934171.9481293953,75620007.67964701,1211453.88678876,25449505.29152866,217294.26822670872
2018-12-06,249552615.9067542,-87871.62982445488,148431321.49340695,934171.9481293953,75755315.59572096,1211453.88678876,25453850.447450764,217294.26822670872
2018-12-07,245013098.11071885,-87871.62982445488,143530795.94422328,934171.9481293953,75909894.45718336,1211453.88678876,25660279.339136656,217294.26822670872
2018-12-10,246504353.5782643,-87871.62982445488,145033872.56492642,934171.9481293953,75987163.09193031,1211453.88678876,25571189.55123203,217294.26822670872
2018-12-11,246963885.4311474,-87871.62982445488,145514143.79674286,934171.9481293953,75996844.77792282,1211453.88678876,25540768.486306187,217294.26822670872
2018-12-12,248221630.5183058,-87871.62982445488,146794838.57292137,934171.9481293953,75919571.52184604,1211453.88678876,25595092.053362865,217294.26822670872
2018-12-13,248267601.69181618,-87871.62982445488,146839369.10829055,934171.9481293953,75977509.13391678,1211453.88678876,25538595.079433285,217294.26822670872
2018-12-14,244657715.1169021,-87871.62982445488,143263954.83599296,934171.9481293953,76045165.40261866,1211453.88678876,25436466.50811494,217294.26822670872
2018-12-17,241732296.89346626,-87871.62982445488,140017616.088514,934171.9481293953,76190076.44207802,1211453.88678876,25612475.99269869,217294.26822670872
2018-12-18,242789704.65717873,-87871.62982445488,140898163.23700863,934171.9481293953,76306094.92744419,1211453.88678876,25673318.122550376,217294.26822670872
2018-12-19,239308684.88288328,-87871.62982445488,137438380.11161083,934171.9481293953,76441310.41692156,1211453.88678876,25516865.984175354,217294.26822670872
2018-12-20,237603579.78260246,-87871.62982445488,135446180.31848168,934171.9481293953,76335103.01478311,1211453.88678876,25910168.07916211,217294.26822670872
2018-12-21,233292586.7307301,-87871.62982445488,131248179.55664477,934171.9481293953,76335103.01478311,1211453.88678876,25797175.789126653,217294.26822670872
2018-12-24,230337728.81110954,-87871.62982445488,127993459.2615355,934171.9481293953,76352483.83627135,1211453.88678876,26079657.343127154,217294.26822670872
2018-12-26,238086642.8407677,-87871.62982445488,135985264.92703736,934171.9481293953,76187816.61179146,1211453.88678876,26001432.931763344,217294.26822670872
2018-12-27,238975288.4420544,-87871.62982445488,136511506.3818262,934171.9481293953,76352483.83627135,1211453.88678876,26199169.853781324,217294.26822670872
2018-12-28,239194509.907861,-87871.62982445488,136440163.44663963,934171.9481293953,76536574.51002406,1211453.88678876,26305643.58102178,217294.26822670872
2018-12-31,240495873.35865477,-84203.02673488639,144348045.8312338,980050.5225294954,72174022.9156169,1139517.8597377515,24058007.638538968,198416.55784362037
2019-01-02,241237768.8774012,-84203.02673488639,144928246.0291876,980050.5225294954,72319844.54847047,1139517.8597377515,24073881.326478023,198416.55784362037
2019-01-03,237003606.68277898,-84203.02673488639,140193358.99695593,980050.5225294954,72602311.47521156,1139517.8597377515,24292139.23734637,198416.55784362037
2019-01-04,242586603.85502553,-84203.02673488639,146191472.7708122,980050.5225294954,72383626.84200352,1139517.8597377515,24095707.268944677,198416.55784362037
2019-01-07,244301154.29339153,-84203.02673488639,147932013.5471368,980050.5225294954,72274301.91306216,1139517.8597377515,24179041.859927434,198416.55784362037
2019-01-08,245482612.46670195,-84203.02673488639,149270086.98165175,980050.5225294954,72183164.4792576,1139517.8597377515,24113564.03252747,198416.55784362037
2019-01-09,246954138.78132522,-84203.02673488639,150486626.1358231,980050.5225294954,72283386.96679924,1139517.8597377515,24268328.705437787,198416.55784362037
2019-01-10,247095837.9011633,-84203.02673488639,150916998.3585385,980050.5225294954,72137574.027777,1139517.8597377515,24125468.541582663,198416.55784362037
2019-01-11,246731278.5569584,-84203.02673488639,150364957.2660218,980050.5225294954,72283386.96679924,1139517.8597377515,24167137.350872237,198416.55784362037
2019-01-14,245396216.62908015,-84203.02673488639,149036155.54970703,980050.5225294954,72219587.28560352,1139517.8597377515,24224676.820504475,198416.55784362037
2019-01-15,248273916.82840878,-84203.02673488639,151946368.44013938,980050.5225294954,72228741.88999121,1139517.8597377515,24183009.525013097,198416.55784362037
2019-01-16,248350507.20116287,-84203.02673488639,151918269.1522391,980050.5225294954,72256049.21419041,1139517.8597377515,24260391.86146825,198416.55784362037
2019-01-17,249434521.3969017,-84203.02673488639,153116055.50863135,980050.5225294954,72174022.9156169,1139517.8597377515,24228645.999388337,198416.55784362037
2019-01-18,250679467.593065,-84203.02673488639,154631921.61682725,980050.5225294954,72119377.83880888,1139517.8597377515,24012371.164163727,198416.55784362037
2019-01-22,247795056.69057965,-84203.02673488639,151534644.33451375,980050.5225294954,72246925.03821236,1139517.8597377515,24097690.344588414,198416.55784362037
2019-01-23,248030746.35762334,-84203.02673488639,151731144.9428212,980050.5225294954,72319844.54847047,1139517.8597377515,24063959.893066566,198416.55784362037
2019-01-24,249130363.7761207,-84203.02673488639,152713603.12120593,980050.5225294954,72474703.4189888,1139517.8597377515,24026260.262660854,198416.55784362037
2019-01-25,251224273.9389091,-84203.02673488639,154538337.080542,980050.5225294954,72392681.46733095,1139517.8597377515,24377458.417771053,198416.55784362037
2019-01-28,249428034.1580047,-84203.02673488639,152629409.93819442,980050.5225294954,72420049.64834943,1139517.8597377515,24462777.59819574,198416.55784362037
2019-01-29,248269735.07140765,-84203.02673488639,151188420.43165725,980050.5225294954,72565832.15896201,1139517.8597377515,24599685.50752326,198416.55784362037
2019-01-30,252329430.17169046,-84203.02673488639,155034329.1411001,980050.5225294954,72638742.9753888,1139517.8597377515,24740561.081936445,198416.55784362037
2019-01-31,254909891.70193413,-89249.69949049862,152999484.84085476,952923.2865351088,76499742.42042738,1194542.6449996768,25499914.140142463,204408.1293798995
2019-02-01,254000181.64929402,-89249.69949049862,152353452.40645605,952923.2865351088,76287166.83453095,1194542.6449996768,25448812.10779749,204408.1293798995
2019-02-04,255715239.62532917,-89249.69949049862,154245921.76053804,952923.2865351088,76220136.03349051,1194542.6449996768,25338431.53079111,204408.1293798995
2019-02-05,257308238.73428002,-89249.69949049862,155610717.98735625,952923.2865351088,76382928.37660198,1194542.6449996768,25403842.069812268,204408.1293798995
2019-02-06,256643739.03470525,-89249.69949049862,155146673.89301908,952923.2865351088,76354174.85147858,1194542.6449996768,25232139.989698075,204408.1293798995
2019-02-07,254678971.11427364,-89249.69949049862,153063113.87378135,952923.2865351088,76411645.44717687,1194542.6449996768,25293461.492805887,204408.1293798995
2019-02-08,255190185.54182315,-89249.69949049862,153363374.27824533,952923.2865351088,76526527.39993219,1194542.6449996768,25389533.563136086,204408.1293798995
2019-02-11,254891204.0346996,-89249.69949049862,153217780.698105,952923.2865351088,76497828.55663152,1194542.6449996768,25264844.479453526,204408.1293798995
2019-02-12,257200329.6253212,-89249.69949049862,155483329.05740425,952923.2865351088,76488259.23765227,1194542.6449996768,25317991.029755175,204408.1293798995
2019-02-13,257094402.31331843,-89249.69949049862,155592484.2562571,952923.2865351088,76373336.27352992,1194542.6449996768,25217831.4830219,204408.1293798995
2019-02-14,257560605.98299673,-89249.69949049862,155783604.00232363,952923.2865351088,76507379.64833654,1194542.6449996768,25358872.03182705,204408.1293798995
2019-02-15,258395671.90346846,-89249.69949049862,156438680.59999484,952923.2865351088,76536105.83254857,1194542.6449996768,25510135.17041556,204408.1293798995
2019-02-19,259160377.78364012,-89249.69949049862,156747999.7081867,952923.2865351088,76603118.40631476,1194542.6449996768,25898509.368629165,204408.1293798995
2019-02-20,259059398.0597637,-89249.69949049862,156720678.19244877,952923.2865351088,76574428.67665122,1194542.6449996768,25853540.890154205,204408.1293798995
2019-02-21,258040654.69777337,-89249.69949049862,156147493.4397142,952923.2865351088,76421173.7547891,1194542.6449996768,25561237.202760536,204408.1293798995
2019-02-22,259460570.39803296,-89249.69949049862,157303023.43209922,952923.2865351088,76593576.42824687,1194542.6449996768,25653220.237177387,204408.1293798995
2019-02-25,259978452.78434104,-89249.69949049862,157876222.72528923,952923.2865351088,76564832.0167606,1194542.6449996768,25626647.7417817,204408.1293798995
2019-02-26,260290415.59619743,-89249.69949049862,158039933.71288535,952923.2865351088,76670158.32099232,1194542.6449996768,25669573.26181024,204408.1293798995
2019-02-27,259855263.0261046,-89249.69949049862,157939895.37958208,952923.2865351088,76516967.19459005,1194542.6449996768,25487650.15142295,204408.1293798995
2019-02-28,259171346.71157727,-90741.73095485645,155557253.06551927,940715.2777232258,77778626.53275964,1215607.9615967134,25926208.844253216,209099.19582980315
2019-03-01,259567708.0710727,-90741.73095485645,156635093.78648117,940715.2777232258,77538346.60211809,1215607.9615967134,25485009.41342831,209099.19582980315
2019-03-04,259664466.32573983,-90741.73095485645,156662036.57481563,940715.2777232258,77675073.74730426,1215607.9615967134,25418097.73457479,209099.19582980315
2019-03-05,259873227.04854906,-90741.73095485645,156778736.02561963,940715.2777232258,77733678.3822326,1215607.9615967134,25451554.371651683,209099.19582980315
2019-03-06,259058739.5831113,-90741.73095485645,155889595.3022308,940715.2777232258,77831332.67934895,1215607.9615967134,25428553.332486384,209099.19582980315
2019-03-07,257349362.24736816,-90741.73095485645,153976456.372021,940715.2777232258,78056003.87433857,1215607.9615967134,25407643.731963456,209099.19582980315
2019-03-08,257491565.10214245,-90741.73095485645,153742899.57447714,940715.2777232258,78153662.80863127,1215607.9615967134,25685744.449988894,209099.19582980315
2019-03-11,260524602.2021934,-90741.73095485645,156940450.17233026,940715.2777232258,78114608.50926693,1215607.9615967134,25560285.251551062,209099.19582980315
2019-03-12,261727149.1624614,-90741.73095485645,157802719.8782646,940715.2777232258,78300151.21007033,1215607.9615967134,25715019.805081308,209099.19582980315
2019-03-13,263053502.75507593,-90741.73095485645,158988331.7525643,940715.2777232258,78261069.08764778,1215607.9615967134,25894843.645818695,209099.19582980315
2019-03-14,262416720.96258986,-90741.73095485645,158718875.1608678,940715.2777232258,78192754.20540656,1215607.9615967134,25595833.32727033,209099.19582980315
2019-03-15,264153274.2972416,-90741.73095485645,160191900.70102832,940715.2777232258,78339186.96072921,1215607.9615967134,25712928.366438936,209099.19582980315
2019-03-18,264500567.56547156,-90741.73095485645,160573377.2821558,940715.2777232258,78290366.76793559,1215607.9615967134,25727565.24633501,209099.19582980315
2019-03-19,265072547.83118623,-90741.73095485645,161113309.6120441,940715.2777232258,78251321.74292397,1215607.9615967134,25798658.207173016,209099.19582980315
2019-03-20,266220513.07022217,-90741.73095485645,161752142.21450797,940715.2777232258,78593174.38471211,1215607.9615967134,25965938.201956965,209099.19582980315
2019-03-21,268664027.30774057,-90741.73095485645,164280702.0861409,940715.2777232258,78612678.34851246,1215607.9615967134,25861388.604042064,209099.19582980315
2019-03-22,265546092.97626448,-90741.73095485645,160672392.3881393,940715.2777232258,79042414.75681129,1215607.9615967134,25922027.562268738,209099.19582980315
2019-03-25,265536515.52187985,-90741.73095485645,160366447.4810746,940715.2777232258,79140138.61157314,1215607.9615967134,26120671.16018695,209099.19582980315
2019-03-26,266173268.95928556,-90741.73095485645,161113309.6120441,940715.2777232258,79159670.39843169,1215607.9615967134,25991030.679764632,209099.19582980315
2019-03-27,265149021.30885732,-90741.73095485645,160078488.3565262,940715.2777232258,79306158.79987074,1215607.9615967134,25855115.88341521,209099.19582980315
2019-03-28,265191055.22377294,-90741.73095485645,160447419.38783786,940715.2777232258,79345185.27617688,1215607.9615967134,25489192.290713057,209099.19582980315
2019-03-29,266370207.55939388,-90741.73095485645,161662184.59357458,940715.2777232258,79286571.3668958,1215607.9615967134,25512193.32987836,209099.19582980315
2019-04-01,268098151.60337406,-90741.73095485645,163803784.58885154,940715.2777232258,78973283.73152944,1215607.9615967134,25411825.013947934,209099.19582980315
2019-04-02,268852317.0269264,-90741.73095485645,164424688.8255031,940715.2777232258,79012449.32312661,1215607.9615967134,25505920.609251503,209099.19582980315
2019-04-03,269651787.34726477,-90741.73095485645,165369509.39755964,940715.2777232258,78904736.99046987,1215607.9615967134,25468282.690190125,209099.19582980315
2019-04-04,269731942.48677677,-90741.73095485645,165306494.5649607,940715.2777232258,78983086.72236966,1215607.9615967134,25533102.930401284,209099.19582980315
2019-04-05,270618356.707323,-90741.73095485645,166161328.80773187,940715.2777232258,79041849.0212945,1215607.9615967134,25505920.609251503,209099.19582980315
2019-04-08,271073713.47829604,-90741.73095485645,166584231.54076838,940715.2777232258,78963480.74068925,1215607.9615967134,25616742.92779326,209099.19582980315
2019-04-09,270740106.90429264,-90741.73095485645,165999341.9316774,940715.2777232258,79080940.41806978,1215607.9615967134,25750566.28550031,209099.19582980315
2019-04-10,271818086.3593898,-90741.73095485645,166890133.38530514,940715.2777232258,79188671.299432,1215607.9615967134,25830023.40560754,209099.19582980315
2019-04-11,270954769.7683996,-90741.73095485645,166494259.56565902,940715.2777232258,79051605.64037104,1215607.9615967134,25499646.293324392,209099.19582980315
2019-04-12,271502672.1619221,-90741.73095485645,167214121.49159008,940715.2777232258,78904736.99046987,1215607.9615967134,25474555.41081698,209099.19582980315
2019-04-15,271501184.83166796,-90741.73095485645,167241121.6966285,940715.2777232258,78924342.97215028,1215607.9615967134,25426461.893844012,209099.19582980315
2019-04-16,271712114.0988764,-90741.73095485645,167816996.88319737,940715.2777232258,78787314.41050027,1215607.9615967134,25198544.536133654,209099.19582980315
2019-04-17,272248895.8368185,-90741.73095485645,168401872.1381124,940715.2777232258,78787314.41050027,1215607.9615967134,25150451.01916068,209099.19582980315
2019-04-18,272591330.858319,-90741.73095485645,168617830.71589172,940715.2777232258,78894971.0970406,1215607.9615967134,25169270.7763415,209099.19582980315
2019-04-22,272989916.2871202,-90741.73095485645,169094719.50482908,940715.2777232258,78816667.73690449,1215607.9615967134,25169270.7763415,209099.19582980315
2019-04-23,275225255.75925994,-90741.73095485645,171245305.21427622,940715.2777232258,78953696.29855451,1215607.9615967134,25116995.977384053,209099.19582980315
2019-04-24,274964201.2742052,-90741.73095485645,170705444.65526786,940715.2777232258,79159317.97302778,1215607.9615967134,25190180.376864426,209099.19582980315
2019-04-25,275658431.5344095,-90741.73095485645,171398306.37616053,940715.2777232258,79139776.91181651,1215607.9615967134,25211089.977387358,209099.19582980315
2019-04-26,276154788.7016814,-90741.73095485645,171551235.76716492,940715.2777232258,79315924.69330001,1215607.9615967134,25378369.972171307,209099.19582980315
2019-04-29,276208428.8941934,-90741.73095485645,171884180.87926805,940715.2777232258,79149533.53089304,1215607.9615967134,25265456.214987174,209099.19582980315
2019-04-30,274975227.4870988,-96275.02587954242,165042901.507787,910326.4005780917,82521450.7538935,1265517.0642763032,27507150.25129783,226956.69095639177
2019-05-01,274267665.2391819,-96275.02587954242,164511757.38996923,910326.4005780917,82526596.93763418,1265517.0642763032,27325585.937457997,226956.69095639177
2019-05-02,273265366.9349633,-96275.02587954242,163797731.23189864,910326.4005780917,82342724.66154106,1265517.0642763032,27221186.06740311,226956.69095639177
2019-05-03,276192002.862336,-96275.02587954242,166410030.18512002,910326.4005780917,82495922.59289841,1265517.0642763032,27382325.110197093,226956.69095639177
2019-05-06,275311730.1313013,-96275.02587954242,165391274.70918012,910326.4005780917,82598093.16765253,1265517.0642763032,27418637.280348208,226956.69095639177
2019-05-07,272303269.9988948,-96275.02587954242,162169392.1059134,910326.4005780917,82720732.61582178,1265517.0642763032,27509420.30303919,226956.69095639177
2019-05-08,271764670.11937636,-96275.02587954242,161760178.6085832,910326.4005780917,82659432.20199509,1265517.0642763032,27441334.334677555,226956.69095639177
2019-05-09,271041454.6203316,-96275.02587954242,160889426.18132126,910326.4005780917,82741153.21359204,1265517.0642763032,27507150.25129783,226956.69095639177
2019-05-10,271283646.8125731,-96275.02587954242,161089671.3197297,910326.4005780917,82730899.46662654,1265517.0642763032,27559351.052096337,226956.69095639177
2019-05-13,266148554.96765223,-96275.02587954242,155499448.2375664,910326.4005780917,82904604.89191489,1265517.0642763032,27840776.86405047,226956.69095639177
2019-05-14,267858671.82213545,-96275.02587954242,157206101.88147244,910326.4005780917,82955728.79980783,1265517.0642763032,27793116.16673468,226956.69095639177
2019-05-15,270185782.9781658,-96275.02587954242,159426508.76408365,910326.4005780917,83078319.97233222,1265517.0642763032,27777229.26762942,226956.69095639177
2019-05-16,271465667.78635716,-96275.02587954242,161028706.0094859,910326.4005780917,82955728.79980783,1265517.0642763032,27577508.002942964,226956.69095639177
2019-05-17,269645250.3584557,-96275.02587954242,159383031.56630215,910326.4005780917,82976168.70783603,1265517.0642763032,27382325.110197093,226956.69095639177
2019-05-20,266850144.93425348,-96275.02587954242,156692376.42372435,910326.4005780917,82873988.47795294,1265517.0642763032,27380055.05845573,226956.69095639177
2019-05-21,268382714.65123153,-96275.02587954242,158329383.20830882,910326.4005780917,82833099.00676757,1265517.0642763032,27316507.462034684,226956.69095639177
2019-05-22,267803479.24075052,-96275.02587954242,157624108.0517086,910326.4005780917,82986374.17915669,1265517.0642763032,27289272.035764746,226956.69095639177
2019-05-23,265898837.7223865,-96275.02587954242,155212109.7988097,910326.4005780917,83282661.12184046,1265517.0642763032,27500341.827615883,226956.69095639177
2019-05-24,265849931.44912732,-96275.02587954242,155133698.0475392,910326.4005780917,83282661.12184046,1265517.0642763032,27529847.305627175,226956.69095639177
2019-05-28,265333603.10624883,-96275.02587954242,154550353.51142657,910326.4005780917,83456347.23687087,1265517.0642763032,27423177.383830927,226956.69095639177
2019-05-29,264050973.55746782,-96275.02587954242,153279027.46447664,910326.4005780917,83435965.25961648,1265517.0642763032,27432255.859254245,226956.69095639177
2019-05-30,265106199.71056,-96275.02587954242,153923406.7632257,910326.4005780917,83660707.69663705,1265517.0642763032,27618360.276576795,226956.69095639177
2019-05-31,263298552.37207857,-92186.75869577102,158034443.4784646,949791.8404961812,79017221.7392323,1190042.9849203345,26339073.913077436,213565.827633396
2019-06-03,260423519.43864492,-92186.75869577102,154554868.5491371,949791.8404961812,79241616.82263918,1190042.9849203345,26719220.82556441,213565.827633396
2019-06-04,264648904.18126622,-92186.75869577102,158906583.57516533,949791.8404961812,79106743.71060158,1190042.9849203345,26727763.6541951,213565.827633396
2019-06-05,265898354.58072805,-92186.75869577102,160087692.9749596,949791.8404961812,79106743.71060158,1190042.9849203345,26796104.65386267,213565.827633396
2019-06-06,267238559.09664854,-92186.75869577102,161359584.4806021,949791.8404961812,79087495.57882644,1190042.9849203345,26883665.79591582,213565.827633396
2019-06-07,270718258.32688606,-92186.75869577102,164475741.13306984,949791.8404961812,79299406.6145018,1190042.9849203345,27035297.33801018,213565.827633396
2019-06-10,272202330.8339526,-92186.75869577102,166392687.0367324,949791.8404961812,79135624.98757173,1190042.9849203345,26766205.568344228,213565.827633396
2019-06-11,272339696.655405,-92186.75869577102,166619859.69145313,949791.8404961812,79077853.354324,1190042.9849203345,26734170.368323628,213565.827633396
2019-06-12,271650231.8774402,-92186.75869577102,165656749.08415067,949791.8404961812,79212681.06982438,1190042.9849203345,26872988.482160926,213565.827633396
2019-06-13,272930740.0915862,-92186.75869577102,166637975.5331374,949791.8404961812,79347517.86463222,1190042.9849203345,27037433.452512342,213565.827633396
2019-06-14,272223216.5581945,-92186.75869577102,165929370.7624889,949791.8404961812,79357141.93051977,1190042.9849203345,27028890.623881653,213565.827633396
2019-06-17,273205489.31365544,-92186.75869577102,166928727.54583323,949791.8404961812,79357141.93051977,1190042.9849203345,27011806.595998228,213565.827633396
2019-06-18,275950837.8913355,-92186.75869577102,169354409.7620101,949791.8404961812,79540126.29268779,1190042.9849203345,27148488.595333368,213565.827633396
2019-06-19,277020918.52976793,-92186.75869577102,169990362.76116803,949791.8404961812,79809808.96161088,1190042.9849203345,27312933.565684777,213565.827633396
2019-06-20,279414585.4185469,-92186.75869577102,171571180.091884,949791.8404961812,79934976.29399393,1190042.9849203345,28000615.791364785,213565.827633396
2019-06-21,279124530.61747396,-92186.75869577102,171316804.68929017,949791.8404961812,79713495.66827565,1190042.9849203345,28186417.018603947,213565.827633396
2019-06-24,279693031.1793621,-92186.75869577102,171322253.9344688,949791.8404961812,79857956.52897106,1190042.9849203345,28605007.474618006,213565.827633396
2019-06-25,276836445.6093398,-92186.75869577102,168381270.22475123,949791.8404961812,79886828.72663377,1190042.9849203345,28660533.41665056,213565.827633396
2019-06-26,277173847.98388344,-92186.75869577102,169164323.8583854,949791.8404961812,79703862.52308065,1190042.9849203345,28397848.36111314,213565.827633396
2019-06-27,278023671.8344106,-92186.75869577102,169810798.53839356,949791.8404961812,79934976.29399393,1190042.9849203345,28370083.760718904,213565.827633396
2019-06-28,278386560.76513374,-92186.75869577102,170029362.5451459,949791.8404961812,80002417.38966645,1190042.9849203345,28446967.589017164,213565.827633396
2019-07-01,280124182.68242776,-92186.75869577102,172323813.60416198,949791.8404961812,79996588.47428927,1190042.9849203345,27895967.36267229,213565.827633396
2019-07-02,281557426.84334207,-92186.75869577102,173006722.86496544,949791.8404961812,80151072.89039965,1190042.9849203345,28491817.84667278,213565.827633396
2019-07-03,283051239.2340319,-92186.75869577102,174308744.63849726,949791.8404961812,80295878.76477781,1190042.9849203345,28538802.5894526,213565.827633396
2019-07-05,282001526.39418614,-92186.75869577102,173953674.14148554,949791.8404961812,79919450.67826965,1190042.9849203345,28220588.33312671,213565.827633396
2019-07-08,280590115.6186165,-92186.75869577102,172733564.95771337,949791.8404961812,79909681.34346302,1190042.9849203345,28039056.07613596,213565.827633396
2019-07-09,281447182.78664625,-92186.75869577102,173598545.6737805,949791.8404961812,79803526.08086164,1190042.9849203345,28137297.79069992,213565.827633396
2019-07-10,283688975.1338226,-92186.75869577102,175328507.10591474,949791.8404961812,79871139.68337554,1190042.9849203345,28581515.103228096,213565.827633396
2019-07-11,283059541.9649927,-92186.75869577102,175201044.04382423,949791.8404961812,79610500.00466378,1190042.9849203345,28340184.675200466,213565.827633396
2019-07-12,284315063.91879934,-92186.75869577102,176211719.6050529,949791.8404961812,79678086.36925535,1190042.9849203345,28517444.703186896,213565.827633396
2019-07-15,284995412.6694199,-92186.75869577102,176776252.70995474,949791.8404961812,79793902.01497407,1190042.9849203345,28517444.703186896,213565.827633396
2019-07-16,283737335.90118235,-92186.75869577102,175865707.0288834,949791.8404961812,79687701.35583548,1190042.9849203345,28276114.275159262,213565.827633396
2019-07-17,283579296.4403478,-92186.75869577102,175000755.29816297,949791.8404961812,79929038.42692746,1190042.9849203345,28741689.473953143,213565.827633396
2019-07-18,284330155.7500809,-92186.75869577102,175201044.04382423,949791.8404961812,80073835.22199818,1190042.9849203345,29147463.242954228,213565.827633396
2019-07-19,282530190.74097854,-92186.75869577102,173917225.06801683,949791.8404961812,79986955.32909426,1190042.9849203345,28718197.102563232,213565.827633396
2019-07-22,283996776.24618953,-92186.75869577102,175301202.90932822,949791.8404961812,80073835.22199818,1190042.9849203345,28713924.87355891,213565.827633396
2019-07-23,284914111.96862257,-92186.75869577102,176448442.9315095,949791.8404961812,80006239.77809916,1190042.9849203345,28551616.017709658,213565.827633396
2019-07-24,286374864.9110692,-92186.75869577102,177686725.9276594,949791.8404961812,80083486.52580807,1190042.9849203345,28696839.216297526,213565.827633396
2019-07-25,284400640.02989984,-92186.75869577102,176002285.98250937,949791.8404961812,79996588.47428927,1190042.9849203345,28493952.331796985,213565.827633396
2019-07-26,286259542.27259356,-92186.75869577102,177814203.48242325,949791.8404961812,79996588.47428927,1190042.9849203345,28540937.074576803,213565.827633396
2019-07-29,285887859.3865961,-92186.75869577102,177204163.3832105,949791.8404961812,80044872.23126106,1190042.9849203345,28731010.53082029,213565.827633396
2019-07-30,285199846.0598873,-92186.75869577102,176439385.01066744,949791.8404961812,80025533.3064115,1190042.9849203345,28827114.501504134,213565.827633396
2019-07-31,282379286.0327062,-98867.35368523702,169486892.03183487,925161.2156345665,84743446.01591744,1258683.5002152857,28247815.338639148,212054.75501037223
2019-08-01,282822191.48214805,-98867.35368523702,168644342.5629333,925161.2156345665,85350326.3653674,1258683.5002152857,28926389.907532584,212054.75501037223
2019-08-02,280310504.5013431,-98867.35368523702,166161021.03332046,925161.2156345665,85432230.29277627,1258683.5002152857,28816120.528931532,212054.75501037223
2019-08-05,275210499.6638308,-98867.35368523702,160289742.64358488,925161.2156345665,85800601.10475944,1258683.5002152857,29219023.26917173,212054.75501037223
2019-08-06,277906766.14579606,-98867.35368523702,162533600.21902278,925161.2156345665,86015506.48539999,1258683.5002152857,29456526.79505851,212054.75501037223
2019-08-07,279232241.01255065,-98867.35368523702,163411639.42327753,925161.2156345665,86015506.48539999,1258683.5002152857,29903962.45755835,212054.75501037223
2019-08-08,283010958.5105774,-98867.35368523702,166968123.11738834,925161.2156345665,86087183.2252499,1258683.5002152857,30054519.521624397,212054.75501037223
2019-08-09,281187958.2468744,-98867.35368523702,165398302.29370376,925161.2156345665,85933669.77894221,1258683.5002152857,29954853.527913623,212054.75501037223
2019-08-12,279959150.1964511,-98867.35368523702,163500321.41114095,925161.2156345665,86312325.39644243,1258683.5002152857,30245370.742553,212054.75501037223
2019-08-13,283228937.22642887,-98867.35368523702,167083415.34834674,925161.2156345665,86179266.32525268,1258683.5002152857,30065122.906514674,212054.75501037223
2019-08-14,278748356.74827385,-98867.35368523702,162090133.8123464,925161.2156345665,86486274.01188204,1258683.5002152857,30270816.277730636,212054.75501037223
2019-08-15,279183191.1499499,-98867.35368523702,161903904.46120122,925161.2156345665,86905886.3945832,1258683.5002152857,30472267.647850733,212054.75501037223
2019-08-16,281494641.4271857,-98867.35368523702,164502518.22177243,925161.2156345665,86813812.89757343,1258683.5002152857,30277177.661525045,212054.75501037223
2019-08-19,283480523.6729115,-98867.35368523702,167118876.85002023,925161.2156345665,86537467.56763496,1258683.5002152857,29923046.608941577,212054.75501037223
2019-08-20,282644008.2812259,-98867.35368523702,165823967.3653442,925161.2156345665,86762600.13583447,1258683.5002152857,30156308.133732498,212054.75501037223
2019-08-21,283979983.02445257,-98867.35368523702,167296297.2931064,925161.2156345665,86721672.17961258,1258683.5002152857,30060880.90541881,212054.75501037223
2019-08-22,283198861.1210157,-98867.35368523702,166755227.05578887,925161.2156345665,86557960.35472494,1258683.5002152857,29984541.064187124,212054.75501037223
2019-08-23,278826439.92514414,-98867.35368523702,161478168.80536157,925161.2156345665,86875204.83190629,1258683.5002152857,30571933.641561512,212054.75501037223
2019-08-26,281218445.1863354,-98867.35368523702,163917135.22420287,925161.2156345665,86824001.67316034,1258683.5002152857,30576175.642657377,212054.75501037223
2019-08-27,281462014.3988476,-98867.35368523702,163571258.53132775,925161.2156345665,87120810.98120977,1258683.5002152857,30868812.239995297,212054.75501037223
2019-08-28,281991164.5419511,-98867.35368523702,164156641.52889732,925161.2156345665,87151521.35286571,1258683.5002152857,30781869.01387334,212054.75501037223
2019-08-29,284229307.53434455,-98867.35368523702,166666516.83424577,925161.2156345665,87100327.7971128,1258683.5002152857,30561330.25667124,212054.75501037223
2019-08-30,283741551.0268713,-98867.35368523702,166267504.3562198,925161.2156345665,87090042.99159575,1258683.5002152857,30482871.032741006,212054.75501037223
2019-09-03,282631558.8720261,-98867.35368523702,164653342.53860348,925161.2156345665,87170103.1443461,1258683.5002152857,30906980.542761754,212054.75501037223
2019-09-04,285365510.4913413,-98867.35368523702,167030237.21267638,925161.2156345665,87334189.48596123,1258683.5002152857,31099951.1463889,212054.75501037223
2019-09-05,287227571.3893091,-98867.35368523702,170090034.01392084,925161.2156345665,86882887.22631678,1258683.5002152857,30353517.50275673,212054.75501037223
2019-09-06,286902864.71320605,-98867.35368523702,169921464.82941324,925161.2156345665,86985456.79468988,1258683.5002152857,30094810.442788173,212054.75501037223
2019-09-09,286035764.13547045,-98867.35368523702,169566736.87795958,925161.2156345665,86585472.92970753,1258683.5002152857,29982421.681488577,212054.75501037223
2019-09-10,284850322.7944859,-98867.35368523702,169078929.4773515,925161.2156345665,86144426.66660109,1258683.5002152857,29725834.004218567,212054.75501037223
2019-09-11,286566875.5451814,-98867.35368523702,170666495.16871268,925161.2156345665,86093165.88989706,1258683.5002152857,29906081.840256892,212054.75501037223
2019-09-12,287173784.57263803,-98867.35368523702,171376021.65581915,925161.2156345665,85929050.7393029,1258683.5002152857,29967579.531201217,212054.75501037223
2019-09-13,285821344.05856013,-98867.35368523702,170764014.29831478,925161.2156345665,85436724.4935064,1258683.5002152857,29719472.62042416,212054.75501037223
2019-09-16,285532397.4763826,-98867.35368523702,170001309.67553794,925161.2156345665,85662375.62332864,1258683.5002152857,29967579.531201217,212054.75501037223
2019-09-17,286602580.22280514,-98867.35368523702,170817263.0181844,925161.2156345665,85857229.95455779,1258683.5002152857,30026954.603748217,212054.75501037223
2019-09-18,286404469.6853011,-98867.35368523702,170746325.89799756,925161.2156345665,85918785.13977188,1258683.5002152857,29838226.001216937,212054.75501037223
2019-09-19,286932221.20880264,-98867.35368523702,171030116.72926438,925161.2156345665,86041876.30421402,1258683.5002152857,29959095.529009487,212054.75501037223
2019-09-20,285784781.2777921,-98867.35368523702,169220817.83456498,925161.2156345665,86349604.21531935,1258683.5002152857,30313226.581592955,212054.75501037223
2019-09-23,286090559.0284205,-98867.35368523702,169295453.56678936,925161.2156345665,86411101.78257535,1258683.5002152857,30482871.032741006,212054.75501037223
2019-09-24,284300773.5019392,-98867.35368523702,167047064.48576343,925161.2156345665,86708544.88816364,1258683.5002152857,30644031.481697332,212054.75501037223
2019-09-25,285197429.2670372,-98867.35368523702,168922274.90566725,925161.2156345665,86298295.42365026,1258683.5002152857,30075726.291404948,212054.75501037223
2019-09-26,284710437.921382,-98867.35368523702,168300174.00767863,925161.2156345665,86441888.9781754,1258683.5002152857,30067242.289213218,212054.75501037223
2019-09-27,282559502.6285489,-98867.35368523702,166211714.60517934,925161.2156345665,86534212.15300351,1258683.5002152857,29912443.224051304,212054.75501037223
2019-09-30,283639196.1265954,-99308.47661112229,170243102.7619239,938666.895837523,85121551.38096195,1237256.355794706,28373850.46032065,204319.5179518582
2019-10-01,282488776.56628823,-99308.47661112229,168854509.9749892,938666.895837523,85204439.77863829,1237256.355794706,28529135.289271858,204319.5179518582
2019-10-02,280110454.3000622,-99308.47661112229,165951168.1203194,938666.895837523,85396420.67283502,1237256.355794706,28862173.983518858,204319.5179518582
2019-10-03,282345371.43458563,-99308.47661112229,167772456.3253945,938666.895837523,85679285.23550092,1237256.355794706,28992938.350301307,204319.5179518582
2019-10-04,284957478.4709986,-99308.47661112229,170243102.7619239,938666.895837523,85820745.83538449,1237256.355794706,28992938.350301307,204319.5179518582
2019-10-07,283973998.75014156,-99308.47661112229,169729139.09477553,938666.895837523,85598454.65250325,1237256.355794706,28745713.479473878,204319.5179518582
2019-10-08,281723016.08085376,-99308.47661112229,167186405.4010631,938666.895837523,85638893.54279426,1237256.355794706,28997025.613607503,204319.5179518582
2019-10-09,283280596.3672032,-99308.47661112229,168818444.86201742,938666.895837523,85537871.8332017,1237256.355794706,29023588.148595143,204319.5179518582
2019-10-10,284071942.88000506,-99308.47661112229,170125841.01454502,938666.895837523,85275179.51809695,1237256.355794706,28770230.823974203,204319.5179518582
2019-10-11,285790391.1289814,-99308.47661112229,172316889.726562,938666.895837523,84961948.0296453,1237256.355794706,28610861.849385228,204319.5179518582
2019-10-14,286028256.80992866,-99308.47661112229,172298885.81591645,938666.895837523,85103399.190012,1237256.355794706,28725280.28061132,204319.5179518582
2019-10-15,287796739.1156583,-99308.47661112229,174489891.55917296,938666.895837523,84881108.00713076,1237256.355794706,28525048.02596566,204319.5179518582
2019-10-16,287618368.6263826,-99308.47661112229,174057124.52643168,938666.895837523,84972048.31270118,1237256.355794706,28688504.263860833,204319.5179518582
2019-10-17,288119069.25828964,-99308.47661112229,174516961.87828204,938666.895837523,84972048.31270118,1237256.355794706,28729367.543917518,204319.5179518582
2019-10-18,286451762.1001664,-99308.47661112229,172839862.51049316,938666.895837523,85012487.2029922,1237256.355794706,28698720.86329211,204319.5179518582
2019-10-21,287645609.0226091,-99308.47661112229,174372715.74931508,938666.895837523,84810377.70718896,1237256.355794706,28561824.04271615,204319.5179518582
2019-10-22,286492401.27749187,-99308.47661112229,172984165.93114084,938666.895837523,84961948.0296453,1237256.355794706,28645595.793316834,204319.5179518582
2019-10-23,286933847.1207257,-99308.47661112229,173317775.38758993,938666.895837523,85002358.6013857,1237256.355794706,28713021.60836116,204319.5179518582
2019-10-24,288834360.75609523,-99308.47661112229,175003840.90340114,938666.895837523,85012487.2029922,1237256.355794706,28917341.126313016,204319.5179518582
2019-10-25,290157885.23350275,-99308.47661112229,176401428.4841985,938666.895837523,84870998.284558,1237256.355794706,28984766.94135734,204319.5179518582
2019-10-28,291466988.2399506,-99308.47661112229,178141663.2840682,938666.895837523,84689136.55245091,1237256.355794706,28735496.8800426,204319.5179518582
2019-10-29,290027968.17349005,-99308.47661112229,176762108.25975665,938666.895837523,84709355.99759641,1237256.355794706,28655812.392748114,204319.5179518582
2019-10-30,291314679.353318,-99308.47661112229,177618690.50013697,938666.895837523,84982158.03527392,1237256.355794706,28813139.294518203,204319.5179518582
2019-10-31,291985795.75066704,-102230.80929598704,175252815.9359778,925741.0664162831,87626407.9679889,1269715.8708263633,29208802.6559963,205074.80276633444
2019-11-01,293526294.9255096,-102230.80929598704,176844597.3012007,925741.0664162831,87548465.05190712,1269715.8708263633,29235463.381697733,205074.80276633444
2019-11-04,294286641.729766,-102230.80929598704,177938363.4223201,925741.0664162831,87299127.15518472,1269715.8708263633,29151381.961557176,205074.80276633444
2019-11-05,293611433.7999246,-102230.80929598704,178036212.0607336,925741.0664162831,86997740.1299379,1269715.8708263633,28679712.418549135,205074.80276633444
2019-11-06,293521297.88355637,-102230.80929598704,177636003.07798046,925741.0664162831,87184770.19217885,1269715.8708263633,28802755.42269304,205074.80276633444
2019-11-07,293223203.91279143,-102230.80929598704,178231810.4577469,925741.0664162831,86737930.40966536,1269715.8708263633,28355693.854675148,205074.80276633444
2019-11-08,293671024.35423857,-102230.80929598704,178943194.2139388,925741.0664162831,86654833.92269675,1269715.8708263633,28175227.02689896,205074.80276633444
2019-11-11,293415192.3017723,-102230.80929598704,178703114.02648744,925741.0664162831,86706757.11809798,1269715.8708263633,28107551.966482893,205074.80276633444
2019-11-12,294058821.52932614,-102230.80929598704,179218885.25997832,925741.0664162831,86758738.43647914,1269715.8708263633,28183428.642164625,205074.80276633444
2019-11-13,294371947.41927344,-102230.80929598704,179263352.92472863,925741.0664162831,86914604.89431602,1269715.8708263633,28296220.409524743,205074.80276633444
2019-11-14,294597979.7739683,-102230.80929598704,179121064.87294015,925741.0664162831,87163981.53969172,1269715.8708263633,28415164.170632396,205074.80276633444
2019-11-15,295811055.4981034,-102230.80929598704,180437126.94074827,925741.0664162831,87132769.49947105,1269715.8708263633,28343389.86718007,205074.80276633444
2019-11-18,296162173.1300888,-102230.80929598704,180579414.9925368,925741.0664162831,87257520.78872049,1269715.8708263633,28427468.158127468,205074.80276633444
2019-11-19,296536813.3544363,-102230.80929598704,180846178.60397583,925741.0664162831,87351040.66342261,1269715.8708263633,28441824.89633383,205074.80276633444
2019-11-20,295705258.5318364,-102230.80929598704,179761297.54039395,925741.0664162831,87590013.29539143,1269715.8708263633,28456178.50534703,205074.80276633444
2019-11-21,295003846.00679106,-102230.80929598704,179361145.06039152,925741.0664162831,87444608.97394136,1269715.8708263633,28300322.78175415,205074.80276633444
2019-11-22,295118084.5692733,-102230.80929598704,179476749.68819228,925741.0664162831,87496561.23083255,1269715.8708263633,28247004.459544443,205074.80276633444
2019-11-25,297191182.7106885,-102230.80929598704,181602072.40198106,925741.0664162831,87579686.77929111,1269715.8708263633,28111654.338712305,205074.80276633444
2019-11-26,297818756.28501195,-102230.80929598704,181948872.15969568,925741.0664162831,87725110.47506782,1269715.8708263633,28247004.459544443,205074.80276633444
2019-11-27,298805574.90073013,-102230.80929598704,183220494.81412876,925741.0664162831,87590013.29539143,1269715.8708263633,28097297.600505944,205074.80276633444
2019-11-29,298144016.2932287,-102230.80929598704,182384621.37259865,925741.0664162831,87590013.29539143,1269715.8708263633,28271612.43453459,205074.80276633444
2019-12-02,296033161.6082925,-102230.80929598704,180517205.4640868,925741.0664162831,87360931.25717348,1269715.8708263633,28257255.696328234,205074.80276633444
2019-12-03,295358510.3565293,-102230.80929598704,179103266.50648987,925741.0664162831,87829518.72134289,1269715.8708263633,28527955.93799251,205074.80276633444
2019-12-04,296049546.95107085,-102230.80929598704,180010291.03675812,925741.0664162831,87652495.49881268,1269715.8708263633,28488991.224796,205074.80276633444
2019-12-05,296327966.8851418,-102230.80929598704,180366018.22907317,925741.0664162831,87558781.88084412,1269715.8708263633,28505397.58452049,205074.80276633444
2019-12-06,297860085.82248867,-102230.80929598704,182295643.66603503,925741.0664162831,87444279.61038844,1269715.8708263633,28222393.355361134,205074.80276633444
2019-12-09,297045766.4115483,-102230.80929598704,181468669.40772998,925741.0664162831,87465136.07301882,1269715.8708263633,28214191.74009547,205074.80276633444
2019-12-10,296912065.5237466,-102230.80929598704,181317510.4240917,925741.0664162831,87402615.12094428,1269715.8708263633,28294170.788006615,205074.80276633444
2019-12-11,298358856.5162211,-102230.80929598704,182277887.6766477,925741.0664162831,87694208.42407343,1269715.8708263633,28488991.224796,205074.80276633444
2019-12-12,299202382.3258912,-102230.80929598704,183638488.0376444,925741.0664162831,87277621.65261182,1269715.8708263633,28388503.44493096,205074.80276633444
2019-12-13,300329926.13633215,-102230.80929598704,184243123.97219768,925741.0664162831,87673381.02293302,1269715.8708263633,28515651.950497434,205074.80276633444
2019-12-16,301937941.5044387,-102230.80929598704,186092755.63994697,925741.0664162831,87433817.47400162,1269715.8708263633,28513599.199786153,205074.80276633444
2019-12-17,302048971.2173413,-102230.80929598704,186199475.21021023,925741.0664162831,87444279.61038844,1269715.8708263633,28507447.206038613,205074.80276633444
2019-12-18,302078723.37503016,-102230.80929598704,186341735.01062343,925741.0664162831,87329719.21695283,1269715.8708263633,28509499.956749897,205074.80276633444
2019-12-19,303379939.3451945,-102230.80929598704,187506680.4718562,925741.0664162831,87392162.67172079,1269715.8708263633,28583327.010913506,205074.80276633444
2019-12-20,304185357.5759867,-102230.80929598704,188262531.89279842,925741.0664162831,87413019.13435116,1269715.8708263633,28612037.358133066,205074.80276633444
2019-12-23,304715476.99356985,-102230.80929598704,188759784.3497684,925741.0664162831,87357705.43178755,1269715.8708263633,28700218.021309875,205074.80276633444
2019-12-24,305167655.54254997,-102230.80929598704,188857788.37074614,925741.0664162831,87441179.71812567,1269715.8708263633,28970918.26297415,205074.80276633444
2019-12-26,307145302.7380795,-102230.80929598704,190524308.74937254,925741.0664162831,87524673.37879044,1269715.8708263633,29198551.41921251,205074.80276633444
2019-12-27,307099877.14898753,-102230.80929598704,190363911.5660053,925741.0664162831,87649899.33904262,1269715.8708263633,29188297.05323556,205074.80276633444
2019-12-30,305882439.94132626,-102230.80929598704,189116260.20352942,925741.0664162831,87618590.42718874,1269715.8708263633,29249820.11990409,205074.80276633444
2019-12-31,306093168.32058793,-107170.11845360494,183720203.06342492,897635.0139058996,91860101.53171246,1332609.7008755077,30620033.843904156,214275.96327320396
2020-01-02,309506308.6316875,-107170.11845360494,186787894.28198445,897635.0139058996,91980560.20889732,1332609.7008755077,30845024.259259365,214275.96327320396
2020-01-03,308533187.27648556,-107170.11845360494,185076887.111313,897635.0139058996,92309178.14981298,1332609.7008755077,31254292.1338132,214275.96327320396
2020-01-06,309944027.28989387,-107170.11845360494,186269373.64109334,897635.0139058996,92199689.67120025,1332609.7008755077,31582134.09605386,214275.96327320396
2020-01-07,309965689.9344222,-107170.11845360494,186243445.55452535,897635.0139058996,92122999.95124707,1332609.7008755077,31706414.547103327,214275.96327320396
2020-01-08,310985287.57073367,-107170.11845360494,187643329.3832035,897635.0139058996,91980560.20889732,1332609.7008755077,31468568.097086404,214275.96327320396
2020-01-09,312507013.84705573,-107170.11845360494,189233325.1197341,897635.0139058996,92090140.19055653,1332609.7008755077,31290718.655218635,214275.96327320396
2020-01-10,312365028.07857114,-107170.11845360494,188749416.35140377,897635.0139058996,92243499.29645257,1332609.7008755077,31479282.549168408,214275.96327320396
2020-01-13,314254250.3033207,-107170.11845360494,190926978.4152435,897635.0139058996,92188719.47262813,1332609.7008755077,31245722.53390263,214275.96327320396
2020-01-14,313606007.15469074,-107170.11845360494,190175173.47935665,897635.0139058996,92320138.18137993,1332609.7008755077,31217865.612407763,214275.96327320396
2020-01-15,314008380.99041337,-107170.11845360494,190252985.13270745,897635.0139058996,92462567.75672452,1332609.7008755077,31399998.21943495,214275.96327320396
2020-01-16,315727581.41540664,-107170.11845360494,192076237.77058718,897635.0139058996,92407798.09990524,1332609.7008755077,31350715.663367797,214275.96327320396
2020-01-17,316725026.18166584,-107170.11845360494,193026797.3098491,897635.0139058996,92396827.90133312,1332609.7008755077,31408571.088937245,214275.96327320396
2020-01-21,316902967.0219476,-107170.11845360494,192940384.0514456,897635.0139058996,92626897.06119268,1332609.7008755077,31442856.02776297,214275.96327320396
2020-01-22,317500160.58145064,-107170.11845360494,193450207.2095206,897635.0139058996,92703556.28013037,1332609.7008755077,31453567.21025325,214275.96327320396
2020-01-23,318357352.57482255,-107170.11845360494,194072399.10621384,897635.0139058996,92867844.91657788,1332609.7008755077,31524278.670484416,214275.96327320396
2020-01-24,317050840.2282166,-107170.11845360494,192439189.89206988,897635.0139058996,93010264.32491729,1332609.7008755077,31708556.12968304,214275.96327320396
2020-01-27,313599034.3231905,-107170.11845360494,188464234.79280186,897635.0139058996,93316992.70371455,1332609.7008755077,31924976.94512768,214275.96327320396
2020-01-28,316044547.8436875,-107170.11845360494,191359044.70726106,897635.0139058996,93152683.73325671,1332609.7008755077,31639989.52162331,214275.96327320396
2020-01-29,316789946.4094641,-107170.11845360494,191670113.261961,897635.0139058996,93415592.31979647,1332609.7008755077,31811410.94616022,214275.96327320396
2020-01-30,317496613.95467025,-107170.11845360494,192352790.3304897,897635.0139058996,93437441.21389423,1332609.7008755077,31813552.52873993,214275.96327320396
2020-01-31,314761323.86194,-110205.03511396889,188922917.33823237,895835.3952957478,94461458.66911618,1343748.5719425238,31487152.8897054,210856.17426917708
2020-02-03,317326086.8062829,-110205.03511396889,191777435.80530432,895835.3952957478,94376233.89282103,1343748.5719425238,31282622.143271506,210856.17426917708
2020-02-04,321020827.7758667,-110205.03511396889,196166914.41960153,895835.3952957478,94088450.3375003,1343748.5719425238,30875668.053878855,210856.17426917708
2020-02-05,321550686.3731504,-110205.03511396889,196813776.03117663,895835.3952957478,93933491.53878729,1343748.5719425238,30913623.838300448,210856.17426917708
2020-02-06,323504745.5851842,-110205.03511396889,198512672.85283697,895835.3952957478,94022078.96714847,1343748.5719425238,31080198.800312746,210856.17426917708
2020-02-07,323020950.5648722,-110205.03511396889,197658911.75787565,895835.3952957478,94309811.26252916,1343748.5719425238,31162432.57958133,210856.17426917708
2020-02-10,325633811.27588785,-110205.03511396889,200047687.67751545,895835.3952957478,94453769.67811157,1343748.5719425238,31242558.95537478,210856.17426917708
2020-02-11,325405825.2943646,-110205.03511396889,200082216.48929092,895835.3952957478,94298790.37542255,1343748.5719425238,31135023.46476506,210856.17426917708
2020-02-12,327218800.6403093,-110205.03511396889,202031207.98246515,895835.3952957478,94188079.1569441,1343748.5719425238,31109718.536014035,210856.17426917708
2020-02-13,327225731.56595933,-110205.03511396889,201772501.61205238,895835.3952957478,94276594.82138923,1343748.5719425238,31286840.16763166,210856.17426917708
2020-02-14,328033877.08516437,-110205.03511396889,202350278.26134992,895835.3952957478,94376233.89282103,1343748.5719425238,31417569.966107383,210856.17426917708
2020-02-18,328658182.7935384,-110205.03511396889,202427920.24507305,895835.3952957478,94520161.55243942,1343748.5719425238,31820306.031139884,210856.17426917708
2020-02-19,330772918.66215324,-110205.03511396889,204368218.02316839,895835.3952957478,94509048.39744075,1343748.5719425238,32005857.27665804,210856.17426917708
2020-02-20,329238920.64780474,-110205.03511396889,202470992.40893072,895835.3952957478,94741542.9814443,1343748.5719425238,32136590.29254365,210856.17426917708
2020-02-21,326064882.6637988,-110205.03511396889,198581621.12148124,895835.3952957478,94974017.06147182,1343748.5719425238,32619449.515959717,210856.17426917708
2020-02-24,318998916.0817672,-110205.03511396889,190923647.37161642,895835.3952957478,95272934.27576724,1343748.5719425238,32912539.469497476,210856.17426917708
2020-02-25,313296502.7727498,-110205.03511396889,185732077.85575122,895835.3952957478,95350377.79316571,1343748.5719425238,32324252.158946823,210856.17426917708
2020-02-26,314339667.132932,-110205.03511396889,186689329.7004955,895835.3952957478,95295017.0579325,1343748.5719425238,32465525.409617987,210856.17426917708
2020-02-27,305108410.7332801,-110205.03511396889,177341057.15850592,895835.3952957478,95405707.77243492,1343748.5719425238,32471850.83745327,210856.17426917708
2020-02-28,304692361.1402551,-110205.03511396889,177479090.38942775,895835.3952957478,96036635.61830962,1343748.5719425238,31286840.16763166,210856.17426917708
2020-03-02,313960521.204188,-110205.03511396889,186637563.821559,895835.3952957478,95973421.86026368,1343748.5719425238,31459740.557479244,210856.17426917708
2020-03-03,309541257.5711558,-110205.03511396889,180652597.11920458,895835.3952957478,96550208.95747787,1343748.5719425238,32448656.529587265,210856.17426917708
2020-03-04,317113294.69542384,-110205.03511396889,188189897.72957858,895835.3952957478,96528013.40344454,1343748.5719425238,32505588.59751471,210856.17426917708
2020-03-05,312463745.63804156,-110205.03511396889,182472262.76589906,895835.3952957478,96893947.86333618,1343748.5719425238,33207740.043920256,210856.17426917708
2020-03-06,310063221.93864775,-110205.03511396889,179393539.40146318,895835.3952957478,97559496.67270765,1343748.5719425238,33220390.899590828,210856.17426917708
2020-03-09,297445836.8968633,-110205.03511396889,166932083.03007883,895835.3952957478,97348746.55526514,1343748.5719425238,33275212.34663325,210856.17426917708
2020-03-10,304524465.74656844,-110205.03511396889,176021662.8710191,895835.3952957478,96039947.0104356,1343748.5719425238,32573060.900227707,210856.17426917708
2020-03-11,294922912.1957683,-110205.03511396889,168355050.08352873,895835.3952957478,94220977.78645584,1343748.5719425238,32457089.360897683,210856.17426917708
2020-03-12,273067301.5937979,-110205.03511396889,152918306.42003825,895835.3952957478,89096767.62929228,1343748.5719425238,31162432.57958133,210856.17426917708
2020-03-13,288829333.0306953,-110205.03511396889,165871299.42746136,895835.3952957478,92856766.24645305,1343748.5719425238,30211472.3918949,210856.17426917708
2020-03-16,269590199.92864144,-110205.03511396889,146001950.30836275,895835.3952957478,93832786.26060285,1343748.5719425238,29865668.394789845,210856.17426917708
2020-03-17,279127110.7323447,-110205.03511396889,157074995.77679932,895835.3952957478,91891808.12736186,1343748.5719425238,30270511.86329748,210856.17426917708
2020-03-18,271528178.10629886,-110205.03511396889,152297375.5907031,895835.3952957478,89673544.47451846,1343748.5719425238,29667463.07619124,210856.17426917708
2020-03-19,271825958.24150914,-110205.03511396889,153211486.9247731,895835.3952957478,89618091.47139317,1343748.5719425238,29106584.880456854,210856.17426917708
2020-03-20,267779730.11679494,-110205.03511396889,147209296.82462093,895835.3952957478,91137579.62173718,1343748.5719425238,29543058.705550797,210856.17426917708
2020-03-23,271209812.4193957,-110205.03511396889,147315603.4632503,895835.3952957478,93156155.05219674,1343748.5719425238,30848258.939062584,210856.17426917708
2020-03-24,284214562.11771685,-110205.03511396889,158723370.63158628,895835.3952957478,93256060.6753167,1343748.5719425238,32345335.84592781,210856.17426917708
2020-03-25,283849718.244638,-110205.03511396889,157548037.76425058,895835.3952957478,94509345.70509292,1343748.5719425238,31902539.81040847,210856.17426917708
2020-03-26,292987828.6652691,-110205.03511396889,165844534.8140582,895835.3952957478,94941897.58304855,1343748.5719425238,32311601.303276256,210856.17426917708
2020-03-27,287585478.7614633,-110205.03511396889,160140692.23798025,895835.3952957478,95452139.02611479,1343748.5719425238,32102852.53248221,210856.17426917708
2020-03-30,293651402.31303847,-110205.03511396889,165965549.68763238,895835.3952957478,95551931.87736669,1343748.5719425238,32244125.783153374,210856.17426917708
2020-03-31,290218297.4719008,-101611.96830407172,174191945.66412294,948337.9145686639,87095972.83206147,1236312.5833400437,29031990.944020495,196095.84833220844
2020-04-01,283541534.4652093,-101611.96830407172,166790652.71285936,948337.9145686639,87545969.78584251,1236312.5833400437,29306523.934811514,196095.84833220844
2020-04-02,287816085.5089081,-101611.96830407172,170175661.6646641,948337.9145686639,87955077.64775968,1236312.5833400437,29786958.164788388,196095.84833220844
2020-04-03,285506956.35066515,-101611.96830407172,167760378.00898522,948337.9145686639,87914160.25894643,1236312.5833400437,29934030.051037543,196095.84833220844
2020-04-06,298606560.597243,-101611.96830407172,179754401.327578,948337.9145686639,88190253.59411296,1236312.5833400437,30763517.64385612,196095.84833220844
2020-04-07,298450523.6263399,-101611.96830407172,179681224.06875885,948337.9145686639,88272116.66868883,1236312.5833400437,30598794.857196324,196095.84833220844
2020-04-08,302217919.56137913,-101611.96830407172,183496194.6364019,948337.9145686639,88497115.14557934,1236312.5833400437,30326221.74770196,196095.84833220844
2020-04-09,304247064.5253809,-101611.96830407172,183761525.5080073,948337.9145686639,89468700.33508988,1236312.5833400437,31118450.650587786,196095.84833220844
2020-04-13,306479354.5786567,-101611.96830407172,185746818.60687146,948337.9145686639,89182316.34266303,1236312.5833400437,31651831.59742621,196095.84833220844
2020-04-14,314806659.95231324,-101611.96830407172,193825084.40751952,948337.9145686639,89182316.34266303,1236312.5833400437,31900871.17043478,196095.84833220844
2020-04-15,312860626.4518943,-101611.96830407172,191601997.7760915,948337.9145686639,89622126.39466484,1236312.5833400437,31738114.24944201,196095.84833220844
2020-04-16,316379159.52404857,-101611.96830407172,195096823.26283363,948337.9145686639,89673287.27915607,1236312.5833400437,31710660.95036291,196095.84833220844
2020-04-17,317507040.49635607,-101611.96830407172,196963168.94870722,948337.9145686639,89550563.40966575,1236312.5833400437,31094920.10628718,196095.84833220844
2020-04-20,315252521.5313631,-101611.96830407172,194630236.8413653,948337.9145686639,89407390.27808525,1236312.5833400437,31316506.38021665,196095.84833220844
2020-04-21,307969515.8384447,-101611.96830407172,187448475.66655925,948337.9145686639,89519889.5165305,1236312.5833400437,31102762.62365899,196095.84833220844
2020-04-22,314072136.677178,-101611.96830407172,193010916.8595262,948337.9145686639,89448251.07299972,1236312.5833400437,31714580.71295622,196095.84833220844
2020-04-23,314119328.7786736,-101611.96830407172,192599202.52930602,948337.9145686639,89591443.06921314,1236312.5833400437,32030295.14845848,196095.84833220844
2020-04-24,316988796.70676273,-101611.96830407172,195636601.41360942,948337.9145686639,89560778.60839435,1236312.5833400437,31893028.653062973,196095.84833220844
2020-04-27,318033476.47665787,-101611.96830407172,197210151.24127704,948337.9145686639,89243692.42588289,1236312.5833400437,31681244.777801964,196095.84833220844
2020-04-28,314443879.164109,-101611.96830407172,193495808.44856554,948337.9145686639,89509627.15621957,1236312.5833400437,31540055.52762796,196095.84833220844
2020-04-29,321541290.8390001,-101611.96830407172,200357337.7195415,948337.9145686639,89570984.37480651,1236312.5833400437,31714580.71295622,196095.84833220844
2020-04-30,320700517.95495886,-112284.48085253399,192487681.46148685,911463.6984701707,96243840.73074342,1329477.5487559065,32081280.243581142,202023.1714550085
2020-05-01,315433508.4241247,-112284.48085253399,187062430.7858058,911463.6984701707,96204100.0307005,1329477.5487559065,32279262.088470943,202023.1714550085
2020-05-04,317826549.50725096,-112284.48085253399,189243109.3533355,911463.6984701707,96303330.06350292,1329477.5487559065,32392394.571265113,202023.1714550085
2020-05-05,320021240.8095857,-112284.48085253399,191388587.19728088,911463.6984701707,96215166.16233574,1329477.5487559065,32529771.93082158,202023.1714550085
2020-05-06,320351494.7778907,-112284.48085253399,192566844.8430129,911463.6984701707,95785351.92948255,1329477.5487559065,32111582.486247808,202023.1714550085
2020-05-07,323632636.6513698,-112284.48085253399,195046486.17394468,911463.6984701707,96093915.440459,1329477.5487559065,32604519.517818663,202023.1714550085
2020-05-08,325834295.36552596,-112284.48085253399,197719543.72885448,911463.6984701707,95818479.32262707,1329477.5487559065,32408556.79489699,202023.1714550085
2020-05-11,327102098.3865448,-112284.48085253399,199486978.87486565,911463.6984701707,95520870.36908972,1329477.5487559065,32206533.62344198,202023.1714550085
2020-05-12,323359253.0043783,-112284.48085253399,195310276.02942693,911463.6984701707,95829474.45250112,1329477.5487559065,32331787.00330282,202023.1714550085
2020-05-13,321336096.7250295,-112284.48085253399,192865807.60641494,911463.6984701707,95939669.18585137,1329477.5487559065,32642904.41361575,202023.1714550085
2020-05-14,324078887.542949,-112284.48085253399,195055275.92396656,911463.6984701707,96204100.0307005,1329477.5487559065,32931796.06913451,202023.1714550085
2020-05-15,325586059.2483889,-112284.48085253399,196321458.8855819,911463.6984701707,96259227.82670185,1329477.5487559065,33117657.016957644,202023.1714550085
2020-05-18,328817154.09232277,-112284.48085253399,199979357.86224568,911463.6984701707,96082930.45369369,1329477.5487559065,32867150.257235967,202023.1714550085
2020-05-19,328754274.0768158,-112284.48085253399,199478133.49351457,911463.6984701707,96204100.0307005,1329477.5487559065,33184325.03345327,202023.1714550085
2020-05-20,333069879.2284541,-112284.48085253399,203461392.2993106,911463.6984701707,96457657.46298048,1329477.5487559065,33263113.947015565,202023.1714550085
2020-05-21,330468353.8428848,-112284.48085253399,201245582.54735795,911463.6984701707,96556796.20780423,1329477.5487559065,32778259.56857513,202023.1714550085
2020-05-22,331390004.5710396,-112284.48085253399,201940223.1400672,911463.6984701707,96589862.74229631,1329477.5487559065,32972203.169528678,202023.1714550085
2020-05-26,330320942.64432234,-112284.48085253399,201394994.38989747,911463.6984701707,96534724.80318622,1329477.5487559065,32503507.932091158,202023.1714550085
2020-05-27,331522780.14002377,-112284.48085253399,202494144.28543264,911463.6984701707,96578827.0399873,1329477.5487559065,32562093.29545637,202023.1714550085
2020-05-28,331401161.2010003,-112284.48085253399,202230354.42995045,911463.6984701707,96611903.7175881,1329477.5487559065,32671187.534314293,202023.1714550085
2020-05-29,334880322.0150297,-112284.48085253399,205193640.62956965,911463.6984701707,96887370.26474625,1329477.5487559065,32911595.601566385,202023.1714550085
2020-06-01,335568926.8957386,-112284.48085253399,205809103.9329205,911463.6984701707,96808994.46351306,1329477.5487559065,33063112.98015764,202023.1714550085
2020-06-02,336812524.1787766,-112284.48085253399,207189595.36831704,911463.6984701707,96886244.37967612,1329477.5487559065,32848968.911635965,202023.1714550085
2020-06-03,336917792.8243104,-112284.48085253399,208121698.28993982,911463.6984701707,96665479.61795224,1329477.5487559065,32242899.39727094,202023.1714550085
2020-06-04,335565691.80564094,-112284.48085253399,206662071.28868183,911463.6984701707,96433608.15215817,1329477.5487559065,32582296.845653456,202023.1714550085
2020-06-05,338991615.741162,-112284.48085253399,210759596.8447622,911463.6984701707,96422623.16539286,1329477.5487559065,31921680.21185947,202023.1714550085
2020-06-08,341071871.9097889,-112284.48085253399,212395060.56995445,911463.6984701707,96521954.62928268,1329477.5487559065,32267141.191404276,202023.1714550085
2020-06-09,342987984.45572585,-112284.48085253399,213933864.86057085,911463.6984701707,96588148.55691926,1329477.5487559065,32578255.519088246,202023.1714550085
2020-06-10,346430715.7205067,-112284.48085253399,216501375.8760567,911463.6984701707,96996692.69074488,1329477.5487559065,33044931.634557642,202023.1714550085
2020-06-11,335288235.92073774,-112284.48085253399,205773917.11716834,911463.6984701707,96820060.5951483,1329477.5487559065,32806542.689273674,202023.1714550085
2020-06-12,337069561.3505565,-112284.48085253399,207409436.47368994,911463.6984701707,96919402.20214684,1329477.5487559065,32853007.155572217,202023.1714550085
2020-06-15,339733375.91531986,-112284.48085253399,209933082.18606025,911463.6984701707,97118156.41790515,1329477.5487559065,32794421.792207006,202023.1714550085
2020-06-16,343200840.90189886,-112284.48085253399,213538173.12343138,911463.6984701707,96996692.69074488,1329477.5487559065,32778259.56857513,202023.1714550085
2020-06-17,343962640.66154766,-112284.48085253399,214215234.21609682,911463.6984701707,97018804.66779785,1329477.5487559065,32840886.25850555,202023.1714550085
2020-06-18,344588724.5641022,-112284.48085253399,214795566.3350248,911463.6984701707,97129202.2633229,1329477.5487559065,32776240.446607005,202023.1714550085
2020-06-19,344948330.7502628,-112284.48085253399,214760435.15060195,911463.6984701707,97162319.51335867,1329477.5487559065,33137860.567154728,202023.1714550085
2020-06-22,347704865.58781457,-112284.48085253399,217335943.1696678,911463.6984701707,97129202.2633229,1329477.5487559065,33352004.635676403,202023.1714550085
2020-06-23,349791260.03974193,-112284.48085253399,219185698.7751401,911463.6984701707,97085029.02476065,1329477.5487559065,33632816.72069371,202023.1714550085
2020-06-24,345166429.2553977,-112284.48085253399,214667016.240955,911463.6984701707,97096054.5839609,1329477.5487559065,33515642.91133433,202023.1714550085
2020-06-25,347289138.02196836,-112284.48085253399,216710563.58187777,911463.6984701707,97195416.47717695,1329477.5487559065,33495442.443766203,202023.1714550085
2020-06-26,342497692.6743548,-112284.48085253399,211592940.24912974,911463.6984701707,97372099.28831723,1329477.5487559065,33644937.617760375,202023.1714550085
2020-06-29,344889879.941862,-112284.48085253399,213900708.5883364,911463.6984701707,97438333.78838877,1329477.5487559065,33663122.045989335,202023.1714550085
2020-06-30,349209203.19256043,-122266.01422237398,209598881.5240697,875962.8592708642,104799440.76203485,1428458.3167530454,34933146.92067828,208718.0972683851
2020-07-01,351525290.53401875,-122266.01422237398,212045351.5855114,875962.8592708642,104825596.61500274,1428458.3167530454,34776608.34772699,208718.0972683851
2020-07-02,353205880.21918243,-122266.01422237398,213484429.60684714,875962.8592708642,104991969.63642266,1428458.3167530454,34851746.99013503,208718.0972683851
2020-07-06,358627415.94965976,-122266.01422237398,218732895.48799688,875962.8592708642,104956321.38848184,1428458.3167530454,35060465.08740342,208718.0972683851
2020-07-07,357508226.4567549,-122266.01422237398,217226037.80877295,875962.8592708642,105122748.9012621,1428458.3167530454,35281705.760942236,208718.0972683851
2020-07-08,360529152.17450094,-122266.01422237398,220087258.96157166,875962.8592708642,105063298.82712051,1428458.3167530454,35500860.40003113,208718.0972683851
2020-07-09,362572317.68201655,-122266.01422237398,221941181.63719192,875962.8592708642,105348550.20027949,1428458.3167530454,35404851.8587675,208718.0972683851
2020-07-10,363876924.7936985,-122266.01422237398,223456459.9798884,875962.8592708642,105229715.44162871,1428458.3167530454,35313015.38640375,208718.0972683851
2020-07-13,359371649.90784615,-122266.01422237398,218859806.9160483,875962.8592708642,105277264.60266992,1428458.3167530454,35356844.40335027,208718.0972683851
2020-07-14,361216417.84664017,-122266.01422237398,220408928.30622518,875962.8592708642,105408022.07096523,1428458.3167530454,35521733.48367213,208718.0972683851
2020-07-15,361708253.47510034,-122266.01422237398,220857589.27572507,875962.8592708642,105419890.2892494,1428458.3167530454,35553039.92434822,208718.0972683851
2020-07-16,359936701.06188285,-122266.01422237398,219350798.4271636,875962.8592708642,105491164.98858692,1428458.3167530454,35217003.6603547,208718.0972683851
2020-07-17,360587739.67962843,-122266.01422237398,219604741.5784589,875962.8592708642,105598142.42722559,1428458.3167530454,35507121.68816634,208718.0972683851
2020-07-20,367096369.85463464,-122266.01422237398,225835243.94636935,875962.8592708642,105705119.86586426,1428458.3167530454,35678272.05662342,208718.0972683851
2020-07-21,365232384.4222941,-122266.01422237398,223481882.3638962,875962.8592708642,105764537.24518965,1428458.3167530454,36108230.82743063,208718.0972683851
2020-07-22,366711164.8294493,-122266.01422237398,224269107.46952474,875962.8592708642,105907162.93176913,1428458.3167530454,36657160.44237781,208718.0972683851
2020-07-23,361271852.22989047,-122266.01422237398,218411186.0449458,875962.8592708642,106002261.25385156,1428458.3167530454,36980670.94531547,208718.0972683851
2020-07-24,359491263.1630192,-122266.01422237398,216337189.9977757,875962.8592708642,105978415.8345625,1428458.3167530454,37297923.344903335,208718.0972683851
2020-07-27,364016964.0521,-122266.01422237398,220197369.16107535,875962.8592708642,105907162.93176913,1428458.3167530454,38034697.97347789,208718.0972683851
2020-07-28,361579780.69129306,-122266.01422237398,217395373.34136727,875962.8592708642,105954722.99108241,1428458.3167530454,38351950.37306576,208718.0972683851
2020-07-29,364539819.20566547,-122266.01422237398,219901028.63750216,875962.8592708642,106121074.2159582,1428458.3167530454,38639982.36642747,208718.0972683851
2020-07-30,365464622.5470366,-122266.01422237398,221052360.55845967,875962.8592708642,106180491.59528358,1428458.3167530454,38354036.407515705,208718.0972683851
2020-07-31,369771125.15456337,-129465.20662641642,221940354.21671388,864061.9444191577,110970177.10835694,1490892.4930631162,36990059.03611898,199482.6106734253
2020-08-03,372772223.4397533,-129465.20662641642,224938017.36074203,864061.9444191577,110931719.56197749,1490892.4930631162,37031951.72366015,199482.6106734253
2020-08-04,374631315.07085204,-129465.20662641642,225773073.31947815,864061.9444191577,111167799.53095275,1490892.4930631162,37819907.42704757,199482.6106734253
2020-08-05,375392667.55933255,-129465.20662641642,226332466.93791407,864061.9444191577,111018667.05813971,1490892.4930631162,38170998.76990516,199482.6106734253
2020-08-06,379071121.65513456,-129465.20662641642,229330261.9273317,864061.9444191577,111192641.67271338,1490892.4930631162,38677683.26171591,199482.6106734253
2020-08-07,375685459.2503104,-129465.20662641642,226683228.41205543,864061.9444191577,111068419.58930318,1490892.4930631162,38063276.455578186,199482.6106734253
2020-08-10,374460920.6964968,-129465.20662641642,225714639.44286585,864061.9444191577,110944129.25825077,1490892.4930631162,37931617.2020066,199482.6106734253
2020-08-11,367763649.8147522,-129465.20662641642,221439262.62950084,864061.9444191577,110558950.94028358,1490892.4930631162,35894901.45159424,199482.6106734253
2020-08-12,372879808.81408954,-129465.20662641642,227008807.41680834,864061.9444191577,110273129.8147519,1490892.4930631162,35727336.78915571,199482.6106734253
2020-08-13,373881020.94384146,-129465.20662641642,227526590.63032806,864061.9444191577,109912748.1401172,1490892.4930631162,36571147.38002263,199482.6106734253
2020-08-14,373331988.89778936,-129465.20662641642,227259419.1331096,864061.9444191577,109788480.55827886,1490892.4930631162,36413554.4130273,199482.6106734253
2020-08-17,376897308.1655223,-129465.20662641642,229898120.01977146,864061.9444191577,109925146.46178344,1490892.4930631162,37203506.89059382,199482.6106734253
2020-08-18,379594338.8894014,-129465.20662641642,232110854.8221393,864061.9444191577,110074313.05841757,1490892.4930631162,37538636.215470895,199482.6106734253
2020-08-19,376661483.6240789,-129465.20662641642,230549330.76743308,864061.9444191577,109887905.99835655,1490892.4930631162,36353712.06491574,199482.6106734253
2020-08-20,380297332.18289554,-129465.20662641642,233747425.27253085,864061.9444191577,110074313.05841757,1490892.4930631162,36605059.058573544,199482.6106734253
2020-08-21,381860198.1346171,-129465.20662641642,235367462.3110831,864061.9444191577,110310381.65278581,1490892.4930631162,36311819.37737456,199482.6106734253
2020-08-24,383000076.5310701,-129465.20662641642,236837063.76025206,864061.9444191577,110186125.4455545,1490892.4930631162,36106352.53188998,199482.6106734253
2020-08-25,384694792.5516437,-129465.20662641642,238699142.56479013,864061.9444191577,109974876.24373284,1490892.4930631162,36150238.94974718,199482.6106734253
2020-08-26,390153219.15167546,-129465.20662641642,243792804.6033509,864061.9444191577,109912748.1401172,1490892.4930631162,36577131.614833795,199482.6106734253
2020-08-27,388572820.75522494,-129465.20662641642,243032953.25476745,864061.9444191577,109515103.25284155,1490892.4930631162,36154229.45424232,199482.6106734253
2020-08-28,390523909.09847826,-129465.20662641642,244268713.72117552,864061.9444191577,109602062.1236108,1490892.4930631162,36782598.46031837,199482.6106734253
2020-08-31,392759665.4054923,-137514.01279640105,235738307.65097323,827241.0684816577,117869153.82548662,1598635.4556572188,39289717.94182887,212572.18824107325
2020-09-01,397159914.20050657,-137514.01279640105,239767396.78691277,827241.0684816577,118193547.34366071,1598635.4556572188,39336484.082729444,212572.18824107325
2020-09-02,399167298.6061612,-137514.01279640105,242037765.55432892,827241.0684816577,118447115.08599404,1598635.4556572188,38819931.978634655,212572.18824107325
2020-09-03,386594692.00708663,-137514.01279640105,229766433.97932583,827241.0684816577,118460445.99231295,1598635.4556572188,38505326.04824424,212572.18824107325
2020-09-04,382945054.8510962,-137514.01279640105,226704571.62124082,827241.0684816577,117766385.10028698,1598635.4556572188,38611612.14236478,212572.18824107325
2020-09-08,372147796.82492834,-137514.01279640105,215808230.42694005,827241.0684816577,117939869.83174196,1598635.4556572188,38537210.57904273,212572.18824107325
2020-09-09,378781401.87464786,-137514.01279640105,222147752.77047154,827241.0684816577,117859823.41072543,1598635.4556572188,38911339.70624729,212572.18824107325
2020-09-10,374253944.989529,-137514.01279640105,217718953.31234968,827241.0684816577,117886582.7963281,1598635.4556572188,38785922.89364766,212572.18824107325
2020-09-11,372860955.24238324,-137514.01279640105,216207991.23991024,827241.0684816577,118006682.9194044,1598635.4556572188,38783795.09586498,212572.18824107325
2020-09-14,376932384.97252584,-137514.01279640105,219973316.50001067,827241.0684816577,118006682.9194044,1598635.4556572188,39089899.565907195,212572.18824107325
2020-09-15,380023274.2270456,-137514.01279640105,223091046.91487515,827241.0684816577,118073374.0408608,1598635.4556572188,38996367.28410605,212572.18824107325
2020-09-16,376549746.6648526,-137514.01279640105,219533642.7192283,827241.0684816577,118046712.22822297,1598635.4556572188,39106905.73019778,212572.18824107325
2020-09-17,372905412.6654843,-137514.01279640105,216104005.4622895,827241.0684816577,118046712.22822297,1598635.4556572188,38892208.9877682,212572.18824107325
2020-09-18,370064814.7795439,-137514.01279640105,213345920.92943156,827241.0684816577,117913183.62586293,1598635.4556572188,38943224.23704578,212572.18824107325
2020-09-21,369861013.0224498,-137514.01279640105,213857594.57371825,827241.0684816577,117979972.32028414,1598635.4556572188,38160960.14124384,212572.18824107325
2020-09-22,373689312.0565468,-137514.01279640105,217830840.89827225,827241.0684816577,118019965.0392409,1598635.4556572188,37976020.13183007,212572.18824107325
2020-09-23,365950518.133343,-137514.01279640105,211179462.20345432,827241.0684816577,117753078.58720927,1598635.4556572188,37155491.35547575,212572.18824107325
2020-09-24,367085357.09951323,-137514.01279640105,212162820.78803372,827241.0684816577,117766385.10028698,1598635.4556572188,37293665.22398896,212572.18824107325
2020-09-25,371898260.0502399,-137514.01279640105,217095316.34595862,827241.0684816577,117753078.58720927,1598635.4556572188,37187379.129868425,212572.18824107325
2020-09-28,376888008.60505205,-137514.01279640105,221604194.1936442,827241.0684816577,117859823.41072543,1598635.4556572188,37561505.01347881,212572.18824107325
2020-09-29,376285475.080695,-137514.01279640105,220604880.52009752,827241.0684816577,117939869.83174196,1598635.4556572188,37878238.741651915,212572.18824107325
2020-09-30,377250057.86990386,-132083.74956681472,226429284.9716824,843306.1056266846,113214642.4858412,1537020.8893806492,37738214.161947064,213065.80398773393
2020-10-01,381296334.26932687,-132083.74956681472,230023269.8853411,843306.1056266846,113330289.6111698,1537020.8893806492,38074858.52238282,213065.80398773393
2020-10-02,374714349.0594392,-132083.74956681472,223552501.4298379,843306.1056266846,113253164.16569361,1537020.8893806492,38040767.213474505,213065.80398773393
2020-10-05,379243039.7050792,-132083.74956681472,228320006.70209247,843306.1056266846,112828980.07884389,1537020.8893806492,38226136.67370962,213065.80398773393
2020-10-06,374872870.4646933,-132083.74956681472,224245202.45336843,843306.1056266846,112983184.06364122,1537020.8893806492,37776567.697250456,213065.80398773393
2020-10-07,378580834.05845654,-132083.74956681472,228124415.68638316,843306.1056266846,112828980.07884389,1537020.8893806492,37759522.0427963,213065.80398773393
2020-10-08,380122145.9406044,-132083.74956681472,229338675.59469852,843306.1056266846,113021799.55580378,1537020.8893806492,37893754.53966894,213065.80398773393
2020-10-09,384340324.83576304,-132083.74956681472,232842971.73339048,843306.1056266846,113047480.67570537,1537020.8893806492,38581956.176234,213065.80398773393
2020-10-12,391584715.09872955,-132083.74956681472,240031018.76768765,843306.1056266846,113214619.03276366,1537020.8893806492,38471161.04784505,213065.80398773393
2020-10-13,391061465.9856313,-132083.74956681472,240022886.29913974,843306.1056266846,113304608.4912682,1537020.8893806492,37866054.94479017,213065.80398773393
2020-10-14,389237991.68029857,-132083.74956681472,238017975.44547942,843306.1056266846,113368858.19717729,1537020.8893806492,37983241.787208654,213065.80398773393
2020-10-15,387715001.1823248,-132083.74956681472,236420743.18127322,843306.1056266846,113304608.4912682,1537020.8893806492,38121733.25935022,213065.80398773393
2020-10-16,386197147.222294,-132083.74956681472,235124978.43785897,843306.1056266846,113214619.03276366,1537020.8893806492,37989633.50123819,213065.80398773393
2020-10-19,382275004.6535108,-132083.74956681472,231286479.01890373,843306.1056266846,113111800.74084708,1537020.8893806492,38008808.64332681,213065.80398773393
2020-10-20,382762545.9149678,-132083.74956681472,231783614.7623849,843306.1056266846,112918969.53734843,1537020.8893806492,38192045.36480131,213065.80398773393
2020-10-21,382742341.67245734,-132083.74956681472,231604340.15509132,843306.1056266846,112790399.76629764,1537020.8893806492,38479685.50063521,213065.80398773393
2020-10-22,382164234.32533354,-132083.74956681472,231596156.2152235,843306.1056266846,112597603.74241528,1537020.8893806492,38102558.117261596,213065.80398773393
2020-10-23,382721471.1762228,-132083.74956681472,232052500.93766525,843306.1056266846,112738978.89380059,1537020.8893806492,38062075.09432375,213065.80398773393
2020-10-26,379389598.8560029,-132083.74956681472,228572653.675937,843306.1056266846,112906128.97739762,1537020.8893806492,38042899.952235125,213065.80398773393
2020-10-27,381544506.7386532,-132083.74956681472,230357498.90126437,843306.1056266846,113176050.44675617,1537020.8893806492,38143041.14019945,213065.80398773393
2020-10-28,371793522.54736876,-132083.74956681472,221376525.64441183,843306.1056266846,113021799.55580378,1537020.8893806492,37527281.09671995,213065.80398773393
2020-10-29,375264824.8672392,-132083.74956681472,225247632.1445386,843306.1056266846,112777535.7532693,1537020.8893806492,37371740.71899807,213065.80398773393
2020-10-30,369529600.84890026,-132083.74956681472,219534727.4035891,843306.1056266846,112584763.18246448,1537020.8893806492,37542194.01241349,213065.80398773393
2020-11-02,370538662.504864,-132083.74956681472,220023704.94286236,843306.1056266846,112740503.3438404,1537020.8893806492,37906537.96772802,213065.80398773393
2020-11-03,374533982.3634321,-132083.74956681472,223829545.80932617,843306.1056266846,112714787.04432249,1537020.8893806492,38121733.25935022,213065.80398773393
2020-11-04,385276823.3183738,-132083.74956681472,233821029.7545769,843306.1056266846,113487448.68373664,1537020.8893806492,38100428.62962714,213065.80398773393
2020-11-05,392364302.8577042,-132083.74956681472,239916906.85141724,843306.1056266846,113603353.79291815,1537020.8893806492,38976125.96293561,213065.80398773393
2020-11-06,392341332.87148666,-132083.74956681472,240096181.45871082,843306.1056266846,113345710.00964954,1537020.8893806492,39031525.15269317,213065.80398773393
2020-11-09,385179449.154681,-132083.74956681472,235190166.8645421,843306.1056266846,112817804.68739812,1537020.8893806492,37303561.352307595,213065.80398773393
2020-11-10,380870765.6525737,-132083.74956681472,230976827.55824393,843306.1056266846,112598881.93514098,1537020.8893806492,37427139.90875562,213065.80398773393
2020-11-11,385952926.3447321,-132083.74956681472,236143724.53744492,843306.1056266846,112676077.73984979,1537020.8893806492,37265207.817004204,213065.80398773393
2020-11-12,385443923.1466273,-132083.74956681472,235035366.86987215,843306.1056266846,113049579.72614482,1537020.8893806492,37491060.30017717,213065.80398773393
2020-11-13,387800087.9838795,-132083.74956681472,237097179.2677079,843306.1056266846,113088253.85100122,1537020.8893806492,37746738.61473722,213065.80398773393
2020-11-16,389712353.58584374,-132083.74956681472,238947187.18405843,843306.1056266846,113152644.27537553,1537020.8893806492,37744605.8759766,213065.80398773393
2020-11-17,389008935.4551227,-132083.74956681472,238189194.79120496,843306.1056266846,113345710.00964954,1537020.8893806492,37606114.403835036,213065.80398773393
2020-11-18,387162276.79526275,-132083.74956681472,236428927.12114105,843306.1056266846,113474514.3114757,1537020.8893806492,37390919.112212844,213065.80398773393
2020-11-19,389173757.0888652,-132083.74956681472,238278909.30183163,843306.1056266846,113706324.5298387,1537020.8893806492,37320607.00676175,213065.80398773393
2020-11-20,387759782.7956067,-132083.74956681472,236648992.749474,843306.1056266846,113809342.17291433,1537020.8893806492,37433531.62278516,213065.80398773393
2020-11-23,386940575.9748917,-132083.74956681472,236657125.2180219,843306.1056266846,113719211.99594457,1537020.8893806492,36696322.510492094,213065.80398773393
2020-11-24,389587219.97512114,-132083.74956681472,239982121.01376033,843306.1056266846,113603353.79291815,1537020.8893806492,36133828.91800952,213065.80398773393
2020-11-25,390993752.74047,-132083.74956681472,241457237.57144803,843306.1056266846,113551815.65503341,1537020.8893806492,36116783.26355536,213065.80398773393
2020-11-27,393096841.0773869,-132083.74956681472,243682136.8464614,843306.1056266846,113796478.15988599,1537020.8893806492,35750309.820606366,213065.80398773393
2020-11-30,393372047.40704757,-137728.42153994605,236105865.4971525,815423.7613722358,118052932.74857627,1592349.7321876641,39350977.58285876,236101.1460681159
2020-12-01,396870001.6315393,-137728.42153994605,239131827.22686145,815423.7613722358,117696211.51760225,1592349.7321876641,40179691.30861552,236101.1460681159
2020-12-02,397279126.4251418,-137728.42153994605,239439228.64666831,815423.7613722358,117495722.1100225,1592349.7321876641,40481904.08999089,236101.1460681159
2020-12-03,398163810.37273705,-137728.42153994605,239778034.6315036,815423.7613722358,117722865.68716112,1592349.7321876641,40800638.47561229,236101.1460681159
2020-12-04,398717960.30957115,-137728.42153994605,240755184.4373448,815423.7613722358,117415553.07405214,1592349.7321876641,40684951.21971417,236101.1460681159
2020-12-07,400848374.6158247,-137728.42153994605,242118446.15363064,815423.7613722358,117575927.59198587,1592349.7321876641,41291729.291748084,236101.1460681159
2020-12-08,401852030.12137073,-137728.42153994605,242938025.6696461,815423.7613722358,117615981.7383102,1592349.7321876641,41435751.13495434,236101.1460681159
2020-12-09,395442920.34339714,-137728.42153994605,237437647.99413493,815423.7613722358,117415553.07405214,1592349.7321876641,40727447.69674999,236101.1460681159
2020-12-10,396558996.86658955,-137728.42153994605,238391082.62527555,815423.7613722358,117656108.77662055,1592349.7321876641,40649533.886233404,236101.1460681159
2020-12-11,396293673.79916954,-137728.42153994605,237863152.47703603,815423.7613722358,117843161.76144183,1592349.7321876641,40725087.98223164,236101.1460681159
2020-12-14,397754918.97812444,-137728.42153994605,239588835.8138244,815423.7613722358,117803022.57446712,1592349.7321876641,40500789.011372864,236101.1460681159
2020-12-15,400936193.78796774,-137728.42153994605,242149975.1424508,815423.7613722358,117856513.14354993,1592349.7321876641,41067433.92350689,236101.1460681159
2020-12-16,402374284.93648255,-137728.42153994605,243481682.98515818,815423.7613722358,117736241.3665979,1592349.7321876641,41294089.00626644,236101.1460681159
2020-12-17,404427182.263506,-137728.42153994605,245073436.55254632,815423.7613722358,117762956.27947846,1592349.7321876641,41728517.85302113,236101.1460681159
2020-12-18,403575590.6595338,-137728.42153994605,244332766.60523546,815423.7613722358,117722865.68716112,1592349.7321876641,41657686.78867718,236101.1460681159
2020-12-21,402999691.91711164,-137728.42153994605,243875708.24875584,815423.7613722358,117736241.3665979,1592349.7321876641,41525470.72329785,236101.1460681159
2020-12-22,403521655.8724658,-137728.42153994605,244538787.51955432,815423.7613722358,117923306.5000835,1592349.7321876641,41197290.27436788,236101.1460681159
2020-12-23,402431259.61563814,-137728.42153994605,243307240.82917613,815423.7613722358,117790582.34218441,1592349.7321876641,41471164.865817524,236101.1460681159
2020-12-24,403871369.25498027,-137728.42153994605,244380943.49738684,815423.7613722358,117991715.62897411,1592349.7321876641,41636438.550159276,236101.1460681159
2020-12-28,406143071.9005516,-137728.42153994605,246843987.10862648,815423.7613722358,117951479.2526847,1592349.7321876641,41485333.96078038,236101.1460681159
2020-12-29,406555464.1745778,-137728.42153994605,247065038.41698432,815423.7613722358,117991715.62897411,1592349.7321876641,41636438.550159276,236101.1460681159
2020-12-30,406962511.1865152,-137728.42153994605,247072926.88537896,815423.7613722358,118072139.78689557,1592349.7321876641,41955172.935780674,236101.1460681159
2020-12-31,407744298.7933493,-142760.47074243214,244732235.55845505,805716.4326875308,122366117.77922752,1648014.128545175,40788705.926409185,228687.5184280635
2021-01-04,405030084.1875977,-142760.47074243214,241276614.95246622,805716.4326875308,122199634.05214572,1648014.128545175,41696595.653728165,228687.5184280635
2021-01-05,406934559.1349681,-142760.47074243214,243265751.9841778,805716.4326875308,121991482.24323104,1648014.128545175,41820085.378301695,228687.5184280635
2021-01-06,402344442.98666644,-142760.47074243214,239895969.88119537,805716.4326875308,121450350.40680276,1648014.128545175,41140883.16941078,228687.5184280635
2021-01-07,407802104.5214073,-142760.47074243214,245699449.35228428,805716.4326875308,121200580.80945511,1648014.128545175,41044834.83041035,228687.5184280635
2021-01-08,409446270.74399525,-142760.47074243214,248858729.18536198,805716.4326875308,121089608.42253388,1648014.128545175,39640693.60684182,228687.5184280635
2021-01-11,405647643.43794644,-142760.47074243214,245262708.16339886,805716.4326875308,120964755.05723502,1648014.128545175,39562940.68805499,228687.5184280635
2021-01-12,405485987.37325114,-142760.47074243214,244872685.1514577,805716.4326875308,120936993.10047974,1648014.128545175,39819069.59205614,228687.5184280635
2021-01-13,407287258.7314685,-142760.47074243214,246526385.67271012,805716.4326875308,121256079.57626571,1648014.128545175,39647553.95323509,228687.5184280635
2021-01-14,405795749.7405986,-142760.47074243214,245208047.89637423,805716.4326875308,121103489.40091152,1648014.128545175,39626972.91405527,228687.5184280635
2021-01-15,403458868.46812326,-142760.47074243214,243265751.9841778,805716.4326875308,121200580.80945511,1648014.128545175,39135296.145232774,228687.5184280635
2021-01-19,407506202.6252032,-142760.47074243214,246814981.06365415,805716.4326875308,121367089.68323688,1648014.128545175,39466892.34905455,228687.5184280635
2021-01-20,413876093.7344647,-142760.47074243214,252556104.0627797,805716.4326875308,121353246.42490919,1648014.128545175,40109503.71751827,228687.5184280635
2021-01-21,415704767.8339119,-142760.47074243214,254576493.09601545,805716.4326875308,121186687.2577275,1648014.128545175,40084347.9509114,228687.5184280635
2021-01-22,414711374.0084152,-142760.47074243214,253843165.2490772,805716.4326875308,121242211.17123805,1648014.128545175,39768758.0588424,228687.5184280635
2021-01-25,417121545.40716904,-142760.47074243214,255941499.87226716,805716.4326875308,121519742.72534098,1648014.128545175,39803063.280303374,228687.5184280635
2021-01-26,417383822.62565887,-142760.47074243214,256315982.9432459,805716.4326875308,121505874.32031332,1648014.128545175,39704725.83284211,228687.5184280635
2021-01-27,409987042.9361595,-142760.47074243214,249170757.43032062,805716.4326875308,121505874.32031332,1648014.128545175,39453171.656268,228687.5184280635
2021-01-28,411400754.7032571,-142760.47074243214,250645010.97507912,805716.4326875308,121408745.19171979,1648014.128545175,39489759.00720059,228687.5184280635
2021-01-29,406014500.9111732,-142760.47074243214,245371930.34339154,805716.4326875308,121311578.3430763,1648014.128545175,39473752.695447825,228687.5184280635
2021-02-01,412556466.9073544,-142760.47074243214,251503100.94297248,805716.4326875308,121351901.07646136,1648014.128545175,39844225.358663015,228687.5184280635
2021-02-02,416021919.90886366,-142760.47074243214,255606161.71586478,805716.4326875308,121199109.72750749,1648014.128545175,39359408.93623379,228687.5184280635
2021-02-03,414739817.29533947,-142760.47074243214,254592033.03697795,805716.4326875308,120990593.2914434,1648014.128545175,39299951.43766055,228687.5184280635
2021-02-04,416932406.57301646,-142760.47074243214,257603019.54102919,805716.4326875308,121018342.67484869,1648014.128545175,38453804.82788103,228687.5184280635
2021-02-05,418018984.5980528,-142760.47074243214,258476723.21542758,805716.4326875308,120851594.90741731,1648014.128545175,38833426.94595032,228687.5184280635
2021-02-08,420280784.6392318,-142760.47074243214,260208467.68069094,805716.4326875308,120990593.2914434,1648014.128545175,39224484.137839936,228687.5184280635
2021-02-09,420298527.720219,-142760.47074243214,260153758.23663792,805716.4326875308,120934981.36448298,1648014.128545175,39352548.58984052,228687.5184280635
2021-02-10,420044407.7960603,-142760.47074243214,259560953.74824485,805716.4326875308,121129591.67546947,1648014.128545175,39496622.84308847,228687.5184280635
2021-02-11,421003757.31872,-142760.47074243214,260988464.527545,805716.4326875308,121004461.69647105,1648014.128545175,39153591.56544638,228687.5184280635
2021-02-12,422023963.0260897,-142760.47074243214,262447178.131341,805716.4326875308,120684872.28668588,1648014.128545175,39034673.07880529,228687.5184280635
2021-02-16,420183997.8098842,-142760.47074243214,261737283.13841736,805716.4326875308,120115085.78565377,1648014.128545175,38474389.35655546,228687.5184280635
2021-02-17,418741467.6597391,-142760.47074243214,260481400.18810156,805716.4326875308,120365232.5835008,1648014.128545175,38037595.35887915,228687.5184280635
2021-02-18,417530810.35075706,-142760.47074243214,259342533.9767738,805716.4326875308,120295727.10481277,1648014.128545175,38035309.73991293,228687.5184280635
2021-02-19,416140597.8696363,-142760.47074243214,258211462.32444146,805716.4326875308,119878794.81948441,1648014.128545175,38193101.196452826,228687.5184280635
2021-02-22,409685961.9702872,-142760.47074243214,251518640.88393494,805716.4326875308,119545261.56457171,1648014.128545175,38764819.992522985,228687.5184280635
2021-02-23,408820204.86703086,-142760.47074243214,250769871.45009094,805716.4326875308,119517461.8877665,1648014.128545175,38675631.99991582,228687.5184280635
2021-02-24,410790328.0510855,-142760.47074243214,252836954.07175666,805716.4326875308,119447943.83572848,1648014.128545175,38648190.61434273,228687.5184280635
2021-02-25,400206259.78469527,-142760.47074243214,244022340.5655314,805716.4326875308,118405713.70920743,1648014.128545175,37920965.9806989,228687.5184280635
2021-02-26,401339480.4151979,-142760.47074243214,245044263.8034137,805716.4326875308,119434050.28400086,1648014.128545175,37003926.79852582,228687.5184280635
2021-03-01,408492535.35549486,-142760.47074243214,252415802.0008621,805716.4326875308,119279599.25284967,1648014.128545175,36939894.57252552,228687.5184280635
2021-03-02,404631315.3111553,-142760.47074243214,248367229.3753952,805716.4326875308,119265705.70112206,1648014.128545175,37141140.7053805,228687.5184280635
2021-03-03,396638539.2529405,-142760.47074243214,241159598.21347824,805716.4326875308,118889913.41692743,1648014.128545175,36731788.09327728,228687.5184280635
2021-03-04,391954347.9155914,-142760.47074243214,237212576.1515794,805716.4326875308,118514070.83933288,1648014.128545175,36370461.39542159,228687.5184280635
2021-03-05,395480287.06277096,-142760.47074243214,240785213.49655622,805716.4326875308,118444502.49389495,1648014.128545175,36393331.54306224,228687.5184280635
2021-03-08,387742504.649347,-142760.47074243214,233967580.75806627,805716.4326875308,117901685.82856938,1648014.128545175,36015998.53345378,228687.5184280635
2021-03-09,398126361.50867337,-142760.47074243214,243195625.54173318,805716.4326875308,118291396.81119159,1648014.128545175,36782099.626491025,228687.5184280635
2021-03-10,397842255.1019502,-142760.47074243214,242501319.66680035,805716.4326875308,118514070.83933288,1648014.128545175,36969625.06655945,228687.5184280635
2021-03-11,403409303.1677023,-142760.47074243214,248086477.720475,805716.4326875308,118527976.96441048,1648014.128545175,36937608.9535593,228687.5184280635
2021-03-12,400680155.3898831,-142760.47074243214,246074006.18880555,805716.4326875308,117818161.06465393,1648014.128545175,36930748.60716603,228687.5184280635
2021-03-15,403610331.65149623,-142760.47074243214,248702616.70882595,805716.4326875308,117957360.6222797,1648014.128545175,37093114.79113298,228687.5184280635
2021-03-16,404995909.64373046,-142760.47074243214,250067795.6046769,805716.4326875308,117943454.4972021,1648014.128545175,37127420.01259395,228687.5184280635
2021-03-17,406249059.87579364,-142760.47074243214,251097439.63601205,805716.4326875308,117901685.82856938,1648014.128545175,37392694.8819546,228687.5184280635
2021-03-18,397853501.82446736,-142760.47074243214,243406250.7542088,805716.4326875308,117414569.1036541,1648014.128545175,37175442.43734686,228687.5184280635
2021-03-19,398964395.37612957,-142760.47074243214,244264266.95655963,805716.4326875308,117511937.12589724,1648014.128545175,37330951.76441514,228687.5184280635
2021-03-22,403824213.9349332,-142760.47074243214,248844910.4403922,805716.4326875308,117845998.4615091,1648014.128545175,37276065.503774345,228687.5184280635
2021-03-23,402730972.1872256,-142760.47074243214,247759352.1278091,805716.4326875308,118110453.73163308,1648014.128545175,37003926.79852582,228687.5184280635
2021-03-24,398861456.7958704,-142760.47074243214,243580829.2048949,805716.4326875308,118291396.81119159,1648014.128545175,37131991.25052639,228687.5184280635
2021-03-25,398221216.41948366,-142760.47074243214,243159013.24411747,805716.4326875308,118207897.1939761,1648014.128545175,36997066.452132545,228687.5184280635
2021-03-26,401765105.94571877,-142760.47074243214,246806498.02626166,805716.4326875308,117999104.14421245,1648014.128545175,37102264.24598708,228687.5184280635
2021-03-29,401100332.97586817,-142760.47074243214,246736199.46421778,805716.4326875308,117845998.4615091,1648014.128545175,36660895.520883724,228687.5184280635
2021-03-30,399357168.8009459,-142760.47074243214,245494381.14401358,805716.4326875308,117971254.17400731,1648014.128545175,36034293.95366737,228687.5184280635
2021-03-31,403463650.9268661,-141261.71942620233,242162947.58777538,782803.360058107,121081473.79388769,1692260.6449169556,40360491.26462924,252316.13885103897
2021-04-01,408490910.6817693,-141261.71942620233,246290892.73551834,782803.360058107,121471112.5725967,1692260.6449169556,40870167.093080446,252316.13885103897
2021-04-05,413206657.25751644,-141261.71942620233,251208043.5657222,782803.360058107,121284846.67046492,1692260.6449169556,40855028.74075558,252316.13885103897
2021-04-06,413789872.2311741,-141261.71942620233,251033532.50171998,782803.360058107,121714560.9576107,1692260.6449169556,41183040.49126968,252316.13885103897
2021-04-07,414137608.46468323,-141261.71942620233,251640582.55611563,782803.360058107,121571314.2546127,1692260.6449169556,41066973.37338115,252316.13885103897
2021-04-08,417476860.49370587,-141261.71942620233,254266131.97283885,782803.360058107,121843463.62392274,1692260.6449169556,41508526.61637048,252316.13885103897
2021-04-09,418546770.8188264,-141261.71942620233,255806463.85302153,782803.360058107,121685911.6170111,1692260.6449169556,41195657.06821998,252316.13885103897
2021-04-12,417934476.6011441,-141261.71942620233,255472587.51756707,782803.360058107,121657288.09825972,1692260.6449169556,40945862.704743505,252316.13885103897
2021-04-13,421521934.8541586,-141261.71942620233,258454779.7370951,782803.360058107,121972392.11208299,1692260.6449169556,41236024.724406704,252316.13885103897
2021-04-14,418153359.4103886,-141261.71942620233,255351230.0630659,782803.360058107,121886508.64490473,1692260.6449169556,41056882.42184416,252316.13885103897
2021-04-15,423202588.44215393,-141261.71942620233,259221242.84146836,782803.360058107,122402132.22107698,1692260.6449169556,41720475.099034786,252316.13885103897
2021-04-16,423428949.58897054,-141261.71942620233,259524684.25624675,782803.360058107,122072735.8142642,1692260.6449169556,41972791.237885825,252316.13885103897
2021-04-19,420866091.79030794,-141261.71942620233,257149613.7589025,782803.360058107,122001015.63083437,1692260.6449169556,41856724.11999731,252316.13885103897
2021-04-20,419341200.9323155,-141261.71942620233,255275286.09695184,782803.360058107,122201586.83687979,1692260.6449169556,42005589.71791012,252316.13885103897
2021-04-21,422071852.1568857,-141261.71942620233,257460723.62700665,782803.360058107,122330476.5922677,1692260.6449169556,42421913.65703758,252316.13885103897
2021-04-22,418750649.17963773,-141261.71942620233,254357197.84224012,782803.360058107,122387826.91716334,1692260.6449169556,42146886.1396605,252316.13885103897
2021-04-23,421805636.85913104,-141261.71942620233,257559362.3926829,782803.360058107,122402132.22107698,1692260.6449169556,41985403.964797385,252316.13885103897
2021-04-26,423507797.4178034,-141261.71942620233,259236412.52328104,782803.360058107,122316222.93205051,1692260.6449169556,42096423.68189804,252316.13885103897
2021-04-27,421963583.5608844,-141261.71942620233,258113378.28389102,782803.360058107,122001015.63083437,1692260.6449169556,41990451.36558525,252316.13885103897
2021-04-28,421271895.41350645,-141261.71942620233,257240703.51756647,782803.360058107,122058365.95573,1692260.6449169556,42114087.659636214,252316.13885103897
2021-04-29,421923224.5110589,-141261.71942620233,258166436.3363412,782803.360058107,121958060.98632114,1692260.6449169556,41939988.907822795,252316.13885103897
2021-04-30,420114599.240002,-147091.591791068,252157014.49907583,769626.3745953058,126078507.24953793,1746972.1066955756,42026169.08317932,253689.29225003853
2021-05-03,419348197.7119754,-147091.591791068,250814114.18188038,769626.3745953058,126109575.60876574,1746972.1066955756,42571599.513120346,253689.29225003853
2021-05-04,414685507.10334784,-147091.591791068,246300521.3692246,769626.3745953058,126272514.55838391,1746972.1066955756,42259562.76753039,253689.29225003853
2021-05-05,414106506.4112653,-147091.591791068,245472435.520558,769626.3745953058,126346553.48395684,1746972.1066955756,42434608.998541534,253689.29225003853
2021-05-06,416723664.40487367,-147091.591791068,247322610.93658498,769626.3745953058,126405744.63939686,1746972.1066955756,43142400.42068293,253689.29225003853
2021-05-07,419133464.4190198,-147091.591791068,249329445.52981377,769626.3745953058,126420565.75285089,1746972.1066955756,43530544.72814617,253689.29225003853
2021-05-10,412672693.50691783,-147091.591791068,243032897.4758165,769626.3745953058,126124423.37889864,1746972.1066955756,43662464.24399379,253689.29225003853
2021-05-11,412092732.8337961,-147091.591791068,242697125.4222516,769626.3745953058,125872624.39025351,1746972.1066955756,43670074.61308198,253689.29225003853
2021-05-12,404932918.05974495,-147091.591791068,236415421.236319,769626.3745953058,125428324.1951188,1746972.1066955756,43236264.2200982,253689.29225003853
2021-05-13,407190047.853757,-147091.591791068,238243166.4403178,769626.3745953058,125680123.18376392,1746972.1066955756,43413849.82146634,253689.29225003853
2021-05-14,413141693.4563833,-147091.591791068,243502875.0074221,769626.3745953058,125976305.54273449,1746972.1066955756,43809604.49801778,253689.29225003853
2021-05-17,412055929.01767874,-147091.591791068,242025698.75078687,769626.3745953058,125857803.2767995,1746972.1066955756,44319518.58188345,253689.29225003853
2021-05-18,410375050.29145867,-147091.591791068,240391863.3169498,769626.3745953058,125724506.55408937,1746972.1066955756,44405772.01221053,253689.29225003853
2021-05-19,410548309.8321007,-147091.591791068,240667907.59126064,769626.3745953058,125591276.47307642,1746972.1066955756,44436217.359554686,253689.29225003853
2021-05-20,415821200.53565997,-147091.591791068,245323174.79025552,769626.3745953058,126005947.76964253,1746972.1066955756,44639169.567553,253689.29225003853
2021-05-21,414513326.8420641,-147091.591791068,243965407.1178623,769626.3745953058,126035550.01153226,1746972.1066955756,44659461.30446057,253689.29225003853
2021-05-24,418843354.05057013,-147091.591791068,248068656.22963443,769626.3745953058,126183681.17603585,1746972.1066955756,44738108.23669086,253689.29225003853
2021-05-25,419918276.33859706,-147091.591791068,248411826.7300987,769626.3745953058,126509532.41859332,1746972.1066955756,45144008.78169607,253689.29225003853
2021-05-26,420660586.9988151,-147091.591791068,249277257.12025717,769626.3745953058,126465055.74989182,1746972.1066955756,45065365.72045719,253689.29225003853
2021-05-27,419568030.42796445,-147091.591791068,248344700.50394532,769626.3745953058,126287295.68681963,1746972.1066955756,45083125.828990564,253689.29225003853
2021-05-28,420506563.52109265,-147091.591791068,249128043.36422068,769626.3745953058,126272514.55838391,1746972.1066955756,45253097.19027912,253689.29225003853
2021-06-01,419547777.2071553,-147091.591791068,248299934.02842107,769626.3745953058,126263611.22763996,1746972.1066955756,45131323.542885296,253689.29225003853
2021-06-02,420386914.8480304,-147091.591791068,248784849.37662342,769626.3745953058,126397121.20378108,1746972.1066955756,45352035.85941698,253689.29225003853
2021-06-03,416672986.4149662,-147091.591791068,246196144.5501114,769626.3745953058,126159810.12010406,1746972.1066955756,44464123.33654185,253689.29225003853
2021-06-04,421834560.67371744,-147091.591791068,250373941.82206926,769626.3745953058,126664114.49938445,1746972.1066955756,44943595.94405476,253689.29225003853
2021-06-07,422671820.65307415,-147091.591791068,251120104.5507838,769626.3745953058,126575094.52028427,1746972.1066955756,45123713.17379711,253689.29225003853
2021-06-08,422888836.5687782,-147091.591791068,251239348.72509474,769626.3745953058,126812392.27562185,1746972.1066955756,44984187.159852706,253689.29225003853
2021-06-09,423114462.0808218,-147091.591791068,251299006.0429497,769626.3745953058,127064617.77112895,1746972.1066955756,44897929.858534224,253689.29225003853
2021-06-10,426192925.9654137,-147091.591791068,253917656.96405423,769626.3745953058,127331624.39507177,1746972.1066955756,45090736.19807875,253689.29225003853
2021-06-11,426319980.352837,-147091.591791068,254581732.1628857,769626.3745953058,127301982.16816373,1746972.1066955756,44583357.61357868,253689.29225003853
2021-06-14,428171904.17134845,-147091.591791068,257021246.7204942,769626.3745953058,126975691.09040482,1746972.1066955756,44322057.952240445,253689.29225003853
2021-06-15,426325842.91293114,-147091.591791068,255342621.32399988,769626.3745953058,126975691.09040482,1746972.1066955756,44154622.09031749,253689.29225003853
2021-06-16,424291316.0870806,-147091.591791068,254410088.19482103,769626.3745953058,126619544.5323069,1746972.1066955756,43408774.95174375,253689.29225003853
2021-06-17,426617527.07042503,-147091.591791068,257640438.0081363,769626.3745953058,127049809.98601437,1746972.1066955756,42074370.66806545,253689.29225003853
2021-06-18,424762883.86413455,-147091.591791068,255618689.08544376,769626.3745953058,127450313.25775887,1746972.1066955756,41840973.112722985,253689.29225003853
2021-06-21,426418960.4132656,-147091.591791068,257207358.7624953,769626.3745953058,127005266.67561568,1746972.1066955756,42353426.56694565,253689.29225003853
2021-06-22,428816995.3379287,-147091.591791068,259604948.78767428,769626.3745953058,127183293.30547662,1746972.1066955756,42175844.83656891,253689.29225003853
2021-06-23,428827007.1769873,-147091.591791068,259731873.25448072,769626.3745953058,127094286.65471588,1746972.1066955756,42147938.859581746,253689.29225003853
2021-06-24,430466980.81730115,-147091.591791068,261337852.94856346,769626.3745953058,127153651.07856858,1746972.1066955756,42122568.38196018,253689.29225003853
2021-06-25,430047896.28908753,-147091.591791068,261016642.9174671,769626.3745953058,126916246.6965155,1746972.1066955756,42262098.26689599,253689.29225003853
2021-06-28,433560885.95204884,-147091.591791068,264190975.9185445,769626.3745953058,127257438.85776505,1746972.1066955756,42259562.76753039,253689.29225003853
2021-06-29,434132384.8380556,-147091.591791068,265147066.64213616,769626.3745953058,127316803.28161775,1746972.1066955756,41815606.50609282,253689.29225003853
2021-06-30,433854112.2656766,-151902.10502968763,260403608.62242383,757052.2462635455,130201804.31121191,1785310.4226082652,43400601.43707064,262033.44899843287
2021-07-01,434094258.7379709,-151902.10502968763,260506534.27419093,757052.2462635455,130189668.14493275,1785310.4226082652,43549958.42387692,262033.44899843287
2021-07-02,437597864.73913133,-151902.10502968763,263496784.37128702,757052.2462635455,130417408.54918392,1785310.4226082652,43835573.92369006,262033.44899843287
2021-07-06,439424880.0763431,-151902.10502968763,264635643.42363426,757052.2462635455,130888076.59158221,1785310.4226082652,44053062.16615634,262033.44899843287
2021-07-07,440424155.2191807,-151902.10502968763,265193983.31729427,757052.2462635455,131161310.59333332,1785310.4226082652,44220763.41358281,262033.44899843287
2021-07-08,438915158.7301692,-151902.10502968763,263592340.03811276,757052.2462635455,131282781.22282566,1785310.4226082652,44191939.57426045,262033.44899843287
2021-07-09,440297655.93672377,-151902.10502968763,265238041.50313488,757052.2462635455,130872834.87433597,1785310.4226082652,44338681.6642826,262033.44899843287
2021-07-12,441233026.0937438,-151902.10502968763,266273974.90371504,757052.2462635455,130827300.41432332,1785310.4226082652,44283652.88073515,262033.44899843287
2021-07-13,440880781.90724915,-151902.10502968763,266273974.90371504,757052.2462635455,130417408.54918392,1785310.4226082652,44341300.55937986,262033.44899843287
2021-07-14,442275613.9936322,-151902.10502968763,266751614.61743736,757052.2462635455,130857702.12379034,1785310.4226082652,44818199.35743418,262033.44899843287
2021-07-15,440728717.6900506,-151902.10502968763,264878044.30766124,757052.2462635455,131176511.44806683,1785310.4226082652,44826064.03935221,262033.44899843287
2021-07-16,438026888.75226045,-151902.10502968763,262732662.48429602,757052.2462635455,131055040.81857449,1785310.4226082652,44391087.55441966,262033.44899843287
2021-07-19,436670587.6369208,-151902.10502968763,260580026.19299477,757052.2462635455,131798970.10439904,1785310.4226082652,44443493.44455672,262033.44899843287
2021-07-20,439503293.84136045,-151902.10502968763,263607010.69779223,757052.2462635455,131662339.48268591,1785310.4226082652,44385845.76591202,262033.44899843287
2021-07-21,440948274.2660184,-151902.10502968763,265642166.19465226,757052.2462635455,131237246.762813,1785310.4226082652,44220763.41358281,262033.44899843287
2021-07-22,443079172.3979112,-151902.10502968763,267398117.08958068,757052.2462635455,131525722.48181036,1785310.4226082652,44307234.93154986,262033.44899843287
2021-07-23,445910939.71906984,-151902.10502968763,270520634.1578028,757052.2462635455,131373850.142851,1785310.4226082652,44168357.52344575,262033.44899843287
2021-07-26,445943269.0930958,-151902.10502968763,270733670.6190698,757052.2462635455,131297954.83588403,1785310.4226082652,44063545.743171625,262033.44899843287
2021-07-27,443367662.1713637,-151902.10502968763,267750698.09331077,757052.2462635455,131631951.39405647,1785310.4226082652,44136914.78902613,262033.44899843287
2021-07-28,444740551.3869985,-151902.10502968763,268779377.0259549,757052.2462635455,131753435.64438638,1785310.4226082652,44359640.82168692,262033.44899843287
2021-07-29,445483009.68811786,-151902.10502968763,269256924.326073,757052.2462635455,131525722.48181036,1785310.4226082652,44852264.98526418,262033.44899843287
2021-07-30,443923318.66558444,-151902.10502968763,267853623.74507788,757052.2462635455,131723074.79743208,1785310.4226082652,44498522.22810417,262033.44899843287
2021-08-02,444203541.68669105,-151902.10502968763,267875664.3896987,757052.2462635455,132036285.95746532,1785310.4226082652,44443493.44455672,262033.44899843287
2021-08-03,445826248.5514546,-151902.10502968763,269499371.4169021,757052.2462635455,132066728.52944507,1785310.4226082652,44412050.710137114,262033.44899843287
2021-08-04,446226159.05859363,-151902.10502968763,269888802.345339,757052.2462635455,132066728.52944507,1785310.4226082652,44422530.28883927,262033.44899843287
2021-08-05,447458363.7752792,-151902.10502968763,271600695.0544268,757052.2462635455,131762602.46807425,1785310.4226082652,44246968.3578079,262033.44899843287
2021-08-06,444538842.10003644,-151902.10502968763,270410407.8312976,757052.2462635455,131139149.49059907,1785310.4226082652,43141186.883169465,262033.44899843287
2021-08-09,444029998.65875113,-151902.10502968763,270910065.08623964,757052.2462635455,130895785.98564957,1785310.4226082652,42376049.69189161,262033.44899843287
2021-08-10,442456809.7529362,-151902.10502968763,269521412.06152296,757052.2462635455,130698147.63243876,1785310.4226082652,42389152.16400416,262033.44899843287
2021-08-11,442669572.40279007,-151902.10502968763,269058581.6278866,757052.2462635455,130789407.24419013,1785310.4226082652,42973485.63574299,262033.44899843287
2021-08-12,443664981.3719026,-151902.10502968763,270028323.78440106,757052.2462635455,130804594.47808607,1785310.4226082652,42983965.21444515,262033.44899843287
2021-08-13,445745635.08217716,-151902.10502968763,270976163.9167011,757052.2462635455,131321627.85158908,1785310.4226082652,43599745.41891672,262033.44899843287
2021-08-16,446202298.02626765,-151902.10502968763,271093690.9179445,757052.2462635455,131443275.5519699,1785310.4226082652,43817233.661382996,262033.44899843287
2021-08-17,443612148.9189479,-151902.10502968763,268705885.1071511,757052.2462635455,131306440.61769314,1785310.4226082652,43751725.29913338,262033.44899843287
2021-08-18,441029631.7423666,-151902.10502968763,266119690.39136922,757052.2462635455,131276052.5290637,1785310.4226082652,43785790.92696338,262033.44899843287
2021-08-19,442475850.9743282,-151902.10502968763,267405463.97112095,757052.2462635455,131564896.01067556,1785310.4226082652,43657393.09756143,262033.44899843287
2021-08-20,445238962.03587854,-151902.10502968763,270175353.8288109,757052.2462635455,131534535.16372126,1785310.4226082652,43680975.14837614,262033.44899843287
2021-08-23,449842104.62179035,-151902.10502968763,274216207.9861666,757052.2462635455,131564896.01067556,1785310.4226082652,44212902.729977906,262033.44899843287
2021-08-24,450400299.8788853,-151902.10502968763,275053821.79196143,757052.2462635455,131306440.61769314,1785310.4226082652,44191939.57426045,262033.44899843287
2021-08-25,450196669.98981476,-151902.10502968763,275369691.49139124,757052.2462635455,131093519.68472339,1785310.4226082652,43885360.918729864,262033.44899843287
2021-08-26,448513100.0330021,-151902.10502968763,273621133.6848052,757052.2462635455,131108720.5394569,1785310.4226082652,43935147.91376966,262033.44899843287
2021-08-27,452213227.58677703,-151902.10502968763,276280751.00918776,757052.2462635455,131488905.35784559,1785310.4226082652,44595473.32477339,262033.44899843287
2021-08-30,455245692.48946476,-151902.10502968763,279381273.6395912,757052.2462635455,131640954.76769343,1785310.4226082652,44375366.18720986,262033.44899843287
2021-08-31,454780436.1164594,-159228.8827496636,272963798.9995255,740266.112910577,136481899.49976274,1853318.7667751617,45493966.49992091,268100.4528574388
2021-09-01,455259542.93452704,-159228.8827496636,273416457.44997686,740266.112910577,136505668.33557016,1853318.7667751617,45496646.03172972,268100.4528574388
2021-09-02,455199245.64897096,-159228.8827496636,273287078.05457157,740266.112910577,136695394.83102754,1853318.7667751617,45376001.646121524,268100.4528574388
2021-09-03,456240510.3874214,-159228.8827496636,274127671.37107825,740266.112910577,136410805.08784148,1853318.7667751617,45861262.811251365,268100.4528574388
2021-09-07,455335055.7036223,-159228.8827496636,274515583.6460046,740266.112910577,136015572.19165543,1853318.7667751617,44963128.7487119,268100.4528574388
2021-09-08,454488230.28147525,-159228.8827496636,273560091.84773946,740266.112910577,136236844.35795534,1853318.7667751617,44850522.958530106,268100.4528574388
2021-09-09,454235640.81206137,-159228.8827496636,272618968.00747633,740266.112910577,136726982.9209703,1853318.7667751617,45048918.76636439,268100.4528574388
2021-09-10,451606736.63842416,-159228.8827496636,270549936.8729235,740266.112910577,136394996.90317005,1853318.7667751617,44821031.74508026,268100.4528574388
2021-09-13,451775610.65161484,-159228.8827496636,270363108.23663896,740266.112910577,136600559.86269897,1853318.7667751617,44971171.43502656,268100.4528574388
2021-09-14,451628488.1756983,-159228.8827496636,269594422.4835294,740266.112910577,136932574.15989935,1853318.7667751617,45260720.415019184,268100.4528574388
2021-09-15,453240957.2728505,-159228.8827496636,271598820.39820194,740266.112910577,136806066.26342767,1853318.7667751617,44995299.49397055,268100.4528574388
2021-09-16,452155984.8139981,-159228.8827496636,271785603.85222864,740266.112910577,136553092.88958448,1853318.7667751617,43976516.95493463,268100.4528574388
2021-09-17,448693848.90121436,-159228.8827496636,268567090.895254,740266.112910577,136379174.57879853,1853318.7667751617,43906812.30991147,268100.4528574388
2021-09-20,443837490.699548,-159228.8827496636,263017602.6637363,740266.112910577,136758627.5697133,1853318.7667751617,44220489.34884808,268100.4528574388
2021-09-21,444424394.6075243,-159228.8827496636,263341243.17684537,740266.112910577,136726982.9209703,1853318.7667751617,44515397.39245831,268100.4528574388
2021-09-22,446860203.3838893,-159228.8827496636,265800942.70405456,740266.112910577,136869313.1418135,1853318.7667751617,44349176.420770936,268100.4528574388
2021-09-23,448073401.6550978,-159228.8827496636,268253503.43452057,740266.112910577,136142023.52932686,1853318.7667751617,43837103.574000046,268100.4528574388
2021-09-24,447984172.5957632,-159228.8827496636,268505191.20197475,740266.112910577,135857405.50674066,1853318.7667751617,43780804.769797415,268100.4528574388
2021-09-27,445774057.4869061,-159228.8827496636,266361948.20887354,740266.112910577,135699380.21882653,1853318.7667751617,43871957.94195576,268100.4528574388
2021-09-28,437225376.62759286,-159228.8827496636,258824576.17793408,740266.112910577,135114350.1286828,1853318.7667751617,43445679.20372561,268100.4528574388
2021-09-29,436621098.2701012,-159228.8827496636,258400201.8209082,740266.112910577,135130158.31335422,1853318.7667751617,43249967.018588394,268100.4528574388
2021-09-30,436264906.6673985,-152746.1784960631,261850591.70753673,752916.978387751,130925295.85376836,1796068.6589807488,43641765.28458946,265751.82657523674
2021-10-01,438432172.53455645,-152746.1784960631,263474528.4862395,752916.978387751,131370298.06400701,1796068.6589807488,43740092.16280596,265751.82657523674
2021-10-04,433014606.93880063,-152746.1784960631,257944375.33809605,752916.978387751,131278255.57451746,1796068.6589807488,43944722.20468319,265751.82657523674
2021-10-05,435969686.28181773,-152746.1784960631,261426363.6139096,752916.978387751,130955976.6835982,1796068.6589807488,43740092.16280596,265751.82657523674
2021-10-06,437823095.677402,-152746.1784960631,263101493.60024935,752916.978387751,131017324.6403415,1796068.6589807488,43857023.615307234,265751.82657523674
2021-10-07,439637593.3756215,-152746.1784960631,265515432.56251314,752916.978387751,130649086.1678013,1796068.6589807488,43625820.82380312,265751.82657523674
2021-10-08,438009922.6294041,-152746.1784960631,264191440.18798134,752916.978387751,130326807.27688205,1796068.6589807488,43644421.34303683,265751.82657523674
2021-10-11,435701776.2825222,-152746.1784960631,262165149.61263096,752916.978387751,130127333.92278062,1796068.6589807488,43562038.92560668,265751.82657523674
2021-10-12,435459771.18670964,-152746.1784960631,261250748.8536002,752916.978387751,130603071.77451473,1796068.6589807488,43758696.73709074,265751.82657523674
2021-10-13,438683493.2167528,-152746.1784960631,263342915.06911898,752916.978387751,130955976.6835982,1796068.6589807488,44537347.64253167,265751.82657523674
2021-10-14,443872533.38763463,-152746.1784960631,268192828.13104507,752916.978387751,131186144.5704459,1796068.6589807488,44646306.864639774,265751.82657523674
2021-10-15,444530532.58541346,-152746.1784960631,269882594.59551084,752916.978387751,130863934.19410866,1796068.6589807488,43936749.97429002,265751.82657523674
2021-10-18,447058674.44346905,-152746.1784960631,272596432.00754017,752916.978387751,130787197.86224303,1796068.6589807488,43827790.75218192,265751.82657523674
2021-10-19,448894108.8592944,-152746.1784960631,274659325.26680696,752916.978387751,130418890.8751208,1796068.6589807488,43968638.895862706,265751.82657523674
2021-10-20,448767563.0052803,-152746.1784960631,274300857.9273346,752916.978387751,130265473.02305517,1796068.6589807488,44353978.23338658,265751.82657523674
2021-10-21,450218715.02621216,-152746.1784960631,275976010.89087707,752916.978387751,130081333.23241045,1796068.6589807488,44314117.08142073,265751.82657523674
2021-10-22,448447028.21854764,-152746.1784960631,273657128.61622286,752916.978387751,130357460.70087908,1796068.6589807488,44585185.079941764,265751.82657523674
2021-10-25,451618452.6421713,-152746.1784960631,276458853.8286163,752916.978387751,130418890.8751208,1796068.6589807488,44893454.11693023,265751.82657523674
2021-10-26,452417611.7575427,-152746.1784960631,277329299.1988636,752916.978387751,130679794.40346396,1796068.6589807488,44561264.333711185,265751.82657523674
2021-10-27,453653941.85830784,-152746.1784960631,277973028.50997543,752916.978387751,131155463.74061605,1796068.6589807488,44678195.78621246,265751.82657523674
2021-10-28,456561475.97773975,-152746.1784960631,281059969.73960304,752916.978387751,130986684.91926087,1796068.6589807488,44667567.49737192,265751.82657523674
2021-10-29,457594649.74242985,-152746.1784960631,282442531.00384164,752916.978387751,131017324.6403415,1796068.6589807488,44287540.27674278,265751.82657523674
2021-11-01,458690071.95146155,-152746.1784960631,283408147.947712,752916.978387751,130915923.05894764,1796068.6589807488,44518747.12329796,265751.82657523674
2021-11-02,460025303.2419141,-152746.1784960631,284593151.2230535,752916.978387751,131161821.89382777,1796068.6589807488,44423076.30352883,265751.82657523674
2021-11-03,462446431.66041505,-152746.1784960631,287614239.78971547,752916.978387751,130931256.62240435,1796068.6589807488,44053681.426791295,265751.82657523674
2021-11-04,467232343.13314867,-152746.1784960631,291301092.8048877,752916.978387751,131530704.40343899,1796068.6589807488,44553292.10331801,265751.82657523674
2021-11-05,468491936.63164383,-152746.1784960631,291579071.0032683,752916.978387751,131930322.55454567,1796068.6589807488,45135289.25232595,265751.82657523674
2021-11-08,467967044.4419811,-152746.1784960631,291184092.8886905,752916.978387751,131638299.70304774,1796068.6589807488,45297398.02873889,265751.82657523674
2021-11-09,466554805.7373104,-152746.1784960631,289179768.51913047,752916.978387751,132007154.80682614,1796068.6589807488,45520628.58984984,265751.82657523674
2021-11-10,461907608.9937995,-152746.1784960631,284929675.3339382,752916.978387751,131115752.68887559,1796068.6589807488,46014927.14948182,265751.82657523674
2021-11-11,462740255.4030168,-152746.1784960631,285719746.4491073,752916.978387751,130900548.3867417,1796068.6589807488,46272706.74566388,265751.82657523674
2021-11-12,465849780.75313467,-152746.1784960631,288726198.53764325,752916.978387751,130915923.05894764,1796068.6589807488,46360405.33503984,265751.82657523674
2021-11-15,465174311.9325231,-152746.1784960631,288660391.82908297,752916.978387751,130378015.07548594,1796068.6589807488,46288651.206450224,265751.82657523674
2021-11-16,466802808.9950563,-152746.1784960631,290715955.36068535,752916.978387751,130285794.44808315,1796068.6589807488,45953805.36478381,265751.82657523674
2021-11-17,467652884.0611049,-152746.1784960631,290869534.9835962,752916.978387751,130562401.51862594,1796068.6589807488,46373693.73737881,265751.82657523674
2021-11-18,470671564.81945777,-152746.1784960631,293883316.7997965,752916.978387751,130716120.83485249,1796068.6589807488,46224873.363304846,265751.82657523674
2021-11-19,472233294.73087823,-152746.1784960631,295521890.05662537,752916.978387751,130992727.90539528,1796068.6589807488,45871422.94735365,265751.82657523674
2021-11-22,467128597.7657232,-152746.1784960631,292091140.94285417,752916.978387751,130347238.32524127,1796068.6589807488,44842964.676123835,265751.82657523674
2021-11-23,464886678.815297,-152746.1784960631,290759795.86345524,752916.978387751,129824663.90523632,1796068.6589807488,44454965.225101516,265751.82657523674
2021-11-24,466087802.72371405,-152746.1784960631,291696070.9194655,752916.978387751,130132034.02310738,1796068.6589807488,44412443.959637225,265751.82657523674
2021-11-26,461408115.0503465,-152746.1784960631,286165940.74852484,752916.978387751,131054226.59421903,1796068.6589807488,44340693.886098675,265751.82657523674
2021-11-29,467542140.79031223,-152746.1784960631,292376425.8916964,752916.978387751,131038893.03076231,1796068.6589807488,44279568.04634961,265751.82657523674
2021-11-30,463034346.426266,-162118.76281617876,277917879.11344934,726351.2898036441,138958939.55672467,1901056.418465093,46319646.518908225,279877.0182411373
2021-12-01,458580501.11742055,-162118.76281617876,273189679.787269,726351.2898036441,139048573.71708015,1901056.418465093,46504366.37588763,279877.0182411373
2021-12-02,460308160.2656194,-162118.76281617876,275158595.4051132,726351.2898036441,139064803.59174645,1901056.418465093,46246880.03157591,279877.0182411373
2021-12-03,456450228.38715416,-162118.76281617876,270373960.21516824,726351.2898036441,139602478.0186944,1901056.418465093,46635908.916107714,279877.0182411373
2021-12-06,458127262.42084235,-162118.76281617876,272540467.85563546,726351.2898036441,139227755.01433447,1901056.418465093,46521158.3136886,279877.0182411373
2021-12-07,466190068.27261764,-162118.76281617876,280747718.7347324,726351.2898036441,138918183.57119086,1901056.418465093,46686284.72951061,279877.0182411373
2021-12-08,467047763.8700584,-162118.76281617876,282003871.11638165,726351.2898036441,138494538.8802809,1901056.418465093,46711472.636212066,279877.0182411373
2021-12-09,462678032.8176532,-162118.76281617876,277854416.4748169,726351.2898036441,138559733.95322558,1901056.418465093,46426001.15242686,279877.0182411373
2021-12-10,465943184.5872005,-162118.76281617876,280874777.01089066,726351.2898036441,138608612.12804726,1901056.418465093,46621914.211078785,279877.0182411373
2021-12-13,462475393.3723805,-162118.76281617876,276816958.6068762,726351.2898036441,139081091.48205054,1901056.418465093,46739462.04626993,279877.0182411373
2021-12-14,458945693.2814098,-162118.76281617876,273951896.4453253,726351.2898036441,138853061.01779342,1901056.418465093,46302854.58110726,279877.0182411373
2021-12-15,465210504.12958,-162118.76281617876,280197236.31496364,726351.2898036441,138673821.70490134,1901056.418465093,46501564.87253121,279877.0182411373
2021-12-16,458747128.2655109,-162118.76281617876,272992065.5981638,726351.2898036441,138853061.01779342,1901056.418465093,47064120.41236991,279877.0182411373
2021-12-17,457528759.0665817,-162118.76281617876,271630090.4303353,726351.2898036441,139097422.88408294,1901056.418465093,46963364.51497972,279877.0182411373
2021-12-20,454467100.4436878,-162118.76281617876,268995249.35325396,726351.2898036441,138869319.90027863,1901056.418465093,46764649.952971384,279877.0182411373
2021-12-21,460321028.1465214,-162118.76281617876,275015444.2628539,726351.2898036441,138722641.86408526,1901056.418465093,46745060.78239838,279877.0182411373
2021-12-22,464256355.513611,-162118.76281617876,278364688.8958155,726351.2898036441,138869319.90027863,1901056.418465093,47184465.48033309,279877.0182411373
2021-12-23,466250419.68407625,-162118.76281617876,280463256.26823914,726351.2898036441,138658462.0648016,1901056.418465093,47290820.113851726,279877.0182411373
2021-12-27,471063118.5054957,-162118.76281617876,285098622.36682856,726351.2898036441,138723845.68856898,1901056.418465093,47402769.21291442,279877.0182411373
2021-12-28,469521096.57838744,-162118.76281617876,283777211.8614861,726351.2898036441,138707543.29435548,1901056.418465093,47198460.185362026,279877.0182411373
2021-12-29,469006946.34826475,-162118.76281617876,283734785.2144925,726351.2898036441,138249814.41625535,1901056.418465093,47184465.48033309,279877.0182411373
2021-12-30,468808311.34945786,-162118.76281617876,282886939.435571,726351.2898036441,138560372.12524104,1901056.418465093,47523118.551461995,279877.0182411373
2021-12-31,467170234.2751021,-163566.83038692118,280400280.6632934,724490.540881553,140200140.3316467,1924007.8815919363,46733380.11054892,273358.5533180621
2022-01-03,468207678.1969448,-163566.83038692118,283099653.5312203,724490.540881553,139257145.71554756,1924007.8815919363,46014445.78056385,273358.5533180621
2022-01-04,464858137.12621266,-163566.83038692118,279427630.88685113,724490.540881553,139240661.18146685,1924007.8815919363,46353411.88828163,273358.5533180621
2022-01-05,455654641.82756126,-163566.83038692118,270843320.05302936,724490.540881553,138760892.2483465,1924007.8815919363,46213996.3565723,273358.5533180621
2022-01-06,454749678.1403294,-163566.83038692118,270653110.33247256,724490.540881553,138611988.31805727,1924007.8815919363,45648146.32018657,273358.5533180621
2022-01-07,451645004.11533284,-163566.83038692118,267721121.3457525,724490.540881553,138231552.2808623,1924007.8815919363,45855897.31910492,273358.5533180621
2022-01-10,451844745.99938244,-163566.83038692118,267897269.2992194,724490.540881553,138115734.8508562,1924007.8815919363,45995308.67969375,273358.5533180621
2022-01-11,456705283.66172796,-163566.83038692118,271921654.17961246,724490.540881553,138396970.10326266,1924007.8815919363,46550226.20923977,273358.5533180621
2022-01-12,457857002.723776,-163566.83038692118,272999988.30619556,724490.540881553,138347340.352838,1924007.8815919363,46673240.8951293,273358.5533180621
2022-01-13,451100639.7755347,-163566.83038692118,266170568.31743148,724490.540881553,138578945.8548198,1924007.8815919363,46514692.433670364,273358.5533180621
2022-01-14,451861955.13377094,-163566.83038692118,267826805.6958933,724490.540881553,137817971.0273234,1924007.8815919363,46380745.24094114,273358.5533180621
2022-01-18,444257891.16119206,-163566.83038692118,261159516.11289966,724490.540881553,136957736.69897765,1924007.8815919363,46304205.179701716,273358.5533180621
2022-01-19,442455601.40197927,-163566.83038692118,258291026.17505077,724490.540881553,137288601.70180878,1924007.8815919363,47039540.355506584,273358.5533180621
2022-01-20,439132114.9836063,-163566.83038692118,254936255.5683741,724490.540881553,137437432.23702195,1924007.8815919363,46921994.00859716,273358.5533180621
2022-01-21,432422867.34047437,-163566.83038692118,247867188.5772719,724490.540881553,137950331.70747107,1924007.8815919363,46768913.88611832,273358.5533180621
2022-01-24,433599484.07993656,-163566.83038692118,249001924.54009125,724490.540881553,137735254.77661562,1924007.8815919363,47025871.59361658,273358.5533180621
2022-01-25,427795596.8460074,-163566.83038692118,243229679.69818544,724490.540881553,137553264.3460433,1924007.8815919363,47176219.63216562,273358.5533180621
2022-01-26,425891389.78895104,-163566.83038692118,242849105.48919514,724490.540881553,136792304.1975621,1924007.8815919363,46413546.93258074,273358.5533180621
2022-01-27,423293756.57761174,-163566.83038692118,240403485.61008957,724490.540881553,137238942.5933537,1924007.8815919363,45814895.20455541,273358.5533180621
2022-01-28,430863773.58551174,-163566.83038692118,247944749.393233,724490.540881553,137404375.09476927,1924007.8815919363,45678215.92789638,273358.5533180621
2022-01-31,438810426.55227846,-153637.42239113437,263378438.38480178,745739.9812176246,131689219.19240089,1845313.5282058322,43896406.397466965,261148.23816895933
2022-02-01,440586446.26080483,-153637.42239113437,265170326.29865527,745739.9812176246,131636790.39312235,1845313.5282058322,43932966.991418384,261148.23816895933
2022-02-02,443090979.1841878,-153637.42239113437,267324934.05566812,745739.9812176246,131827414.97481719,1845313.5282058322,44092267.57609368,261148.23816895933
2022-02-03,431633701.6491014,-153637.42239113437,256486533.7829922,745739.9812176246,131271210.73929146,1845313.5282058322,44029594.549208894,261148.23816895933
2022-02-04,434126710.25674284,-153637.42239113437,259722109.48519164,745739.9812176246,130460746.53733967,1845313.5282058322,44097491.65660271,261148.23816895933
2022-02-07,432475046.748477,-153637.42239113437,257632817.69943416,745739.9812176246,130571939.51712002,1845313.5282058322,44423926.954313904,261148.23816895933
2022-02-08,435076315.09856313,-153637.42239113437,260527362.10223952,745739.9812176246,130142865.26480733,1845313.5282058322,44559725.15390741,261148.23816895933
2022-02-09,440843823.61380744,-153637.42239113437,266048063.71307182,745739.9812176246,130238205.71290463,1845313.5282058322,44711191.610222116,261148.23816895933
2022-02-10,433460859.82624835,-153637.42239113437,260026773.21592167,745739.9812176246,129046281.16818903,1845313.5282058322,44541442.86452876,261148.23816895933
2022-02-11,426903492.56167346,-153637.42239113437,251778321.88985556,745739.9812176246,129888633.45563114,1845313.5282058322,45390174.63857788,261148.23816895933
2022-02-14,426727174.4121104,-153637.42239113437,252090222.72123337,745739.9812176246,129157544.5410941,1845313.5282058322,45633044.57217407,261148.23816895933
2022-02-15,432291459.55870104,-153637.42239113437,258358211.86939666,745739.9812176246,128887347.57123534,1845313.5282058322,45199537.540460184,261148.23816895933
2022-02-16,432865875.0920948,-153637.42239113437,258292941.41449758,745739.9812176246,129062190.01437184,1845313.5282058322,45664381.08561646,261148.23816895933
2022-02-17,426093352.14958465,-153637.42239113437,250610281.15511394,745739.9812176246,129348183.20141387,1845313.5282058322,46288525.215448044,261148.23816895933
2022-02-18,423423756.91422546,-153637.42239113437,247752081.56279457,745739.9812176246,129570738.10447386,1845313.5282058322,46254574.669348195,261148.23816895933
2022-02-22,420952508.67846745,-153637.42239113437,245263679.6070354,745739.9812176246,129491264.26668453,1845313.5282058322,46351202.227138706,261148.23816895933
2022-02-23,414227401.96945107,-153637.42239113437,238981216.25757647,745739.9812176246,128839705.50443657,1845313.5282058322,46560117.62982917,261148.23816895933
2022-02-24,422243910.6227528,-153637.42239113437,247012008.36793324,745739.9812176246,129125740.92735343,1845313.5282058322,46259798.74985722,261148.23816895933
2022-02-25,426031529.7343368,-153637.42239113437,250842482.84665334,745739.9812176246,129236962.06438364,1845313.5282058322,46105722.24569095,261148.23816895933
2022-02-28,428060341.9206549,-149873.57542362748,256926129.2976471,761557.8164048238,128463064.64882354,1820828.2541151985,42821021.54960785,240055.05313075476
2022-03-01,425578018.5482044,-149873.57542362748,252992235.0913611,761557.8164048238,129136859.45480308,1820828.2541151985,43598797.577463865,240055.05313075476
2022-03-02,427783037.53267777,-149873.57542362748,257237278.4689736,761557.8164048238,127550538.96556306,1820828.2541151985,43145093.67356472,240055.05313075476
2022-03-03,424930773.9369228,-149873.57542362748,253562729.4675601,761557.8164048238,128115963.70615599,1820828.2541151985,43401954.33863035,240055.05313075476
2022-03-04,422402968.3912568,-149873.57542362748,249888110.74344614,761557.8164048238,128571420.82239302,1820828.2541151985,44093310.40084131,240055.05313075476
2022-03-07,413213875.58711076,-149873.57542362748,240671908.54455853,761557.8164048238,127943177.28476404,1820828.2541151985,44748663.33321185,240055.05313075476
2022-03-08,412722619.2920514,-149873.57542362748,239553207.81541285,761557.8164048238,127346343.14565308,1820828.2541151985,45972941.90640906,240055.05313075476
2022-03-09,419634672.0141532,-149873.57542362748,248176674.09664944,761557.8164048238,127000839.76195481,1820828.2541151985,44607031.73097257,240055.05313075476
2022-03-10,416342551.39125526,-149873.57542362748,245420744.9149142,761557.8164048238,126325419.61337174,1820828.2541151985,44746260.43839293,240055.05313075476
2022-03-11,410844206.18915284,-149873.57542362748,240331127.2255295,761557.8164048238,126231163.63418342,1820828.2541151985,44431788.904863544,240055.05313075476
2022-03-14,404396822.0930854,-149873.57542362748,235715740.1038859,761557.8164048238,125068918.64629667,1820828.2541151985,43762036.918326475,240055.05313075476
2022-03-15,411176080.1111431,-149873.57542362748,243109390.91231737,761557.8164048238,125273114.46620663,1820828.2541151985,42943448.30804274,240055.05313075476
2022-03-16,420649499.580868,-149873.57542362748,252125465.71993724,761557.8164048238,125461598.64094903,1820828.2541151985,43212308.79540537,240055.05313075476
2022-03-17,424022967.74649805,-149873.57542362748,255177786.10139814,761557.8164048238,125571496.8062193,1820828.2541151985,43423558.41430425,240055.05313075476
2022-03-18,429225502.4208583,-149873.57542362748,260400736.8349941,761557.8164048238,125932767.40235363,1820828.2541151985,43041871.758934215,240055.05313075476
2022-03-21,427542451.89234525,-149873.57542362748,259676736.31324595,761557.8164048238,124644843.1449434,1820828.2541151985,43370746.00957953,240055.05313075476
2022-03-22,432017216.1941141,-149873.57542362748,264780066.1337244,761557.8164048238,124330749.15976316,1820828.2541151985,43056274.47605015,240055.05313075476
2022-03-23,429365528.6074637,-149873.57542362748,260974833.55071774,761557.8164048238,124896160.00853896,1820828.2541151985,43644408.62363061,240055.05313075476
2022-03-24,435325996.48298305,-149873.57542362748,266775460.09866178,761557.8164048238,124739126.90776597,1820828.2541151985,43961283.05197893,240055.05313075476
2022-03-25,433823978.94871217,-149873.57542362748,266552951.72054106,761557.8164048238,123639659.04146388,1820828.2541151985,43781241.76213087,240055.05313075476
2022-03-28,437512367.54977155,-149873.57542362748,270677095.93552727,761557.8164048238,124000887.96214685,1820828.2541151985,42984257.22752104,240055.05313075476
2022-03-29,442739612.4450554,-149873.57542362748,275335408.99976426,761557.8164048238,124550614.94938932,1820828.2541151985,43003462.07132543,240055.05313075476
2022-03-30,440326821.23038137,-149873.57542362748,272294197.7685793,761557.8164048238,124833355.10332003,1820828.2541151985,43349141.933905624,240055.05313075476
2022-03-31,436909872.99082637,-152971.99574530008,262237706.991943,742636.4210280136,131118853.4959715,1911066.23725607,43706284.49865717,241939.03113941776
2022-04-01,435848158.2551069,-152971.99574530008,261738521.51191485,742636.4210280136,130834552.64941192,1911066.23725607,43428056.08952548,241939.03113941776
2022-04-04,441546781.5317151,-152971.99574530008,267127440.21894735,742636.4210280136,130933771.4432392,1911066.23725607,43638541.865273856,241939.03113941776
2022-04-05,434019965.5435316,-152971.99574530008,261196094.14067203,742636.4210280136,129611690.1281648,1911066.23725607,43365153.27044003,241939.03113941776
2022-04-06,428054001.2343843,-152971.99574530008,255525128.61174947,742636.4210280136,129215077.39786512,1911066.23725607,43466767.22051499,241939.03113941776
2022-04-07,428561668.41232526,-152971.99574530008,256132736.1083242,742636.4210280136,128950620.31007099,1911066.23725607,43631283.98967541,241939.03113941776
2022-04-08,424560448.2861807,-152971.99574530008,252552203.2638127,742636.4210280136,128256540.7419074,1911066.23725607,43904676.276205875,241939.03113941776
2022-04-11,418208594.21872807,-152971.99574530008,246577524.64046276,742636.4210280136,127661621.64645788,1911066.23725607,44122419.92755269,241939.03113941776
2022-04-12,417918859.5722397,-152971.99574530008,245535911.78919178,742636.4210280136,128074782.99262737,1911066.23725607,44461136.786165856,241939.03113941776
2022-04-13,423271504.9971107,-152971.99574530008,250526905.37780356,742636.4210280136,128223530.99183762,1911066.23725607,44674040.62321484,241939.03113941776
2022-04-14,416519194.549739,-152971.99574530008,244798102.68620816,742636.4210280136,127347606.19272418,1911066.23725607,44526457.66655192,241939.03113941776
2022-04-18,416431948.24576336,-152971.99574530008,244986096.12835988,742636.4210280136,126934459.426833,1911066.23725607,44664364.68631578,241939.03113941776
2022-04-19,420439426.2074166,-152971.99574530008,250461793.24286664,742636.4210280136,126141248.54651195,1911066.23725607,43989356.41378333,241939.03113941776
2022-04-20,417795156.0433963,-152971.99574530008,246808986.60847908,742636.4210280136,126934459.426833,1911066.23725607,44204682.00382954,241939.03113941776
2022-04-21,411853589.3577482,-152971.99574530008,241702228.04066163,742636.4210280136,126256913.89426091,1911066.23725607,44047419.41857093,241939.03113941776
2022-04-22,404931003.80645335,-152971.99574530008,235373070.1612906,742636.4210280136,126091719.34112896,1911066.23725607,43619186.2997791,241939.03113941776
2022-04-25,407963857.78456223,-152971.99574530008,238396535.03617108,742636.4210280136,126884988.54256321,1911066.23725607,42835306.201573245,241939.03113941776
2022-04-26,399361424.7924882,-152971.99574530008,229398300.88408065,742636.4210280136,127215465.13049692,1911066.23725607,42900630.77365594,241939.03113941776
2022-04-27,398365651.30033475,-152971.99574530008,229123370.39019972,742636.4210280136,126818823.23964064,1911066.23725607,42576429.66623968,241939.03113941776
2022-04-28,406683384.0387689,-152971.99574530008,237260936.79555675,742636.4210280136,126769148.23147467,1911066.23725607,42806271.0074828,241939.03113941776
2022-04-29,395142892.63041294,-152971.99574530008,226584541.0508192,742636.4210280136,125909888.69045742,1911066.23725607,42801434.884881586,241939.03113941776
2022-05-02,397488331.8380193,-152971.99574530008,230367594.6185456,742636.4210280136,125265834.057139,1911066.23725607,42007875.158080034,241939.03113941776
2022-05-03,398143481.3014438,-152971.99574530008,230613447.88683513,742636.4210280136,125563840.36529998,1911066.23725607,42119165.04505404,241939.03113941776
2022-05-04,407166132.6854068,-152971.99574530008,238411062.31723428,742636.4210280136,126375159.95126887,1911066.23725607,42532882.41264897,241939.03113941776
2022-05-05,393738373.7461264,-152971.99574530008,226403709.26360658,742636.4210280136,125116852.77347594,1911066.23725607,42370783.704789154,241939.03113941776
2022-05-06,390566252.4739617,-152971.99574530008,223691187.12848756,742636.4210280136,124587092.94174635,1911066.23725607,42440944.39947306,241939.03113941776
2022-05-09,381762159.81195235,-152971.99574530008,214938760.91775668,742636.4210280136,125149950.00521554,1911066.23725607,41826420.88472547,241939.03113941776
2022-05-10,384384486.89824563,-152971.99574530008,217550090.68166322,742636.4210280136,125514179.9374123,1911066.23725607,41473188.2749154,241939.03113941776
2022-05-11,378701555.04710704,-152971.99574530008,211097915.5142874,742636.4210280136,125944706.39503634,1911066.23725607,41811905.13352857,241939.03113941776
2022-05-12,377809608.7186566,-152971.99574530008,210598866.01504925,742636.4210280136,126192950.21336155,1911066.23725607,41170764.48599112,241939.03113941776
2022-05-13,384816947.3024256,-152971.99574530008,218403574.1099925,742636.4210280136,125729457.74650262,1911066.23725607,40836887.4416758,241939.03113941776
2022-05-16,382873480.5610805,-152971.99574530008,215871929.08901608,742636.4210280136,125928114.03833164,1911066.23725607,41226409.42947813,241939.03113941776
2022-05-17,387460964.1799412,-152971.99574530008,221463323.19233352,742636.4210280136,125183076.39751172,1911066.23725607,40967536.58584121,241939.03113941776
2022-05-18,377140875.6340525,-152971.99574530008,210591613.70625013,742636.4210280136,125712923.71091112,1911066.23725607,40989310.21263656,241939.03113941776
2022-05-19,376879763.06106836,-152971.99574530008,209463177.12057492,742636.4210280136,125977818.20705423,1911066.23725607,41591739.7291845,241939.03113941776
2022-05-20,376638616.90350586,-152971.99574530008,208812191.75199553,742636.4210280136,126358625.91567737,1911066.23725607,41620771.231578305,241939.03113941776
2022-05-23,379857122.0505546,-152971.99574530008,212284234.5895655,742636.4210280136,125911536.26190525,1911066.23725607,41814323.194829166,241939.03113941776
2022-05-24,376684564.15822357,-152971.99574530008,207770601.56418955,742636.4210280136,126938089.91612956,1911066.23725607,42128844.673649736,241939.03113941776
2022-05-25,379851566.4463257,-152971.99574530008,210678414.77718937,742636.4210280136,127451315.71226765,1911066.23725607,41874807.952614024,241939.03113941776
2022-05-26,385478983.1377206,-152971.99574530008,216515730.13919136,742636.4210280136,127318839.30363952,1911066.23725607,41797385.69063502,241939.03113941776
2022-05-27,392931971.9510423,-152971.99574530008,223582697.121546,742636.4210280136,127683083.81611457,1911066.23725607,41819163.00912701,241939.03113941776
2022-05-31,391059675.8809844,-136918.808141194,234717956.8134754,781696.3708055209,117358978.4067377,1766622.008765528,39119659.468912564,228582.79542145864
2022-06-01,389048428.0541498,-136918.808141194,232981993.52906626,781696.3708055209,116834539.45439802,1766622.008765528,39368813.87882676,228582.79542145864
2022-06-02,396020804.2957943,-136918.808141194,239362404.0830218,781696.3708055209,116941907.24402377,1766622.008765528,39853411.77688998,228582.79542145864
2022-06-03,389219448.45727736,-136918.808141194,233134334.62476832,781696.3708055209,116773213.38826732,1766622.008765528,39448819.25238293,228582.79542145864
2022-06-06,389132146.3196007,-136918.808141194,233910854.35639948,781696.3708055209,116083113.18783699,1766622.008765528,39275097.58350542,228582.79542145864
2022-06-07,391804677.11615556,-136918.808141194,235928646.28230935,781696.3708055209,116481840.44373688,1766622.008765528,39531109.198250525,228582.79542145864
2022-06-08,389594827.71794295,-136918.808141194,234230708.63312557,781696.3708055209,116006502.77907065,1766622.008765528,39494535.11388789,228582.79542145864
2022-06-09,383041913.13550955,-136918.808141194,227956884.3641053,781696.3708055209,115853133.70071872,1766622.008765528,39368813.87882676,228582.79542145864
2022-06-10,374548401.35711694,-136918.808141194,219916752.64003184,781696.3708055209,114871727.94703943,1766622.008765528,39896839.57818686,228582.79542145864
2022-06-13,361413880.5355595,-136918.808141194,209691482.79738495,781696.3708055209,113016243.7945377,1766622.008765528,38843072.751778066,228582.79542145864
2022-06-14,360870291.211968,-136918.808141194,210072144.69279948,781696.3708055209,112402861.82892406,1766622.008765528,38532203.498385675,228582.79542145864
2022-06-15,367907079.6271737,-136918.808141194,215317988.61481193,781696.3708055209,113690924.86976944,1766622.008765528,39035084.95073356,228582.79542145864
2022-06-16,359904060.12258965,-136918.808141194,206630705.42750573,781696.3708055209,113936310.00383,1766622.008765528,39473963.499395154,228582.79542145864
2022-06-17,362153343.2430262,-136918.808141194,209143236.15450615,781696.3708055209,113997649.548217,1766622.008765528,39149376.34844428,228582.79542145864
2022-06-21,366762315.45312136,-136918.808141194,214419853.64580387,781696.3708055209,113476297.11656828,1766622.008765528,39003083.498890415,228582.79542145864
2022-06-22,367540382.2445917,-136918.808141194,214107108.3021375,781696.3708055209,114411674.62500882,1766622.008765528,39158518.125586614,228582.79542145864
2022-06-23,371041054.77608,-136918.808141194,217295751.04517093,781696.3708055209,114963717.04623547,1766622.008765528,38918505.49281475,228582.79542145864
2022-06-24,378232972.5950069,-136918.808141194,224741141.7957168,781696.3708055209,114749102.7712906,1766622.008765528,38879646.8361407,228582.79542145864
2022-06-27,375989651.54147667,-136918.808141194,223093348.36563188,781696.3708055209,114197006.4370388,1766622.008765528,38836215.54694716,228582.79542145864
2022-06-28,369190044.3669792,-136918.808141194,216296444.98520258,781696.3708055209,114258305.5466569,1766622.008765528,38772212.64326088,228582.79542145864
2022-06-29,370018123.3584261,-136918.808141194,216494827.15743214,781696.3708055209,114917715.7575093,1766622.008765528,38742499.25162582,228582.79542145864
2022-06-30,367459499.45623213,-128655.85435870678,220552893.1863545,806350.1829671768,110276446.59317724,1688063.8098425807,36758815.53105908,218204.9986113006
2022-07-01,369764138.3724497,-128655.85435870678,222008644.65498158,806350.1829671768,111155882.60739157,1688063.8098425807,36728266.96443526,218204.9986113006
2022-07-05,372976755.5521225,-128655.85435870678,225809377.02984872,806350.1829671768,111346760.85542072,1688063.8098425807,35949273.52121177,218204.9986113006
2022-07-06,373179771.01791584,-128655.85435870678,227257303.20067966,806350.1829671768,110671365.32994033,1688063.8098425807,35379758.34165452,218204.9986113006
2022-07-07,377754168.0580453,-128655.85435870678,232120332.05529872,806350.1829671768,110363095.86466636,1688063.8098425807,35399395.992438965,218204.9986113006
2022-07-08,377693556.50617385,-128655.85435870678,232411467.5843113,806350.1829671768,109996072.83569835,1688063.8098425807,35414671.940522894,218204.9986113006
2022-07-11,372949383.7966177,-128655.85435870678,227446143.87768438,806350.1829671768,110407064.44565088,1688063.8098425807,35224831.327641115,218204.9986113006
2022-07-12,370806129.4377855,-128655.85435870678,225242854.9988346,806350.1829671768,110598019.96710882,1688063.8098425807,35093910.32620076,218204.9986113006
2022-07-13,370862176.5649652,-128655.85435870678,224778529.38840958,806350.1829671768,110950373.9235105,1688063.8098425807,35261929.10740379,218204.9986113006
2022-07-14,370817179.94205964,-128655.85435870678,225581213.00102574,806350.1829671768,110598019.96710882,1688063.8098425807,34766602.82828381,218204.9986113006
2022-07-15,375235533.7565487,-128655.85435870678,229673007.08134136,806350.1829671768,110994406.89901902,1688063.8098425807,34696775.630547054,218204.9986113006
2022-07-18,372986978.2821266,-128655.85435870678,227729429.50104612,806350.1829671768,110656696.25737403,1688063.8098425807,34729508.37806518,218204.9986113006
2022-07-19,379985211.68653065,-128655.85435870678,234732800.34218004,806350.1829671768,110568643.1852618,1688063.8098425807,34812424.013447516,218204.9986113006
2022-07-20,383277191.59169185,-128655.85435870678,238454861.4055559,806350.1829671768,110465869.52496408,1688063.8098425807,34485116.515530564,218204.9986113006
2022-07-21,388097098.5400783,-128655.85435870678,241877887.81855893,806350.1829671768,111376150.51617253,1688063.8098425807,34971716.05970548,218204.9986113006
2022-07-22,384853212.8752332,-128655.85435870678,237636453.37378335,806350.1829671768,112286418.62847617,1688063.8098425807,35058996.72733238,218204.9986113006
2022-07-25,382992659.16439235,-128655.85435870678,236283095.188583,806350.1829671768,111875233.83495167,1688063.8098425807,34962985.99521636,218204.9986113006
2022-07-26,378337913.24794847,-128655.85435870678,231640380.45713612,806350.1829671768,111904662.13241787,1688063.8098425807,34921526.512753166,218204.9986113006
2022-07-27,388790926.92250985,-128655.85435870678,241429385.05870903,806350.1829671768,112212995.99221586,1688063.8098425807,35277201.725943685,218204.9986113006
2022-07-28,392359677.27626216,-128655.85435870678,243790114.9919602,806350.1829671768,112991152.29908916,1688063.8098425807,35707065.83957147,218204.9986113006
2022-07-29,396817897.62816364,-128655.85435870678,248236089.92504215,806350.1829671768,112903021.95354815,1688063.8098425807,35807441.603932045,218204.9986113006
2022-08-01,397361171.3764475,-128655.85435870678,248086572.59985572,806350.1829671768,113392883.97649105,1688063.8098425807,36010370.65445942,218204.9986113006
2022-08-02,395260186.15347296,-128655.85435870678,247346860.48742917,806350.1829671768,112245450.83230987,1688063.8098425807,35796530.68809267,218204.9986113006
2022-08-03,402642395.481207,-128655.85435870678,254082793.1636312,806350.1829671768,112804446.81621496,1688063.8098425807,35883811.355719574,218204.9986113006
2022-08-04,404703678.8735963,-128655.85435870678,255270983.4280529,806350.1829671768,113084022.0815963,1688063.8098425807,36477329.21830583,218204.9986113006
2022-08-05,400928228.0284122,-128655.85435870678,253185664.60465798,806350.1829671768,111804116.5226504,1688063.8098425807,36067102.7554625,218204.9986113006
2022-08-08,400915549.1127232,-128655.85435870678,252367305.78859487,806350.1829671768,112304307.42724228,1688063.8098425807,36372591.751244746,218204.9986113006
2022-08-09,397920320.48151803,-128655.85435870678,249510850.62231535,806350.1829671768,112054250.61166075,1688063.8098425807,36483875.10190065,218204.9986113006
2022-08-10,405101683.7472307,-128655.85435870678,256474971.9351951,806350.1829671768,112363138.26436509,1688063.8098425807,36392229.402029194,218204.9986113006
2022-08-11,402917198.4324266,-128655.85435870678,255019122.0351492,806350.1829671768,111730513.5817229,1688063.8098425807,36296218.66991317,218204.9986113006
2022-08-12,408731386.5947163,-128655.85435870678,259984519.56534022,806350.1829671768,112245450.83230987,1688063.8098425807,36630072.051424935,218204.9986113006
2022-08-15,410478797.0027759,-128655.85435870678,262085562.80789152,806350.1829671768,112363138.26436509,1688063.8098425807,36158751.784878,218204.9986113006
2022-08-16,409654593.36030567,-128655.85435870678,261471769.08798945,806350.1829671768,112216009.65593888,1688063.8098425807,36095470.47073606,218204.9986113006
2022-08-17,405776753.5987661,-128655.85435870678,258489395.52918544,806350.1829671768,111554021.07035448,1688063.8098425807,35861992.85358487,218204.9986113006
2022-08-18,406510588.8837164,-128655.85435870678,259111088.37044773,806350.1829671768,111759993.3948083,1688063.8098425807,35768162.97281911,218204.9986113006
2022-08-19,400490663.8748226,-128655.85435870678,254059120.40740517,806350.1829671768,111053881.68138179,1688063.8098425807,35506317.64039436,218204.9986113006
2022-08-22,393066173.64277095,-128655.85435870678,247370508.63580048,806350.1829671768,110553665.01898032,1688063.8098425807,35270655.842348866,218204.9986113006
2022-08-23,393064072.1615124,-128655.85435870678,247165918.93178472,806350.1829671768,110509580.52785261,1688063.8098425807,35517228.556233734,218204.9986113006
2022-08-24,393605347.5429567,-128655.85435870678,247882032.11154935,806350.1829671768,110230005.26247127,1688063.8098425807,35621966.02329482,218204.9986113006
2022-08-25,398700573.7368568,-128655.85435870678,252265010.93658698,806350.1829671768,110833150.13202806,1688063.8098425807,35731068.52260047,218204.9986113006
2022-08-26,387705802.5491148,-128655.85435870678,241925110.29173747,806350.1829671768,110612508.73500793,1688063.8098425807,35296839.37672813,218204.9986113006
2022-08-29,384843154.9759529,-128655.85435870678,239540806.0336791,806350.1829671768,110112343.58822565,1688063.8098425807,35318661.20840688,218204.9986113006
2022-08-30,381969158.29675514,-128655.85435870678,236873166.9365496,806350.1829671768,110200564.08610027,1688063.8098425807,35024083.128464006,218204.9986113006
2022-08-31,379732586.088169,-132952.9386593899,227919323.41609702,780406.8094863809,113959661.70804851,1752899.661294068,37986553.90268283,238504.1306189694
2022-09-01,378879224.262507,-132952.9386593899,228018303.2348295,780406.8094863809,113341228.0300912,1752899.661294068,37652645.93624575,238504.1306189694
2022-09-02,376280152.4874907,-132952.9386593899,224796862.61374927,780406.8094863809,113632076.28016615,1752899.661294068,37984166.53223474,238504.1306189694
2022-09-06,373418085.84529096,-132952.9386593899,223182248.3666445,780406.8094863809,112606430.97969034,1752899.661294068,37762359.43761553,238504.1306189694
2022-09-07,379122058.6686776,-132952.9386593899,227690855.32151073,780406.8094863809,113417805.05234286,1752899.661294068,38146351.23348344,238504.1306189694
2022-09-08,379721413.4600222,-132952.9386593899,228871301.59568653,780406.8094863809,113065679.13619088,1752899.661294068,37917385.66680417,238504.1306189694
2022-09-09,384879476.313669,-132952.9386593899,233874902.90871823,780406.8094863809,113019794.44123009,1752899.661294068,38117731.90238012,238504.1306189694
2022-09-12,387714667.7103283,-132952.9386593899,236654721.109501,780406.8094863809,112881979.87359066,1752899.661294068,38310919.665896006,238504.1306189694
2022-09-13,373672440.72544193,-132952.9386593899,223677314.17318726,780406.8094863809,112315636.22386774,1752899.661294068,37812443.26704635,238504.1306189694
2022-09-14,375439176.35490453,-132952.9386593899,225451829.88876405,780406.8094863809,112453343.80300246,1752899.661294068,37666955.60179741,238504.1306189694
2022-09-15,370644174.0999357,-132952.9386593899,221697193.84377086,780406.8094863809,112116564.05049594,1752899.661294068,36963369.144328296,238504.1306189694
2022-09-16,369371212.2013555,-132952.9386593899,220341579.96449947,780406.8094863809,111994102.33328347,1752899.661294068,37168482.842231974,238504.1306189694
2022-09-19,371039148.18118525,-132952.9386593899,222057436.5622856,780406.8094863809,111917558.74493954,1752899.661294068,37197105.81261952,238504.1306189694
2022-09-20,368505777.0126822,-132952.9386593899,220287398.278355,780406.8094863809,111366494.39104661,1752899.661294068,36984837.281940006,238504.1306189694
2022-09-21,365039125.98479766,-132952.9386593899,216342900.07866132,780406.8094863809,111672621.93695155,1752899.661294068,37156556.907844186,238504.1306189694
2022-09-22,361206856.463012,-132952.9386593899,213680161.9522021,780406.8094863809,110524555.03995258,1752899.661294068,37135092.40951669,238504.1306189694
2022-09-23,356780100.0814004,-132952.9386593899,210201149.9308352,780406.8094863809,110218387.37335837,1752899.661294068,36493515.715866186,238504.1306189694
2022-09-26,354077441.55122274,-132952.9386593899,209331385.01743057,780406.8094863809,108810030.81794442,1752899.661294068,36068978.65450716,238504.1306189694
2022-09-27,353760733.9478692,-132952.9386593899,209415289.2285457,780406.8094863809,108335483.30526927,1752899.661294068,36142914.35271356,238504.1306189694
2022-09-28,360361652.85324675,-132952.9386593899,213581039.236715,780406.8094863809,110019362.00745735,1752899.661294068,36894204.54773385,238504.1306189694
2022-09-29,353631129.2932971,-132952.9386593899,207424094.4006426,780406.8094863809,109452938.1163559,1752899.661294068,36887049.71495802,238504.1306189694
2022-09-30,349733552.34190863,-122449.60067990598,209913601.1655531,803396.5270484887,104956800.58277655,1684899.0873020699,34985600.194258854,226195.12903882138
2022-10-03,356387627.9545892,-122449.60067990598,214838278.69289726,803396.5270484887,105835706.22545397,1684899.0873020699,35836092.63691787,226195.12903882138
2022-10-04,363921165.8713224,-122449.60067990598,221592934.0456312,803396.5270484887,106101124.88012522,1684899.0873020699,36349556.54624584,226195.12903882138
2022-10-05,363041705.7345405,-122449.60067990598,221475126.4189079,803396.5270484887,105540785.89685269,1684899.0873020699,36148243.01945984,226195.12903882138
2022-10-06,360859140.61657405,-122449.60067990598,219731450.95482218,803396.5270484887,105142609.70949626,1684899.0873020699,36107529.55293546,226195.12903882138
2022-10-07,351545086.5527671,-122449.60067990598,211358871.50480035,803396.5270484887,104596976.57152916,1684899.0873020699,35711688.077117525,226195.12903882138
2022-10-10,348417517.7830865,-122449.60067990598,209246032.78669333,803396.5270484887,104125116.90052699,1684899.0873020699,35168817.69654609,226195.12903882138
2022-10-11,345499865.875528,-122449.60067990598,206371330.5529154,803396.5270484887,104154547.87327766,1684899.0873020699,35096437.05001483,226195.12903882138
2022-10-12,345734974.1663482,-122449.60067990598,206300670.49459773,803396.5270484887,104272573.85113767,1684899.0873020699,35284179.4212927,226195.12903882138
2022-10-13,349960174.6689342,-122449.60067990598,211138849.5189076,803396.5270484887,103903886.48295137,1684899.0873020699,35039888.26775512,226195.12903882138
2022-10-14,342676008.6719652,-122449.60067990598,204792622.54281667,803396.5270484887,103402505.85587935,1684899.0873020699,34603329.87394904,226195.12903882138
2022-10-17,349759327.8147861,-122449.60067990598,211555184.85905075,803396.5270484887,103623736.27345495,1684899.0873020699,34702856.282960325,226195.12903882138
2022-10-18,351742868.82738113,-122449.60067990598,213228151.22938624,803396.5270484887,103859666.10895605,1684899.0873020699,34777501.08971879,226195.12903882138
2022-10-19,349644026.12206286,-122449.60067990598,212450522.82214758,803396.5270484887,103004413.22446217,1684899.0873020699,34311539.676133014,226195.12903882138
2022-10-20,347812700.4411298,-122449.60067990598,211366594.58542836,803396.5270484887,102311303.85374458,1684899.0873020699,34257251.60263675,226195.12903882138
2022-10-21,353556462.3264974,-122449.60067990598,216322703.8250429,803396.5270484887,102488230.34138557,1684899.0873020699,34867977.76074881,226195.12903882138
2022-10-24,355675774.2130515,-122449.60067990598,218702589.5088669,803396.5270484887,102340754.10863507,1684899.0873020699,34754880.1962294,226195.12903882138
2022-10-25,361252220.09610164,-122449.60067990598,223226573.99905428,803396.5270484887,103314045.82574882,1684899.0873020699,34834049.87197849,226195.12903882138
2022-10-26,356954322.7454069,-122449.60067990598,218294124.3556495,803396.5270484887,103726927.85841067,1684899.0873020699,35055720.13202669,226195.12903882138
2022-10-27,353471435.8603342,-122449.60067990598,214319876.0998823,803396.5270484887,104272573.85113767,1684899.0873020699,35001435.50999417,226195.12903882138
2022-10-28,359465873.37947756,-122449.60067990598,220878169.0629333,803396.5270484887,104066107.12528698,1684899.0873020699,34644046.79193719,226195.12903882138
2022-10-31,356165733.61677086,-124701.65234419028,213774261.16146904,786705.168830936,106887130.58073452,1735984.6503124589,35629043.52691151,234540.46914619618
2022-11-01,354456097.6772834,-124701.65234419028,211589958.70280793,786705.168830936,106998258.65697084,1735984.6503124589,35992581.96984883,234540.46914619618
2022-11-02,346784945.19441986,-124701.65234419028,204337256.33594677,786705.168830936,106830768.56078057,1735984.6503124589,35741621.9500367,234540.46914619618
2022-11-03,342246065.5306369,-124701.65234419028,200345606.30924392,786705.168830936,106419572.82526173,1735984.6503124589,35605588.048475474,234540.46914619618
2022-11-04,346592003.8323721,-124701.65234419028,203568149.27773452,786705.168830936,106450008.71337222,1735984.6503124589,36698547.4936096,234540.46914619618
2022-11-07,348273545.6476392,-124701.65234419028,205806254.41838264,786705.168830936,106038859.33364466,1735984.6503124589,36553133.547956094,234540.46914619618
2022-11-08,351089810.45717305,-124701.65234419028,207306055.1964853,786705.168830936,106510979.82343167,1735984.6503124589,37397477.08960027,234540.46914619618
2022-11-09,346270552.53854513,-124701.65234419028,202522178.08356774,786705.168830936,106663232.10879901,1735984.6503124589,37209843.9985226,234540.46914619618
2022-11-10,364555395.62906045,-124701.65234419028,217465999.0492243,786705.168830936,108871423.33822517,1735984.6503124589,38342674.893955156,234540.46914619618
2022-11-11,368815691.1188899,-124701.65234419028,221472990.40291947,786705.168830936,108871423.33822517,1735984.6503124589,38595979.030089475,234540.46914619618
2022-11-14,366611834.867713,-124701.65234419028,219534917.44290122,786705.168830936,108521205.33502167,1735984.6503124589,38680413.74213425,234540.46914619618
2022-11-15,370547293.260955,-124701.65234419028,222572908.32909197,786705.168830936,109282638.9405117,1735984.6503124589,38816447.643695466,234540.46914619618
2022-11-16,368044489.02612275,-124701.65234419028,219534917.44290122,786705.168830936,109906952.11536296,1735984.6503124589,38727321.12020278,234540.46914619618
2022-11-17,366821644.6011419,-124701.65234419028,219050357.18830788,786705.168830936,109450115.79219018,1735984.6503124589,38445873.27298805,234540.46914619618
2022-11-18,366381580.7309525,-124701.65234419028,219058039.85597226,786705.168830936,109267401.12968875,1735984.6503124589,38180841.39763571,234540.46914619618
2022-11-21,363914657.13960683,-124701.65234419028,216804545.37165895,786705.168830936,109267401.12968875,1735984.6503124589,37967412.29060337,234540.46914619618
2022-11-22,367645258.063828,-124701.65234419028,219927141.6355035,786705.168830936,109830842.52831902,1735984.6503124589,38011975.55234972,234540.46914619618
2022-11-23,370759632.29662097,-124701.65234419028,222134492.0971577,786705.168830936,110500981.71398939,1735984.6503124589,38248860.1378181,234540.46914619618
2022-11-25,369331104.38770497,-124701.65234419028,220673128.6657133,786705.168830936,110500981.71398939,1735984.6503124589,38281695.660346426,234540.46914619618
2022-11-28,365653512.3023494,-124701.65234419028,217435196.35355744,786705.168830936,110363881.1501183,1735984.6503124589,37979136.45101784,234540.46914619618
2022-11-29,363784047.3886758,-124701.65234419028,215789280.83981317,786705.168830936,109952698.65911126,1735984.6503124589,38166769.54209551,234540.46914619618
2022-11-30,374830378.74833465,-131236.56535979305,224976969.18821666,784441.3971355385,112488484.59410833,1762352.1103503623,37496161.53136944,227511.45007473647
2022-12-01,376733322.837271,-131236.56535979305,225253060.5771682,784441.3971355385,113425977.87809059,1762352.1103503623,38185520.94737195,227511.45007473647
2022-12-02,376169030.93865657,-131236.56535979305,224355841.36564347,784441.3971355385,113890862.24863017,1762352.1103503623,38053563.8897427,227511.45007473647
2022-12-05,370851847.92417574,-131236.56535979305,220590364.66033217,784441.3971355385,112992112.69027942,1762352.1103503623,37400607.13892396,227511.45007473647
2022-12-06,366755359.7840071,-131236.56535979305,216019643.34822622,784441.3971355385,113363966.40399288,1762352.1103503623,37502986.59714775,227511.45007473647
2022-12-07,367204167.9906683,-131236.56535979305,215137745.25773928,784441.3971355385,114355679.39077199,1762352.1103503623,37841979.90751682,227511.45007473647
2022-12-08,369456717.0551014,-131236.56535979305,217683828.30320275,784441.3971355385,114030293.94559316,1762352.1103503623,37873831.371665314,227511.45007473647
2022-12-09,367536526.86984843,-131236.56535979305,216295734.73717776,784441.3971355385,113363966.40399288,1762352.1103503623,38008062.294037595,227511.45007473647
2022-12-12,369937366.8487418,-131236.56535979305,219010541.62807003,784441.3971355385,113363966.40399288,1762352.1103503623,37694095.38203871,227511.45007473647
2022-12-13,373710422.9174294,-131236.56535979305,221364919.146548,784441.3971355385,114138787.13390505,1762352.1103503623,38337953.20233612,227511.45007473647
2022-12-14,372254918.1365758,-131236.56535979305,219723787.69088304,784441.3971355385,114417690.8648697,1762352.1103503623,38244676.14618289,227511.45007473647
2022-12-15,364313556.4992247,-131236.56535979305,212346165.1868966,784441.3971355385,114479608.21921055,1762352.1103503623,37619019.658477366,227511.45007473647
2022-12-16,362322202.9270693,-131236.56535979305,210321550.85950574,784441.3971355385,114185255.40243968,1762352.1103503623,37946633.230483636,227511.45007473647
2022-12-19,358577754.1470616,-131236.56535979305,207365819.34029397,784441.3971355385,113503465.32935363,1762352.1103503623,37839706.0427738,227511.45007473647
2022-12-20,358300463.5307497,-131236.56535979305,207204373.02735814,784441.3971355385,112759690.67352895,1762352.1103503623,38467636.39522235,227511.45007473647
2022-12-21,361505926.0199937,-131236.56535979305,210210137.58245897,784441.3971355385,113023091.53596917,1762352.1103503623,38403933.46692536,227511.45007473647
2022-12-22,355883462.8562115,-131236.56535979305,205067316.03510076,784441.3971355385,113007575.22176519,1762352.1103503623,37939808.16470533,227511.45007473647
2022-12-23,356104306.617767,-131236.56535979305,205528529.6568419,784441.3971355385,112653449.63654217,1762352.1103503623,38053563.8897427,227511.45007473647
2022-12-27,352649459.2371706,-131236.56535979305,202622711.4772611,784441.3971355385,111783628.45774937,1762352.1103503623,38374355.86751989,227511.45007473647
2022-12-28,349646101.1894012,-131236.56535979305,199947571.92630574,784441.3971355385,111628317.41323446,1762352.1103503623,38201448.41522081,227511.45007473647
2022-12-29,355153162.05711395,-131236.56535979305,204821340.22468916,784441.3971355385,112047748.66404565,1762352.1103503623,38415309.733738944,227511.45007473647
2022-12-30,354743880.07411295,-131236.56535979305,204698292.4713543,784441.3971355385,111581781.91630208,1762352.1103503623,38595042.251816325,227511.45007473647
2023-01-03,354273455.2768786,-131236.56535979305,203314603.72762766,784441.3971355385,112171980.02027415,1762352.1103503623,38918108.09433655,227511.45007473647
2023-01-04,356245104.9089126,-131236.56535979305,204283185.8482363,784441.3971355385,112808753.9582173,1762352.1103503623,39284401.66781884,227511.45007473647
2023-01-05,352433871.39490604,-131236.56535979305,201085284.85962078,784441.3971355385,112684569.66186722,1762352.1103503623,38795253.43877785,227511.45007473647
2023-01-06,359952296.63726985,-131236.56535979305,206635432.77331996,784441.3971355385,113927084.90934554,1762352.1103503623,39521015.51996413,227511.45007473647
2023-01-09,361689336.04864883,-131236.56535979305,207973134.21468154,784441.3971355385,114237693.55269578,1762352.1103503623,39609744.84663131,227511.45007473647
2023-01-10,363144929.12995255,-131236.56535979305,209733483.14342192,784441.3971355385,113787330.51607327,1762352.1103503623,39755352.03581717,227511.45007473647
2023-01-11,367351743.3160999,-131236.56535979305,213361859.7546965,784441.3971355385,114393071.82560845,1762352.1103503623,39728048.30115473,227511.45007473647
2023-01-12,369849785.5402655,-131236.56535979305,214515037.44455904,784441.3971355385,115278362.25872679,1762352.1103503623,40187622.40233948,227511.45007473647
2023-01-13,371419748.0975182,-131236.56535979305,215990988.06403515,784441.3971355385,114890051.03324066,1762352.1103503623,40669945.56560217,227511.45007473647
2023-01-17,371436494.45886576,-131236.56535979305,216429220.00421962,784441.3971355385,114734753.43440531,1762352.1103503623,40403757.58560064,227511.45007473647
2023-01-18,369562970.9371235,-131236.56535979305,213615567.94338188,784441.3971355385,115790911.56328121,1762352.1103503623,40287727.99582024,227511.45007473647
2023-01-19,367870704.2061925,-131236.56535979305,211516981.32848036,784441.3971355385,115557924.82798953,1762352.1103503623,40927034.615082376,227511.45007473647
2023-01-20,373010208.51567936,-131236.56535979305,217305516.30982712,784441.3971355385,115045402.41479422,1762352.1103503623,40790526.35641784,227511.45007473647
2023-01-23,377635636.88622063,-131236.56535979305,222133177.60958737,784441.3971355385,114765812.95417239,1762352.1103503623,40867882.88782066,227511.45007473647
2023-01-24,377842466.30497843,-131236.56535979305,221679576.66986188,784441.3971355385,115278362.25872679,1762352.1103503623,41015763.94174955,227511.45007473647
2023-01-25,377679093.5040033,-131236.56535979305,221187601.10978705,784441.3971355385,115418130.0976786,1762352.1103503623,41204598.8618975,227511.45007473647
2023-01-26,381401163.575388,-131236.56535979305,225500233.3501609,784441.3971355385,115200686.56795001,1762352.1103503623,40831480.22263689,227511.45007473647
2023-01-27,383464748.9470285,-131236.56535979305,227744921.21770883,784441.3971355385,115076461.9345613,1762352.1103503623,40774602.36011821,227511.45007473647
2023-01-30,378429120.64086163,-131236.56535979305,223140182.2290486,784441.3971355385,114750229.41157064,1762352.1103503623,40669945.56560217,227511.45007473647
2023-01-31,382315306.98654157,-133857.20746784372,229469498.51640567,794781.1252724885,114734749.25820284,1754041.465577867,38244916.41940095,213170.4790075656
2023-02-01,388441541.61579347,-133857.20746784372,234376364.8356272,794781.1252724885,115472353.45665652,1754041.465577867,38726680.53097764,213170.4790075656
2023-02-02,396127053.06667554,-133857.20746784372,242788073.2991053,794781.1252724885,115549810.06068152,1754041.465577867,37923026.91435657,213170.4790075656
2023-02-03,389842974.91021127,-133857.20746784372,238473169.50867406,794781.1252724885,114527109.88915448,1754041.465577867,36976552.719850615,213170.4790075656
2023-02-06,387189702.6632913,-133857.20746784372,236455922.45643446,794781.1252724885,113814343.19192237,1754041.465577867,37053294.22240227,213170.4790075656
2023-02-07,391967974.7898126,-133857.20746784372,241355002.9864344,794781.1252724885,113659429.98387237,1754041.465577867,37087399.02697372,213170.4790075656
2023-02-08,387969485.72110903,-133857.20746784372,237063432.30887282,794781.1252724885,113860846.59534097,1754041.465577867,37179064.02436312,213170.4790075656
2023-02-09,385115242.37144494,-133857.20746784372,234968278.8548273,794781.1252724885,113395933.00162423,1754041.465577867,36884887.7224612,213170.4790075656
2023-02-10,383163139.1746958,-133857.20746784372,233426158.9834642,794781.1252724885,112915603.02783893,1754041.465577867,36955234.3708605,213170.4790075656
2023-02-13,387024064.68130827,-133857.20746784372,237164768.84272864,794781.1252724885,113225509.73758511,1754041.465577867,36767643.30846237,213170.4790075656
2023-02-14,388416761.6235458,-133857.20746784372,238917129.27786925,794781.1252724885,112838133.04153956,1754041.465577867,36795356.51160483,213170.4790075656
2023-02-15,389632525.2161258,-133857.20746784372,240747493.13399604,794781.1252724885,112590186.26210363,1754041.465577867,36428703.027493946,213170.4790075656
2023-02-16,384651352.48667914,-133857.20746784372,236230037.54982853,794781.1252724885,112156312.85377666,1754041.465577867,36398859.29054183,213170.4790075656
2023-02-17,383341202.93817484,-133857.20746784372,234563272.28653508,794781.1252724885,112404212.79525231,1754041.465577867,36507575.06385527,213170.4790075656
2023-02-21,376675234.4387733,-133857.20746784372,229009942.91397226,794781.1252724885,111428002.6448695,1754041.465577867,36371146.08739936,213170.4790075656
2023-02-22,376889950.5264907,-133857.20746784372,229181327.29602718,794781.1252724885,111675976.18885419,1754041.465577867,36166504.249077186,213170.4790075656
2023-02-23,379275274.6607673,-133857.20746784372,231183002.76982364,794781.1252724885,112078809.41179138,1754041.465577867,36147319.686620116,213170.4790075656
2023-02-24,374524469.0488433,-133857.20746784372,227312058.74858758,794781.1252724885,111459016.06571056,1754041.465577867,35887251.44201302,213170.4790075656
2023-02-27,376478833.38258195,-133857.20746784372,228939846.55618304,794781.1252724885,111644902.5477785,1754041.465577867,36027941.486088246,213170.4790075656
2023-02-28,376246335.61508226,-131732.32377854167,225826840.76331648,784988.9625927617,112913420.38165824,1773477.4132148619,37637806.79388609,221685.752529736
2023-03-01,373979120.31926066,-131732.32377854167,224011386.09558675,784988.9625927617,112244408.66323094,1773477.4132148619,37855057.88422151,221685.752529736
2023-03-02,375575382.3390262,-131732.32377854167,225865314.03827754,784988.9625927617,112008909.28596497,1773477.4132148619,37832891.33856222,221685.752529736
2023-03-03,381514209.48651326,-131732.32377854167,230534834.10595158,784988.9625927617,112872531.0327299,1773477.4132148619,38238576.67161037,221685.752529736
2023-03-06,381315912.99718505,-131732.32377854167,230796337.38706923,784988.9625927617,112605600.16719109,1773477.4132148619,38045707.76670333,221685.752529736
2023-03-07,377694375.5327995,-131732.32377854167,227965461.35833427,784988.9625927617,112479995.9891296,1773477.4132148619,37380650.509114124,221685.752529736
2023-03-08,378720892.9322948,-131732.32377854167,229103920.54013652,784988.9625927617,112385789.4729438,1773477.4132148619,37362915.242993005,221685.752529736
2023-03-09,375496341.8008932,-131732.32377854167,225134537.41767535,784988.9625927617,112762622.30296652,1773477.4132148619,37730914.40402984,221685.752529736
2023-03-10,374498705.3244786,-131732.32377854167,221972829.55381444,784988.9625927617,114113107.38454746,1773477.4132148619,38544500.70989523,221685.752529736
2023-03-13,377940197.04484737,-131732.32377854167,223619011.39410034,784988.9625927617,115023889.89428051,1773477.4132148619,39429028.08024509,221685.752529736
2023-03-14,382128260.96418947,-131732.32377854167,228757780.84529695,784988.9625927617,114301520.4169191,1773477.4132148619,39200692.025751956,221685.752529736
2023-03-15,384812002.7375688,-131732.32377854167,229957854.76134568,784988.9625927617,115479260.85330872,1773477.4132148619,39506619.44669295,221685.752529736
2023-03-16,390404079.6125693,-131732.32377854167,236019695.34006378,784988.9625927617,114929690.14337413,1773477.4132148619,39586426.4529099,221685.752529736
2023-03-17,391273604.37063736,-131732.32377854167,234904257.837737,784988.9625927617,115761887.16714564,1773477.4132148619,40739191.68953329,221685.752529736
2023-03-20,391620252.7095762,-131732.32377854167,235737901.35913792,784988.9625927617,115259375.7409876,1773477.4132148619,40754707.9332292,221685.752529736
2023-03-21,393903900.3015469,-131732.32377854167,239104815.99343243,784988.9625927617,114945358.53055447,1773477.4132148619,39985458.10133852,221685.752529736
2023-03-22,392353718.42234147,-131732.32377854167,235853393.0519071,784988.9625927617,115966022.70893316,1773477.4132148619,40666034.985279754,221685.752529736
2023-03-23,395927426.34961116,-131732.32377854167,238650251.6146117,784988.9625927617,116232994.1661486,1773477.4132148619,41175912.89262938,221685.752529736
2023-03-24,396577934.85434836,-131732.32377854167,239528573.0051299,784988.9625927617,116468507.07397343,1773477.4132148619,40712587.099023566,221685.752529736
2023-03-27,393350811.2862879,-131732.32377854167,237887445.87282464,784988.9625927617,115259375.7409876,1773477.4132148619,40335721.996254236,221685.752529736
2023-03-28,392213479.4301192,-131732.32377854167,236623936.56941795,784988.9625927617,115055240.1992001,1773477.4132148619,40666034.985279754,221685.752529736
2023-03-29,396451994.52371544,-131732.32377854167,240938501.14823896,784988.9625927617,115180925.56061482,1773477.4132148619,40464300.13864022,221685.752529736
2023-03-30,399255329.4068122,-131732.32377854167,243219060.8180664,784988.9625927617,115337920.63527252,1773477.4132148619,40830080.27725183,221685.752529736
2023-03-31,403542850.97721195,-141289.44914922642,242210484.2558167,768945.6385992877,121105242.12790835,1852573.3698229361,40368414.04263613,220327.55034211112
2023-04-03,403759718.0783467,-141289.44914922642,241621830.6503399,768945.6385992877,121619932.21627279,1852573.3698229361,40659244.66088328,220327.55034211112
2023-04-04,404195889.15199584,-141289.44914922642,240806726.68437475,768945.6385992877,122113279.94480115,1852573.3698229361,41417171.97196919,220327.55034211112
2023-04-05,402114292.3900881,-141289.44914922642,238429349.89462578,768945.6385992877,122442107.76042104,1852573.3698229361,41384124.18419053,220327.55034211112
2023-04-06,403393783.8628588,-141289.44914922642,240036912.79050726,768945.6385992877,122409274.44790503,1852573.3698229361,41088886.07359569,220327.55034211112
2023-04-10,402131685.0071273,-141289.44914922642,239901042.57421425,768945.6385992877,121587098.90375677,1852573.3698229361,40784832.97830546,220327.55034211112
2023-04-11,400899087.75329584,-141289.44914922642,238361391.32012066,768945.6385992877,121636370.07355049,1852573.3698229361,41042615.80877393,220327.55034211112
2023-04-12,399125570.7348125,-141289.44914922642,236255801.89567497,768945.6385992877,121767943.60183786,1852573.3698229361,41243114.68644884,220327.55034211112
2023-04-13,404243659.0017604,-141289.44914922642,240882241.426349,768945.6385992877,121702163.90470074,1852573.3698229361,41800543.11985985,220327.55034211112
2023-04-14,402507833.87716717,-141289.44914922642,240429364.17173085,768945.6385992877,121159516.73835239,1852573.3698229361,41060242.4162331,220327.55034211112
2023-04-17,401870932.35964805,-141289.44914922642,240633146.0298118,768945.6385992877,120501705.6329681,1852573.3698229361,40877370.14601735,220327.55034211112
2023-04-18,402225558.5675622,-141289.44914922642,240648234.8983915,768945.6385992877,120682606.86710173,1852573.3698229361,41036006.2512182,220327.55034211112
2023-04-19,401751821.02717423,-141289.44914922642,240535009.71814725,768945.6385992877,120518185.89228521,1852573.3698229361,40839914.86589099,220327.55034211112
2023-04-20,400604916.31701434,-141289.44914922642,238701043.39449465,768945.6385992877,121044409.335369,1852573.3698229361,41000753.03629988,220327.55034211112
2023-04-21,400234847.0131097,-141289.44914922642,238950138.79103187,768945.6385992877,120830646.52069308,1852573.3698229361,40595351.150533974,220327.55034211112
2023-04-24,400336986.3109503,-141289.44914922642,238452041.86339182,768945.6385992877,121307499.8558912,1852573.3698229361,40718734.04081649,220327.55034211112
2023-04-25,396835339.76398927,-141289.44914922642,233953916.38154164,768945.6385992877,122096870.35554971,1852573.3698229361,40925842.47604714,220327.55034211112
2023-04-26,397604083.7554018,-141289.44914922642,235372786.28792185,768945.6385992877,121669274.05613218,1852573.3698229361,40703312.860497,220327.55034211112
2023-04-27,403480070.6264845,-141289.44914922642,241772766.26885402,768945.6385992877,121143078.88107468,1852573.3698229361,40705514.92570503,220327.55034211112
2023-04-28,405833151.54048043,-141289.44914922642,243440637.70633706,768945.6385992877,121817271.30768412,1852573.3698229361,40716531.97560846,220327.55034211112
2023-05-01,404118265.87925375,-141289.44914922642,243161434.97171625,768945.6385992877,120564460.65129401,1852573.3698229361,40533659.70539271,220327.55034211112
2023-05-02,403966579.61472046,-141289.44914922642,241040709.74597368,768945.6385992877,121751336.13640252,1852573.3698229361,41315823.18149352,220327.55034211112
2023-05-03,403250473.1630752,-141289.44914922642,239463324.58725157,768945.6385992877,122262294.84529892,1852573.3698229361,41666143.1796739,220327.55034211112
2023-05-04,402533396.64414,-141289.44914922642,238618042.88412705,768945.6385992877,122097463.98410144,1852573.3698229361,41959179.2250607,220327.55034211112
2023-05-05,406503488.1665938,-141289.44914922642,243689733.10287428,768945.6385992877,121652440.44648665,1852573.3698229361,41302604.06638206,220327.55034211112
2023-05-08,406580997.021697,-141289.44914922642,244293475.57693076,768945.6385992877,121075532.4322955,1852573.3698229361,41353278.46161989,220327.55034211112
2023-05-09,405195035.03437907,-141289.44914922642,242746362.02080244,768945.6385992877,120943647.95571913,1852573.3698229361,41646314.50700669,220327.55034211112
2023-05-10,408518742.38692045,-141289.44914922642,245387805.7438753,768945.6385992877,121685400.9651209,1852573.3698229361,41586825.127073474,220327.55034211112
2023-05-11,409357448.288605,-141289.44914922642,246187844.30761936,768945.6385992877,122080997.85879746,1852573.3698229361,41229895.57133737,220327.55034211112
2023-05-12,407761054.7975162,-141289.44914922642,245304828.6998663,768945.6385992877,121438126.40529841,1852573.3698229361,41159389.14150071,220327.55034211112
2023-05-15,408864258.53354734,-141289.44914922642,246633094.99569258,768945.6385992877,121124930.80820745,1852573.3698229361,41247522.17879654,220327.55034211112
2023-05-16,408331265.97129244,-141289.44914922642,246912415.06210637,768945.6385992877,120828187.20240735,1852573.3698229361,40731953.15592796,220327.55034211112
2023-05-17,410964604.00061387,-141289.44914922642,249901020.09430516,768945.6385992877,120613929.69727165,1852573.3698229361,40590943.65818627,220327.55034211112
2023-05-18,414585005.37104994,-141289.44914922642,254542525.02720028,768945.6385992877,120119408.84565295,1852573.3698229361,40064360.947345905,220327.55034211112
2023-05-19,414078350.2390792,-141289.44914922642,253968983.7566618,768945.6385992877,119789704.7212186,1852573.3698229361,40460951.210348025,220327.55034211112
2023-05-22,414803427.29138833,-141289.44914922642,254821774.69453827,768945.6385992877,119756730.06857122,1852573.3698229361,40366211.977428086,220327.55034211112
2023-05-23,411704139.431782,-141289.44914922642,251591560.03419563,768945.6385992877,119839187.90120937,1852573.3698229361,40414680.945526265,220327.55034211112
2023-05-24,409757838.01866525,-141289.44914922642,250301004.1766393,768945.6385992877,119509526.17881443,1852573.3698229361,40088597.1123608,220327.55034211112
2023-05-25,415017718.3726531,-141289.44914922642,256391580.21943262,768945.6385992877,119064403.70310768,1852573.3698229361,39703023.8992621,220327.55034211112
2023-05-26,421875611.34683514,-141289.44914922642,262942472.35252026,768945.6385992877,119212768.43900117,1852573.3698229361,39861660.00446295,220327.55034211112
2023-05-30,424106150.46546745,-141289.44914922642,264134938.8311293,768945.6385992877,120004075.29845938,1852573.3698229361,40108425.785027996,220327.55034211112
2023-05-31,422913434.35401267,-148071.52705837486,253836903.52864262,743192.0073977243,126918451.7643213,1952877.631664269,42306150.58810711,232043.3791606551
2023-06-01,426523122.36037815,-148071.52705837486,256769232.3691103,743192.0073977243,127261671.43841659,1952877.631664269,42640290.07990964,232043.3791606551
2023-06-02,427105734.90911376,-148071.52705837486,258694981.48300573,743192.0073977243,126547370.44798958,1952877.631664269,42011454.505176805,232043.3791606551
2023-06-05,427558414.27255994,-148071.52705837486,258877332.06099272,743192.0073977243,126564772.79993191,1952877.631664269,42264380.93869368,232043.3791606551
2023-06-06,427735318.7183191,-148071.52705837486,258833581.53052792,743192.0073977243,126739019.80846396,1952877.631664269,42310788.90638562,232043.3791606551
2023-06-07,422121647.7735218,-148071.52705837486,254442357.34448373,743192.0073977243,126024748.61658481,1952877.631664269,41802613.33951163,232043.3791606551
2023-06-08,426459580.1756524,-148071.52705837486,257600855.33466363,743192.0073977243,126651918.65310882,1952877.631664269,42354877.7149383,232043.3791606551
2023-06-09,427069245.28287405,-148071.52705837486,258585571.13621354,743192.0073977243,126390570.48922162,1952877.631664269,42241175.18449723,232043.3791606551
2023-06-12,431662784.0972098,-148071.52705837486,262954886.0363951,743192.0073977243,126651918.65310882,1952877.631664269,42204050.934764266,232043.3791606551
2023-06-13,432814955.11375105,-148071.52705837486,264975439.30650765,743192.0073977243,126094477.21854548,1952877.631664269,41893110.11575624,232043.3791606551
2023-06-14,434868406.3710127,-148071.52705837486,266901211.10082325,743192.0073977243,126198950.92729509,1952877.631664269,41916315.8699527,232043.3791606551
2023-06-15,439127328.7434827,-148071.52705837486,270081482.2943449,743192.0073977243,126982906.02331315,1952877.631664269,42211011.952883,232043.3791606551
2023-06-16,437084146.2577709,-148071.52705837486,268381947.69100192,743192.0073977243,126704230.00385325,1952877.631664269,42146040.0899741,232043.3791606551
2023-06-20,436437779.708124,-148071.52705837486,267997696.0128607,743192.0073977243,126878357.81819391,1952877.631664269,41709797.404127754,232043.3791606551
2023-06-21,432934363.41889954,-148071.52705837486,264345513.31732717,743192.0073977243,127087454.22843239,1952877.631664269,41649467.40019834,232043.3791606551
2023-06-22,435030577.29949856,-148071.52705837486,267464502.01560992,743192.0073977243,126477716.34239854,1952877.631664269,41236430.46854845,232043.3791606551
2023-06-23,432858598.2836758,-148071.52705837486,264813002.13741028,743192.0073977243,126843538.21503535,1952877.631664269,41350129.45828854,232043.3791606551
2023-06-26,429537391.7619635,-148071.52705837486,261263062.77590236,743192.0073977243,127000338.17380331,1952877.631664269,41422062.33931619,232043.3791606551
2023-06-27,433595473.93173033,-148071.52705837486,265755260.19244382,743192.0073977243,126756496.6567759,1952877.631664269,41231788.60956896,232043.3791606551
2023-06-28,434419609.93981755,-148071.52705837486,266273893.35995975,743192.0073977243,127157138.13257128,1952877.631664269,41136649.97434486,232043.3791606551
2023-06-29,432884094.5678976,-148071.52705837486,265740654.00186872,743192.0073977243,126198950.92729509,1952877.631664269,41092561.16579218,232043.3791606551
2023-06-30,437538006.3640224,-153191.91939913796,262614718.97005293,723296.3581855065,131307359.48502646,2024940.2246850254,43769119.82834216,245521.50546564828
2023-07-03,437832465.5332005,-153191.91939913796,263233123.22941953,723296.3581855065,130934310.84301697,2024940.2246850254,43818223.38016312,245521.50546564828
2023-07-05,437127477.946306,-153191.91939913796,263226081.8616747,723296.3581855065,130391044.37114617,2024940.2246850254,43663543.63288429,245521.50546564828
2023-07-06,434159577.9399008,-153191.91939913796,261221344.86695045,723296.3581855065,129558007.45765318,2024940.2246850254,43533417.534696355,245521.50546564828
2023-07-07,433546394.499999,-153191.91939913796,260354042.60542017,723296.3581855065,129485582.22744898,2024940.2246850254,43859961.58652897,245521.50546564828
2023-07-10,434118851.8403004,-153191.91939913796,260439399.8752292,723296.3581855065,129938309.43703061,2024940.2246850254,43894334.44743973,245521.50546564828
2023-07-11,435841701.27971727,-153191.91939913796,261726093.94601014,723296.3581855065,130209965.84656782,2024940.2246850254,44058833.40653841,245521.50546564828
2023-07-12,440776213.8465414,-153191.91939913796,265031696.04001737,723296.3581855065,131242257.11299565,2024940.2246850254,44655452.612927586,245521.50546564828
2023-07-13,446104874.0939537,-153191.91939913796,269531593.56725174,723296.3581855065,132039104.58498837,2024940.2246850254,44687367.86111274,245521.50546564828
2023-07-14,445289872.42190856,-153191.91939913796,269474732.8672186,723296.3581855065,131423366.53570975,2024940.2246850254,44544964.938379355,245521.50546564828
2023-07-17,447983078.82468176,-153191.91939913796,271991216.16224104,723296.3581855065,131568170.6489145,2024940.2246850254,44576883.93292536,245521.50546564828
2023-07-18,450881837.127432,-153191.91939913796,274216332.5161,723296.3581855065,131731127.41687393,2024940.2246850254,45087569.11385722,245521.50546564828
2023-07-19,451133100.9871986,-153191.91939913796,274152253.86229706,723296.3581855065,132039104.58498837,2024940.2246850254,45094934.45931232,245521.50546564828
2023-07-20,443969391.1485174,-153191.91939913796,267832615.27472427,723296.3581855065,131423366.53570975,2024940.2246850254,44866601.257482484,245521.50546564828
2023-07-21,443119009.652751,-153191.91939913796,267029259.22747812,723296.3581855065,131513836.27719349,2024940.2246850254,44729106.06747859,245521.50546564828
2023-07-24,443136718.0594563,-153191.91939913796,267455780.697486,723296.3581855065,131296529.68844517,2024940.2246850254,44537599.59292426,245521.50546564828
2023-07-25,445052566.28238857,-153191.91939913796,269268546.6098391,723296.3581855065,131151632.88083316,2024940.2246850254,44785578.7111155,245521.50546564828
2023-07-26,444809976.2874162,-153191.91939913796,268372813.9982922,723296.3581855065,131586261.50739767,2024940.2246850254,45004092.7011255,245521.50546564828
2023-07-27,442340310.07840705,-153191.91939913796,267733042.8299069,723296.3581855065,130463469.60135035,2024940.2246850254,44296989.56654896,245521.50546564828
2023-07-28,448023277.913592,-153191.91939913796,272609708.7146201,723296.3581855065,130916219.9845338,2024940.2246850254,44650541.13383724,245521.50546564828
2023-07-31,448364189.1095635,-156982.4100318584,269112702.91175723,713645.809320656,134556351.45587862,2077508.0154544027,44852117.15195954,245967.18207126408
2023-08-01,446442354.9496459,-156982.4100318584,268488480.61601907,713645.809320656,133723617.4156874,2077508.0154544027,44387239.32797131,245967.18207126408
2023-08-02,439910533.58052003,-156982.4100318584,262596699.39196795,713645.809320656,133295109.19732031,2077508.0154544027,44175707.401263565,245967.18207126408
2023-08-03,438655305.8646985,-156982.4100318584,262175890.54407686,713645.809320656,132475451.51296979,2077508.0154544027,44160946.21768376,245967.18207126408
2023-08-04,438686885.8256344,-156982.4100318584,260948462.43837917,713645.809320656,133574578.6593602,2077508.0154544027,44320827.13792689,245967.18207126408
2023-08-07,440590456.52730846,-156982.4100318584,263157806.894145,713645.809320656,133369652.35067634,2077508.0154544027,44219979.69251895,245967.18207126408
2023-08-08,438556919.72011924,-156982.4100318584,260920324.3040517,713645.809320656,133854000.57101521,2077508.0154544027,43939577.255084164,245967.18207126408
2023-08-09,435516451.5326482,-156982.4100318584,258051650.22086364,713645.809320656,133891280.07275738,2077508.0154544027,43730503.64905905,245967.18207126408
2023-08-10,435201481.58316976,-156982.4100318584,258528604.66495913,713645.809320656,133146086.29112141,2077508.0154544027,43683773.03712104,245967.18207126408
2023-08-11,433124712.6967601,-156982.4100318584,256880280.59640342,713645.809320656,132717641.4732675,2077508.0154544027,43683773.03712104,245967.18207126408
2023-08-14,435707004.4423724,-156982.4100318584,259763067.3042387,713645.809320656,132549970.89113337,2077508.0154544027,43550948.6570322,245967.18207126408
2023-08-15,432536766.86889064,-156982.4100318584,257006575.5197509,713645.809320656,132251829.97796582,2077508.0154544027,43435343.7812058,245967.18207126408
2023-08-16,429191905.69473386,-156982.4100318584,254285147.5094637,713645.809320656,131879280.63753271,2077508.0154544027,43184459.95776928,245967.18207126408
2023-08-17,426217542.6714834,-156982.4100318584,251507595.68171376,713645.809320656,131748881.6320766,2077508.0154544027,43118047.767724864,245967.18207126408
2023-08-18,426188757.47331506,-156982.4100318584,251191978.1564246,713645.809320656,132028335.2439882,2077508.0154544027,43125426.482934095,245967.18207126408
2023-08-21,429720410.905005,-156982.4100318584,255239034.61891302,713645.809320656,131394869.01668069,2077508.0154544027,43243489.67944312,245967.18207126408
2023-08-22,429594764.73443973,-156982.4100318584,254874306.0310012,713645.809320656,131562618.84945627,2077508.0154544027,43314822.26401414,245967.18207126408
2023-08-23,435246381.6114435,-156982.4100318584,258893333.2528709,713645.809320656,132754928.90007381,2077508.0154544027,43755101.86853071,245967.18207126408
2023-08-24,429385757.92814535,-156982.4100318584,253359311.41937488,713645.809320656,132438164.08616348,2077508.0154544027,43745264.83263885,245967.18207126408
2023-08-25,431293059.03161246,-156982.4100318584,255323187.67699453,713645.809320656,132438164.08616348,2077508.0154544027,43688689.678486295,245967.18207126408
2023-08-28,433582581.50033563,-156982.4100318584,257245074.5205404,713645.809320656,132680354.0464612,2077508.0154544027,43814135.3433659,245967.18207126408
2023-08-29,440448422.33913827,-156982.4100318584,262863205.85463443,713645.809320656,133500083.05638905,2077508.0154544027,44242115.83814664,245967.18207126408
2023-08-30,441969124.35608685,-156982.4100318584,264329154.7398634,713645.809320656,133444147.95364751,2077508.0154544027,44352804.072607785,245967.18207126408
2023-08-31,442756490.08045477,-155019.028188025,265746905.46518567,715328.5858544098,132873452.73259284,2065163.0978943657,44291150.910864286,246034.60648645172
2023-09-01,441858623.75788605,-155019.028188025,265465690.16846398,715328.5858544098,132234659.4931677,2065163.0978943657,44313293.12444243,246034.60648645172
2023-09-05,441110194.1941291,-155019.028188025,265803161.62258762,715328.5858544098,131510429.64715739,2065163.0978943657,43951621.95257213,246034.60648645172
2023-09-06,438421137.7351694,-155019.028188025,263461971.1465579,715328.5858544098,131361851.09481102,2065163.0978943657,43752334.521988526,246034.60648645172
2023-09-07,437029427.39597833,-155019.028188025,261577793.7303689,715328.5858544098,131807570.99590608,2065163.0978943657,43799081.697891384,246034.60648645172
2023-09-08,437446874.8597283,-155019.028188025,261943382.34814557,715328.5858544098,131844668.36616056,2065163.0978943657,43813843.17361014,246034.60648645172
2023-09-11,440410203.2571108,-155019.028188025,265029786.81145895,715328.5858544098,131640400.42958638,2065163.0978943657,43895035.04425349,246034.60648645172
2023-09-12,437337989.26966935,-155019.028188025,262091019.28741962,715328.5858544098,131733305.35364898,2065163.0978943657,43668683.656788774,246034.60648645172
2023-09-13,438439708.18905485,-155019.028188025,263089353.23786804,715328.5858544098,131937565.41225113,2065163.0978943657,43567808.56712369,246034.60648645172
2023-09-14,440390300.94925356,-155019.028188025,265240687.36895224,715328.5858544098,131714681.82778752,2065163.0978943657,43589950.78070183,246034.60648645172
2023-09-15,435876539.5143193,-155019.028188025,260699023.21573362,715328.5858544098,131454724.50698553,2065163.0978943657,43877810.81978816,246034.60648645172
2023-09-18,436536536.8812891,-155019.028188025,260970720.5905977,715328.5858544098,131584687.41144247,2065163.0978943657,44136147.90743697,246034.60648645172
2023-09-19,435659990.6838716,-155019.028188025,260414533.40461135,715328.5858544098,131306153.83261117,2065163.0978943657,44094322.474837095,246034.60648645172
2023-09-20,431772217.726133,-155019.028188025,256661874.4112602,715328.5858544098,131139054.16803965,2065163.0978943657,44126308.17502118,246034.60648645172
2023-09-21,425932124.8888069,-155019.028188025,251958667.54761308,715328.5858544098,130322013.93363102,2065163.0978943657,43806462.43575076,246034.60648645172
2023-09-22,426646083.06657684,-155019.028188025,251993857.66237128,715328.5858544098,130860544.22312441,2065163.0978943657,43946700.20926916,246034.60648645172
2023-09-25,426650950.3722804,-155019.028188025,253190758.1660708,715328.5858544098,129894862.41259322,2065163.0978943657,43720348.82180444,246034.60648645172
2023-09-26,422369653.4748637,-155019.028188025,249388784.98584694,715328.5858544098,129764907.3861083,2065163.0978943657,43370980.1310965,246034.60648645172
2023-09-27,421953442.61346555,-155019.028188025,249973176.6558702,715328.5858544098,129300658.49481604,2065163.0978943657,42834626.49096731,246034.60648645172
2023-09-28,424164749.32412976,-155019.028188025,252064281.55207974,715328.5858544098,129634912.96976325,2065163.0978943657,42620573.83047479,246034.60648645172
2023-09-29,423854080.9456315,-155019.028188025,252247283.24688008,715328.5858544098,129579184.19567533,2065163.0978943657,42182632.53126412,246034.60648645172
2023-10-02,424626348.12831557,-155019.028188025,254352490.38510808,715328.5858544098,128689107.28264508,2065163.0978943657,41739769.48875047,246034.60648645172
2023-10-03,418999199.8982057,-155019.028188025,249888672.35423928,715328.5858544098,127646331.63790064,2065163.0978943657,41619214.93425381,246034.60648645172
2023-10-04,423232903.12659633,-155019.028188025,253289364.70972022,715328.5858544098,128484264.25411324,2065163.0978943657,41614293.19095084,246034.60648645172
2023-10-05,422503440.8661474,-155019.028188025,252543015.55744433,715328.5858544098,128577421.27328058,2065163.0978943657,41538023.063610464,246034.60648645172
2023-10-06,426446197.9170667,-155019.028188025,256774495.87654412,715328.5858544098,128074649.09879778,2065163.0978943657,41752071.96991283,246034.60648645172
2023-10-09,429826798.46831757,-155019.028188025,258084039.6756235,715328.5858544098,129378075.3258822,2065163.0978943657,42519702.49499986,246034.60648645172
2023-10-10,431054448.37859267,-155019.028188025,259513343.3813801,715328.5858544098,129247773.66862828,2065163.0978943657,42448350.3567723,246034.60648645172
2023-10-11,433811973.44842625,-155019.028188025,261365015.78461933,715328.5858544098,129843624.08255818,2065163.0978943657,42758352.60943677,246034.60648645172
2023-10-12,431656078.46701694,-155019.028188025,260456796.47047484,715328.5858544098,128726346.45639595,2065163.0978943657,42627954.56833417,246034.60648645172
2023-10-13,430348410.57512903,-155019.028188025,257182871.48248827,715328.5858544098,129322188.99235381,2065163.0978943657,43998369.12847498,246034.60648645172
2023-10-16,432371823.5252049,-155019.028188025,260090662.10029814,715328.5858544098,128651860.23092219,2065163.0978943657,43784320.22217262,246034.60648645172
2023-10-17,430763159.52889496,-155019.028188025,259238742.60374758,715328.5858544098,127813927.6147096,2065163.0978943657,43865508.3386258,246034.60648645172
2023-10-18,427438706.9147049,-155019.028188025,255838115.73855463,715328.5858544098,127255332.13047461,2065163.0978943657,44500278.07386367,246034.60648645172
2023-10-19,425032372.9615899,-155019.028188025,253444227.41077155,715328.5858544098,126696689.3784075,2065163.0978943657,45046475.20059881,246034.60648645172
2023-10-20,421840071.9364808,-155019.028188025,249663407.59357545,715328.5858544098,127162190.86725132,2065163.0978943657,45169492.50384204,246034.60648645172
2023-10-23,422925050.8956385,-155019.028188025,250416786.0367646,715328.5858544098,127646331.63790064,2065163.0978943657,45016952.24916129,246034.60648645172
2023-10-24,425784467.0263032,-155019.028188025,252852806.4498351,715328.5858544098,128074649.09879778,2065163.0978943657,45012030.50585831,246034.60648645172
2023-10-25,418816858.57839465,-155019.028188025,246664039.72302943,715328.5858544098,127106359.67952712,2065163.0978943657,45201478.204026125,246034.60648645172
2023-10-26,415041558.04467905,-155019.028188025,241960811.0292863,715328.5858544098,127962939.45551722,2065163.0978943657,45272826.58806353,246034.60648645172
2023-10-27,416729826.00152576,-155019.028188025,243122565.0784196,715328.5858544098,127962939.45551722,2065163.0978943657,45799340.49577693,246034.60648645172
2023-10-30,418893732.3552865,-155019.028188025,245861412.5832556,715328.5858544098,127646331.63790064,2065163.0978943657,45541007.162318274,246034.60648645172
2023-10-31,419636838.6762027,-146924.3170476376,251870257.79595017,729323.3280649452,125935128.89797509,2038072.8682744685,41978376.299325034,228031.81668967614
2023-11-01,425098231.79620075,-146924.3170476376,256241924.38546446,729323.3280649452,127157114.29967763,2038072.8682744685,41846117.42810629,228031.81668967614
2023-11-02,430626285.92626035,-146924.3170476376,260893564.06286108,729323.3280649452,127894429.20498034,2038072.8682744685,41985216.975466564,228031.81668967614
2023-11-03,434599882.20476973,-146924.3170476376,263958778.60431764,729323.3280649452,128650030.04238978,2038072.8682744685,42137997.87510992,228031.81668967614
2023-11-06,434795384.3616087,-146924.3170476376,265035536.53782374,729323.3280649452,128097137.1589847,2038072.8682744685,41809634.98184787,228031.81668967614
2023-11-07,437772468.58396316,-146924.3170476376,267540827.16069716,729323.3280649452,128742237.1660231,2038072.8682744685,41636328.57429052,228031.81668967614
2023-11-08,437935224.50178593,-146924.3170476376,267713097.74661094,729323.3280649452,129147738.5949728,2038072.8682744685,41221312.47724978,228031.81668967614
2023-11-09,435080752.9664546,-146924.3170476376,265652883.9850447,729323.3280649452,128189297.63483205,2038072.8682744685,41385495.66362551,228031.81668967614
2023-11-10,440841285.8752482,-146924.3170476376,271625331.5926585,729323.3280649452,128428888.43828975,2038072.8682744685,40933990.16134758,228031.81668967614
2023-11-13,440185479.8683642,-146924.3170476376,270778267.77370423,729323.3280649452,128392114.43367037,2038072.8682744685,41162021.97803727,228031.81668967614
2023-11-14,447948148.22810537,-146924.3170476376,276607201.07408655,729323.3280649452,129958718.12897924,2038072.8682744685,41529153.34208722,228031.81668967614
2023-11-15,447328031.8095449,-146924.3170476376,276815350.2368082,729323.3280649452,129239906.84545116,2038072.8682744685,41419699.0443332,228031.81668967614
2023-11-16,448806514.3381643,-146924.3170476376,277052277.9353938,729323.3280649452,130013995.75537324,2038072.8682744685,41887164.96444491,228031.81668967614
2023-11-17,449050878.50294566,-146924.3170476376,277116890.53370225,729323.3280649452,130198308.93243693,2038072.8682744685,41882603.35385409,228031.81668967614
2023-11-20,452540575.1880625,-146924.3170476376,280490723.1558152,729323.3280649452,130382583.23634562,2038072.8682744685,41814193.11294931,228031.81668967614
2023-11-21,451546933.25022084,-146924.3170476376,278861208.116215,729323.3280649452,130566950.8358263,2038072.8682744685,42265698.61522722,228031.81668967614
2023-11-22,452618780.85609215,-146924.3170476376,280002600.9052112,729323.3280649452,130677552.7364003,2038072.8682744685,42085551.53152832,228031.81668967614
2023-11-24,451816190.87972665,-146924.3170476376,279607780.760053,729323.3280649452,130050870.83019559,2038072.8682744685,42304463.60652574,228031.81668967614
2023-11-27,452649650.924901,-146924.3170476376,279363686.2489785,729323.3280649452,130843385.61558233,2038072.8682744685,42589503.37738784,228031.81668967614
2023-11-28,454502665.3447913,-146924.3170476376,280095925.2678386,729323.3280649452,131396364.01992838,2038072.8682744685,43157300.37407193,228031.81668967614
2023-11-29,454975667.2323106,-146924.3170476376,279823118.99244523,729323.3280649452,132078323.55252711,2038072.8682744685,43221149.00438588,228031.81668967614
2023-11-30,453509306.4280248,-158783.8315908655,272200854.1557694,711244.9540296142,136100427.0778847,2106899.920047973,45366809.02596158,240353.9551044322
2023-12-01,456180150.85053384,-158783.8315908655,272977953.51624817,711244.9540296142,137210619.56657818,2106899.920047973,46150361.59929833,240353.9551044322
2023-12-04,452094296.920284,-158783.8315908655,270443730.96352214,711244.9540296142,136656455.63573366,2106899.920047973,45152894.15261906,240353.9551044322
2023-12-05,453481614.17801803,-158783.8315908655,271122786.7004245,711244.9540296142,137535370.07839406,2106899.920047973,44982241.23079038,240353.9551044322
2023-12-06,452480622.02415097,-158783.8315908655,269554653.06551164,711244.9540296142,137936666.7436162,2106899.920047973,45148086.04661408,240353.9551044322
2023-12-07,456283164.5033024,-158783.8315908655,273320943.4077147,711244.9540296142,137898409.74128377,2106899.920047973,45222595.18589481,240353.9551044322
2023-12-08,456229246.52094924,-158783.8315908655,274539054.577763,711244.9540296142,137229667.69589075,2106899.920047973,44619308.07888638,240353.9551044322
2023-12-11,458100778.7797764,-158783.8315908655,276884200.7512608,711244.9540296142,137248780.12268624,2106899.920047973,44126581.737420246,240353.9551044322
2023-12-12,460683193.7508384,-158783.8315908655,279089368.3264756,711244.9540296142,137650060.71353766,2106899.920047973,44102548.542415984,240353.9551044322
2023-12-13,466985377.32550293,-158783.8315908655,282638625.639646,711244.9540296142,139407921.7475999,2106899.920047973,45097613.769847915,240353.9551044322
2023-12-14,468055717.15496504,-158783.8315908655,282393635.960809,711244.9540296142,140458864.10579032,2106899.920047973,45362000.9199566,240353.9551044322
2023-12-15,468794785.0364761,-158783.8315908655,283758671.48064446,711244.9540296142,140248707.7828937,2106899.920047973,44946189.60452882,240353.9551044322
2023-12-18,470499824.1776337,-158783.8315908655,285546030.3974084,711244.9540296142,139962085.67844442,2106899.920047973,45150491.93337171,240353.9551044322
2023-12-19,472533936.91571134,-158783.8315908655,287005028.9118116,711244.9540296142,140229547.13298604,2106899.920047973,45458144.70250456,240353.9551044322
2023-12-20,468480136.7014342,-158783.8315908655,282740207.2553949,711244.9540296142,140688132.85548243,2106899.920047973,45210580.42214781,240353.9551044322
2023-12-21,472070525.30200726,-158783.8315908655,286030040.7498836,711244.9540296142,140669020.42868695,2106899.920047973,45530247.95502765,240353.9551044322
2023-12-22,472606371.5993661,-158783.8315908655,286457877.3370686,711244.9540296142,140575130.02926525,2106899.920047973,45732148.06462319,240353.9551044322
2023-12-26,474842680.67208785,-158783.8315908655,288211549.3590372,711244.9540296142,140709254.5786189,2106899.920047973,46080660.56602257,240353.9551044322
2023-12-27,476539160.71525604,-158783.8315908655,288798291.7173541,711244.9540296142,141609885.4961327,2106899.920047973,46289767.333360136,240353.9551044322
2023-12-28,475784607.1988375,-158783.8315908655,288657857.3041287,711244.9540296142,141264961.6490533,2106899.920047973,46020572.07724646,240353.9551044322
2023-12-29,474137500.26265603,-158783.8315908655,287408620.48515224,711244.9540296142,140939198.4518816,2106899.920047973,45948465.15721307,240353.9551044322
2024-01-02,468571697.1625099,-158783.8315908655,282544988.22718006,711244.9540296142,140345186.15600258,2106899.920047973,45840306.610918134,240353.9551044322
2024-01-03,465314771.16608447,-158783.8315908655,279555276.31409293,711244.9540296142,140460133.98107782,2106899.920047973,45458144.70250456,240353.9551044322
2024-01-04,463289374.17535865,-158783.8315908655,278116529.00641924,711244.9540296142,139827816.45975423,2106899.920047973,45503812.54077605,240353.9551044322
2024-01-05,463204865.69066185,-158783.8315908655,278446408.7919216,711244.9540296142,139406217.86430272,2106899.920047973,45511022.86602835,240353.9551044322
2024-01-08,469217284.47967327,-158783.8315908655,284201332.9061962,711244.9540296142,140019439.03320158,2106899.920047973,45155296.37186638,240353.9551044322
2024-01-09,469774016.03638786,-158783.8315908655,284762788.38794315,711244.9540296142,140000294.45766464,2106899.920047973,45169717.022371,240353.9551044322
2024-01-10,471351504.063726,-158783.8315908655,286692795.6762245,711244.9540296142,139751125.63701138,2106899.920047973,45066366.58208104,240353.9551044322
2024-01-11,472765182.59744084,-158783.8315908655,287289327.20306766,711244.9540296142,140479342.85409766,2106899.920047973,45155296.37186638,240353.9551044322
2024-01-12,473642226.5754854,-158783.8315908655,287436707.3677973,711244.9540296142,140766752.60271263,2106899.920047973,45597550.43656637,240353.9551044322
2024-01-16,472185067.67309815,-158783.8315908655,287408620.48515224,711244.9540296142,139770318.4356605,2106899.920047973,45164912.58387632,240353.9551044322
2024-01-17,469740572.1420585,-158783.8315908655,285787438.6731261,711244.9540296142,139444539.16411805,2106899.920047973,44667378.136405215,240353.9551044322
2024-01-18,473973183.34875786,-158783.8315908655,289843931.1953639,711244.9540296142,139252916.5906707,2106899.920047973,45035119.39431417,240353.9551044322
2024-01-19,479855650.81221783,-158783.8315908655,295591801.030767,711244.9540296142,139252916.5906707,2106899.920047973,45169717.022371,240353.9551044322
2024-01-22,480301020.6874282,-158783.8315908655,295977876.287033,711244.9540296142,139482860.46393338,2106899.920047973,44999067.76805262,240353.9551044322
2024-01-23,481378880.46700096,-158783.8315908655,297205993.680342,711244.9540296142,139157145.48987386,2106899.920047973,45174525.12837598,240353.9551044322
2024-01-24,482368173.9747726,-158783.8315908655,298855262.37501323,711244.9540296142,138869719.66688818,2106899.920047973,44801975.764462054,240353.9551044322
2024-01-25,483562530.70900106,-158783.8315908655,299220261.61655873,711244.9540296142,139521213.91249016,2106899.920047973,44979839.011543036,240353.9551044322
2024-01-26,481537819.3201125,-158783.8315908655,297437612.7875335,711244.9540296142,139310398.54039368,2106899.920047973,44948591.82377616,240353.9551044322
2024-01-29,485456681.050067,-158783.8315908655,300483498.46591085,711244.9540296142,139866105.6108281,2106899.920047973,45265860.80491895,240353.9551044322
2024-01-30,483768089.56621087,-158783.8315908655,298483295.6764901,711244.9540296142,140115226.20836917,2106899.920047973,45328351.5129424,240353.9551044322
2024-01-31,478314912.5931798,-167468.8334993377,287089428.85600746,697761.2608604357,143544714.42800373,2149356.47450744,47848238.14266792,253904.1598170439
2024-02-01,483059757.083844,-167468.8334993377,290470019.13468426,697761.2608604357,144411314.78207093,2149356.47450744,48345892.00058813,253904.1598170439
2024-02-02,486217795.91013396,-167468.8334993377,295379091.5698723,697761.2608604357,143117309.4356975,2149356.47450744,47888863.738063455,253904.1598170439
2024-02-05,484431081.89638865,-167468.8334993377,294993542.6993542,697761.2608604357,141980202.9140013,2149356.47450744,47624805.116532534,253904.1598170439
2024-02-06,484754349.32009953,-167468.8334993377,294401378.30411285,697761.2608604357,142646809.74112836,2149356.47450744,47873630.10835763,253904.1598170439
2024-02-07,487496744.3465825,-167468.8334993377,297430894.67202896,697761.2608604357,142372384.38254008,2149356.47450744,47860934.12551277,253904.1598170439
2024-02-08,487631851.368473,-167468.8334993377,297981684.85676455,697761.2608604357,141999864.46195152,2149356.47450744,47817770.88325628,253904.1598170439
2024-02-09,490261915.7160147,-167468.8334993377,300914739.47810787,697761.2608604357,141882223.1400207,2149356.47450744,47632421.931385435,253904.1598170439
2024-02-12,488999376.7296419,-167468.8334993377,299737373.82032484,697761.2608604357,141921464.24447852,2149356.47450744,47508007.498337895,253904.1598170439
2024-02-13,482434168.8678912,-167468.8334993377,295062407.442934,697761.2608604357,140686295.95735905,2149356.47450744,46852934.30109751,253904.1598170439
2024-02-14,486150920.07792777,-167468.8334993377,298277735.1134096,697761.2608604357,141215649.10947067,2149356.47450744,46825004.68854684,253904.1598170439
2024-02-15,487746039.0675482,-167468.8334993377,299165928.47131205,697761.2608604357,141607732.1882783,2149356.47450744,47139847.241457164,253904.1598170439
2024-02-16,484755046.1274538,-167468.8334993377,296453202.70025325,697761.2608604357,141156812.05021673,2149356.47450744,47312500.21048316,253904.1598170439
2024-02-20,482980742.7640423,-167468.8334993377,294215524.41358584,697761.2608604357,141333274.03311297,2149356.47450744,47599413.15084282,253904.1598170439
2024-02-21,481413777.58375186,-167468.8334993377,293038137.46181905,697761.2608604357,140941158.15772828,2149356.47450744,47601950.79770378,253904.1598170439
2024-02-22,490071842.7346887,-167468.8334993377,301617036.35751575,697761.2608604357,141000011.61527073,2149356.47450744,47622263.59540154,253904.1598170439
2024-02-23,489962478.7704705,-167468.8334993377,300728842.9996133,697761.2608604357,141509703.21943212,2149356.47450744,47891401.38492441,253904.1598170439
2024-02-26,489442613.9304375,-167468.8334993377,300570479.6421603,697761.2608604357,141254841.0190629,2149356.47450744,47784762.10271366,253904.1598170439
2024-02-27,489899141.8159152,-167468.8334993377,301293474.27381295,697761.2608604357,141039154.3299974,2149356.47450744,47733982.04560425,253904.1598170439
2024-02-28,488694949.3100939,-167468.8334993377,299689206.8289898,697761.2608604357,141352902.78448614,2149356.47450744,47820308.53011725,253904.1598170439
2024-02-29,491572520.39829963,-172110.6208566451,295046778.61149377,681115.6128080509,147523389.30574688,2239455.652009683,49174463.101915635,259756.29251537836
2024-03-01,497563519.753243,-172110.6208566451,299489245.4459599,681115.6128080509,148141993.8233911,2239455.652009683,50104391.104748674,259756.29251537836
2024-03-04,496957143.5362068,-172110.6208566451,298420637.24117297,681115.6128080509,147793787.44683504,2239455.652009683,50914829.46905539,259756.29251537836
2024-03-05,492705947.56807745,-172110.6208566451,293064085.3179358,681115.6128080509,148592628.91572016,2239455.652009683,51221343.95527809,259756.29251537836
2024-03-06,495234656.6868526,-172110.6208566451,294905641.6787861,681115.6128080509,148858977.74811137,2239455.652009683,51642147.88081173,259756.29251537836
2024-03-07,500250075.89293844,-172110.6208566451,299381740.2595145,681115.6128080509,149104772.49458516,2239455.652009683,51935673.75969539,259756.29251537836
2024-03-08,496510893.0991381,-172110.6208566451,295060185.58080107,681115.6128080509,149248155.61097664,2239455.652009683,52374662.52821701,259756.29251537836
2024-03-11,495450073.3135478,-172110.6208566451,293964680.29340374,681115.6128080509,149186732.55289423,2239455.652009683,52470771.08810643,259756.29251537836
2024-03-12,498639335.43429685,-172110.6208566451,298178708.9996729,681115.6128080509,148736029.11780235,2239455.652009683,51896707.937678196,259756.29251537836
2024-03-13,496465379.2058986,-172110.6208566451,295886886.330087,681115.6128080509,148490234.3713286,2239455.652009683,52260369.125339605,259756.29251537836
2024-03-14,494620428.80017257,-172110.6208566451,295140897.6146308,681115.6128080509,147609467.01551574,2239455.652009683,52042174.79088264,259756.29251537836
2024-03-15,490863867.44508326,-172110.6208566451,291632574.3578992,681115.6128080509,147527472.78582525,2239455.652009683,51875930.92221546,259756.29251537836
2024-03-18,493544062.26860493,-172110.6208566451,294413969.6601898,681115.6128080509,147343152.35450596,2239455.652009683,51959050.87476581,259756.29251537836
2024-03-19,494607052.2817805,-172110.6208566451,295147507.5622893,681115.6128080509,147732347.30306193,2239455.652009683,51899308.037285894,259756.29251537836
2024-03-20,498990963.5161791,-172110.6208566451,298646955.19747955,681115.6128080509,147998593.6213089,2239455.652009683,52517525.31824729,259756.29251537836
2024-03-21,500472650.88394374,-172110.6208566451,300060257.62245685,681115.6128080509,148121525.1659272,2239455.652009683,52462978.716416284,259756.29251537836
2024-03-22,500886689.03700554,-172110.6208566451,300403476.0367234,681115.6128080509,148613148.83025616,2239455.652009683,52042174.79088264,259756.29251537836
2024-03-25,499675941.0292197,-172110.6208566451,299313250.3930533,681115.6128080509,148326382.5974732,2239455.652009683,52208418.65954983,259756.29251537836
2024-03-26,498998610.6509265,-172110.6208566451,298344165.55112404,681115.6128080509,148449297.0564008,2239455.652009683,52377258.664258234,259756.29251537836
2024-03-27,500906100.6478752,-172110.6208566451,299360351.4666197,681115.6128080509,148961355.20681223,2239455.652009683,52756504.59529993,259756.29251537836
2024-03-28,500850455.07742816,-172110.6208566451,298808483.1951336,681115.6128080509,148777017.68980226,2239455.652009683,53437064.81334896,259756.29251537836
2024-04-01,501013701.2129154,-172110.6208566451,299441146.6444452,681115.6128080509,147762110.57626903,2239455.652009683,53982554.61305784,259756.29251537836
2024-04-02,499062563.6085199,-172110.6208566451,296856906.54196787,681115.6128080509,147597763.31738323,2239455.652009683,54780004.370025486,259756.29251537836
2024-04-03,500312066.345192,-172110.6208566451,297523139.3795449,681115.6128080509,147700482.4898982,2239455.652009683,55260555.09660553,259756.29251537836
2024-04-04,495753955.34214824,-172110.6208566451,292973790.9386011,681115.6128080509,148008622.9217524,2239455.652009683,54943652.10265144,259756.29251537836
2024-04-05,499407075.3931204,-172110.6208566451,296426199.8582217,681115.6128080509,147269017.54253948,2239455.652009683,55883968.61321584,259756.29251537836
2024-04-08,499719307.9275019,-172110.6208566451,296513667.3417024,681115.6128080509,147145710.1127257,2239455.652009683,56232041.09393048,259756.29251537836
2024-04-09,501659559.2766536,-172110.6208566451,297610606.86302567,681115.6128080509,147679911.31829008,2239455.652009683,56541151.71619443,259756.29251537836
2024-04-10,496801002.643787,-172110.6208566451,295012939.00524217,681115.6128080509,145954119.87161806,2239455.652009683,56006054.38778339,259756.29251537836
2024-04-11,502600196.2241983,-172110.6208566451,299723753.0858434,681115.6128080509,145954119.87161806,2239455.652009683,57094433.887593456,259756.29251537836
2024-04-12,497394934.7917509,-172110.6208566451,294945654.72671866,681115.6128080509,146282848.5607711,2239455.652009683,56338542.12511776,259756.29251537836
2024-04-15,492631733.0643539,-172110.6208566451,290093475.06742156,681115.6128080509,145317216.5792294,2239455.652009683,57393152.038559556,259756.29251537836
2024-04-16,492358911.50906336,-172110.6208566451,290120372.15003186,681115.6128080509,144947362.63255084,2239455.652009683,57463287.34733732,259756.29251537836
2024-04-17,489094247.88803375,-172110.6208566451,286580495.74693054,681115.6128080509,145645979.43976384,2239455.652009683,57039883.322195984,259756.29251537836
2024-04-18,487263377.26700765,-172110.6208566451,284945198.8534232,681115.6128080509,145255588.49285856,2239455.652009683,57234700.54158252,259756.29251537836
2024-04-19,481732189.7727256,-172110.6208566451,279049894.62402236,681115.6128080509,145440472.7519711,2239455.652009683,57413933.01758876,259756.29251537836
2024-04-22,483181851.35087186,-172110.6208566451,281856212.33902526,681115.6128080509,145502083.75265124,2239455.652009683,55995665.88005202,259756.29251537836
2024-04-23,487517386.7128181,-172110.6208566451,286062321.57970357,681115.6128080509,145769184.35543343,2239455.652009683,55857991.39853771,259756.29251537836
2024-04-24,488012809.50555915,-172110.6208566451,287031447.99363065,681115.6128080509,145399381.66582698,2239455.652009683,55754090.46695815,259756.29251537836
2024-04-25,486548022.61108303,-172110.6208566451,285645084.2232615,681115.6128080509,144988470.80438566,2239455.652009683,56086578.20429252,259756.29251537836
2024-04-26,491466579.8602221,-172110.6208566451,290053067.08550936,681115.6128080509,145317216.5792294,2239455.652009683,56268406.816339985,259756.29251537836
2024-04-29,492961434.84678,-172110.6208566451,291230801.784658,681115.6128080509,145748630.26951602,2239455.652009683,56154113.41346259,259756.29251537836
2024-04-30,485625662.40602875,-170028.49181418543,291477414.53870577,694793.4652637753,145738707.26935288,2247858.561167823,48579569.089784294,229289.5181449097
2024-05-01,484483760.55077755,-170028.49181418543,289369858.8115688,694793.4652637753,146264125.68624207,2247858.561167823,49019804.54478087,229289.5181449097
2024-05-02,488604863.2105733,-170028.49181418543,293063175.4542376,694793.4652637753,146843240.12634763,2247858.561167823,48868476.12180233,229289.5181449097
2024-05-03,495200757.26499325,-170028.49181418543,298953335.3997949,694793.4652637753,147587953.03345326,2247858.561167823,48829497.323559344,229289.5181449097
2024-05-06,499133687.3218892,-170028.49181418543,302227863.4153755,694793.4652637753,147732748.79327947,2247858.561167823,49343103.60504849,229289.5181449097
2024-05-07,499244288.9867057,-170028.49181418543,302275867.94434756,694793.4652637753,148022340.31293187,2247858.561167823,49116109.221240476,229289.5181449097
2024-05-08,498569765.1940986,-170028.49181418543,302097420.01332766,694793.4652637753,147670717.96735367,2247858.561167823,48971655.70523146,229289.5181449097
2024-05-09,500394493.8156707,-170028.49181418543,302756422.11600095,694793.4652637753,148063739.9296819,2247858.561167823,49744360.261802085,229289.5181449097
2024-05-10,501098323.54066205,-170028.49181418543,303470404.6708052,694793.4652637753,147650035.3087785,2247858.561167823,50147912.05289257,229289.5181449097
2024-05-13,501360930.36232454,-170028.49181418543,304170626.21001637,694793.4652637753,147774182.70962912,2247858.561167823,49586149.934493236,229289.5181449097
2024-05-14,504171420.4866702,-170028.49181418543,306127128.8168366,694793.4652637753,148208569.98910773,2247858.561167823,50005750.17254007,229289.5181449097
2024-05-15,510549749.9154799,-170028.49181418543,310911976.0014461,694793.4652637753,149160040.8827661,2247858.561167823,50647761.52308189,229289.5181449097
2024-05-16,509472748.4988698,-170028.49181418543,310280389.91288984,694793.4652637753,148911814.6802641,2247858.561167823,50450572.39753005,229289.5181449097
2024-05-17,509781737.7018712,-170028.49181418543,310129379.1994008,694793.4652637753,148539492.5263109,2247858.561167823,51282894.46797379,229289.5181449097
2024-05-20,512005752.4745159,-170028.49181418543,312291830.56501335,694793.4652637753,148394696.7664847,2247858.561167823,51489253.634832054,229289.5181449097
2024-05-21,512851337.06220144,-170028.49181418543,312902806.9353007,694793.4652637753,148704970.9447123,2247858.561167823,51413587.67400259,229289.5181449097
2024-05-22,511658671.0816246,-170028.49181418543,312840956.57708,694793.4652637753,148518827.0175355,2247858.561167823,50468915.9788233,229289.5181449097
2024-05-23,508810402.13376725,-170028.49181418543,311433707.20280963,694793.4652637753,148084388.28865746,2247858.561167823,49462335.134114355,229289.5181449097
2024-05-24,511966785.92371947,-170028.49181418543,314378755.3704675,694793.4652637753,148249866.70705888,2247858.561167823,49508192.33800726,229289.5181449097
2024-05-28,512971636.68212306,-170028.49181418543,315566379.78400785,694793.4652637753,147546604.8661027,2247858.561167823,50028680.52382671,229289.5181449097
2024-05-29,509744067.90142375,-170028.49181418543,313342120.46700233,694793.4652637753,147008752.84434864,2247858.561167823,49563223.08188697,229289.5181449097
2024-05-30,507122435.42614764,-170028.49181418543,309985195.9851737,694793.4652637753,147650035.3087785,2247858.561167823,49657232.624009684,229289.5181449097
2024-05-31,506615067.4349115,-177377.3556767059,304075466.87435293,682817.6993123126,152037733.43717647,2306257.0526892142,50679244.47905883,235388.963124518
2024-06-03,509548993.90723026,-177377.3556767059,305708119.6679661,682817.6993123126,152887060.73769304,2306257.0526892142,51131190.857247844,235388.963124518
2024-06-04,510501294.88649154,-177377.3556767059,306544658.8689822,682817.6993123126,153461830.2756809,2306257.0526892142,50672183.09750513,235388.963124518
2024-06-05,517707218.2202481,-177377.3556767059,312724567.47143126,682817.6993123126,153887602.43267074,2306257.0526892142,51272425.671822764,235388.963124518
2024-06-06,517999526.475368,-177377.3556767059,312616647.76730716,682817.6993123126,153908857.60936487,2306257.0526892142,51651398.45437273,235388.963124518
2024-06-07,514645165.8514905,-177377.3556767059,312340044.9187759,682817.6993123126,152674192.25454307,2306257.0526892142,49808306.03384821,235388.963124518
2024-06-10,516129267.7194951,-177377.3556767059,313601636.4705785,682817.6993123126,152440050.99935403,2306257.0526892142,50264957.60523934,235388.963124518
2024-06-11,519042348.1031637,-177377.3556767059,315753779.17031527,682817.6993123126,153057401.27210987,2306257.0526892142,50408545.01641532,235388.963124518
2024-06-12,524014630.90858847,-177377.3556767059,319889464.7771517,682817.6993123126,153759825.03767693,2306257.0526892142,50542718.449436545,235388.963124518
2024-06-13,526017798.63103336,-177377.3556767059,321623306.6194668,682817.6993123126,154441081.60327464,2306257.0526892142,50130787.76396864,235388.963124518
2024-06-14,528567990.4437607,-177377.3556767059,323289737.71784645,682817.6993123126,154675170.07242882,2306257.0526892142,50780460.00916211,235388.963124518
2024-06-17,531689869.3335904,-177377.3556767059,327249967.84896845,682817.6993123126,154100453.3204758,2306257.0526892142,50516825.519822836,235388.963124518
2024-06-18,532525734.623504,-177377.3556767059,327351156.8976702,682817.6993123126,154632694.90973052,2306257.0526892142,50719260.17177994,235388.963124518
2024-06-20,530337700.8573531,-177377.3556767059,324827973.7940652,682817.6993123126,154334647.36169964,2306257.0526892142,51352457.05726497,235388.963124518
2024-06-21,528714260.26489294,-177377.3556767059,323957656.28828275,682817.6993123126,154377140.1197429,2306257.0526892142,50556841.212543935,235388.963124518
2024-06-24,525311407.4597099,-177377.3556767059,320269507.17217296,682817.6993123126,154462354.37531367,2306257.0526892142,50756923.26789998,235388.963124518
2024-06-25,528807139.3523446,-177377.3556767059,323931963.1052001,682817.6993123126,154547498.2495047,2306257.0526892142,50505055.353316486,235388.963124518
2024-06-26,528286267.00222033,-177377.3556767059,324600944.4107031,682817.6993123126,153823713.73517385,2306257.0526892142,50038986.2120201,235388.963124518
2024-06-27,529968188.51795,-177377.3556767059,325438838.0779806,682817.6993123126,154100453.3204758,2306257.0526892142,50606274.47517032,235388.963124518
2024-06-28,527559812.3903417,-177377.3556767059,323749506.08081114,682817.6993123126,153376703.99683484,2306257.0526892142,50610979.66837243,235388.963124518
2024-07-01,528781133.57361126,-177377.3556767059,325648321.9137712,682817.6993123126,152567388.51072422,2306257.0526892142,50742800.5047926,235388.963124518
2024-07-02,532646465.4102393,-177377.3556767059,329067557.3821263,682817.6993123126,153015841.06734875,2306257.0526892142,50740444.31644101,235388.963124518
2024-07-03,536837362.24436015,-177377.3556767059,331811018.3757286,682817.6993123126,153891279.85976437,2306257.0526892142,51312441.36454388,235388.963124518
2024-07-05,541693784.7438523,-177377.3556767059,335270741.96632993,682817.6993123126,154595938.2341395,2306257.0526892142,52004481.899059504,235388.963124518
2024-07-08,541846164.3148152,-177377.3556767059,336068084.99753374,682817.6993123126,154595938.2341395,2306257.0526892142,51359518.43881866,235388.963124518
2024-07-09,542159756.7008601,-177377.3556767059,336358649.2675292,682817.6993123126,154531873.58319312,2306257.0526892142,51446611.20581456,235388.963124518
2024-07-10,545983226.85424,-177377.3556767059,339865695.8255114,682817.6993123126,154659985.2897409,2306257.0526892142,51634923.0946643,235388.963124518
2024-07-11,540214297.5348057,-177377.3556767059,332412380.55787134,682817.6993123126,155428708.3150624,2306257.0526892142,52550586.01754864,235388.963124518
2024-07-12,542539926.1431537,-177377.3556767059,334365250.0136347,682817.6993123126,155834421.77881444,2306257.0526892142,52517631.70638124,235388.963124518
2024-07-15,543116983.9992716,-177377.3556767059,335263948.7970802,682817.6993123126,155343300.51069722,2306257.0526892142,52687112.04717093,235388.963124518
2024-07-16,544893109.9862586,-177377.3556767059,335392352.1986659,682817.6993123126,155941190.3319434,2306257.0526892142,53736944.811325975,235388.963124518
2024-07-17,534947663.8402593,-177377.3556767059,325546945.32358706,682817.6993123126,156090662.78725493,2306257.0526892142,53487433.085094064,235388.963124518
2024-07-18,532659980.57818246,-177377.3556767059,324006271.2080977,682817.6993123126,155684966.91884786,2306257.0526892142,53146119.80691363,235388.963124518
2024-07-19,528429065.59008807,-177377.3556767059,321134448.48879457,682817.6993123126,155279200.66906098,2306257.0526892142,52192793.78790922,235388.963124518
2024-07-22,533165680.7008234,-177377.3556767059,325918631.70367235,682817.6993123126,155215153.61345956,2306257.0526892142,52209272.7393682,235388.963124518
2024-07-23,532221887.21763444,-177377.3556767059,324769856.77247757,682817.6993123126,155236531.95756826,2306257.0526892142,52392875.84326528,235388.963124518
2024-07-24,519940325.1652155,-177377.3556767059,313120279.99920046,682817.6993123126,154788149.7823235,2306257.0526892142,52209272.7393682,235388.963124518
2024-07-25,516012104.1868851,-177377.3556767059,309667245.3881365,682817.6993123126,155129763.4044393,2306257.0526892142,51392472.749986075,235388.963124518
2024-07-26,520348723.4182297,-177377.3556767059,312843218.7159346,682817.6993123126,155749013.97444925,2306257.0526892142,51933868.08352257,235388.963124518
2024-07-29,521096339.6033222,-177377.3556767059,313471628.54742146,682817.6993123126,155941190.3319434,2306257.0526892142,51860898.07963406,235388.963124518
2024-07-30,517501960.53421164,-177377.3556767059,309167218.1202929,682817.6993123126,156133366.68943754,2306257.0526892142,52378753.08015788,235388.963124518
2024-07-31,528269130.8293632,-184958.9314162132,317072453.85646766,680148.8580165547,158536226.92823383,2329009.24097575,52845408.976077944,233261.5681492833
2024-08-01,520999912.9694024,-184958.9314162132,309392550.36934227,680148.8580165547,159128856.2938117,2329009.24097575,52663465.23766462,233261.5681492833
2024-08-02,515373115.14910656,-184958.9314162132,302049130.43743247,680148.8580165547,160945782.73056015,2329009.24097575,52563160.91253013,233261.5681492833
2024-08-05,505548607.112341,-184958.9314162132,293043177.45252734,680148.8580165547,160794355.90597826,2329009.24097575,51896032.6852516,233261.5681492833
2024-08-06,506938484.83589536,-184958.9314162132,295843249.50743735,680148.8580165547,159799366.8811852,2329009.24097575,51480827.37868901,233261.5681492833
2024-08-07,503310245.5766435,-184958.9314162132,292639297.5550882,680148.8580165547,159410067.38578925,2329009.24097575,51445839.56718224,233261.5681492833
2024-08-08,512831513.2661445,-184958.9314162132,301591408.1895998,680148.8580165547,159172141.40818408,2329009.24097575,52252922.599776894,233261.5681492833
2024-08-09,515097164.8460217,-184958.9314162132,303166431.85583377,680148.8580165547,159734474.74748737,2329009.24097575,52381217.1741168,233261.5681492833
2024-08-12,516929368.5034011,-184958.9314162132,303819348.19121486,680148.8580165547,160015703.60839528,2329009.24097575,53279275.63520717,233261.5681492833
2024-08-13,524991955.0164015,-184958.9314162132,311357941.4541772,680148.8580165547,160621339.8310013,2329009.24097575,53197632.66263929,233261.5681492833
2024-08-14,524961883.83361757,-184958.9314162132,311458901.05028903,680148.8580165547,160924175.7112347,2329009.24097575,52763766.003510065,233261.5681492833
2024-08-15,532325386.7397773,-184958.9314162132,319327315.0332795,680148.8580165547,160253647.35493082,2329009.24097575,52929383.28298324,233261.5681492833
2024-08-16,534266969.34109724,-184958.9314162132,319737878.522402,680148.8580165547,160599697.27381513,2329009.24097575,54114352.4762963,233261.5681492833
2024-08-19,538573085.1425081,-184958.9314162132,323937976.22651905,680148.8580165547,160794355.90597826,2329009.24097575,54025711.941427074,233261.5681492833
2024-08-20,538567414.8567749,-184958.9314162132,323258180.228933,680148.8580165547,161270207.86118862,2329009.24097575,54223985.69806958,233261.5681492833
2024-08-21,540348840.2932284,-184958.9314162132,324765869.8224312,680148.8580165547,161616257.78007293,2329009.24097575,54151671.6221405,233261.5681492833
2024-08-22,533902402.922224,-184958.9314162132,319616785.12525636,680148.8580165547,160967371.98095524,2329009.24097575,53503204.74742861,233261.5681492833
2024-08-23,538700741.0017886,-184958.9314162132,323083182.2119061,680148.8580165547,161681167.68270114,2329009.24097575,54121350.03859764,233261.5681492833
2024-08-26,535563721.31724936,-184958.9314162132,319946585.0887886,680148.8580165547,161508133.83879378,2329009.24097575,54293961.32108312,233261.5681492833
2024-08-27,536666430.8548807,-184958.9314162132,320902338.69951344,680148.8580165547,161508133.83879378,2329009.24097575,54440917.24798967,233261.5681492833
2024-08-28,532534291.90481013,-184958.9314162132,317260943.59583676,680148.8580165547,161399938.8217932,2329009.24097575,54058368.4185964,233261.5681492833
2024-08-29,532111870.27004474,-184958.9314162132,316796516.9998248,680148.8580165547,161162030.6131184,2329009.24097575,54338281.58851773,233261.5681492833
2024-08-30,535176231.0617195,-184958.9314162132,320572517.9794853,680148.8580165547,160837605.4824899,2329009.24097575,53951066.53116055,233261.5681492833
2024-09-03,525895667.12432003,-184958.9314162132,310839672.5077717,680148.8580165547,161523148.58495334,2329009.24097575,53717804.963011265,233261.5681492833
2024-09-04,525836530.3054272,-184958.9314162132,310031933.46938926,680148.8580165547,162239094.32727355,2329009.24097575,53750461.4401806,233261.5681492833
2024-09-05,526964423.8423115,-184958.9314162132,310321382.80487025,680148.8580165547,162629673.1856559,2329009.24097575,54198326.78320159,233261.5681492833
2024-09-06,518445814.158736,-184958.9314162132,302008738.29638934,680148.8580165547,162824918.19252113,2329009.24097575,53797116.60124171,233261.5681492833
2024-09-09,522772763.9977962,-184958.9314162132,305892465.4898287,680148.8580165547,163041876.83229402,2329009.24097575,54023380.60708963,233261.5681492833
2024-09-10,526380054.32009786,-184958.9314162132,308719417.20694363,680148.8580165547,163584291.20065665,2329009.24097575,54261304.84391378,233261.5681492833
2024-09-11,532910942.7728865,-184958.9314162132,315423412.52581453,680148.8580165547,163497489.9758171,2329009.24097575,54174999.20267104,233261.5681492833
2024-09-12,536785306.2372367,-184958.9314162132,318519617.5078889,680148.8580165547,163323940.83292916,2329009.24097575,55126706.82783481,233261.5681492833
2024-09-13,539107516.8845593,-184958.9314162132,319946585.0887886,680148.8580165547,163671021.34977472,2329009.24097575,55674869.377412185,233261.5681492833
2024-09-16,538123271.8928113,-184958.9314162132,318533067.7172393,680148.8580165547,164104956.39825088,2329009.24097575,55670206.70873732,233261.5681492833
2024-09-17,537766696.9559047,-184958.9314162132,318701340.62959105,680148.8580165547,163888015.52740836,2329009.24097575,55362299.73032153,233261.5681492833
2024-09-18,535461014.16540956,-184958.9314162132,317321531.8074015,680148.8580165547,163389010.65593067,2329009.24097575,54935430.633493654,233261.5681492833
2024-09-19,544337947.5320652,-184958.9314162132,325344726.98040134,680148.8580165547,163389010.65593067,2329009.24097575,55789168.8271494,233261.5681492833
2024-09-20,544406158.0548766,-184958.9314162132,324725498.437884,680148.8580165547,163367332.56088376,2329009.24097575,56498285.9875251,233261.5681492833
2024-09-23,545268006.2196227,-184958.9314162132,325586249.5668235,680148.8580165547,163258799.9342062,2329009.24097575,56607915.65000932,233261.5681492833
2024-09-24,547824486.3654954,-184958.9314162132,327156706.803957,680148.8580165547,163454062.71000183,2329009.24097575,57398675.78295289,233261.5681492833
2024-09-25,547441079.2739375,-184958.9314162132,327460042.2352025,680148.8580165547,162846631.82542878,2329009.24097575,57319364.14472244,233261.5681492833
2024-09-26,550192902.9379768,-184958.9314162132,329920288.9390552,680148.8580165547,162846631.82542878,2329009.24097575,57610941.10490904,233261.5681492833
2024-09-27,548379662.2507625,-184958.9314162132,328086929.9247111,680148.8580165547,163323940.83292916,2329009.24097575,57153750.42453832,233261.5681492833
2024-09-30,548251395.5665965,-191955.17275877437,329066010.4436132,680333.5502645862,164533005.2218066,2351561.546509872,54844335.07393554,225641.14056124922
2024-10-01,544727618.5073049,-191955.17275877437,324481274.8712094,680333.5502645862,165018578.13788545,2351561.546509872,55419720.67096885,225641.14056124922
2024-10-02,544889790.3114251,-191955.17275877437,324939744.2760233,680333.5502645862,164710997.79156154,2351561.546509872,55431003.41659901,225641.14056124922
2024-10-03,543883675.9642663,-191955.17275877437,324697055.7119046,680333.5502645862,163985930.58925557,2351561.546509872,55392644.83586488,225641.14056124922
2024-10-04,546559848.7707422,-191955.17275877437,328560307.1878821,680333.5502645862,162909417.31811276,2351561.546509872,55282079.43750606,225641.14056124922
2024-10-07,542369828.9363948,-191955.17275877437,325040918.1465812,680333.5502645862,162426069.08489344,2351561.546509872,55094796.87767895,225641.14056124922
2024-10-08,547059691.962975,-191955.17275877437,329895270.7686595,680333.5502645862,162667734.2310077,2351561.546509872,54688642.13606659,225641.14056124922
2024-10-09,548918219.467129,-191955.17275877437,332491035.59374124,680333.5502645862,162228341.42525533,2351561.546509872,54390797.620891236,225641.14056124922
2024-10-10,548874107.0911293,-191955.17275877437,332113434.6941239,680333.5502645862,162162444.1660365,2351561.546509872,54790183.403727606,225641.14056124922
2024-10-11,550013174.4477392,-191955.17275877437,332632612.57369894,680333.5502645862,162184385.99778837,2351561.546509872,55388131.049010694,225641.14056124922
2024-10-14,552604327.7445811,-191955.17275877437,335423873.6362469,680333.5502645862,162074533.31110257,2351561.546509872,55297875.96999042,225641.14056124922
2024-10-15,548949718.1149195,-191955.17275877437,330940332.69653326,680333.5502645862,162711671.71748385,2351561.546509872,55489668.87366114,225641.14056124922
2024-10-16,549487423.7017937,-191955.17275877437,330980777.3301977,680333.5502645862,162931395.03184623,2351561.546509872,55767206.51250853,225641.14056124922
2024-10-17,549259696.3115051,-191955.17275877437,331209991.27047235,680333.5502645862,162140502.33428463,2351561.546509872,56101157.879506774,225641.14056124922
2024-10-18,552114220.2367811,-191955.17275877437,333380983.63141644,680333.5502645862,162228341.42525533,2351561.546509872,56696850.35286804,225641.14056124922
2024-10-21,551644958.286843,-191955.17275877437,334021495.4119848,680333.5502645862,161129850.44037902,2351561.546509872,56685567.607237875,225641.14056124922
2024-10-22,552686405.0982733,-191955.17275877437,334385559.4013613,680333.5502645862,161195747.69959787,2351561.546509872,57297053.17007294,225641.14056124922
2024-10-23,546476394.195215,-191955.17275877437,329261465.1568148,680333.5502645862,160800292.38032165,2351561.546509872,56606591.83083721,225641.14056124922
2024-10-24,549845402.4064351,-191955.17275877437,331931413.0805018,680333.5502645862,161063863.47620618,2351561.546509872,57042081.02248592,225641.14056124922
2024-10-25,551655876.6312094,-191955.17275877437,333954039.24423546,680333.5502645862,160734377.180112,2351561.546509872,57159415.37962072,225641.14056124922
2024-10-28,551514367.7464076,-191955.17275877437,334008020.7881408,680333.5502645862,160536631.57948312,2351561.546509872,57161670.551542535,225641.14056124922
2024-10-29,555478252.2889897,-191955.17275877437,337217306.6218382,680333.5502645862,160668461.9799024,2351561.546509872,57784438.86000778,225641.14056124922
2024-10-30,553094065.2140446,-191955.17275877437,334668754.88554126,680333.5502645862,160514671.80674043,2351561.546509872,58102593.69452167,225641.14056124922
2024-10-31,543533493.3750433,-190303.32884636137,326234278.02233374,680361.6391590734,163117139.01116687,2390015.817240758,54372379.67038897,214478.2487813229
2024-11-01,545092579.3131658,-190303.32884636137,328648058.6009103,680361.6391590734,162485500.3094669,2390015.817240758,54149323.73163486,214478.2487813229
2024-11-04,544861929.2052419,-190303.32884636137,327690614.8671901,680361.6391590734,163135081.63479483,2390015.817240758,54226536.03210327,214478.2487813229
2024-11-05,549567695.0606316,-190303.32884636137,331870931.353399,680361.6391590734,163538280.10396314,2390015.817240758,54348786.93211589,214478.2487813229
2024-11-06,555586897.5994934,-190303.32884636137,340885598.49431986,680361.6391590734,162194297.36298454,2390015.817240758,52697305.07103537,214478.2487813229
2024-11-07,563010704.0562593,-190303.32884636137,346252602.8810566,680361.6391590734,163403911.00486305,2390015.817240758,53544493.49918593,214478.2487813229
2024-11-08,563366425.9923055,-190303.32884636137,346657232.01997054,680361.6391590734,163717469.29338595,2390015.817240758,53182028.007795304,214478.2487813229
2024-11-11,561602267.3925432,-190303.32884636137,346454896.6875241,680361.6391590734,163403911.00486305,2390015.817240758,51933763.0290024,214478.2487813229
2024-11-12,559541341.2307266,-190303.32884636137,345827833.6423507,680361.6391590734,162418306.64273006,2390015.817240758,51485504.274492234,214478.2487813229
2024-11-13,558510157.2015675,-190303.32884636137,345382862.0148843,680361.6391590734,162351131.21036682,2390015.817240758,50966467.30516284,214478.2487813229
2024-11-14,555931995.741436,-190303.32884636137,342982535.8534883,680361.6391590734,162306274.65129688,2390015.817240758,50833488.56549714,214478.2487813229
2024-11-15,547714936.7196293,-190303.32884636137,334810700.7443785,680361.6391590734,162351131.21036682,2390015.817240758,50743408.09373039,214478.2487813229
2024-11-18,551162971.5146568,-190303.32884636137,337136840.7443757,680361.6391590734,162507873.88588104,2390015.817240758,51708560.21324634,214478.2487813229
2024-11-19,554236913.2298614,-190303.32884636137,339456232.7727931,680361.6391590734,162799149.76985782,2390015.817240758,52171834.0160568,214478.2487813229
2024-11-20,554155978.4189929,-190303.32884636137,339260707.7008949,680361.6391590734,162619905.8773142,2390015.817240758,52465668.16963013,214478.2487813229
2024-11-21,555724316.63413,-190303.32884636137,340481093.93334275,680361.6391590734,162530320.3997896,2390015.817240758,52903205.629843906,214478.2487813229
2024-11-22,557019662.767543,-190303.32884636137,341027243.6085271,680361.6391590734,162597477.59777924,2390015.817240758,53585244.89008292,214478.2487813229
2024-11-25,557481279.4915917,-190303.32884636137,341566603.7861527,680361.6391590734,164098294.1861401,2390015.817240758,52006684.84814523,214478.2487813229
2024-11-26,559124816.683939,-190303.32884636137,343400557.12061447,680361.6391590734,163807073.00528416,2390015.817240758,52107489.88688673,214478.2487813229
2024-11-27,556984880.6064957,-190303.32884636137,340696800.63101196,680361.6391590734,164255073.33040154,2390015.817240758,52223309.973928526,214478.2487813229
2024-11-29,561033732.5463682,-190303.32884636137,343690470.7426719,680361.6391590734,164859852.7997804,2390015.817240758,52673712.33276229,214478.2487813229
2024-12-02,564411249.459124,-190303.32884636137,347432563.5729942,680361.6391590734,164956403.80802235,2390015.817240758,52212585.40695379,214478.2487813229
2024-12-03,565199769.2127548,-190303.32884636137,348497891.80003315,680361.6391590734,164574503.08722547,2390015.817240758,52317677.65434249,214478.2487813229
2024-12-04,570228561.0734804,-190303.32884636137,352806295.16832125,680361.6391590734,165136176.49740052,2390015.817240758,52476392.73660488,214478.2487813229
2024-12-05,568885211.0613635,-190303.32884636137,351828649.0458406,680361.6391590734,165158677.71442991,2390015.817240758,52088187.62993922,214478.2487813229
2024-12-06,572502515.6380337,-190303.32884636137,354977356.39992005,680361.6391590734,165607972.68007332,2390015.817240758,52107489.88688673,214478.2487813229
2024-12-09,569760805.1791903,-190303.32884636137,352213013.5070257,680361.6391590734,165113711.74911836,2390015.817240758,52624383.25189253,214478.2487813229
2024-12-10,569073625.6504803,-190303.32884636137,351012788.1373593,680361.6391590734,164933993.762861,2390015.817240758,53317147.079106264,214478.2487813229
2024-12-11,575506493.9928138,-190303.32884636137,357296831.48029536,680361.6391590734,164574503.08722547,2390015.817240758,53825462.754139274,214478.2487813229
2024-12-12,571759687.6178443,-190303.32884636137,354990893.8690586,680361.6391590734,163922915.9808009,2390015.817240758,53036181.09683126,214478.2487813229
2024-12-13,573184134.739656,-190303.32884636137,357708146.30182064,680361.6391590734,163271401.81187075,2390015.817240758,52394889.954810895,214478.2487813229
2024-12-16,578641630.2514131,-190303.32884636137,362859360.93893033,680361.6391590734,163451138.0325017,2390015.817240758,52521434.60882743,214478.2487813229
2024-12-17,576864500.4345328,-190303.32884636137,361261358.21687716,680361.6391590734,163473621.0151575,2390015.817240758,52319824.53134445,214478.2487813229
2024-12-18,561546889.8824826,-190303.32884636137,348228180.56673616,680361.6391590734,162192948.0193377,2390015.817240758,51316064.625255115,214478.2487813229
2024-12-19,559619693.3273132,-190303.32884636137,346677372.11976254,680361.6391590734,161743634.8193207,2390015.817240758,51388989.71707631,214478.2487813229
2024-12-20,563677617.0815171,-190303.32884636137,349704802.85231096,680361.6391590734,162237932.21902287,2390015.817240758,51925185.33902961,214478.2487813229
2024-12-23,566323330.56962,-190303.32884636137,353111801.79547536,680361.6391590734,161721151.83666494,2390015.817240758,51680680.26632605,214478.2487813229
2024-12-24,571446592.2605597,-190303.32884636137,357899954.79860264,680361.6391590734,161953311.88141218,2390015.817240758,51783628.90939114,214478.2487813229
2024-12-26,571665764.9098195,-190303.32884636137,357656820.1918353,680361.6391590734,162066018.54466873,2390015.817240758,52133229.50216177,214478.2487813229
2024-12-27,566215154.034347,-190303.32884636137,352902510.8615544,680361.6391590734,161727898.55489904,2390015.817240758,51775047.94674002,214478.2487813229
2024-12-30,561987537.9293007,-190303.32884636137,348208912.51250213,680361.6391590734,162359026.69413805,2390015.817240758,51609902.0515068,214478.2487813229
2024-12-31,558885187.763259,-195678.3031231146,335448519.63982934,661044.6338097327,167724259.81991467,2473114.6857707812,55908086.60663823,230901.10882249786
2025-01-02,559058575.3383945,-195678.3031231146,334792336.8150024,661044.6338097327,167794167.12209043,2473114.6857707812,56667749.704424866,230901.10882249786
2025-01-03,563882000.9839759,-195678.3031231146,340271272.7629095,661044.6338097327,167584294.2686219,2473114.6857707812,56222112.255567685,230901.10882249786
2025-01-06,567560112.7814716,-195678.3031231146,344181942.4514252,661044.6338097327,167421007.41490287,2473114.6857707812,56152841.218266666,230901.10882249786
2025-01-07,561151665.5950698,-195678.3031231146,338040307.6442454,661044.6338097327,166837861.6440408,2473114.6857707812,56469174.60990666,230901.10882249786
2025-01-08,561697551.5871925,-195678.3031231146,338099375.5973641,661044.6338097327,167024507.53692138,2473114.6857707812,56769346.75603018,230901.10882249786
2025-01-10,556075416.9402249,-195678.3031231146,332797623.33533204,661044.6338097327,166161506.1369444,2473114.6857707812,57311965.77107157,230901.10882249786
2025-01-13,554272282.8682225,-195678.3031231146,331728045.5325989,661044.6338097327,165998275.88832834,2473114.6857707812,56741639.750418305,230901.10882249786
2025-01-14,554371743.9609038,-195678.3031231146,331413076.9697427,661044.6338097327,166114844.66372424,2473114.6857707812,57039500.63055994,230901.10882249786
2025-01-15,563752983.8894767,-195678.3031231146,339037664.3840806,661044.6338097327,167444328.7173291,2473114.6857707812,57466669.091190085,230901.10882249786
2025-01-16,562101404.0191247,-195678.3031231146,336662398.3539895,661044.6338097327,167770864.68803185,2473114.6857707812,57863819.280226484,230901.10882249786
2025-01-17,567523233.6705359,-195678.3031231146,342344703.16644233,661044.6338097327,167817488.42451668,2473114.6857707812,57556720.3827,230901.10882249786
2025-01-21,570912241.8523554,-195678.3031231146,344352610.1028544,661044.6338097327,168307311.24893844,2473114.6857707812,58447998.8036857,230901.10882249786
2025-01-22,575265391.397466,-195678.3031231146,348755391.6931388,661044.6338097327,167957510.58091244,2473114.6857707812,58748167.4265379,230901.10882249786
2025-01-23,575667175.925899,-195678.3031231146,349496888.17019904,661044.6338097327,167700919.64912078,2473114.6857707812,58665046.409702264,230901.10882249786
2025-01-24,574383508.3860984,-195678.3031231146,347521864.0082349,661044.6338097327,168027455.61982352,2473114.6857707812,59029867.06116306,230901.10882249786
2025-01-27,564537647.4660535,-195678.3031231146,337403874.65756845,661044.6338097327,168913778.32222673,2473114.6857707812,58415672.789381415,230901.10882249786
2025-01-28,569936759.8191948,-195678.3031231146,342390658.3567444,661044.6338097327,168820436.50741878,2473114.6857707812,58921343.25815477,230901.10882249786
2025-01-29,568974201.8361609,-195678.3031231146,341747648.81517786,661044.6338097327,168727170.16608146,2473114.6857707812,58695061.15802469,230901.10882249786
2025-01-30,571553028.4030269,-195678.3031231146,343204295.20277756,661044.6338097327,168960383.19034392,2473114.6857707812,59584028.31302852,230901.10882249786
2025-01-31,570739019.7985983,-199828.59693843787,342563309.03732204,660770.2336397883,171281654.51866102,2510556.9824721226,57093884.839553684,220814.84134689212
2025-02-03,568456538.3428926,-199828.59693843787,339821701.38884795,660770.2336397883,171436055.1521732,2510556.9824721226,57398610.39880987,220814.84134689212
2025-02-04,573430849.1680721,-199828.59693843787,343993216.79084367,660770.2336397883,171673565.12060773,2510556.9824721226,57963895.85355918,220814.84134689212
2025-02-05,576230680.3495831,-199828.59693843787,345554197.7413459,660770.2336397883,172552486.0820236,2510556.9824721226,58323825.123152085,220814.84134689212
2025-02-06,577689806.6255244,-199828.59693843787,347357885.9224416,660770.2336397883,172362497.26130566,2510556.9824721226,58169252.03871559,220814.84134689212
2025-02-07,572889637.816024,-199828.59693843787,342976532.41463363,660770.2336397883,171839898.71463078,2510556.9824721226,58273035.28369799,220814.84134689212
2025-02-10,578075995.5012375,-199828.59693843787,347128326.3417606,660770.2336397883,171887419.86234742,2510556.9824721226,59260077.89406797,220814.84134689212
2025-02-11,576748104.2447033,-199828.59693843787,346301879.58713734,660770.2336397883,171602369.5921665,2510556.9824721226,59043683.662337884,220814.84134689212
2025-02-12,576134338.9787254,-199828.59693843787,346505264.85863674,660770.2336397883,170723391.16866153,2510556.9824721226,59105511.54836565,220814.84134689212
2025-02-13,582723545.2367972,-199828.59693843787,351490039.03512865,660770.2336397883,171744875.57322726,2510556.9824721226,59688459.22537966,220814.84134689212
2025-02-14,583857925.2671587,-199828.59693843787,352965761.91227186,660770.2336397883,172291205.96271586,2510556.9824721226,58800785.98910947,220814.84134689212
2025-02-18,584990438.8117788,-199828.59693843787,353765873.0368556,660770.2336397883,171649814.12376428,2510556.9824721226,59774580.24809737,220814.84134689212
2025-02-19,585359571.1520886,-199828.59693843787,353864278.7601271,660770.2336397883,171887419.86234742,2510556.9824721226,59807701.12655257,220814.84134689212
2025-02-20,584102241.674388,-199828.59693843787,352362260.5831589,660770.2336397883,172101197.98796824,2510556.9824721226,59838611.70019936,220814.84134689212
2025-02-21,577494106.9999948,-199828.59693843787,345049182.7959334,660770.2336397883,172861344.81113708,2510556.9824721226,59783407.989862636,220814.84134689212
2025-02-24,573983203.168338,-199828.59693843787,340976113.4474237,660770.2336397883,173098912.24166077,2510556.9824721226,60108006.07619194,220814.84134689212
2025-02-25,569987084.3712935,-199828.59693843787,336680058.3431893,660770.2336397883,174191573.02063802,2510556.9824721226,59315281.604404695,220814.84134689212
2025-02-26,571152256.9620789,-199828.59693843787,337493377.6130072,660770.2336397883,174452891.44800517,2510556.9824721226,59405816.49800502,220814.84134689212
2025-02-27,560660437.1520879,-199828.59693843787,328120716.43396544,660770.2336397883,174239075.01432493,2510556.9824721226,58500474.30073593,220814.84134689212
2025-02-28,566013610.3711618,-198174.1245735074,339727070.6974412,673507.4700009731,169863535.3487206,2437210.671234595,56621178.44957355,215068.8677494234
2025-03-03,559716723.0567212,-198174.1245735074,332293001.7945569,673507.4700009731,170254427.7035385,2437210.671234595,57367467.68319929,215068.8677494234
2025-03-04,558727217.9704931,-198174.1245735074,331290222.1788829,673507.4700009731,169768740.88459435,2437210.671234595,57866429.03158937,215068.8677494234
2025-03-05,562564980.9073561,-198174.1245735074,335608928.5104928,673507.4700009731,169167359.4489783,2437210.671234595,57986867.07245858,215068.8677494234
2025-03-06,552899127.5073509,-198174.1245735074,326376544.5113929,673507.4700009731,169028533.3467487,2437210.671234595,57692223.77378283,215068.8677494234
2025-03-07,555144251.7283229,-198174.1245735074,328776552.0415932,673507.4700009731,168843537.2456126,2437210.671234595,57722336.565690614,215068.8677494234
2025-03-10,542683097.5811033,-198174.1245735074,316034377.7261836,673507.4700009731,169629970.56569007,2437210.671234595,57216923.41380327,215068.8677494234
2025-03-11,541950992.8594512,-198174.1245735074,315278922.1884673,673507.4700009731,168982307.56451687,2437210.671234595,57887937.23104052,215068.8677494234
2025-03-12,545412276.0219827,-198174.1245735074,318835513.5457069,673507.4700009731,168635372.47003525,2437210.671234595,58139564.130814,215068.8677494234
2025-03-13,541217411.5451527,-198174.1245735074,313099477.6667076,673507.4700009731,169144209.36897886,2437210.671234595,59171898.63403982,215068.8677494234
2025-03-14,548392567.6024895,-198174.1245735074,320667290.25572765,673507.4700009731,168727898.41226596,2437210.671234595,59195553.05906939,215068.8677494234
2025-03-17,551023440.3220904,-198174.1245735074,322746391.04370606,673507.4700009731,168959213.26784274,2437210.671234595,59516010.13511509,215068.8677494234
2025-03-18,546401135.6525941,-198174.1245735074,317244422.03080684,673507.4700009731,169144209.36897886,2437210.671234595,60210678.377381906,215068.8677494234
2025-03-19,551402465.2117529,-198174.1245735074,321489586.80578643,673507.4700009731,169653046.26792243,2437210.671234595,60458006.26261754,215068.8677494234
2025-03-20,550304775.4676546,-198174.1245735074,320399905.65254027,673507.4700009731,169722459.31903723,2437210.671234595,60380584.62065062,215068.8677494234
2025-03-21,550736187.5006129,-198174.1245735074,321456145.74579835,673507.4700009731,169583689.00013295,2437210.671234595,59894526.87925501,215068.8677494234
2025-03-24,556783484.0490816,-198174.1245735074,328510277.34451485,673507.4700009731,168843537.2456126,2437210.671234595,59627843.58352764,215068.8677494234
2025-03-25,559128728.1447926,-198174.1245735074,330384990.97790074,673507.4700009731,169051683.42674816,2437210.671234595,59890227.86471717,215068.8677494234
2025-03-26,552629847.080784,-198174.1245735074,324305644.69633096,673507.4700009731,168681616.84670883,2437210.671234595,59840759.662317656,215068.8677494234
2025-03-27,551514808.1500988,-198174.1245735074,322457753.7939128,673507.4700009731,168612259.57891935,2437210.671234595,60642968.90184016,215068.8677494234
2025-03-28,544446141.1047498,-198174.1245735074,313968164.1813597,673507.4700009731,169583689.00013295,2437210.671234595,61092462.04783072,215068.8677494234
2025-03-31,545419931.0228839,-190963.81319262678,327366536.9016459,702278.9534840097,163683268.45082295,2348247.7272674926,54561089.48360765,189356.16960448265
2025-04-01,548465178.0991004,-190963.81319262678,330005483.80412376,702278.9534840097,164197503.02812213,2348247.7272674926,54453155.080047086,189356.16960448265
2025-04-02,550851281.2903243,-190963.81319262678,332414038.2886953,702278.9534840097,164063332.28815094,2348247.7272674926,54564874.526670724,189356.16960448265
2025-04-03,533576102.56994426,-190963.81319262678,314618720.81628937,702278.9534840097,164912948.9261072,2348247.7272674926,54235396.64074027,189356.16960448265
2025-04-04,512900985.68644744,-190963.81319262678,295078121.8406481,702278.9534840097,165047119.66607842,2348247.7272674926,52966707.99291356,189356.16960448265
2025-04-07,510485146.7553961,-190963.81319262678,295790195.15087473,702278.9534840097,163057239.8533047,2348247.7272674926,51828675.56440927,189356.16960448265
2025-04-08,504501463.1783727,-190963.81319262678,290463436.7214701,702278.9534840097,162118170.08346483,2348247.7272674926,52110820.18663031,189356.16960448265
2025-04-09,541673795.333346,-190963.81319262678,325328024.78801113,702278.9534840097,162498269.75220954,2348247.7272674926,54038464.60631793,189356.16960448265
2025-04-10,527859875.3654097,-190963.81319262678,311491084.80561626,702278.9534840097,161201477.03337714,2348247.7272674926,55358277.33960884,189356.16960448265
2025-04-11,534476320.7728684,-190963.81319262678,317229742.0145317,702278.9534840097,161022660.3481518,2348247.7272674926,56414882.22337751,189356.16960448265
2025-04-14,537221290.9010036,-190963.81319262678,319379956.94510853,702278.9534840097,161939317.56682277,2348247.7272674926,56092980.202264905,189356.16960448265
2025-04-15,538273296.4962422,-190963.81319262678,319736004.3161483,702278.9534840097,162341776.03961128,2348247.7272674926,56386479.95367517,189356.16960448265
2025-04-16,530914115.2010089,-190963.81319262678,310094821.0256929,702278.9534840097,162788916.28907067,2348247.7272674926,58221341.699437946,189356.16960448265
2025-04-17,530244933.8068382,-190963.81319262678,310039012.4809275,702278.9534840097,162431175.42436978,2348247.7272674926,57965709.714733556,189356.16960448265
2025-04-21,523471367.3441747,-190963.81319262678,302366559.19129735,702278.9534840097,161536859.09403422,2348247.7272674926,59758912.872035675,189356.16960448265
2025-04-22,530851411.4929671,-190963.81319262678,310304274.52338576,702278.9534840097,161827505.63089535,2348247.7272674926,58910595.15187858,189356.16960448265
2025-04-23,536811347.0226436,-190963.81319262678,317341423.39962095,702278.9534840097,162162887.69155246,2348247.7272674926,57497999.74466282,189356.16960448265
2025-04-24,547494085.4333835,-190963.81319262678,326270511.9479969,702278.9534840097,163079580.74164015,2348247.7272674926,58334956.556938976,189356.16960448265
2025-04-25,551035472.5089194,-190963.81319262678,329907754.55522585,702278.9534840097,163616174.12298316,2348247.7272674926,57702507.64390301,189356.16960448265
2025-04-28,552155016.5152838,-190963.81319262678,329803017.09045297,702278.9534840097,164018650.51148003,2348247.7272674926,58524312.726543464,189356.16960448265
2025-04-29,554187981.7081099,-190963.81319262678,331981200.588971,702278.9534840097,164443396.1254789,2348247.7272674926,57954348.80685262,189356.16960448265
2025-04-30,553406897.4228604,-193760.23017844438,332160394.5918233,702746.762551605,166080197.29591164,2373234.3525518626,55360065.76530389,182243.36757247036
2025-05-01,556132779.4075937,-193760.23017844438,336498667.73502016,702746.762551605,165617761.3419003,2373234.3525518626,54210110.56085169,182243.36757247036
2025-05-02,560406428.8947428,-193760.23017844438,341493599.9090572,702746.762551605,164801708.54443392,2373234.3525518626,54304880.671430156,182243.36757247036
2025-05-05,559775775.6582159,-193760.23017844438,339467691.31150967,702746.762551605,164574999.04638472,2373234.3525518626,55926845.5304999,182243.36757247036
2025-05-06,558548194.6739448,-193760.23017844438,336310091.92071617,702746.762551605,164937723.3794587,2373234.3525518626,57494139.603948385,182243.36757247036
2025-05-07,559323858.9913414,-193760.23017844438,337630401.4205247,702746.762551605,165255091.3278499,2373234.3525518626,56632126.473145165,182243.36757247036
2025-05-08,560810434.6718746,-193760.23017844438,341116383.9420613,702746.762551605,164371013.00652993,2373234.3525518626,55516797.95346184,182243.36757247036
2025-05-09,561125690.8933744,-193760.23017844438,340892850.9371152,702746.762551605,164507045.9478959,2373234.3525518626,55919554.23854166,182243.36757247036
2025-05-12,572870524.1051528,-193760.23017844438,354780870.96436375,702746.762551605,163940263.14960238,2373234.3525518626,54343150.221365035,182243.36757247036
2025-05-13,578441126.7527585,-193760.23017844438,360187997.7421679,702746.762551605,163872291.94477236,2373234.3525518626,54574597.295996636,182243.36757247036
2025-05-14,578884942.1864561,-193760.23017844438,362346636.4335091,702746.762551605,163305599.67818478,2373234.3525518626,53426466.30494056,182243.36757247036
2025-05-15,581020111.7543939,-193760.23017844438,362744848.1610194,702746.762551605,164189659.89316353,2373234.3525518626,54279363.93038943,182243.36757247036
2025-05-16,582056226.1421051,-193760.23017844438,364323712.1948039,702746.762551605,164302987.48267636,2373234.3525518626,53623286.69480329,182243.36757247036
2025-05-19,583050863.4447299,-193760.23017844438,364672983.8554153,702746.762551605,164257649.20433474,2373234.3525518626,54313990.6151583,182243.36757247036
2025-05-20,582552071.2821459,-193760.23017844438,363457460.14301604,702746.762551605,163962932.28877318,2373234.3525518626,55325439.080535024,182243.36757247036
2025-05-21,576889282.3734053,-193760.23017844438,358406553.5716933,702746.762551605,162942821.02608722,2373234.3525518626,55733668.005803175,182243.36757247036
2025-05-22,577519481.1922375,-193760.23017844438,359077216.9249194,702746.762551605,163396240.0221856,2373234.3525518626,55239784.475310914,182243.36757247036
2025-05-23,575653653.6781487,-193760.23017844438,355751930.2496901,702746.762551605,163645600.55306438,2373234.3525518626,56449883.10557269,182243.36757247036
2025-05-27,583836767.5400244,-193760.23017844438,364121089.1658553,702746.762551605,164416333.17853034,2373234.3525518626,55493105.42581723,182243.36757247036
2025-05-28,581734491.72031,-193760.23017844438,362507267.9414288,702746.762551605,164053626.95179754,2373234.3525518626,55367357.057262115,182243.36757247036
2025-05-29,583364580.0499858,-193760.23017844438,363219922.81568384,702746.762551605,164643024.57023832,2373234.3525518626,55695392.894242086,182243.36757247036
2025-05-30,582742755.5011756,-193760.23017844438,362647053.81173855,702746.762551605,164960374.4122883,2373234.3525518626,55329087.50732724,182243.36757247036
2025-06-02,586713757.8036342,-193760.23017844438,365511270.1546895,702746.762551605,164596455.06069577,2373234.3525518626,56799792.81842737,182243.36757247036
2025-06-03,588886117.7165514,-193760.23017844438,368368537.9517705,702746.762551605,164414540.65075245,2373234.3525518626,56296799.34420697,182243.36757247036
2025-06-04,591299149.5197314,-193760.23017844438,369395464.4037365,702746.762551605,165437983.4802175,2373234.3525518626,56659461.86595579,182243.36757247036
2025-06-05,587914221.2180864,-193760.23017844438,366615059.53380954,702746.762551605,165119583.47037843,2373234.3525518626,56373338.444076724,182243.36757247036
2025-06-06,589854634.784952,-193760.23017844438,370198793.5123686,702746.762551605,164232571.9217856,2373234.3525518626,55617029.58097622,182243.36757247036
2025-06-09,590912169.0327678,-193760.23017844438,370743739.6560587,702746.762551605,164482729.13167676,2373234.3525518626,55879460.47521067,182243.36757247036
2025-06-10,593699089.228759,-193760.23017844438,373195804.287501,702746.762551605,164801183.46053937,2373234.3525518626,55895861.71089705,182243.36757247036
2025-06-11,593267251.8484961,-193760.23017844438,371938331.9463312,702746.762551605,165324293.76388088,2373234.3525518626,56198386.368462496,182243.36757247036
2025-06-12,595452506.1136098,-193760.23017844438,372811532.543989,702746.762551605,165938352.2190234,2373234.3525518626,56896381.58077573,182243.36757247036
2025-06-13,590926056.7953455,-193760.23017844438,368131043.51669675,702746.762551605,165347017.22207525,2373234.3525518626,57641756.28675199,182243.36757247036
2025-06-16,594906386.8016074,-193760.23017844438,373251692.9002698,702746.762551605,165028617.2122362,2373234.3525518626,56819836.91927976,182243.36757247036
2025-06-17,591819016.0134865,-193760.23017844438,369612070.3089419,702746.762551605,165551709.4092365,2373234.3525518626,56848996.5254865,182243.36757247036
2025-06-18,591540891.8057415,-193760.23017844438,369549147.3657862,702746.762551605,165642675.66737872,2373234.3525518626,56542829.00275504,182243.36757247036
2025-06-20,590121975.5546156,-193760.23017844438,368040197.71328586,702746.762551605,165756401.59639773,2373234.3525518626,56519136.47511043,182243.36757247036
2025-06-23,594488810.7561752,-193760.23017844438,371824538.78464603,702746.762551605,166165767.86437905,2373234.3525518626,56692264.33732855,182243.36757247036
2025-06-24,599783920.6710277,-193760.23017844438,377510465.2424176,702746.762551605,166666118.49684379,2373234.3525518626,55801097.1619448,182243.36757247036
2025-06-25,600964122.8223044,-193760.23017844438,378475626.8422062,702746.762551605,166711674.05127966,2373234.3525518626,55970582.1589969,182243.36757247036
2025-06-26,604918620.3825264,-193760.23017844438,382014495.5184197,702746.762551605,167189265.01286766,2373234.3525518626,55908620.08141741,182243.36757247036
2025-06-27,604826514.640223,-193760.23017844438,383322323.3710174,702746.762551605,166802604.09673953,2373234.3525518626,54895347.402644575,182243.36757247036
2025-06-30,608413726.3456337,-213019.36099732088,365176047.4239786,665170.7969832694,182588023.7119893,2587594.47768896,60862674.57066311,199661.04796659984
2025-07-01,605741752.2280641,-213019.36099732088,362097805.54177225,665170.7969832694,182451213.1824301,2587594.47768896,61405752.86485913,199661.04796659984
2025-07-02,608404361.1250504,-213019.36099732088,364619965.6120719,665170.7969832694,182252235.79030496,2587594.47768896,61745179.083671,199661.04796659984
2025-07-03,611123256.0642058,-213019.36099732088,368207925.4725573,665170.7969832694,181804452.75546196,2587594.47768896,61323897.197183855,199661.04796659984
2025-07-07,607798373.8380479,-213019.36099732088,365434215.2156056,665170.7969832694,181207362.64485326,2587594.47768896,61369815.33858633,199661.04796659984
2025-07-08,607263212.8220633,-213019.36099732088,365639482.76623714,665170.7969832694,181107844.33612195,2587594.47768896,60728905.080701604,199661.04796659984
2025-07-09,610844507.7631192,-213019.36099732088,368227778.2874819,665170.7969832694,181829307.65542084,2587594.47768896,61000441.181213796,199661.04796659984
2025-07-10,610475586.8703265,-213019.36099732088,367698248.0930817,665170.7969832694,181854142.81360057,2587594.47768896,61136215.324641526,199661.04796659984
2025-07-11,609488766.9490364,-213019.36099732088,366870722.6807947,665170.7969832694,181107844.33612195,2587594.47768896,61723219.29311706,199661.04796659984
2025-07-14,610568859.5349764,-213019.36099732088,368201307.86758244,665170.7969832694,181082969.69438392,2587594.47768896,61497601.33400734,199661.04796659984
2025-07-15,610103631.6856399,-213019.36099732088,368538927.5177114,665170.7969832694,180535688.09258875,2587594.47768896,61242035.43633696,199661.04796659984
2025-07-16,611134683.1096125,-213019.36099732088,368916252.79768956,665170.7969832694,180883933.07692128,2587594.47768896,61547516.59599899,199661.04796659984
2025-07-17,614036231.3654892,-213019.36099732088,371901807.6114442,665170.7969832694,180933702.10217652,2587594.47768896,61413741.01286585,199661.04796659984
2025-07-18,614137026.5791266,-213019.36099732088,371544335.1463906,665170.7969832694,181232237.2865913,2587594.47768896,61573473.507142104,199661.04796659984
2025-07-21,617532137.2446915,-213019.36099732088,373470667.1761308,665170.7969832694,181754624.50486925,2587594.47768896,62519864.92468887,199661.04796659984
2025-07-22,616490736.0923582,-213019.36099732088,371537717.54141575,665170.7969832694,182053179.43106318,2587594.47768896,63112858.480876535,199661.04796659984
2025-07-23,617029658.3328826,-213019.36099732088,373232433.3970354,665170.7969832694,181680059.80499262,2587594.47768896,62330184.49185195,199661.04796659984
2025-07-24,617218689.590108,-213019.36099732088,374026748.98803747,665170.7969832694,181456128.8040128,2587594.47768896,61948831.15905514,199661.04796659984
2025-07-25,617993804.9427633,-213019.36099732088,374927068.05504805,665170.7969832694,181903951.3224141,2587594.47768896,61375804.92629847,199661.04796659984
2025-07-28,618469628.8077389,-213019.36099732088,376098790.12363535,665170.7969832694,181605376.65444103,2587594.47768896,60978481.390659854,199661.04796659984
2025-07-29,619000145.9617643,-213019.36099732088,375516237.89182913,665170.7969832694,182550731.4911614,2587594.47768896,61146195.939771205,199661.04796659984
2025-07-30,617974380.0086563,-213019.36099732088,376019338.2651334,665170.7969832694,182078073.81458038,2587594.47768896,60089987.289939836,199661.04796659984
2025-07-31,616190265.108487,-215742.10252373456,369843604.32660645,657731.4743255485,184921802.16330323,2627648.7353106895,61640600.72110108,203461.19111321977
2025-08-01,611757967.1880847,-215742.10252373456,362558136.3114331,657731.4743255485,186523687.17455658,2627648.7353106895,62891885.80461882,203461.19111321977
2025-08-04,618940740.8877089,-215742.10252373456,369247976.7701753,657731.4743255485,186650386.54594913,2627648.7353106895,63258119.6741083,203461.19111321977
2025-08-05,616560566.4914886,-215742.10252373456,366740897.4059721,657731.4743255485,186726426.21615356,2627648.7353106895,63308984.9718866,203461.19111321977
2025-08-06,620889040.9365839,-215742.10252373456,371355696.22797036,657731.4743255485,186574386.9704825,2627648.7353106895,63174699.84065474,203461.19111321977
2025-08-07,622602799.8328332,-215742.10252373456,372612467.56190807,657731.4743255485,186498307.2055403,2627648.7353106895,63707767.16790853,203461.19111321977
2025-08-08,625658850.0462496,-215742.10252373456,376088279.7268284,657731.4743255485,186092789.0276086,2627648.7353106895,63693523.39433633,203461.19111321977
2025-08-11,623757262.0600401,-215742.10252373456,374975507.5871293,657731.4743255485,186219548.5411078,2627648.7353106895,62777948.034326844,203461.19111321977
2025-08-12,628438565.7211852,-215742.10252373456,379688460.3065107,657731.4743255485,186244868.36801744,2627648.7353106895,62720979.14918085,203461.19111321977
2025-08-13,629504001.2131281,-215742.10252373456,379878304.7976048,657731.4743255485,186929205.3524883,2627648.7353106895,62912233.1655587,203461.19111321977
2025-08-14,628278459.5361513,-215742.10252373456,379583802.96071196,657731.4743255485,186396947.70842627,2627648.7353106895,62513450.969536774,203461.19111321977
2025-08-15,626392423.796171,-215742.10252373456,377914584.5340484,657731.4743255485,186143508.8709034,2627648.7353106895,62550072.49374288,203461.19111321977
2025-08-18,625941364.2350745,-215742.10252373456,377764001.60190755,657731.4743255485,185940689.63983086,2627648.7353106895,62452415.09585993,203461.19111321977
2025-08-19,620829043.5244354,-215742.10252373456,372638641.93454355,657731.4743255485,186295548.11657444,2627648.7353106895,62110595.575841196,203461.19111321977
2025-08-20,619372060.3776715,-215742.10252373456,370426224.9862065,657731.4743255485,186422287.58270478,2627648.7353106895,62739289.91128391,203461.19111321977
2025-08-21,616983140.1668699,-215742.10252373456,368711241.55217403,657731.4743255485,185966049.56147826,2627648.7353106895,62521591.15574129,203461.19111321977
2025-08-22,624278568.0450383,-215742.10252373456,374399470.66543144,657731.4743255485,186903865.4782098,2627648.7353106895,63190974.003920965,203461.19111321977
2025-08-25,622792439.0455382,-215742.10252373456,373319416.4915268,657731.4743255485,186650386.54594913,2627648.7353106895,63038378.110586055,203461.19111321977
2025-08-26,624977350.4512023,-215742.10252373456,374818421.2065729,657731.4743255485,186878505.5565624,2627648.7353106895,63496165.79059079,203461.19111321977
2025-08-27,625858988.1314517,-215742.10252373456,375394458.12827075,657731.4743255485,187055924.77124974,2627648.7353106895,63624347.33445497,203461.19111321977
2025-08-28,628909111.4819143,-215742.10252373456,377744410.96717423,657731.4743255485,187284063.8292319,2627648.7353106895,64096378.78803191,203461.19111321977
2025-08-29,624926890.5978432,-215742.10252373456,373371805.38154113,657731.4743255485,187055924.77124974,2627648.7353106895,64714902.547576085,203461.19111321977
2025-09-02,622928731.6828724,-215742.10252373456,370242883.94352794,657731.4743255485,186656661.3724121,2627648.7353106895,66244928.46945609,203461.19111321977
2025-09-03,626970786.1185048,-215742.10252373456,373155786.5178115,657731.4743255485,187266983.47093657,2627648.7353106895,66763758.23228048,203461.19111321977
2025-09-04,630765485.6709181,-215742.10252373456,376533444.78534865,657731.4743255485,187979045.966584,2627648.7353106895,66468737.02150919,203461.19111321977
2025-09-05,633085915.378976,-215742.10252373456,377076723.5965088,657731.4743255485,188869109.05061662,2627648.7353106895,67355824.8343743,203461.19111321977
2025-09-08,636302662.038012,-215742.10252373456,378916075.4453032,657731.4743255485,189479451.19650996,2627648.7353106895,68122877.49872251,203461.19111321977
2025-09-09,636865518.9524523,-215742.10252373456,379989626.17079234,657731.4743255485,189123389.87763292,2627648.7353106895,67968245.00655076,203461.19111321977
2025-09-10,637564604.2958491,-215742.10252373456,380113954.44081104,657731.4743255485,189453991.0380181,2627648.7353106895,68212400.91954376,203461.19111321977
2025-09-11,640082272.3845015,-215742.10252373456,382326451.67863476,657731.4743255485,189860892.4844033,2627648.7353106895,68110670.32398714,203461.19111321977
2025-09-12,641676445.6217558,-215742.10252373456,384015220.5952884,657731.4743255485,189632011.6737722,2627648.7353106895,68244955.455219,203461.19111321977
2025-09-15,646028532.1871552,-215742.10252373456,387301228.41385794,657731.4743255485,189988012.85054258,2627648.7353106895,68955033.02527845,203461.19111321977
2025-09-16,645865024.3258669,-215742.10252373456,386973928.32168406,657731.4743255485,190013452.96166554,2627648.7353106895,69093385.14504117,203461.19111321977
2025-09-17,644228930.8822827,-215742.10252373456,386201543.4604766,657731.4743255485,189682811.70654255,2627648.7353106895,68560317.81778738,203461.19111321977
2025-09-18,646953491.2476209,-215742.10252373456,389683899.2185558,657731.4743255485,189199690.16363293,2627648.7353106895,68285643.96795598,203461.19111321977
2025-09-19,650392003.9125211,-215742.10252373456,392321810.30119324,657731.4743255485,189275970.40226403,2627648.7353106895,69009965.31158762,203461.19111321977
2025-09-22,653552873.0107224,-215742.10252373456,394644384.425162,657731.4743255485,188919949.17812476,2627648.7353106895,70204281.50995937,203461.19111321977
2025-09-23,651599884.0668993,-215742.10252373456,392023053.12150997,657731.4743255485,189301410.513387,2627648.7353106895,70491162.53452614,203461.19111321977
2025-09-24,649203315.7302796,-215742.10252373456,390646811.0314936,657731.4743255485,188919949.17812476,2627648.7353106895,69852297.62318489,203461.19111321977
2025-09-25,647606670.7226901,-215742.10252373456,388962618.61557686,657731.4743255485,188716548.5733544,2627648.7353106895,70143245.63628252,203461.19111321977
2025-09-26,649610561.776701,-215742.10252373456,390561623.8861982,657731.4743255485,188716548.5733544,2627648.7353106895,70548131.41967213,203461.19111321977
2025-09-29,653066223.0381649,-215742.10252373456,392370345.2958502,657731.4743255485,189199690.16363293,2627648.7353106895,71711929.68120545,203461.19111321977
2025-09-30,654447961.0078325,-229136.98429712618,392806258.7952778,656663.50777512,196403129.3976389,2728792.2181739756,65467709.79921297,184172.24962554738
2025-10-01,656930807.13807,-229136.98429712618,394690559.21974915,656663.50777512,196898539.09325403,2728792.2181739756,65570845.80936399,184172.24962554738
2025-10-02,658537014.8947556,-229136.98429712618,396313180.1982816,656663.50777512,197110497.6623857,2728792.2181739756,65342474.01838544,184172.24962554738
2025-10-03,657155074.7160839,-229136.98429712618,394644788.36245674,656663.50777512,196872057.28400782,2728792.2181739756,65867366.053916454,184172.24962554738
2025-10-06,660909838.3001975,-229136.98429712618,397608631.7301607,656663.50777512,196421658.33649826,2728792.2181739756,67108685.217835516,184172.24962554738
2025-10-07,659533400.5832323,-229136.98429712618,395514995.76485014,656663.50777512,196792611.85626924,2728792.2181739756,67454929.9464101,184172.24962554738
2025-10-08,665179877.285794,-229136.98429712618,400049076.126427,656663.50777512,196792611.85626924,2728792.2181739756,68567326.2873949,184172.24962554738
2025-10-09,663298003.0634565,-229136.98429712618,399564915.04403424,656663.50777512,196660161.1719734,2728792.2181739756,67302063.83174595,184172.24962554738
2025-10-10,650875249.2316513,-229136.98429712618,385694301.22687787,656663.50777512,197428425.10656705,2728792.2181739756,67981659.88250348,184172.24962554738
2025-10-13,661030169.5231785,-229136.98429712618,393879268.77026284,656663.50777512,197746352.55074838,2728792.2181739756,69633685.1864643,184172.24962554738
2025-10-14,659195295.3147757,-229136.98429712618,391255660.7857072,656663.50777512,198037819.00471592,2728792.2181739756,70130952.50864968,184172.24962554738
2025-10-15,663039341.6795944,-229136.98429712618,394016661.50125974,656663.50777512,197905326.68235525,2728792.2181739756,71346490.4802765,184172.24962554738
2025-10-16,663990707.7214842,-229136.98429712618,392557645.28583384,656663.50777512,198647108.8077027,2728792.2181739756,73015090.61224468,184172.24962554738
2025-10-17,664929672.8131306,-229136.98429712618,395135482.413097,656663.50777512,198382165.80104616,2728792.2181739756,71641161.58328456,184172.24962554738
2025-10-20,672781459.0243088,-229136.98429712618,400114445.888462,656663.50777512,198647108.8077027,2728792.2181739756,74249041.31244123,184172.24962554738
2025-10-21,668143408.9083824,-229136.98429712618,400009838.2373821,656663.50777512,198885570.005113,2728792.2181739756,69477137.65018436,184172.24962554738
2025-10-22,664297087.6177051,-229136.98429712618,396156148.48298234,656663.50777512,198885570.005113,2728792.2181739756,69484506.11390688,184172.24962554738
2025-10-23,667508086.6052066,-229136.98429712618,399486439.2659444,656663.50777512,198488176.31416065,2728792.2181739756,69762608.00939858,184172.24962554738
2025-10-24,671804955.125555,-229136.98429712618,403752267.13377506,656663.50777512,198753119.32081717,2728792.2181739756,69528705.65525988,184172.24962554738
2025-10-27,677165770.165551,-229136.98429712618,410942780.6393844,656663.50777512,198859067.37683436,2728792.2181739756,67593059.13362926,184172.24962554738
2025-10-28,679947417.1982628,-229136.98429712618,414102853.53187275,656663.50777512,198965015.43285158,2728792.2181739756,67108685.217835516,184172.24962554738
2025-10-29,680577798.5090967,-229136.98429712618,415967595.1311614,656663.50777512,197984813.7481587,2728792.2181739756,66854526.6140737,184172.24962554738
2025-10-30,675186973.4834845,-229136.98429712618,409608051.1389005,656663.50777512,197640383.67569873,2728792.2181739756,68167675.65318242,184172.24962554738
2025-10-31,676502865.9786274,-236858.9037086985,406043834.92940176,647824.5318764538,203021917.46470088,2803845.3559578327,67673972.48823363,183836.72005290084
2025-11-03,678332077.2843924,-236858.9037086985,407986636.3438152,647824.5318764538,202786994.44758716,2803845.3559578327,67795305.39669871,183836.72005290084
2025-11-04,668972468.1812519,-236858.9037086985,399705363.7634804,647824.5318764538,202896241.56545275,2803845.3559578327,66607721.75602739,183836.72005290084
2025-11-05,671770496.7792039,-236858.9037086985,402306625.98901075,647824.5318764538,202322731.63203272,2803845.3559578327,67377998.06186916,183836.72005290084
2025-11-06,664987701.2066674,-236858.9037086985,394812714.8529665,647824.5318764538,203114735.80118388,2803845.3559578327,67297109.45622577,183836.72005290084
2025-11-07,664044436.1212385,-236858.9037086985,393566925.81940746,647824.5318764538,203005467.2916759,2803845.3559578327,67708901.9138638,183836.72005290084
2025-11-10,674548438.1582577,-236858.9037086985,402274282.21050274,647824.5318764538,202950875.82020673,2803845.3559578327,69560139.03125685,183836.72005290084
2025-11-11,674324406.1510736,-236858.9037086985,401202825.35230035,647824.5318764538,203524385.75362676,2803845.3559578327,69834053.9488552,183836.72005290084
2025-11-12,675051274.9575348,-236858.9037086985,400886544.3201665,647824.5318764538,203442455.7631382,2803845.3559578327,70959133.77793872,183836.72005290084
2025-11-13,665692356.9592881,-236858.9037086985,392702065.8349266,647824.5318764538,202841585.91905633,2803845.3559578327,70385564.10901392,183836.72005290084
2025-11-14,664418529.9645722,-236858.9037086985,392998932.6919413,647824.5318764538,202541204.47612143,2803845.3559578327,69115251.70021819,183836.72005290084
2025-11-17,660379024.6078734,-236858.9037086985,389642494.6403424,647824.5318764538,202650472.98562944,2803845.3559578327,68322915.8856103,183836.72005290084
2025-11-18,656295088.183588,-236858.9037086985,384898358.23847884,647824.5318764538,202814311.57496417,2803845.3559578327,68819277.27385372,183836.72005290084
2025-11-19,658623127.6160533,-236858.9037086985,387196189.95512116,647824.5318764538,202732381.58447558,2803845.3559578327,68931414.98016529,183836.72005290084
2025-11-20,649737706.6759102,-236858.9037086985,378030564.1350435,647824.5318764538,203032805.81069532,2803845.3559578327,68911195.63388017,183836.72005290084
2025-11-21,652962702.8969439,-236858.9037086985,380870608.85251725,647824.5318764538,203524385.75362676,2803845.3559578327,68804567.19450867,183836.72005290084
2025-11-24,664148020.9108965,-236858.9037086985,390610712.3717913,647824.5318764538,203879444.23460048,2803845.3559578327,69894723.2082135,183836.72005290084
2025-11-25,666997856.3459158,-236858.9037086985,393018307.3269889,647824.5318764538,204343749.8334398,2803845.3559578327,69872658.0891959,183836.72005290084
2025-11-26,671247801.1715771,-236858.9037086985,396490914.1087302,647824.5318764538,204562222.67752853,2803845.3559578327,70431523.28902714,183836.72005290084
2025-11-28,675009595.4471054,-236858.9037086985,399705363.7634804,647824.5318764538,204234502.7155742,2803845.3559578327,71306587.87175941,183836.72005290084
2025-12-01,673213437.250766,-236858.9037086985,398362741.09475505,647824.5318764538,203437193.4191016,2803845.3559578327,71650361.6406181,183836.72005290084
2025-12-02,676061458.3137927,-236858.9037086985,401480396.6544105,647824.5318764538,203628990.88508606,2803845.3559578327,71188929.67800485,183836.72005290084
2025-12-03,677277731.6491046,-236858.9037086985,402461504.4491767,647824.5318764538,203930334.95193008,2803845.3559578327,71122751.15170652,183836.72005290084
2025-12-04,676565794.6748712,-236858.9037086985,402087139.0519718,647824.5318764538,203546804.19488838,2803845.3559578327,71168710.33171974,183836.72005290084
2025-12-05,677831751.2377205,-236858.9037086985,403726589.03764033,647824.5318764538,203300158.55772567,2803845.3559578327,71041862.54606313,183836.72005290084
2025-12-08,676568342.0317833,-236858.9037086985,402952078.1165956,647824.5318764538,202998771.7075968,2803845.3559578327,70854351.1112997,183836.72005290084
2025-12-09,677292343.6194847,-236858.9037086985,403449057.2756017,647824.5318764538,202861801.02114815,2803845.3559578327,71218344.2264435,183836.72005290084
2025-12-10,679850847.7664791,-236858.9037086985,405101436.86465913,647824.5318764538,203464596.1130483,2803845.3559578327,71521673.69248049,183836.72005290084
2025-12-11,679310845.1821035,-236858.9037086985,403791157.9744417,647824.5318764538,203464596.1130483,2803845.3559578327,72291949.99832226,183836.72005290084
2025-12-12,671365286.8598033,-236858.9037086985,396071354.4097714,647824.5318764538,202834398.32720146,2803845.3559578327,72696393.02653924,183836.72005290084
2025-12-15,669690011.5920985,-236858.9037086985,394083319.1535326,647824.5318764538,203080979.7894369,2803845.3559578327,72762571.55283758,183836.72005290084
2025-12-16,670871213.1903822,-236858.9037086985,394864354.186379,647824.5318764538,203464596.1130483,2803845.3559578327,72779121.79466362,183836.72005290084
2025-12-17,664121814.8794302,-236858.9037086985,387544696.1455484,647824.5318764538,203409812.1167973,2803845.3559578327,73404165.52079318,183836.72005290084
2025-12-18,670036649.5724424,-236858.9037086985,393160295.72383755,647824.5318764538,203841409.89436847,2803845.3559578327,73271802.85794505,183836.72005290084
2025-12-19,674941945.4521488,-236858.9037086985,398285282.09463626,647824.5318764538,203538996.2454032,2803845.3559578327,73354526.01581797,183836.72005290084
2025-12-22,678489280.1241584,-236858.9037086985,400194474.4482529,647824.5318764538,203483998.33272797,2803845.3559578327,75047666.24688624,183836.72005290084
2025-12-23,681330588.1227463,-236858.9037086985,402068713.37864083,647824.5318764538,203456510.07221156,2803845.3559578327,76042223.5756026,183836.72005290084
2025-12-24,682687353.7441142,-236858.9037086985,403244990.9664577,647824.5318764538,203951362.93643406,2803845.3559578327,75727858.7449311,183836.72005290084
2025-12-26,683545788.2520423,-236858.9037086985,403219171.29975146,647824.5318764538,203951362.93643406,2803845.3559578327,76612112.91956542,183836.72005290084
2025-12-29,678561529.2341435,-236858.9037086985,401267315.2089587,647824.5318764538,204253755.1937569,2803845.3559578327,73277317.73513657,183836.72005290084
2025-12-30,677601663.0770665,-236858.9037086985,400336621.00538766,647824.5318764538,204171269.02056527,2803845.3559578327,73330631.95482232,183836.72005290084
2025-12-31,673032901.0989977,-235643.9907814227,403961127.0538675,659137.8877260078,201980563.52693373,2781250.08379284,67326854.50897792,169884.3201628386
2026-01-02,672503226.8842266,-235643.9907814227,403178601.9651127,659137.8877260078,201898742.08281824,2781250.08379284,67661526.82707703,169884.3201628386
2026-01-05,677867806.9728713,-235643.9907814227,406381036.9101057,659137.8877260078,202280497.68475854,2781250.08379284,69441916.36878847,169884.3201628386
2026-01-06,682189398.4753275,-235643.9907814227,409951742.6207386,659137.8877260078,202280497.68475854,2781250.08379284,70192802.16061173,169884.3201628386
2026-01-07,682131116.4603857,-235643.9907814227,410346324.18829334,659137.8877260078,202498674.0562304,2781250.08379284,69521762.20664331,169884.3201628386
2026-01-08,679826102.5423114,-235643.9907814227,408011864.0924024,659137.8877260078,202144185.19591054,2781250.08379284,69905697.24477988,169884.3201628386
2026-01-09,684832562.4267293,-235643.9907814227,412075756.5318948,659137.8877260078,202580495.5003459,2781250.08379284,70411954.38527003,169884.3201628386
2026-01-12,686301876.5135092,-235643.9907814227,412417676.26503587,659137.8877260078,202389585.87049446,2781250.08379284,71730258.36876023,169884.3201628386
2026-01-13,685752000.2273501,-235643.9907814227,411806131.1581436,659137.8877260078,202553186.32021707,2781250.08379284,71628326.73977092,169884.3201628386
2026-01-14,682493968.9886093,-235643.9907814227,407406876.5706969,659137.8877260078,202962208.6637778,2781250.08379284,72360527.74491611,169884.3201628386
2026-01-15,683217079.0754462,-235643.9907814227,408873321.5869017,659137.8877260078,202662274.505953,2781250.08379284,71917126.97337294,169884.3201628386
2026-01-16,682201294.274191,-235643.9907814227,408531361.6231767,659137.8877260078,202335009.94874522,2781250.08379284,71570566.69305052,169884.3201628386
2026-01-20,675492916.9430608,-235643.9907814227,399851251.05690014,659137.8877260078,201598786.7057393,2781250.08379284,74278523.1712028,169884.3201628386
2026-01-21,682553043.0575778,-235643.9907814227,405256592.08820987,659137.8877260078,202171409.4990226,2781250.08379284,75360685.4611268,169884.3201628386
2026-01-22,686972182.4707829,-235643.9907814227,408202557.06040907,659137.8877260078,202253230.9431381,2781250.08379284,76752038.4580171,169884.3201628386
2026-01-23,689534206.2373893,-235643.9907814227,409491424.27898073,659137.8877260078,202471407.31460994,2781250.08379284,77807018.63458008,169884.3201628386
2026-01-26,692719619.8757526,-235643.9907814227,411293231.44314,659137.8877260078,202716786.7699397,2781250.08379284,78945245.6534543,169884.3201628386
2026-01-27,698221189.6999488,-235643.9907814227,415021721.504094,659137.8877260078,202553186.32021707,2781250.08379284,80881925.86641905,169884.3201628386
2026-01-28,702649790.7718183,-235643.9907814227,416396038.483013,659137.8877260078,202471407.31460994,2781250.08379284,84017988.96497682,169884.3201628386
2026-01-29,700412457.4341099,-235643.9907814227,413903794.0368009,659137.8877260078,202498674.0562304,2781250.08379284,84245633.33186005,169884.3201628386
2026-01-30,686703678.2776517,-235643.9907814227,408932460.5453342,659137.8877260078,202416831.3928607,2781250.08379284,75590030.33023824,169884.3201628386
2026-02-02,686279124.5372804,-235643.9907814227,411740394.38394046,659137.8877260078,202211683.64345497,2781250.08379284,72562690.50066653,169884.3201628386
2026-02-03,684621908.817487,-235643.9907814227,405414416.66911495,659137.8877260078,202266386.8807293,2781250.08379284,77176749.25842418,169884.3201628386
2026-02-04,677403236.28335,-235643.9907814227,398332184.43686557,659137.8877260078,202184310.80556366,2781250.08379284,77122385.03170216,169884.3201628386
2026-02-05,670490715.3194076,-235643.9907814227,392598079.0733722,659137.8877260078,203059796.01374853,2781250.08379284,75068484.2230684,169884.3201628386
2026-02-06,681123818.3549578,-235643.9907814227,400896803.7036354,659137.8877260078,203087147.63238567,2781250.08379284,77375511.00971822,169884.3201628386
2026-02-09,686215026.8060431,-235643.9907814227,403967724.8696382,659137.8877260078,203141872.08891416,2781250.08379284,79341073.83827218,169884.3201628386
2026-02-10,684156246.4033477,-235643.9907814227,402093583.1155051,659137.8877260078,203743798.67221916,2781250.08379284,78554508.60640496,169884.3201628386
2026-02-11,685712781.7142887,-235643.9907814227,403172044.37992597,659137.8877260078,203333375.8578826,2781250.08379284,79443005.4672615,169884.3201628386
2026-02-12,675684013.6594636,-235643.9907814227,394971965.1415514,659137.8877260078,204263606.74185014,2781250.08379284,76684085.76684356,169884.3201628386
2026-02-13,679035359.4488231,-235643.9907814227,395813629.18873864,659137.8877260078,204865490.88664678,2781250.08379284,78591883.3642191,169884.3201628386
2026-02-17,676150582.0988061,-235643.9907814227,395405932.45081043,659137.8877260078,204838139.26800963,2781250.08379284,76142154.37076747,169884.3201628386
2026-02-18,680596740.1765802,-235643.9907814227,398358535.46936435,659137.8877260078,204619262.66114986,2781250.08379284,77854586.03684735,169884.3201628386
2026-02-19,679370603.5383706,-235643.9907814227,396832871.0335591,659137.8877260078,204701338.7363155,2781250.08379284,78072037.75927746,169884.3201628386
2026-02-20,684393929.9672687,-235643.9907814227,400344397.5551756,659137.8877260078,204673987.11767834,2781250.08379284,79611189.28519614,169884.3201628386
2026-02-23,682116288.7819934,-235643.9907814227,395478267.0407843,659137.8877260078,205111740.33139786,2781250.08379284,81761925.40059264,169884.3201628386
2026-02-24,685121758.2138553,-235643.9907814227,399726294.8630966,659137.8877260078,205002312.6375951,2781250.08379284,80628794.70394498,169884.3201628386
2026-02-25,690658200.969128,-235643.9907814227,405519619.64619035,659137.8877260078,204947588.1810666,2781250.08379284,80426637.13265257,169884.3201628386
2026-02-26,686756399.8214434,-235643.9907814227,400627178.32988423,659137.8877260078,205248498.42458364,2781250.08379284,81116367.05775705,169884.3201628386
2026-02-27,686949704.8347411,-235643.9907814227,399344908.92708325,659137.8877260078,205658900.01966602,2781250.08379284,82181539.87877317,169884.3201628386
2026-03-02,687708776.5412377,-235643.9907814227,399870964.04304427,659137.8877260078,204830139.60918403,2781250.08379284,83243316.8797909,169884.3201628386
2026-03-03,679494677.1778647,-235643.9907814227,395590067.8336304,659137.8877260078,204610605.2054447,2781250.08379284,79529648.1295711,169884.3201628386
2026-03-04,686009287.0689735,-235643.9907814227,401620109.37278986,659137.8877260078,204473401.50792116,2781250.08379284,80151420.17904405,169884.3201628386
2026-03-05,683369563.3224789,-235643.9907814227,400410174.5599627,659137.8877260078,204006853.7662803,2781250.08379284,79188178.98701723,169884.3201628386
2026-03-06,678325419.0857741,-235643.9907814227,394386690.60599,659137.8877260078,203732446.37123322,2781250.08379284,80441926.09933226,169884.3201628386
2026-03-09,684002493.9769987,-235643.9907814227,399653960.2731227,659137.8877260078,204308740.09548956,2781250.08379284,80275437.5991678,169884.3201628386
2026-03-10,684283427.4417659,-235643.9907814227,399660558.0888935,659137.8877260078,203677594.59917966,2781250.08379284,81180918.7444742,169884.3201628386
2026-03-11,683049916.069828,-235643.9907814227,399607896.25447977,659137.8877260078,202771956.83080596,2781250.08379284,80905706.97532368,169884.3201628386
2026-03-12,673860276.9882367,-235643.9907814227,392749305.8385066,659137.8877260078,202031022.9133722,2781250.08379284,79315592.22713937,169884.3201628386
2026-03-13,670314214.0545992,-235643.9907814227,390421443.5583863,659137.8877260078,201838925.00528672,2781250.08379284,78289489.48170757,169884.3201628386
2026-03-16,675392494.0948418,-235643.9907814227,394800985.1596889,659137.8877260078,202607316.63762856,2781250.08379284,78219836.28830586,169884.3201628386
2026-03-17,677533783.1005216,-235643.9907814227,396727708.28706765,659137.8877260078,203018948.94945332,2781250.08379284,78022769.854782,169884.3201628386
2026-03-18,668711842.5177549,-235643.9907814227,391197451.29253834,659137.8877260078,202195684.32580376,2781250.08379284,75554350.89019427,169884.3201628386
2026-03-19,664581113.7687451,-235643.9907814227,389961165.4472124,659137.8877260078,202415218.7295431,2781250.08379284,72440373.58277096,169884.3201628386
2026-03-20,653541237.8987792,-235643.9907814227,382754017.2517435,659137.8877260078,200796083.5393895,2781250.08379284,70226781.0984275,169884.3201628386
2026-03-23,657116554.1278803,-235643.9907814227,387147639.5574347,659137.8877260078,201564496.3909855,2781250.08379284,68640062.17024155,169884.3201628386
2026-03-24,653963593.0004659,-235643.9907814227,384500788.9770349,659137.8877260078,201043096.87729105,2781250.08379284,68655351.13692124,169884.3201628386
2026-03-25,659326109.8681537,-235643.9907814227,387029120.257066,659137.8877260078,201811488.50963286,2781250.08379284,70721145.09223633,169884.3201628386
2026-03-26,646249811.582014,-235643.9907814227,377791534.4887496,659137.8877260078,200631464.56546625,2781250.08379284,68062456.5185795,169884.3201628386
2026-03-27,641257601.3128736,-235643.9907814227,370410751.0928763,659137.8877260078,200631464.56546625,2781250.08379284,70451029.64531238,169884.3201628386
2026-03-30,639421407.4743589,-235643.9907814227,367579563.9767368,659137.8877260078,201646848.31645545,2781250.08379284,70430639.17194809,169884.3201628386
2026-03-31,654744125.5473487,-229240.67817893467,392984019.7353166,681617.3490772763,196492009.86765832,2704262.7546079713,65497336.62255277,152216.72667706135
2026-04-01,660825247.1429315,-229240.67817893467,397838629.6269076,681617.3490772763,196572329.80558318,2704262.7546079713,66643528.38861961,152216.72667706135
2026-04-02,660429635.9055083,-229240.67817893467,398294802.3705985,681617.3490772763,197000689.05325752,2704262.7546079713,65363385.15983122,152216.72667706135
2026-04-06,662263918.8347456,-229240.67817893467,400691487.78704095,681617.3490772763,196706189.49149546,2704262.7546079713,65095482.23438811,152216.72667706135
2026-04-07,663252921.1982461,-229240.67817893467,400752768.4483685,681617.3490772763,197000689.05325752,2704262.7546079713,65728704.37479899,152216.72667706135
2026-04-08,675956989.7953037,-229240.67817893467,412667967.2314787,681617.3490772763,197375529.1848319,2704262.7546079713,66142734.05717204,152216.72667706135
2026-04-09,679343380.5114486,-229240.67817893467,415459544.7302845,681617.3490772763,197455849.12275678,2704262.7546079713,66657227.33658624,152216.72667706135
2026-04-10,679529292.4102576,-229240.67817893467,416058705.6837398,681617.3490772763,197161328.92910725,2704262.7546079713,66538498.475589566,152216.72667706135
2026-04-13,683991370.9140359,-229240.67817893467,420361789.6233827,681617.3490772763,197589750.07244402,2704262.7546079713,66269071.896388225,152216.72667706135
2026-04-14,693586861.092411,-229240.67817893467,427994289.75133777,681617.3490772763,198071669.69999325,2704262.7546079713,67750142.31925893,152216.72667706135
2026-04-15,698606029.0088464,-229240.67817893467,433985982.4911331,681617.3490772763,197803909.0643937,2704262.7546079713,67045378.131498404,152216.72667706135
2026-04-16,700343926.8548845,-229240.67817893467,436076222.99831635,681617.3490772763,197509409.50263166,2704262.7546079713,66987535.032115385,152216.72667706135
2026-04-17,707716468.9100715,-229240.67817893467,441781897.71596164,681617.3490772763,198285808.06005546,2704262.7546079713,67878003.81223337,152216.72667706135
2026-04-20,705595527.4050387,-229240.67817893467,440379306.93795925,681617.3490772763,198151969.00603065,2704262.7546079713,67293492.13922775,152216.72667706135
2026-04-21,701399033.5443977,-229240.67817893467,438704385.40024865,681617.3490772763,197536148.42879418,2704262.7546079713,65387740.393533856,152216.72667706135
2026-04-22,709819131.4302968,-229240.67817893467,446044169.48400766,681617.3490772763,197750348.6845188,2704262.7546079713,66253853.93994919,152216.72667706135
2026-04-23,706316313.4389713,-229240.67817893467,443531745.5748203,681617.3490772763,197402309.37476933,2704262.7546079713,65611499.16756056,152216.72667706135
2026-04-24,715484398.5732491,-229240.67817893467,452015393.7340724,681617.3490772763,197750348.6845188,2704262.7546079713,65947896.83283683,152216.72667706135
2026-04-27,714889993.2969395,-229240.67817893467,452253693.54947245,681617.3490772763,197429089.5647068,2704262.7546079713,65436450.86093911,152216.72667706135
2026-04-28,709073535.1809255,-229240.67817893467,447705486.96451926,681617.3490772763,197375529.1848319,2704262.7546079713,64221759.70975325,152216.72667706135
2026-04-29,710242118.6584722,-229240.67817893467,450442565.0292863,681617.3490772763,196492009.86765832,2704262.7546079713,63536784.43970648,152216.72667706135
2026-04-30,715438410.5186034,-250491.1155719614,429413340.9805052,643791.3965141509,214706670.4902526,2950523.970017376,71568890.16341755,168930.0135598767
2026-05-01,719778493.0715936,-250491.1155719614,433535547.0372746,643791.3965141509,215005635.24890283,2950523.970017376,71487801.90098827,168930.0135598767
2026-05-04,716798230.6161008,-250491.1155719614,432718823.14954597,643791.3965141509,214272934.1022041,2950523.970017376,70056964.4799227,168930.0135598767
2026-05-05,723394754.5276871,-250491.1155719614,438332940.3234326,643791.3965141509,214653950.40405738,2950523.970017376,70658354.91576907,168930.0135598767
2026-05-06,735553097.3585215,-250491.1155719614,447439028.5559997,643791.3965141509,215562482.71782312,2950523.970017376,72802077.2002707,168930.0135598767
2026-05-07,734584111.2528038,-250491.1155719614,446905260.10322577,643791.3965141509,215005635.24890283,2950523.970017376,72923707.01624721,168930.0135598767
2026-05-08,745969856.4196483,-250491.1155719614,457381094.69145,643791.3965141509,215562482.71782312,2950523.970017376,73276770.12594716,168930.0135598767
2026-05-11,746915754.4749713,-250491.1155719614,458705849.5218991,643791.3965141509,215034966.70591068,2950523.970017376,73425429.36273344,168930.0135598767
2026-05-12,742089750.7728091,-250491.1155719614,454815202.46779436,643791.3965141509,214390169.88738972,2950523.970017376,73134869.53319706,168930.0135598767
2026-05-13,746571055.6970853,-250491.1155719614,459619079.2488513,643791.3965141509,214478096.72627896,2950523.970017376,72724370.83752692,168930.0135598767
2026-05-14,749223473.5794845,-250491.1155719614,462885896.21194905,643791.3965141509,214419478.83368614,2950523.970017376,72168589.64942116,168930.0135598767
2026-05-15,739332851.4579651,-250491.1155719614,455902032.68240523,643791.3965141509,213188503.08923706,2950523.970017376,70492806.80189472,168930.0135598767
2026-05-18,737417472.74235,-250491.1155719614,453940598.6528766,643791.3965141509,213041980.86846647,2950523.970017376,70685384.33657885,168930.0135598767
2026-05-19,732746024.1467547,-250491.1155719614,451143226.01437324,643791.3965141509,212338588.66806415,2950523.970017376,69514700.57988927,168930.0135598767
2026-05-20,742387663.483234,-250491.1155719614,458615866.471483,643791.3965141509,213510901.49849752,2950523.970017376,70511386.62882556,168930.0135598767
2026-05-21,743427460.1611263,-250491.1155719614,459490430.9924922,643791.3965141509,213745395.57958022,2950523.970017376,70442124.70462583,168930.0135598767
2026-05-22,745045640.6460401,-250491.1155719614,461438976.6200398,643791.3965141509,213950535.69294363,2950523.970017376,69906619.44862856,168930.0135598767
2026-05-26,753884471.7768568,-250491.1155719614,469631913.71347165,643791.3965141509,214566023.56516817,2950523.970017376,69937025.61378896,168930.0135598767
2026-05-27,752625037.4130242,-250491.1155719614,469098145.2606977,643791.3965141509,214771163.6785316,2950523.970017376,69006219.58936687,168930.0135598767
2026-05-28,757713314.8013725,-250491.1155719614,473053077.1490735,643791.3965141509,215181488.92668128,2950523.970017376,69729239.84118976,168930.0135598767
2026-05-29,760308160.6054556,-250491.1155719614,474795840.57791847,643791.3965141509,215298724.7118669,2950523.970017376,70464086.4312422,168930.0135598767
2026-06-01,762070076.4760513,-250491.1155719614,477644727.5304373,643791.3965141509,215201681.034844,2950523.970017376,69474159.02634206,168930.0135598767
2026-06-02,764444755.9275773,-250491.1155719614,479844046.88189566,643791.3965141509,215260479.01312834,2950523.970017376,69590721.14812517,168930.0135598767
2026-06-03,762089833.6824386,-250491.1155719614,478590060.3806166,643791.3965141509,214848780.61158073,2950523.970017376,68901483.80581333,168930.0135598767
2026-06-04,760643156.1319978,-250491.1155719614,476274941.8808717,643791.3965141509,215142860.54584822,2950523.970017376,69475844.82084994,168930.0135598767
2026-06-05,734272033.984399,-250491.1155719614,453413274.4010932,643791.3965141509,214172423.77561927,2950523.970017376,66936826.92325839,168930.0135598767
2026-06-08,741467580.5719237,-250491.1155719614,460493643.76986057,643791.3965141509,214113603.28662348,2950523.970017376,67110824.63101166,168930.0135598767
2026-06-09,735542726.0023743,-250491.1155719614,455194624.44806415,643791.3965141509,214584122.17716688,2950523.970017376,66014470.492715225,168930.0135598767
2026-06-10,723536418.9337083,-250491.1155719614,446101424.6174781,643791.3965141509,214407683.22089097,2950523.970017376,63277802.21091127,168930.0135598767
2026-06-11,741822201.6788514,-250491.1155719614,461168870.29315764,643791.3965141509,215642778.42553377,2950523.970017376,65261044.075731955,168930.0135598767
2026-06-12,744308541.8427118,-250491.1155719614,463882704.0822354,643791.3965141509,215378119.99111992,2950523.970017376,65298208.88492851,168930.0135598767
2026-06-15,760748269.8640344,-250491.1155719614,478455007.2171755,643791.3965141509,215554558.94739583,2950523.970017376,66989194.815035164,168930.0135598767
2026-06-16,752160956.9645818,-250491.1155719614,469361768.09268093,643791.3965141509,215878037.87080547,2950523.970017376,67171642.11666736,168930.0135598767
2026-06-17,745114857.0835,-250491.1155719614,464635103.8417845,643791.3965141509,215084040.05685243,2950523.970017376,65646204.300435066,168930.0135598767
2026-06-18,757099258.4054121,-250491.1155719614,476281386.0818622,643791.3965141509,215672177.41467595,2950523.970017376,65396186.02444589,168930.0135598767
2026-06-22,754888211.1540326,-250491.1155719614,475085868.91639936,643791.3965141509,215084040.05685243,2950523.970017376,64968793.296352796,168930.0135598767
2026-06-23,738251228.1801324,-250491.1155719614,459441745.8398872,643791.3965141509,215319299.50212413,2950523.970017376,63740673.95369306,168930.0135598767
2026-06-24,735345157.0343318,-250491.1155719614,457491039.04737324,643791.3965141509,216289736.27235308,2950523.970017376,61814872.830177434,168930.0135598767
2026-06-25,739798450.2685732,-250491.1155719614,461199283.7783201,643791.3965141509,216436776.2394868,2950523.970017376,62412881.36633828,168930.0135598767
2026-06-26,734360954.8997918,-250491.1155719614,454851510.0392286,643791.3965141509,216642614.1849049,2950523.970017376,63117321.79123031,168930.0135598767
2026-06-29,744930471.5671372,-250491.1155719614,466156485.39026076,643791.3965141509,216760255.16289645,2950523.970017376,62264222.12955201,168930.0135598767
2026-06-30,751682804.9907285,-263181.0951300505,451167591.6515151,612666.4539568686,225583795.82575756,3083177.9063590206,75194598.60858586,204122.36715319674
2026-07-01,744928861.6745374,-263181.0951300505,444287321.94552845,612666.4539568686,225256970.31130025,3083177.9063590206,75647750.51283877,204122.36715319674
2026-07-02,738918849.3409175,-263181.0951300505,436586100.13198745,612666.4539568686,225411138.61573046,3083177.9063590206,77184791.68832953,204122.36715319674
2026-07-06,746089300.9874955,-263181.0951300505,442847570.7364069,612666.4539568686,225503630.1892763,3083177.9063590206,78001281.15694232,204122.36715319674
2026-07-07,736044433.0051645,-263181.0951300505,434643957.9433182,612666.4539568686,224609505.7736985,3083177.9063590206,77054150.38327774,204122.36715319674
2026-07-08,736192889.6591434,-263181.0951300505,435875423.4988423,612666.4539568686,224147024.38318855,3083177.9063590206,76433622.87224264,204122.36715319674
2026-07-09,744609077.5525603,-263181.0951300505,443129410.76713645,612666.4539568686,224547852.56559482,3083177.9063590206,77194995.31495908,204122.36715319674
2026-07-10,745551485.4277202,-263181.0951300505,444495644.9933186,612666.4539568686,224362845.89572245,3083177.9063590206,76956175.6338092,204122.36715319674
